price,area,rooms,built,type,town,zip,centre_km,sold,quarter,date,lat,lon
7995000,222,5,2012,villa,Højbjerg,8270,5.7,2021,2021Q1,2021-01-01,56.107,10.186
4190000,191,5,2009,villa,Lystrup,8520,9.2,2021,2021Q1,2021-01-01,56.239,10.193
3000000,171,5,1980,villa,Egå,8250,6.6,2021,2021Q1,2021-01-01,56.207,10.267
1500000,160,5,2021,villa,Malling,8340,14.8,2021,2021Q1,2021-01-03,56.024,10.185
2200000,84,4,1981,townhouse,Aarhus V,8210,3.6,2021,2021Q1,2021-01-03,56.171,10.158
6495000,261,8,1975,villa,Egå,8250,8.1,2021,2021Q1,2021-01-03,56.216,10.285
3660000,126,4,2016,townhouse,Egå,8250,6.4,2021,2021Q1,2021-01-04,56.207,10.261
6700000,153,6,1961,villa,Højbjerg,8270,4.7,2021,2021Q1,2021-01-04,56.115,10.216
4870000,157,6,1954,villa,Aarhus V,8210,3.1,2021,2021Q1,2021-01-05,56.171,10.167
4950000,121,5,1906,villa,Viby J,8260,3.0,2021,2021Q1,2021-01-05,56.139,10.175
4498000,100,3,1920,townhouse,Aarhus C,8000,0.5,2021,2021Q1,2021-01-05,56.159,10.205
3350000,180,5,1973,villa,Brabrand,8220,7.8,2021,2021Q1,2021-01-05,56.153,10.084
2225000,82,4,1982,townhouse,Viby J,8260,5.9,2021,2021Q1,2021-01-05,56.126,10.133
3740000,170,6,1970,villa,Lystrup,8520,9.0,2021,2021Q1,2021-01-05,56.236,10.243
3795000,169,6,1972,villa,Mårslet,8320,7.3,2021,2021Q1,2021-01-05,56.092,10.192
4425000,114,5,1939,villa,Risskov,8240,3.2,2021,2021Q1,2021-01-05,56.185,10.217
3165000,145,5,1975,villa,Tilst,8381,7.1,2021,2021Q1,2021-01-06,56.176,10.101
7998000,178,5,2020,townhouse,Aarhus C,8000,1.0,2021,2021Q1,2021-01-06,56.159,10.195
6075000,214,6,2022,villa,Højbjerg,8270,4.0,2021,2021Q1,2021-01-06,56.122,10.198
850000,170,4,2022,villa,Sabro,8471,16.5,2021,2021Q1,2021-01-06,56.225,9.973
4650000,140,4,1964,villa,Risskov,8240,6.3,2021,2021Q1,2021-01-06,56.202,10.272
4300000,191,6,1995,villa,Mårslet,8320,10.0,2021,2021Q1,2021-01-07,56.07,10.17
2075000,100,4,1915,villa,Malling,8340,13.0,2021,2021Q1,2021-01-07,56.04,10.194
2350000,100,4,1971,villa,Mårslet,8320,10.2,2021,2021Q1,2021-01-07,56.069,10.159
4815000,119,5,1951,townhouse,Risskov,8240,4.0,2021,2021Q1,2021-01-07,56.191,10.229
3500000,145,5,1910,villa,Viby J,8260,2.9,2021,2021Q1,2021-01-07,56.139,10.176
2500000,93,3,1948,villa,Aarhus V,8210,2.7,2021,2021Q1,2021-01-07,56.174,10.179
2800000,109,4,1979,townhouse,Højbjerg,8270,4.9,2021,2021Q1,2021-01-08,56.114,10.19
2695000,164,5,1977,villa,Trige,8380,11.4,2021,2021Q1,2021-01-08,56.25,10.133
4475000,220,8,1997,villa,Lystrup,8520,9.5,2021,2021Q1,2021-01-09,56.241,10.236
2425000,138,5,1950,villa,Malling,8340,13.6,2021,2021Q1,2021-01-09,56.04,10.145
2050000,85,4,1973,townhouse,Tranbjerg J,8310,9.7,2021,2021Q1,2021-01-09,56.087,10.117
750000,161,5,2022,villa,Sabro,8471,16.4,2021,2021Q1,2021-01-09,56.224,9.976
2090000,173,5,2022,villa,Tilst,8381,7.3,2021,2021Q1,2021-01-09,56.186,10.104
4075000,114,4,1962,townhouse,Åbyhøj,8230,3.9,2021,2021Q1,2021-01-10,56.151,10.149
4175000,181,4,1973,villa,Beder,8330,10.3,2021,2021Q1,2021-01-10,56.064,10.219
4500000,145,6,1887,townhouse,Aarhus C,8000,1.2,2021,2021Q1,2021-01-10,56.147,10.202
890000,103,3,1930,villa,Brabrand,8220,4.2,2021,2021Q1,2021-01-10,56.147,10.146
3698000,138,4,1986,townhouse,Aarhus N,8200,3.9,2021,2021Q1,2021-01-10,56.19,10.192
3098000,86,3,1948,villa,Aarhus V,8210,3.1,2021,2021Q1,2021-01-10,56.177,10.176
2885000,168,5,1973,villa,Tilst,8381,7.2,2021,2021Q1,2021-01-10,56.178,10.102
3000000,132,4,1956,villa,Brabrand,8220,4.5,2021,2021Q1,2021-01-10,56.154,10.139
2125000,103,3,2016,townhouse,Mårslet,8320,9.5,2021,2021Q1,2021-01-11,56.075,10.165
2845000,106,3,2019,townhouse,Brabrand,8220,6.9,2021,2021Q1,2021-01-11,56.156,10.099
1995000,72,3,1970,townhouse,Tranbjerg J,8310,9.6,2021,2021Q1,2021-01-11,56.085,10.125
1550000,233,4,2022,villa,Malling,8340,14.7,2021,2021Q1,2021-01-11,56.025,10.186
3998000,170,5,2015,villa,Malling,8340,12.5,2021,2021Q1,2021-01-11,56.045,10.192
730000,172,5,2021,villa,Sabro,8471,16.3,2021,2021Q1,2021-01-11,56.224,9.976
5475000,150,5,1999,villa,Højbjerg,8270,5.6,2021,2021Q1,2021-01-11,56.108,10.185
3523000,146,5,1973,villa,Beder,8330,10.3,2021,2021Q1,2021-01-11,56.064,10.218
2265000,96,3,1984,townhouse,Tilst,8381,7.2,2021,2021Q1,2021-01-11,56.193,10.114
3700000,112,4,1931,villa,Viby J,8260,3.4,2021,2021Q1,2021-01-11,56.134,10.175
2400000,132,5,1967,villa,Tilst,8381,7.4,2021,2021Q1,2021-01-11,56.185,10.102
4500000,157,6,1957,villa,Risskov,8240,5.3,2021,2021Q1,2021-01-11,56.201,10.241
1150000,168,5,2021,villa,Trige,8380,11.4,2021,2021Q1,2021-01-11,56.253,10.152
2225000,110,5,1957,villa,Viby J,8260,6.4,2021,2021Q1,2021-01-12,56.128,10.121
5295000,169,6,2017,villa,Egå,8250,11.4,2021,2021Q1,2021-01-12,56.235,10.33
6175000,192,5,1960,villa,Brabrand,8220,6.3,2021,2021Q1,2021-01-12,56.155,10.11
3195000,120,4,1995,villa,Tranbjerg J,8310,9.2,2021,2021Q1,2021-01-12,56.085,10.136
5595000,139,5,1972,townhouse,Risskov,8240,3.2,2021,2021Q1,2021-01-12,56.183,10.23
2450000,175,5,2022,villa,Egå,8250,11.3,2021,2021Q1,2021-01-12,56.235,10.327
2500000,117,4,1936,villa,Harlev J,8462,12.6,2021,2021Q1,2021-01-12,56.152,10.008
3999000,186,7,1984,villa,Tranbjerg J,8310,8.6,2021,2021Q1,2021-01-13,56.095,10.128
7400000,194,7,1961,villa,Risskov,8240,6.5,2021,2021Q1,2021-01-13,56.201,10.278
2719867,126,4,2021,townhouse,Solbjerg,8355,14.2,2021,2021Q1,2021-01-13,56.048,10.091
5598000,175,4,1961,villa,Højbjerg,8270,5.8,2021,2021Q1,2021-01-13,56.105,10.204
949000,140,4,2021,villa,Hjortshøj,8530,15.0,2021,2021Q1,2021-01-13,56.292,10.212
4350000,122,5,1939,villa,Åbyhøj,8230,3.6,2021,2021Q1,2021-01-13,56.153,10.154
1730000,76,3,1978,townhouse,Lystrup,8520,9.4,2021,2021Q1,2021-01-13,56.241,10.228
2643500,121,4,1972,villa,Tranbjerg J,8310,9.3,2021,2021Q1,2021-01-13,56.09,10.119
7200000,195,5,1986,villa,Risskov,8240,4.4,2021,2021Q1,2021-01-14,56.192,10.242
2198000,95,4,1975,townhouse,Tilst,8381,6.9,2021,2021Q1,2021-01-14,56.174,10.104
3350000,215,5,1997,villa,Solbjerg,8355,15.3,2021,2021Q1,2021-01-14,56.034,10.098
10000000,234,6,1989,villa,Risskov,8240,5.5,2021,2021Q1,2021-01-14,56.198,10.26
3310000,168,4,2023,villa,Egå,8250,11.8,2021,2021Q1,2021-01-14,56.239,10.332
5400000,128,4,1923,villa,Åbyhøj,8230,3.7,2021,2021Q1,2021-01-14,56.154,10.152
3998000,107,5,1907,villa,Viby J,8260,4.4,2021,2021Q1,2021-01-14,56.125,10.17
3800000,140,6,1964,villa,Risskov,8240,4.9,2021,2021Q1,2021-01-14,56.2,10.227
2450000,231,8,1870,villa,Malling,8340,13.2,2021,2021Q1,2021-01-14,56.038,10.19
2500000,120,4,1969,villa,Hasselager,8361,8.9,2021,2021Q1,2021-01-14,56.11,10.095
3160000,183,6,1969,villa,Tilst,8381,8.4,2021,2021Q1,2021-01-15,56.193,10.092
2675000,105,3,2007,townhouse,Mårslet,8320,11.2,2021,2021Q1,2021-01-15,56.06,10.161
7495000,186,6,1973,villa,Højbjerg,8270,6.0,2021,2021Q1,2021-01-15,56.104,10.222
5798000,231,5,2016,villa,Skødstrup,8541,13.9,2021,2021Q1,2021-01-16,56.268,10.312
4999000,190,5,2018,villa,Skødstrup,8541,14.6,2021,2021Q1,2021-01-16,56.273,10.32
9800000,226,5,1979,villa,Risskov,8240,5.4,2021,2021Q1,2021-01-17,56.198,10.258
5998000,160,6,1972,villa,Risskov,8240,5.0,2021,2021Q1,2021-01-17,56.198,10.241
4225000,148,6,2020,townhouse,Risskov,8240,4.4,2021,2021Q1,2021-01-17,56.196,10.207
4275000,216,6,1976,villa,Egå,8250,10.1,2021,2021Q1,2021-01-17,56.233,10.299
2855000,158,6,1980,villa,Sabro,8471,12.6,2021,2021Q1,2021-01-17,56.211,10.032
2801000,96,4,1999,townhouse,Lystrup,8520,9.5,2021,2021Q1,2021-01-18,56.24,10.247
2595000,119,4,1970,townhouse,Tranbjerg J,8310,8.2,2021,2021Q1,2021-01-18,56.092,10.146
2395000,82,4,1983,townhouse,Højbjerg,8270,5.2,2021,2021Q1,2021-01-18,56.115,10.17
4400000,167,5,2008,villa,Brabrand,8220,7.6,2021,2021Q1,2021-01-18,56.162,10.088
9995000,201,7,1929,villa,Risskov,8240,4.3,2021,2021Q1,2021-01-18,56.191,10.241
2725000,113,5,1975,townhouse,Hasselager,8361,10.2,2021,2021Q1,2021-01-18,56.107,10.073
1640000,76,3,1920,townhouse,Egå,8250,7.6,2021,2021Q1,2021-01-18,56.218,10.266
2550000,111,4,1968,villa,Mårslet,8320,10.7,2021,2021Q1,2021-01-18,56.066,10.155
3750000,126,4,1972,townhouse,Risskov,8240,5.1,2021,2021Q1,2021-01-19,56.202,10.22
4780000,170,7,2015,villa,Mårslet,8320,9.1,2021,2021Q1,2021-01-19,56.084,10.145
3825000,120,4,2017,townhouse,Egå,8250,9.4,2021,2021Q1,2021-01-19,56.232,10.281
3612000,124,5,1910,villa,Viby J,8260,3.0,2021,2021Q1,2021-01-19,56.138,10.175
2645000,138,7,1927,villa,Brabrand,8220,6.9,2021,2021Q1,2021-01-19,56.154,10.1
4975000,199,5,2017,villa,Tranbjerg J,8310,10.0,2021,2021Q1,2021-01-19,56.082,10.121
2650000,130,4,2014,townhouse,Malling,8340,14.2,2021,2021Q1,2021-01-19,56.03,10.186
2750000,137,5,2016,townhouse,Skødstrup,8541,13.3,2021,2021Q1,2021-01-19,56.265,10.302
9300000,178,6,2007,villa,Egå,8250,6.7,2021,2021Q1,2021-01-19,56.204,10.278
8425000,185,4,1961,villa,Risskov,8240,5.1,2021,2021Q1,2021-01-19,56.195,10.255
3710000,113,3,1914,villa,Viby J,8260,4.5,2021,2021Q1,2021-01-19,56.125,10.166
7425000,200,6,1964,villa,Beder,8330,9.4,2021,2021Q1,2021-01-19,56.072,10.224
3900000,139,5,1972,townhouse,Egå,8250,7.2,2021,2021Q1,2021-01-19,56.209,10.279
5020000,155,5,1998,villa,Aarhus N,8200,5.0,2021,2021Q1,2021-01-19,56.2,10.19
5835000,172,6,2000,villa,Risskov,8240,5.7,2021,2021Q1,2021-01-19,56.208,10.208
9500000,241,4,2001,villa,Malling,8340,13.8,2021,2021Q1,2021-01-19,56.033,10.215
4025000,122,4,1983,villa,Aarhus N,8200,2.7,2021,2021Q1,2021-01-19,56.176,10.185
4500000,155,5,2011,villa,Viby J,8260,7.2,2021,2021Q1,2021-01-20,56.126,10.109
6498000,184,6,1908,townhouse,Brabrand,8220,7.9,2021,2021Q1,2021-01-20,56.148,10.084
2685208,126,4,2022,townhouse,Solbjerg,8355,14.3,2021,2021Q1,2021-01-20,56.047,10.089
2900000,139,4,2018,villa,Malling,8340,14.4,2021,2021Q1,2021-01-20,56.028,10.191
2655056,126,4,2022,townhouse,Solbjerg,8355,14.3,2021,2021Q1,2021-01-20,56.047,10.089
4700000,283,5,1954,villa,Malling,8340,12.8,2021,2021Q1,2021-01-20,56.042,10.194
2250000,85,4,1972,townhouse,Tranbjerg J,8310,9.1,2021,2021Q1,2021-01-20,56.09,10.124
4675000,200,8,1923,villa,Viby J,8260,4.5,2021,2021Q1,2021-01-20,56.126,10.162
2595000,117,5,1968,villa,Egå,8250,8.1,2021,2021Q1,2021-01-20,56.217,10.283
3630000,101,4,1984,villa,Viby J,8260,3.0,2021,2021Q1,2021-01-20,56.137,10.178
6795000,205,6,1970,villa,Egå,8250,8.7,2021,2021Q1,2021-01-20,56.219,10.296
11500000,214,7,1935,villa,Risskov,8240,4.0,2021,2021Q1,2021-01-20,56.188,10.241
5125000,176,5,2018,villa,Skødstrup,8541,13.4,2021,2021Q1,2021-01-21,56.262,10.314
3500000,188,7,1956,villa,Risskov,8240,5.5,2021,2021Q1,2021-01-21,56.201,10.248
5300000,232,6,1930,villa,Risskov,8240,6.1,2021,2021Q1,2021-01-21,56.202,10.265
12000000,287,6,2022,villa,Risskov,8240,5.4,2021,2021Q1,2021-01-21,56.196,10.26
1860000,144,4,1957,villa,Trige,8380,15.9,2021,2021Q1,2021-01-21,56.295,10.146
3798000,114,4,2008,townhouse,Risskov,8240,4.9,2021,2021Q1,2021-01-21,56.2,10.211
2730000,138,5,1979,villa,Sabro,8471,12.7,2021,2021Q1,2021-01-21,56.211,10.03
5670000,215,7,1971,villa,Risskov,8240,5.8,2021,2021Q1,2021-01-21,56.203,10.255
2275000,112,4,1972,villa,Tranbjerg J,8310,9.5,2021,2021Q1,2021-01-21,56.087,10.123
2250000,152,5,2022,villa,Viby J,8260,4.6,2021,2021Q1,2021-01-21,56.124,10.165
3498000,199,4,1975,villa,Egå,8250,11.0,2021,2021Q1,2021-01-22,56.233,10.325
3430000,60,2,1882,townhouse,Aarhus C,8000,0.6,2021,2021Q1,2021-01-22,56.16,10.203
4371000,110,4,1957,townhouse,Risskov,8240,3.9,2021,2021Q1,2021-01-22,56.191,10.22
3245000,111,4,1987,townhouse,Risskov,8240,5.2,2021,2021Q1,2021-01-22,56.204,10.207
2662500,117,4,1981,townhouse,Aarhus V,8210,4.8,2021,2021Q1,2021-01-23,56.175,10.14
3550000,167,6,1983,villa,Tilst,8381,8.3,2021,2021Q1,2021-01-24,56.193,10.094
2400000,137,5,2000,villa,Hjortshøj,8530,14.3,2021,2021Q1,2021-01-24,56.285,10.216
1300000,195,6,2022,villa,Sabro,8471,11.8,2021,2021Q1,2021-01-24,56.21,10.046
4198000,154,6,1979,villa,Risskov,8240,6.0,2021,2021Q1,2021-01-24,56.207,10.248
2175000,105,3,1977,villa,Hasselager,8361,10.2,2021,2021Q1,2021-01-24,56.107,10.072
13600000,209,5,1967,villa,Risskov,8240,4.7,2021,2021Q1,2021-01-24,56.192,10.251
7800000,196,3,2018,villa,Brabrand,8220,5.6,2021,2021Q1,2021-01-24,56.155,10.121
5195000,123,5,1972,townhouse,Risskov,8240,3.2,2021,2021Q1,2021-01-24,56.183,10.23
2395000,191,5,2022,villa,Mårslet,8320,11.4,2021,2021Q1,2021-01-24,56.058,10.164
9600000,202,5,1942,villa,Højbjerg,8270,5.5,2021,2021Q1,2021-01-24,56.108,10.227
2376000,191,6,1983,villa,Skødstrup,8541,13.9,2021,2021Q1,2021-01-24,56.267,10.314
3270000,129,4,2009,townhouse,Brabrand,8220,6.2,2021,2021Q1,2021-01-25,56.156,10.11
6300000,150,5,1889,townhouse,Aarhus C,8000,1.1,2021,2021Q1,2021-01-25,56.147,10.204
4107000,142,5,1960,villa,Risskov,8240,5.4,2021,2021Q1,2021-01-25,56.203,10.241
4250000,129,3,1947,villa,Mårslet,8320,10.7,2021,2021Q1,2021-01-25,56.065,10.16
3295000,81,3,1972,townhouse,Risskov,8240,3.2,2021,2021Q1,2021-01-25,56.183,10.23
3150000,126,4,1976,villa,Harlev J,8462,13.4,2021,2021Q1,2021-01-25,56.148,9.995
4595000,171,6,1968,villa,Risskov,8240,5.3,2021,2021Q1,2021-01-25,56.204,10.223
6500000,96,4,1946,villa,Aarhus N,8200,2.5,2021,2021Q1,2021-01-25,56.179,10.217
2545000,113,3,1977,townhouse,Viby J,8260,5.8,2021,2021Q1,2021-01-25,56.126,10.135
5950000,200,8,1998,villa,Risskov,8240,5.7,2021,2021Q1,2021-01-25,56.208,10.208
4575000,169,6,1969,villa,Åbyhøj,8230,3.1,2021,2021Q1,2021-01-26,56.161,10.162
3840000,133,5,2015,townhouse,Viby J,8260,7.1,2021,2021Q1,2021-01-26,56.131,10.105
4758000,144,5,1955,townhouse,Brabrand,8220,6.9,2021,2021Q1,2021-01-26,56.158,10.099
3750000,234,8,1972,villa,Beder,8330,10.8,2021,2021Q1,2021-01-26,56.06,10.211
3888000,139,5,1981,villa,Viby J,8260,5.7,2021,2021Q1,2021-01-26,56.121,10.145
3248000,134,4,2019,villa,Sabro,8471,16.3,2021,2021Q1,2021-01-26,56.223,9.975
2655000,167,5,1750,townhouse,Skødstrup,8541,13.0,2021,2021Q1,2021-01-26,56.261,10.306
5348000,204,5,2019,villa,Skødstrup,8541,14.5,2021,2021Q1,2021-01-26,56.273,10.316
6358000,186,5,1934,villa,Viby J,8260,4.1,2021,2021Q1,2021-01-26,56.126,10.174
2595000,108,4,1969,villa,Malling,8340,13.3,2021,2021Q1,2021-01-26,56.037,10.201
2500000,135,6,1978,villa,Hasselager,8361,10.4,2021,2021Q1,2021-01-26,56.106,10.069
2945000,121,5,1978,villa,Mårslet,8320,10.9,2021,2021Q1,2021-01-26,56.063,10.156
2250000,85,4,1971,townhouse,Tranbjerg J,8310,8.2,2021,2021Q1,2021-01-26,56.092,10.149
4060000,123,4,1975,villa,Aarhus N,8200,2.6,2021,2021Q1,2021-01-26,56.175,10.185
10850000,199,4,2006,villa,Højbjerg,8270,5.5,2021,2021Q1,2021-01-27,56.107,10.221
2650000,107,4,2016,townhouse,Hasselager,8361,10.8,2021,2021Q1,2021-01-27,56.107,10.062
4525000,143,6,1969,townhouse,Risskov,8240,5.0,2021,2021Q1,2021-01-27,56.201,10.222
9200000,162,4,2022,villa,Egå,8250,10.0,2021,2021Q1,2021-01-27,56.228,10.31
2900000,157,5,2009,villa,Hjortshøj,8530,15.7,2021,2021Q1,2021-01-27,56.298,10.215
3410000,130,4,2017,townhouse,Mårslet,8320,11.2,2021,2021Q1,2021-01-27,56.062,10.154
3760000,134,4,1994,villa,Lystrup,8520,9.6,2021,2021Q1,2021-01-27,56.242,10.237
4900000,195,7,1975,villa,Brabrand,8220,5.6,2021,2021Q1,2021-01-28,56.15,10.122
2075000,126,5,1963,villa,Solbjerg,8355,15.7,2021,2021Q1,2021-01-28,56.037,10.078
2627000,100,4,1973,townhouse,Tranbjerg J,8310,9.3,2021,2021Q1,2021-01-28,56.089,10.122
5510000,173,7,1967,villa,Risskov,8240,4.9,2021,2021Q1,2021-01-28,56.196,10.245
8950000,160,6,1937,townhouse,Aarhus C,8000,2.1,2021,2021Q1,2021-01-28,56.14,10.196
2620125,126,4,2021,townhouse,Solbjerg,8355,14.2,2021,2021Q1,2021-01-28,56.048,10.091
3975000,167,6,1968,villa,Aarhus V,8210,3.7,2021,2021Q1,2021-01-28,56.177,10.164
2625000,105,3,2010,townhouse,Viby J,8260,6.9,2021,2021Q1,2021-01-28,56.127,10.113
2475000,163,3,1934,townhouse,Lystrup,8520,8.4,2021,2021Q1,2021-01-28,56.232,10.229
2850000,101,4,1980,villa,Hjortshøj,8530,10.4,2021,2021Q1,2021-01-28,56.245,10.262
4612000,157,6,1917,villa,Brabrand,8220,7.0,2021,2021Q1,2021-01-28,56.153,10.098
5600000,171,6,1967,villa,Åbyhøj,8230,3.2,2021,2021Q1,2021-01-28,56.16,10.159
2575000,120,5,1961,villa,Skødstrup,8541,14.2,2021,2021Q1,2021-01-28,56.271,10.312
4850000,105,4,1955,villa,Højbjerg,8270,4.2,2021,2021Q1,2021-01-29,56.122,10.184
3498000,121,4,2012,townhouse,Aarhus N,8200,5.3,2021,2021Q1,2021-01-29,56.199,10.172
3935000,171,4,1930,townhouse,Aarhus N,8200,4.8,2021,2021Q1,2021-01-29,56.189,10.158
4650000,163,3,1949,villa,Viby J,8260,3.3,2021,2021Q1,2021-01-29,56.134,10.179
5852000,100,4,1912,villa,Viby J,8260,2.9,2021,2021Q1,2021-01-29,56.137,10.18
4000000,238,6,2023,villa,Egå,8250,9.6,2021,2021Q1,2021-01-30,56.227,10.301
1645000,88,3,1984,townhouse,Tilst,8381,7.4,2021,2021Q1,2021-01-30,56.192,10.109
3099000,122,4,2019,townhouse,Egå,8250,6.0,2021,2021Q1,2021-01-31,56.204,10.258
1695000,72,3,1971,townhouse,Tranbjerg J,8310,8.1,2021,2021Q1,2021-01-31,56.093,10.146
2095000,88,3,1981,townhouse,Tilst,8381,7.5,2021,2021Q1,2021-01-31,56.194,10.11
5295000,232,7,2000,villa,Beder,8330,10.6,2021,2021Q1,2021-01-31,56.061,10.22
3250000,120,4,1982,villa,Viby J,8260,4.9,2021,2021Q1,2021-01-31,56.128,10.151
2330000,108,5,1962,villa,Tilst,8381,8.0,2021,2021Q1,2021-01-31,56.19,10.097
3705000,105,4,1960,villa,Højbjerg,8270,3.8,2021,2021Q1,2021-01-31,56.126,10.184
3400000,260,9,1970,villa,Harlev J,8462,13.4,2021,2021Q1,2021-01-31,56.143,9.996
2754000,96,4,1999,townhouse,Lystrup,8520,9.6,2021,2021Q1,2021-01-31,56.24,10.246
8500000,267,9,1960,villa,Højbjerg,8270,5.6,2021,2021Q1,2021-01-31,56.107,10.221
4600000,125,5,1880,townhouse,Aarhus C,8000,1.0,2021,2021Q1,2021-01-31,56.15,10.2
3695000,120,3,1955,villa,Brabrand,8220,4.3,2021,2021Q1,2021-01-31,56.155,10.141
3095000,142,4,1974,villa,Tilst,8381,6.6,2021,2021Q1,2021-02-01,56.179,10.112
1750000,90,4,1985,townhouse,Solbjerg,8355,15.7,2021,2021Q1,2021-02-01,56.038,10.075
4600000,133,6,1933,villa,Åbyhøj,8230,3.5,2021,2021Q1,2021-02-01,56.157,10.155
7400000,150,4,1930,villa,Højbjerg,8270,3.7,2021,2021Q1,2021-02-01,56.125,10.195
6000000,104,4,1929,villa,Viby J,8260,4.0,2021,2021Q1,2021-02-01,56.126,10.176
3350000,154,5,1972,villa,Solbjerg,8355,15.9,2021,2021Q1,2021-02-01,56.039,10.066
2900000,136,4,1973,villa,Aarhus V,8210,3.5,2021,2021Q1,2021-02-01,56.173,10.162
8100000,210,6,1998,villa,Højbjerg,8270,5.7,2021,2021Q1,2021-02-01,56.106,10.217
5350000,177,5,1954,villa,Højbjerg,8270,4.2,2021,2021Q1,2021-02-02,56.12,10.19
3351000,139,4,2009,townhouse,Viby J,8260,6.4,2021,2021Q1,2021-02-02,56.12,10.131
2900000,116,3,1999,townhouse,Højbjerg,8270,6.4,2021,2021Q1,2021-02-02,56.099,10.22
4750000,119,4,1949,townhouse,Aarhus N,8200,2.3,2021,2021Q1,2021-02-02,56.176,10.196
2248000,90,4,1982,townhouse,Tranbjerg J,8310,8.5,2021,2021Q1,2021-02-02,56.089,10.148
3125000,101,3,1989,villa,Højbjerg,8270,5.2,2021,2021Q1,2021-02-02,56.119,10.163
6750000,157,6,1957,villa,Åbyhøj,8230,3.9,2021,2021Q1,2021-02-02,56.158,10.148
3998000,108,5,1982,villa,Egå,8250,11.2,2021,2021Q1,2021-02-02,56.235,10.325
4000000,110,4,1952,villa,Aarhus N,8200,2.6,2021,2021Q1,2021-02-02,56.179,10.218
3700000,149,5,1963,villa,Risskov,8240,5.8,2021,2021Q1,2021-02-02,56.203,10.253
2995000,139,5,1973,villa,Tilst,8381,6.7,2021,2021Q1,2021-02-02,56.177,10.11
2725000,150,5,1972,villa,Solbjerg,8355,14.6,2021,2021Q1,2021-02-02,56.044,10.089
4430000,124,5,1955,townhouse,Risskov,8240,3.9,2021,2021Q1,2021-02-02,56.192,10.219
4973000,184,6,2008,villa,Mårslet,8320,11.2,2021,2021Q1,2021-02-03,56.059,10.163
1950000,78,3,1988,townhouse,Hjortshøj,8530,10.9,2021,2021Q1,2021-02-03,56.25,10.267
1250000,164,5,2022,villa,Trige,8380,11.4,2021,2021Q1,2021-02-03,56.254,10.151
5425000,183,7,2009,villa,Viby J,8260,7.2,2021,2021Q1,2021-02-03,56.129,10.105
3600000,148,6,1971,villa,Harlev J,8462,12.9,2021,2021Q1,2021-02-03,56.145,10.003
7350000,170,6,1997,villa,Højbjerg,8270,5.5,2021,2021Q1,2021-02-03,56.107,10.215
5250000,182,5,1980,townhouse,Højbjerg,8270,5.2,2021,2021Q1,2021-02-03,56.11,10.214
3325000,135,5,1905,villa,Brabrand,8220,6.8,2021,2021Q1,2021-02-03,56.153,10.101
4350000,105,4,1983,villa,Højbjerg,8270,4.9,2021,2021Q1,2021-02-03,56.113,10.204
2965000,127,4,1972,villa,Skødstrup,8541,12.8,2021,2021Q1,2021-02-03,56.261,10.296
4995000,153,5,1998,villa,Aarhus N,8200,5.0,2021,2021Q1,2021-02-03,56.2,10.189
2199000,214,7,1972,villa,Hjortshøj,8530,15.8,2021,2021Q1,2021-02-03,56.299,10.214
4100000,150,5,2019,townhouse,Brabrand,8220,7.4,2021,2021Q1,2021-02-04,56.156,10.092
4425000,184,5,2018,villa,Trige,8380,15.3,2021,2021Q1,2021-02-04,56.291,10.152
1016299,185,5,2022,villa,Sabro,8471,16.4,2021,2021Q1,2021-02-04,56.224,9.975
4950000,232,5,2016,villa,Mårslet,8320,9.0,2021,2021Q1,2021-02-04,56.083,10.15
4600000,197,6,2007,villa,Brabrand,8220,7.3,2021,2021Q1,2021-02-04,56.158,10.092
4100000,133,4,2006,townhouse,Brabrand,8220,7.5,2021,2021Q1,2021-02-04,56.158,10.09
3400000,152,5,1974,villa,Skødstrup,8541,13.7,2021,2021Q1,2021-02-04,56.267,10.307
4523000,174,5,2010,villa,Malling,8340,14.1,2021,2021Q1,2021-02-04,56.03,10.189
4350000,143,5,1978,townhouse,Risskov,8240,4.8,2021,2021Q1,2021-02-04,56.199,10.22
4295000,179,6,1979,villa,Mårslet,8320,11.0,2021,2021Q1,2021-02-04,56.061,10.162
6400000,199,8,1990,villa,Egå,8250,6.5,2021,2021Q1,2021-02-04,56.204,10.272
2649000,80,4,1987,townhouse,Aarhus N,8200,3.8,2021,2021Q1,2021-02-04,56.189,10.194
5050000,218,7,1938,villa,Risskov,8240,5.3,2021,2021Q1,2021-02-04,56.2,10.248
5100000,194,5,2022,villa,Risskov,8240,4.8,2021,2021Q1,2021-02-04,56.195,10.243
3625000,138,5,1967,villa,Højbjerg,8270,6.3,2021,2021Q1,2021-02-04,56.1,10.209
2780000,140,5,2013,townhouse,Hasselager,8361,8.7,2021,2021Q1,2021-02-05,56.113,10.095
3445000,204,5,2023,villa,Egå,8250,11.0,2021,2021Q1,2021-02-06,56.233,10.324
3848000,138,4,1981,townhouse,Egå,8250,6.2,2021,2021Q1,2021-02-06,56.205,10.261
3798000,105,4,1925,villa,Aarhus V,8210,3.1,2021,2021Q1,2021-02-06,56.169,10.167
2448000,102,3,1984,townhouse,Aarhus V,8210,5.6,2021,2021Q1,2021-02-06,56.178,10.128
2148000,133,5,1966,villa,Solbjerg,8355,15.2,2021,2021Q1,2021-02-06,56.037,10.09
4252000,148,6,2020,townhouse,Risskov,8240,4.4,2021,2021Q1,2021-02-07,56.196,10.207
2920000,137,4,2000,townhouse,Lystrup,8520,9.5,2021,2021Q1,2021-02-07,56.24,10.247
5200000,145,7,1958,villa,Risskov,8240,4.5,2021,2021Q1,2021-02-07,56.196,10.228
5970000,215,6,2011,villa,Viby J,8260,6.7,2021,2021Q1,2021-02-07,56.122,10.122
4350000,128,4,2002,townhouse,Højbjerg,8270,6.7,2021,2021Q1,2021-02-07,56.096,10.217
3100000,195,6,1964,villa,Skødstrup,8541,12.5,2021,2021Q1,2021-02-07,56.259,10.294
4850000,246,7,2002,villa,Solbjerg,8355,14.6,2021,2021Q1,2021-02-07,56.042,10.096
650000,151,5,2023,villa,Viby J,8260,5.1,2021,2021Q1,2021-02-08,56.123,10.155
2150000,175,5,2022,villa,Viby J,8260,6.7,2021,2021Q1,2021-02-08,56.123,10.122
3398000,128,4,1970,villa,Aarhus V,8210,3.6,2021,2021Q1,2021-02-08,56.172,10.16
4795000,251,6,1961,villa,Viby J,8260,4.0,2021,2021Q1,2021-02-08,56.132,10.163
3498000,164,7,1957,villa,Aarhus V,8210,3.1,2021,2021Q1,2021-02-08,56.173,10.17
6423000,136,5,1932,villa,Åbyhøj,8230,3.5,2021,2021Q1,2021-02-08,56.153,10.154
3650000,165,4,1970,villa,Tranbjerg J,8310,9.0,2021,2021Q1,2021-02-08,56.086,10.142
3575000,203,7,1867,villa,Tranbjerg J,8310,12.2,2021,2021Q1,2021-02-08,56.064,10.107
4350000,155,6,1958,villa,Aarhus N,8200,2.9,2021,2021Q1,2021-02-08,56.177,10.182
3800000,170,5,2013,villa,Skødstrup,8541,12.4,2021,2021Q1,2021-02-09,56.255,10.304
5150000,228,6,1978,villa,Egå,8250,10.4,2021,2021Q1,2021-02-09,56.233,10.308
8500000,206,6,1984,villa,Risskov,8240,5.4,2021,2021Q1,2021-02-09,56.197,10.257
2120000,138,4,1880,townhouse,Tilst,8381,9.1,2021,2021Q1,2021-02-09,56.207,10.095
4658000,285,10,2000,villa,Sabro,8471,12.0,2021,2021Q1,2021-02-09,56.208,10.04
3375000,121,5,1985,townhouse,Risskov,8240,4.6,2021,2021Q1,2021-02-09,56.198,10.196
3375000,160,6,2010,villa,Lystrup,8520,9.0,2021,2021Q1,2021-02-09,56.237,10.191
2898000,140,5,2014,townhouse,Hasselager,8361,8.7,2021,2021Q1,2021-02-09,56.112,10.095
2275000,140,5,1920,villa,Harlev J,8462,13.1,2021,2021Q1,2021-02-09,56.141,10.001
4398000,175,5,1961,villa,Beder,8330,10.7,2021,2021Q1,2021-02-09,56.06,10.203
2500000,95,4,1999,townhouse,Lystrup,8520,9.5,2021,2021Q1,2021-02-09,56.24,10.247
4450000,94,4,1956,townhouse,Aarhus N,8200,2.5,2021,2021Q1,2021-02-09,56.177,10.193
2825000,110,4,1966,townhouse,Egå,8250,6.8,2021,2021Q1,2021-02-09,56.208,10.272
4348000,170,7,2022,villa,Aarhus V,8210,3.1,2021,2021Q1,2021-02-09,56.164,10.162
2349000,85,3,2000,townhouse,Lystrup,8520,9.8,2021,2021Q1,2021-02-09,56.243,10.241
4465000,90,5,1950,townhouse,Højbjerg,8270,4.7,2021,2021Q1,2021-02-09,56.115,10.198
2495000,123,4,1977,townhouse,Tranbjerg J,8310,8.2,2021,2021Q1,2021-02-09,56.098,10.13
3698000,134,5,2016,townhouse,Viby J,8260,7.2,2021,2021Q1,2021-02-10,56.128,10.107
6998000,178,5,2020,townhouse,Aarhus C,8000,1.0,2021,2021Q1,2021-02-10,56.159,10.195
5100000,185,5,2010,villa,Skødstrup,8541,13.4,2021,2021Q1,2021-02-10,56.267,10.299
2600000,189,4,1883,villa,Skødstrup,8541,13.7,2021,2021Q1,2021-02-10,56.275,10.275
3798000,90,5,1948,townhouse,Højbjerg,8270,4.7,2021,2021Q1,2021-02-10,56.115,10.198
3075000,101,3,2017,townhouse,Hjortshøj,8530,11.4,2021,2021Q1,2021-02-10,56.253,10.273
5700000,162,4,2020,villa,Brabrand,8220,6.4,2021,2021Q1,2021-02-10,56.152,10.108
1600000,75,3,1977,townhouse,Tranbjerg J,8310,8.4,2021,2021Q1,2021-02-10,56.091,10.145
2000000,80,4,1974,townhouse,Tilst,8381,7.1,2021,2021Q1,2021-02-10,56.175,10.101
2355000,136,4,1959,villa,Tilst,8381,8.8,2021,2021Q1,2021-02-10,56.193,10.085
4250000,162,5,2007,villa,Viby J,8260,6.3,2021,2021Q1,2021-02-11,56.128,10.123
3125000,148,4,1971,townhouse,Aarhus V,8210,4.0,2021,2021Q1,2021-02-11,56.172,10.152
1450000,135,4,2022,villa,Harlev J,8462,13.5,2021,2021Q1,2021-02-11,56.136,9.996
2710000,106,4,2011,townhouse,Egå,8250,7.0,2021,2021Q1,2021-02-11,56.212,10.265
2775000,140,5,2014,townhouse,Hasselager,8361,8.7,2021,2021Q1,2021-02-11,56.112,10.096
2700000,56,2,1948,villa,Aarhus V,8210,3.0,2021,2021Q1,2021-02-11,56.177,10.178
3375000,134,4,1990,villa,Brabrand,8220,10.5,2021,2021Q1,2021-02-11,56.172,10.043
2848000,176,6,2005,villa,Sabro,8471,12.3,2021,2021Q1,2021-02-11,56.187,10.02
3125000,114,5,1987,townhouse,Risskov,8240,5.5,2021,2021Q1,2021-02-11,56.206,10.209
10000500,200,7,1915,villa,Risskov,8240,3.3,2021,2021Q1,2021-02-11,56.183,10.236
3148000,120,4,1984,villa,Aarhus V,8210,6.0,2021,2021Q1,2021-02-11,56.177,10.121
3395000,174,6,1967,villa,Harlev J,8462,12.9,2021,2021Q1,2021-02-11,56.149,10.004
7330000,183,8,1974,villa,Højbjerg,8270,5.0,2021,2021Q1,2021-02-11,56.112,10.215
2200000,176,8,1850,villa,Viby J,8260,9.9,2021,2021Q1,2021-02-11,56.125,10.062
2700000,137,5,1974,villa,Lystrup,8520,9.4,2021,2021Q1,2021-02-11,56.241,10.223
3275000,108,4,1969,villa,Aarhus V,8210,3.6,2021,2021Q1,2021-02-11,56.174,10.162
5575000,195,6,1962,villa,Brabrand,8220,4.6,2021,2021Q1,2021-02-11,56.146,10.139
2590000,116,4,1979,villa,Hasselager,8361,10.6,2021,2021Q1,2021-02-11,56.105,10.067
4625000,126,5,1981,villa,Aarhus V,8210,4.3,2021,2021Q1,2021-02-11,56.177,10.151
4450000,143,4,1932,villa,Brabrand,8220,6.8,2021,2021Q1,2021-02-12,56.159,10.101
2750000,140,5,1956,villa,Hjortshøj,8530,12.6,2021,2021Q1,2021-02-12,56.27,10.213
4595000,167,5,1973,villa,Egå,8250,10.4,2021,2021Q1,2021-02-13,56.232,10.309
3260000,174,5,1969,villa,Viby J,8260,6.6,2021,2021Q1,2021-02-13,56.111,10.143
3010000,120,3,1969,villa,Åbyhøj,8230,3.9,2021,2021Q1,2021-02-13,56.148,10.15
3000000,82,5,1953,villa,Højbjerg,8270,4.2,2021,2021Q1,2021-02-14,56.121,10.189
10750000,243,7,1984,villa,Risskov,8240,5.3,2021,2021Q1,2021-02-14,56.197,10.257
2025000,122,4,1987,townhouse,Hasselager,8361,8.5,2021,2021Q1,2021-02-14,56.109,10.103
8300000,178,5,2020,townhouse,Aarhus C,8000,1.0,2021,2021Q1,2021-02-14,56.159,10.195
5100000,197,6,1976,villa,Egå,8250,10.1,2021,2021Q1,2021-02-14,56.232,10.302
3225000,80,3,1986,townhouse,Brabrand,8220,5.5,2021,2021Q1,2021-02-14,56.156,10.122
2725000,111,5,1998,villa,Viby J,8260,9.8,2021,2021Q1,2021-02-14,56.123,10.064
4300000,125,5,1980,townhouse,Risskov,8240,6.5,2021,2021Q1,2021-02-14,56.203,10.276
3575000,138,5,1970,villa,Egå,8250,7.6,2021,2021Q1,2021-02-14,56.213,10.281
3990000,190,6,1971,villa,Aarhus V,8210,4.1,2021,2021Q1,2021-02-14,56.173,10.151
3095000,129,6,2008,townhouse,Mårslet,8320,9.6,2021,2021Q1,2021-02-15,56.075,10.162
3300000,120,5,1986,townhouse,Risskov,8240,5.3,2021,2021Q1,2021-02-15,56.205,10.207
3495000,143,5,2005,villa,Sabro,8471,12.2,2021,2021Q1,2021-02-15,56.213,10.041
3300000,149,7,1964,villa,Egå,8250,7.3,2021,2021Q1,2021-02-15,56.214,10.267
3598000,102,4,1999,townhouse,Højbjerg,8270,4.9,2021,2021Q1,2021-02-15,56.115,10.189
2308000,92,3,1983,townhouse,Viby J,8260,6.0,2021,2021Q1,2021-02-15,56.126,10.132
9900000,191,4,2009,villa,Højbjerg,8270,5.1,2021,2021Q1,2021-02-15,56.111,10.201
3055000,485,8,2023,villa,Tranbjerg J,8310,11.0,2021,2021Q1,2021-02-15,56.075,10.11
2650000,91,4,2015,townhouse,Mårslet,8320,9.6,2021,2021Q1,2021-02-16,56.075,10.162
2745000,112,4,1977,townhouse,Højbjerg,8270,5.2,2021,2021Q1,2021-02-16,56.116,10.171
1780000,86,4,1986,townhouse,Viby J,8260,6.0,2021,2021Q1,2021-02-16,56.125,10.132
2370000,113,4,1962,villa,Lystrup,8520,8.7,2021,2021Q1,2021-02-16,56.234,10.224
2800000,124,4,1971,villa,Brabrand,8220,5.4,2021,2021Q1,2021-02-16,56.162,10.124
5498000,152,6,1962,villa,Højbjerg,8270,5.0,2021,2021Q1,2021-02-16,56.115,10.182
2550000,205,5,2022,villa,Aarhus N,8200,5.3,2021,2021Q1,2021-02-16,56.199,10.171
4656000,154,5,1967,villa,Risskov,8240,5.5,2021,2021Q1,2021-02-16,56.206,10.223
3850000,178,5,2007,villa,Sabro,8471,11.8,2021,2021Q1,2021-02-16,56.208,10.044
4425000,128,4,2002,townhouse,Højbjerg,8270,6.7,2021,2021Q1,2021-02-16,56.096,10.217
2900000,92,4,1987,townhouse,Risskov,8240,5.4,2021,2021Q1,2021-02-16,56.205,10.211
4057000,135,6,1962,villa,Højbjerg,8270,4.7,2021,2021Q1,2021-02-16,56.12,10.173
3995000,157,5,1998,villa,Hasselager,8361,9.5,2021,2021Q1,2021-02-16,56.112,10.08
4251000,122,5,1953,villa,Risskov,8240,4.7,2021,2021Q1,2021-02-16,56.198,10.227
3850000,146,5,1971,townhouse,Højbjerg,8270,5.6,2021,2021Q1,2021-02-16,56.112,10.17
3240000,162,6,1984,villa,Aarhus V,8210,5.7,2021,2021Q1,2021-02-16,56.177,10.125
2050000,149,5,1987,villa,Tilst,8381,8.7,2021,2021Q1,2021-02-17,56.191,10.084
2200000,182,4,2022,villa,Viby J,8260,6.7,2021,2021Q1,2021-02-17,56.123,10.121
4580000,164,6,2015,townhouse,Viby J,8260,7.4,2021,2021Q1,2021-02-17,56.13,10.102
4300000,151,5,2015,villa,Mårslet,8320,9.0,2021,2021Q1,2021-02-17,56.084,10.147
2795000,91,3,1991,townhouse,Viby J,8260,6.9,2021,2021Q1,2021-02-17,56.132,10.109
5250000,148,6,1947,villa,Risskov,8240,4.1,2021,2021Q1,2021-02-17,56.193,10.225
2160000,151,5,1977,townhouse,Hasselager,8361,10.0,2021,2021Q1,2021-02-17,56.107,10.076
3900000,160,5,1955,villa,Risskov,8240,4.6,2021,2021Q1,2021-02-17,56.197,10.226
5750000,173,5,2006,villa,Aarhus N,8200,7.7,2021,2021Q1,2021-02-17,56.224,10.181
2550000,260,8,1980,villa,Solbjerg,8355,15.7,2021,2021Q1,2021-02-17,56.039,10.069
3600000,159,6,1973,villa,Lystrup,8520,9.2,2021,2021Q1,2021-02-17,56.24,10.222
3900000,200,5,2022,villa,Højbjerg,8270,5.4,2021,2021Q1,2021-02-17,56.111,10.183
4630000,191,6,1956,villa,Højbjerg,8270,4.0,2021,2021Q1,2021-02-17,56.124,10.185
2970000,145,4,2005,villa,Sabro,8471,16.6,2021,2021Q1,2021-02-18,56.225,9.973
4623000,181,7,1983,townhouse,Højbjerg,8270,5.4,2021,2021Q1,2021-02-18,56.108,10.216
3995000,123,4,2014,townhouse,Viby J,8260,4.9,2021,2021Q1,2021-02-18,56.13,10.148
3650000,91,5,1947,villa,Viby J,8260,4.5,2021,2021Q1,2021-02-18,56.125,10.164
3450000,130,3,1985,townhouse,Risskov,8240,4.6,2021,2021Q1,2021-02-18,56.197,10.223
2650000,226,5,1973,villa,Aarhus V,8210,5.2,2021,2021Q1,2021-02-18,56.176,10.135
18000000,357,5,1928,villa,Risskov,8240,4.0,2021,2021Q1,2021-02-18,56.188,10.241
2298000,91,4,1981,townhouse,Hasselager,8361,10.0,2021,2021Q1,2021-02-18,56.105,10.079
5750000,163,5,1970,villa,Risskov,8240,5.5,2021,2021Q1,2021-02-18,56.2,10.252
2800000,177,5,1983,villa,Tilst,8381,6.4,2021,2021Q1,2021-02-18,56.18,10.116
6800000,177,7,1947,villa,Højbjerg,8270,4.2,2021,2021Q1,2021-02-18,56.119,10.204
2095000,91,4,1979,townhouse,Hasselager,8361,10.7,2021,2021Q1,2021-02-18,56.105,10.065
4950000,138,5,1953,villa,Viby J,8260,3.5,2021,2021Q1,2021-02-19,56.133,10.176
1915000,113,5,1931,villa,Hasselager,8361,9.0,2021,2021Q1,2021-02-19,56.106,10.098
6465000,150,5,1943,villa,Højbjerg,8270,4.9,2021,2021Q1,2021-02-20,56.112,10.203
3660000,151,5,2020,villa,Trige,8380,11.6,2021,2021Q1,2021-02-20,56.257,10.161
3200000,250,5,1974,villa,Aarhus V,8210,4.2,2021,2021Q1,2021-02-20,56.173,10.15
3601000,122,4,1955,villa,Åbyhøj,8230,3.6,2021,2021Q1,2021-02-20,56.147,10.156
4830000,101,4,1954,townhouse,Risskov,8240,4.0,2021,2021Q1,2021-02-21,56.192,10.224
2150000,200,5,2022,villa,Viby J,8260,6.6,2021,2021Q1,2021-02-21,56.124,10.123
5800000,166,6,1961,villa,Risskov,8240,4.0,2021,2021Q1,2021-02-21,56.19,10.234
2900000,143,4,1967,villa,Tranbjerg J,8310,9.0,2021,2021Q1,2021-02-21,56.086,10.139
7900000,151,5,1954,villa,Højbjerg,8270,5.4,2021,2021Q1,2021-02-21,56.109,10.226
3498000,164,5,2008,villa,Sabro,8471,10.1,2021,2021Q1,2021-02-21,56.196,10.065
3299000,124,3,1953,villa,Hjortshøj,8530,11.2,2021,2021Q1,2021-02-21,56.252,10.268
2473000,190,5,1973,villa,Tilst,8381,6.6,2021,2021Q1,2021-02-22,56.178,10.111
4900000,140,5,1989,villa,Viby J,8260,6.8,2021,2021Q1,2021-02-22,56.133,10.109
2175000,93,3,2006,townhouse,Skødstrup,8541,15.6,2021,2021Q1,2021-02-22,56.281,10.326
2950000,171,6,1977,villa,Tilst,8381,7.4,2021,2021Q1,2021-02-22,56.187,10.105
2595000,111,4,2011,townhouse,Hasselager,8361,10.8,2021,2021Q1,2021-02-22,56.106,10.062
6375000,156,6,1950,townhouse,Viby J,8260,3.2,2021,2021Q1,2021-02-22,56.132,10.184
2350000,91,4,1985,townhouse,Beder,8330,11.2,2021,2021Q1,2021-02-22,56.056,10.207
3550000,129,3,1980,villa,Beder,8330,10.4,2021,2021Q1,2021-02-22,56.063,10.2
2295000,181,5,2022,villa,Mårslet,8320,11.4,2021,2021Q1,2021-02-23,56.058,10.164
6595000,132,5,2017,villa,Højbjerg,8270,4.6,2021,2021Q1,2021-02-23,56.116,10.198
3900000,85,4,1962,villa,Aarhus N,8200,2.8,2021,2021Q1,2021-02-23,56.18,10.194
5451000,96,3,1932,villa,Åbyhøj,8230,3.5,2021,2021Q1,2021-02-23,56.156,10.155
1600000,111,4,1928,villa,Solbjerg,8355,19.3,2021,2021Q1,2021-02-23,56.007,10.055
2540000,104,4,1986,townhouse,Lystrup,8520,9.7,2021,2021Q1,2021-02-23,56.242,10.241
2600000,125,4,1870,villa,Egå,8250,7.5,2021,2021Q1,2021-02-24,56.217,10.266
2250000,92,4,1975,townhouse,Tilst,8381,7.2,2021,2021Q1,2021-02-24,56.174,10.099
2725000,84,4,1962,townhouse,Højbjerg,8270,5.0,2021,2021Q1,2021-02-24,56.12,10.166
8135000,201,8,1923,villa,Åbyhøj,8230,3.0,2021,2021Q1,2021-02-24,56.16,10.164
4350000,124,4,1959,townhouse,Risskov,8240,3.9,2021,2021Q1,2021-02-24,56.191,10.219
3750000,192,7,2022,villa,Egå,8250,7.9,2021,2021Q1,2021-02-25,56.214,10.285
2431635,86,3,2007,townhouse,Aarhus V,8210,5.6,2021,2021Q1,2021-02-25,56.179,10.129
3300000,187,7,1971,villa,Aarhus V,8210,4.4,2021,2021Q1,2021-02-25,56.174,10.148
2325000,95,5,1974,townhouse,Tilst,8381,7.0,2021,2021Q1,2021-02-25,56.174,10.102
5895000,187,6,1933,villa,Risskov,8240,4.9,2021,2021Q1,2021-02-25,56.199,10.237
2200000,123,4,1962,villa,Lystrup,8520,7.8,2021,2021Q1,2021-02-25,56.226,10.229
10500000,173,4,2017,villa,Risskov,8240,4.6,2021,2021Q1,2021-02-25,56.193,10.245
3248000,116,4,2017,townhouse,Mårslet,8320,9.0,2021,2021Q1,2021-02-25,56.084,10.15
2350000,133,5,1962,villa,Harlev J,8462,13.1,2021,2021Q1,2021-02-25,56.15,10.0
4148000,114,4,1954,villa,Aarhus V,8210,2.3,2021,2021Q1,2021-02-25,56.169,10.181
4900000,202,9,1969,villa,Risskov,8240,5.6,2021,2021Q1,2021-02-25,56.207,10.219
2500000,215,7,1900,villa,Aarhus N,8200,7.7,2021,2021Q1,2021-02-25,56.209,10.129
7300000,240,7,2023,villa,Højbjerg,8270,5.5,2021,2021Q1,2021-02-25,56.107,10.22
2275000,86,3,1984,townhouse,Aarhus N,8200,3.8,2021,2021Q1,2021-02-25,56.19,10.198
1548000,100,3,1969,villa,Sabro,8471,9.8,2021,2021Q1,2021-02-25,56.212,10.088
4700000,97,3,1927,villa,Aarhus V,8210,3.7,2021,2021Q1,2021-02-26,56.161,10.152
4200000,179,6,1952,villa,Solbjerg,8355,13.9,2021,2021Q1,2021-02-26,56.047,10.102
4925000,141,4,1959,townhouse,Risskov,8240,5.6,2021,2021Q1,2021-02-26,56.2,10.256
3100000,165,6,2023,villa,Egå,8250,10.9,2021,2021Q1,2021-02-26,56.232,10.323
2455000,100,4,1974,townhouse,Tranbjerg J,8310,9.3,2021,2021Q1,2021-02-26,56.09,10.121
2525000,98,4,1981,townhouse,Aarhus V,8210,3.6,2021,2021Q1,2021-02-26,56.171,10.158
4598000,120,4,1952,villa,Brabrand,8220,5.5,2021,2021Q1,2021-02-26,56.15,10.122
3998000,174,4,1972,villa,Beder,8330,11.0,2021,2021Q1,2021-02-26,56.057,10.21
2200000,141,5,1900,villa,Tilst,8381,8.7,2021,2021Q1,2021-02-27,56.192,10.085
3398000,151,4,2017,villa,Sabro,8471,16.3,2021,2021Q1,2021-02-28,56.223,9.975
4551007,154,5,1972,villa,Aarhus V,8210,5.2,2021,2021Q1,2021-02-28,56.174,10.134
4400000,150,7,1965,villa,Lystrup,8520,9.1,2021,2021Q1,2021-02-28,56.238,10.225
1625000,180,6,2021,villa,Malling,8340,14.8,2021,2021Q1,2021-02-28,56.025,10.185
3950000,165,7,1965,villa,Lystrup,8520,9.3,2021,2021Q1,2021-02-28,56.24,10.226
6750000,151,5,1985,villa,Risskov,8240,4.9,2021,2021Q1,2021-02-28,56.196,10.245
5200000,185,6,1981,villa,Egå,8250,6.7,2021,2021Q1,2021-02-28,56.204,10.276
2575000,112,4,1978,villa,Hasselager,8361,10.2,2021,2021Q1,2021-02-28,56.104,10.075
1999000,85,4,1974,townhouse,Tranbjerg J,8310,9.3,2021,2021Q1,2021-02-28,56.089,10.121
4450000,170,5,2016,villa,Skødstrup,8541,13.7,2021,2021Q1,2021-03-01,56.264,10.317
3998000,140,5,1948,villa,Aarhus V,8210,3.2,2021,2021Q1,2021-03-01,56.177,10.174
1575000,69,3,2004,townhouse,Tilst,8381,6.9,2021,2021Q1,2021-03-01,56.184,10.111
2295000,83,4,1982,townhouse,Viby J,8260,5.9,2021,2021Q1,2021-03-01,56.126,10.134
949000,172,5,2022,villa,Hjortshøj,8530,15.0,2021,2021Q1,2021-03-01,56.292,10.212
9000000,299,12,1900,villa,Åbyhøj,8230,4.3,2021,2021Q1,2021-03-01,56.143,10.145
1275000,148,6,2023,villa,Trige,8380,11.4,2021,2021Q1,2021-03-01,56.254,10.151
1300000,167,5,2022,villa,Trige,8380,11.4,2021,2021Q1,2021-03-01,56.253,10.151
6400000,162,8,1966,villa,Egå,8250,9.1,2021,2021Q1,2021-03-01,56.222,10.299
1275000,162,4,2022,villa,Trige,8380,11.4,2021,2021Q1,2021-03-01,56.253,10.151
4925000,122,4,1950,villa,Åbyhøj,8230,2.9,2021,2021Q1,2021-03-01,56.158,10.165
6050000,207,7,1967,villa,Aarhus V,8210,3.6,2021,2021Q1,2021-03-01,56.162,10.153
3150000,116,4,1984,townhouse,Højbjerg,8270,6.1,2021,2021Q1,2021-03-01,56.106,10.176
2498000,129,5,1886,villa,Tilst,8381,7.2,2021,2021Q1,2021-03-01,56.193,10.114
4750000,101,4,1935,villa,Aarhus C,8000,1.5,2021,2021Q1,2021-03-01,56.167,10.193
3497000,111,4,1965,villa,Egå,8250,8.0,2021,2021Q1,2021-03-01,56.216,10.284
1600000,179,5,2022,villa,Malling,8340,14.7,2021,2021Q1,2021-03-02,56.025,10.185
3225000,130,4,2018,townhouse,Mårslet,8320,11.2,2021,2021Q1,2021-03-02,56.061,10.154
2200000,217,5,2022,villa,Viby J,8260,6.7,2021,2021Q1,2021-03-02,56.123,10.121
2900000,110,4,1965,villa,Viby J,8260,6.5,2021,2021Q1,2021-03-02,56.129,10.118
6000000,138,5,1960,villa,Højbjerg,8270,6.3,2021,2021Q1,2021-03-02,56.1,10.21
2400000,170,6,1972,villa,Hjortshøj,8530,15.9,2021,2021Q1,2021-03-02,56.3,10.213
3795000,174,6,1952,villa,Brabrand,8220,4.5,2021,2021Q1,2021-03-02,56.155,10.138
3300000,130,4,1985,villa,Tilst,8381,6.5,2021,2021Q1,2021-03-02,56.176,10.112
7900000,255,8,1960,villa,Højbjerg,8270,4.0,2021,2021Q1,2021-03-02,56.12,10.207
6925000,150,5,1911,villa,Åbyhøj,8230,2.1,2021,2021Q1,2021-03-02,56.155,10.176
5250000,162,6,1970,villa,Brabrand,8220,7.7,2021,2021Q1,2021-03-02,56.15,10.086
2925000,160,6,1970,villa,Brabrand,8220,5.0,2021,2021Q1,2021-03-02,56.162,10.131
3425000,136,5,1961,villa,Risskov,8240,5.6,2021,2021Q1,2021-03-02,56.203,10.245
5602001,144,6,1954,villa,Højbjerg,8270,4.2,2021,2021Q1,2021-03-02,56.122,10.182
4300000,160,4,2010,townhouse,Aarhus N,8200,3.1,2021,2021Q1,2021-03-03,56.179,10.182
8000000,162,5,1980,villa,Egå,8250,9.6,2021,2021Q1,2021-03-03,56.227,10.302
5653000,232,5,2016,villa,Skødstrup,8541,14.2,2021,2021Q1,2021-03-03,56.27,10.315
2778000,114,4,2007,townhouse,Mårslet,8320,11.3,2021,2021Q1,2021-03-03,56.059,10.159
4800000,240,8,1970,villa,Brabrand,8220,5.3,2021,2021Q1,2021-03-03,56.15,10.126
1300000,174,5,2022,villa,Sabro,8471,12.5,2021,2021Q1,2021-03-03,56.214,10.036
4555000,96,3,1961,townhouse,Aarhus V,8210,2.5,2021,2021Q1,2021-03-03,56.17,10.18
7300000,144,6,1907,villa,Aarhus N,8200,1.9,2021,2021Q1,2021-03-04,56.173,10.22
2400000,154,6,1954,villa,Åbyhøj,8230,3.6,2021,2021Q1,2021-03-04,56.147,10.155
3050000,133,5,1973,villa,Beder,8330,11.1,2021,2021Q1,2021-03-04,56.056,10.213
2450000,118,6,1984,townhouse,Harlev J,8462,13.3,2021,2021Q1,2021-03-04,56.14,9.998
11975000,193,5,1984,villa,Højbjerg,8270,6.3,2021,2021Q1,2021-03-04,56.101,10.224
2400000,277,9,1928,villa,Trige,8380,13.9,2021,2021Q1,2021-03-04,56.277,10.151
5100010,168,6,1969,villa,Brabrand,8220,6.1,2021,2021Q1,2021-03-04,56.16,10.112
1900000,145,6,1961,villa,Sabro,8471,13.3,2021,2021Q1,2021-03-04,56.212,10.02
3250000,149,6,1973,villa,Sabro,8471,12.3,2021,2021Q1,2021-03-04,56.209,10.035
7200000,191,6,1964,villa,Risskov,8240,3.6,2021,2021Q1,2021-03-04,56.188,10.226
8800000,161,7,1960,villa,Risskov,8240,4.4,2021,2021Q1,2021-03-04,56.192,10.243
3900000,183,6,2016,villa,Trige,8380,12.1,2021,2021Q1,2021-03-05,56.258,10.138
1960000,97,4,1962,villa,Tilst,8381,8.0,2021,2021Q1,2021-03-05,56.19,10.096
4075000,189,7,1977,villa,Tranbjerg J,8310,8.7,2021,2021Q1,2021-03-05,56.086,10.151
3198000,128,4,2014,townhouse,Tranbjerg J,8310,9.8,2021,2021Q1,2021-03-06,56.082,10.126
2895000,159,5,1959,villa,Risskov,8240,4.8,2021,2021Q1,2021-03-07,56.198,10.236
2798000,114,4,2005,townhouse,Brabrand,8220,7.3,2021,2021Q1,2021-03-07,56.162,10.094
3475000,145,4,2016,townhouse,Mårslet,8320,8.9,2021,2021Q1,2021-03-07,56.084,10.149
2450000,122,5,1969,villa,Tilst,8381,8.3,2021,2021Q1,2021-03-07,56.193,10.092
3325000,150,5,1971,villa,Egå,8250,9.6,2021,2021Q1,2021-03-07,56.233,10.284
2750000,125,5,1971,villa,Tranbjerg J,8310,8.3,2021,2021Q1,2021-03-07,56.09,10.149
2125000,157,5,1877,villa,Harlev J,8462,12.4,2021,2021Q1,2021-03-07,56.169,10.012
5800000,196,5,2007,villa,Lystrup,8520,9.7,2021,2021Q1,2021-03-08,56.241,10.252
3175000,128,3,2012,townhouse,Malling,8340,14.4,2021,2021Q1,2021-03-08,56.028,10.188
4200000,150,5,2019,townhouse,Brabrand,8220,7.2,2021,2021Q1,2021-03-08,56.156,10.095
4800000,174,7,2002,villa,Egå,8250,10.6,2021,2021Q1,2021-03-08,56.236,10.305
2795000,142,5,1980,townhouse,Lystrup,8520,8.1,2021,2021Q1,2021-03-08,56.229,10.235
9350000,248,7,1946,villa,Højbjerg,8270,4.7,2021,2021Q1,2021-03-08,56.114,10.203
3395000,115,4,2015,townhouse,Hjortshøj,8530,11.5,2021,2021Q1,2021-03-09,56.253,10.276
5450000,176,6,1963,villa,Højbjerg,8270,4.2,2021,2021Q1,2021-03-09,56.124,10.179
9500000,300,10,1913,villa,Åbyhøj,8230,2.5,2021,2021Q1,2021-03-09,56.157,10.17
6895000,137,5,1954,villa,Risskov,8240,4.2,2021,2021Q1,2021-03-09,56.194,10.227
5800000,179,7,1952,villa,Aarhus N,8200,2.9,2021,2021Q1,2021-03-09,56.182,10.2
10700000,154,4,1987,villa,Risskov,8240,3.3,2021,2021Q1,2021-03-09,56.184,10.235
2400000,225,6,2022,villa,Brabrand,8220,4.4,2021,2021Q1,2021-03-09,56.154,10.139
4800000,155,5,1940,villa,Åbyhøj,8230,3.8,2021,2021Q1,2021-03-09,56.15,10.151
5475000,162,5,1966,villa,Egå,8250,9.1,2021,2021Q1,2021-03-10,56.223,10.297
5190000,155,6,2020,villa,Egå,8250,10.7,2021,2021Q1,2021-03-10,56.231,10.321
4404000,87,4,1937,villa,Højbjerg,8270,3.8,2021,2021Q1,2021-03-10,56.124,10.194
3259000,124,4,1979,villa,Lystrup,8520,10.0,2021,2021Q1,2021-03-10,56.245,10.24
4050000,132,5,1981,townhouse,Brabrand,8220,5.4,2021,2021Q1,2021-03-10,56.158,10.123
4580000,224,9,1960,villa,Malling,8340,14.6,2021,2021Q1,2021-03-10,56.025,10.214
2198000,146,5,1960,villa,Trige,8380,11.7,2021,2021Q1,2021-03-10,56.255,10.143
2909000,119,4,1985,villa,Hasselager,8361,9.5,2021,2021Q1,2021-03-10,56.109,10.084
6995000,180,5,1972,townhouse,Risskov,8240,3.2,2021,2021Q1,2021-03-10,56.183,10.23
5900000,121,4,1967,villa,Egå,8250,11.6,2021,2021Q1,2021-03-11,56.236,10.333
7050000,117,5,1937,villa,Aarhus C,8000,1.5,2021,2021Q1,2021-03-11,56.166,10.194
2600000,156,5,1975,villa,Solbjerg,8355,15.4,2021,2021Q1,2021-03-11,56.04,10.077
1300000,54,2,1897,villa,Solbjerg,8355,13.7,2021,2021Q1,2021-03-11,56.05,10.101
4605000,130,4,2016,townhouse,Højbjerg,8270,4.8,2021,2021Q1,2021-03-11,56.121,10.166
2045000,116,4,1904,villa,Hasselager,8361,8.9,2021,2021Q1,2021-03-11,56.105,10.101
6650000,187,7,1997,villa,Egå,8250,9.6,2021,2021Q1,2021-03-11,56.226,10.303
2730000,136,5,1980,townhouse,Lystrup,8520,8.1,2021,2021Q1,2021-03-11,56.229,10.235
2025000,80,3,1910,townhouse,Aarhus N,8200,5.3,2021,2021Q1,2021-03-11,56.199,10.173
6798000,124,4,1965,villa,Højbjerg,8270,4.6,2021,2021Q1,2021-03-11,56.116,10.201
3399000,132,5,1972,villa,Lystrup,8520,9.0,2021,2021Q1,2021-03-11,56.238,10.201
12000000,224,8,1954,villa,Højbjerg,8270,5.5,2021,2021Q1,2021-03-11,56.108,10.226
4400000,209,7,1960,villa,Tilst,8381,6.8,2021,2021Q1,2021-03-11,56.188,10.116
5450000,181,5,2007,villa,Tranbjerg J,8310,10.1,2021,2021Q1,2021-03-12,56.081,10.121
2625000,121,4,1970,villa,Skødstrup,8541,13.8,2021,2021Q1,2021-03-12,56.259,10.335
4599000,168,5,1959,villa,Lystrup,8520,8.4,2021,2021Q1,2021-03-12,56.231,10.232
4230000,171,6,1923,villa,Malling,8340,13.8,2021,2021Q1,2021-03-12,56.037,10.156
4260000,227,7,1979,villa,Aarhus V,8210,4.0,2021,2021Q1,2021-03-13,56.177,10.158
4250000,92,3,1898,townhouse,Aarhus C,8000,0.9,2021,2021Q1,2021-03-14,56.163,10.202
2810000,160,4,2008,villa,Harlev J,8462,14.4,2021,2021Q1,2021-03-14,56.148,9.98
4198000,142,5,2013,villa,Hasselager,8361,8.9,2021,2021Q1,2021-03-14,56.111,10.094
3220000,120,4,1965,villa,Lystrup,8520,8.9,2021,2021Q1,2021-03-14,56.236,10.227
2150000,160,5,2022,villa,Viby J,8260,6.7,2021,2021Q1,2021-03-14,56.123,10.122
8050000,185,5,1971,villa,Risskov,8240,6.2,2021,2021Q1,2021-03-14,56.201,10.272
3498000,108,4,1981,townhouse,Aarhus N,8200,2.8,2021,2021Q1,2021-03-14,56.177,10.183
4600000,212,7,1977,villa,Lystrup,8520,9.2,2021,2021Q1,2021-03-14,56.239,10.213
2240000,115,4,2006,townhouse,Trige,8380,11.6,2021,2021Q1,2021-03-14,56.254,10.141
3750000,196,7,1927,villa,Brabrand,8220,5.5,2021,2021Q1,2021-03-14,56.169,10.125
8400000,149,5,1952,townhouse,Aarhus C,8000,2.7,2021,2021Q1,2021-03-14,56.137,10.186
3499000,155,7,1977,villa,Tranbjerg J,8310,8.7,2021,2021Q1,2021-03-14,56.086,10.151
8129000,179,8,1896,villa,Aarhus C,8000,1.3,2021,2021Q1,2021-03-15,56.147,10.2
9850000,229,6,1910,villa,Viby J,8260,2.9,2021,2021Q1,2021-03-15,56.134,10.188
3695000,147,3,1968,villa,Egå,8250,9.7,2021,2021Q1,2021-03-15,56.234,10.283
6970000,146,6,1891,townhouse,Aarhus C,8000,1.4,2021,2021Q1,2021-03-15,56.148,10.194
2150000,207,5,2022,villa,Viby J,8260,6.7,2021,2021Q1,2021-03-15,56.123,10.121
3395000,129,5,2016,villa,Skødstrup,8541,12.4,2021,2021Q1,2021-03-15,56.256,10.304
5555555,165,5,1926,villa,Brabrand,8220,6.3,2021,2021Q1,2021-03-15,56.152,10.11
2685000,100,4,2003,townhouse,Lystrup,8520,8.6,2021,2021Q1,2021-03-15,56.234,10.219
4000000,114,4,1982,villa,Risskov,8240,5.9,2021,2021Q1,2021-03-15,56.206,10.247
1465000,90,3,1920,villa,Harlev J,8462,13.2,2021,2021Q1,2021-03-15,56.141,10.0
4020000,161,5,2011,villa,Tranbjerg J,8310,9.8,2021,2021Q1,2021-03-16,56.084,10.12
3300000,116,5,2018,townhouse,Egå,8250,7.1,2021,2021Q1,2021-03-16,56.213,10.265
5900000,190,6,1961,villa,Egå,8250,8.7,2021,2021Q1,2021-03-16,56.219,10.295
925000,55,3,1877,townhouse,Trige,8380,11.6,2021,2021Q1,2021-03-16,56.254,10.145
3195000,177,6,1987,villa,Sabro,8471,16.9,2021,2021Q1,2021-03-16,56.238,9.981
6935000,155,6,1912,villa,Viby J,8260,4.4,2021,2021Q1,2021-03-16,56.125,10.168
4748000,100,4,1914,townhouse,Åbyhøj,8230,2.6,2021,2021Q1,2021-03-16,56.154,10.17
1575000,112,4,1950,villa,Sabro,8471,16.5,2021,2021Q1,2021-03-16,56.223,9.971
4400000,183,5,1995,villa,Aarhus N,8200,2.7,2021,2021Q1,2021-03-16,56.175,10.182
6498000,161,7,1973,villa,Risskov,8240,5.2,2021,2021Q1,2021-03-16,56.199,10.248
2325000,96,3,1991,townhouse,Lystrup,8520,8.2,2021,2021Q1,2021-03-16,56.229,10.232
3435000,130,4,1977,villa,Mårslet,8320,10.9,2021,2021Q1,2021-03-16,56.062,10.165
5700000,179,4,1998,villa,Risskov,8240,6.2,2021,2021Q1,2021-03-17,56.21,10.242
2498000,97,4,2002,townhouse,Aarhus V,8210,4.6,2021,2021Q1,2021-03-17,56.17,10.141
4150000,167,4,2011,villa,Skødstrup,8541,13.6,2021,2021Q1,2021-03-17,56.264,10.316
7400000,222,5,2023,villa,Viby J,8260,3.1,2021,2021Q1,2021-03-17,56.134,10.184
3475000,148,5,2017,townhouse,Lystrup,8520,9.1,2021,2021Q1,2021-03-17,56.238,10.197
2499000,108,4,2017,townhouse,Hasselager,8361,9.0,2021,2021Q1,2021-03-17,56.105,10.099
5225000,135,5,1968,villa,Aarhus V,8210,3.5,2021,2021Q1,2021-03-17,56.163,10.155
3456000,177,5,1986,villa,Solbjerg,8355,14.9,2021,2021Q1,2021-03-17,56.04,10.094
750000,90,2,1937,villa,Skødstrup,8541,16.6,2021,2021Q1,2021-03-17,56.303,10.258
4995000,105,5,1952,townhouse,Risskov,8240,4.3,2021,2021Q1,2021-03-17,56.195,10.225
8330000,180,8,1961,villa,Højbjerg,8270,5.1,2021,2021Q1,2021-03-17,56.111,10.222
3950000,106,4,1959,villa,Aarhus V,8210,3.2,2021,2021Q1,2021-03-17,56.172,10.168
3800000,190,8,1978,villa,Hasselager,8361,9.8,2021,2021Q1,2021-03-18,56.107,10.08
9700000,154,4,2006,villa,Risskov,8240,3.9,2021,2021Q1,2021-03-18,56.188,10.239
2760000,101,4,1955,villa,Harlev J,8462,13.3,2021,2021Q1,2021-03-18,56.14,9.999
2350000,125,6,1961,villa,Lystrup,8520,8.5,2021,2021Q1,2021-03-18,56.232,10.236
2160000,83,4,1982,townhouse,Viby J,8260,5.9,2021,2021Q1,2021-03-18,56.125,10.134
3300000,104,4,1984,villa,Aarhus V,8210,5.7,2021,2021Q1,2021-03-18,56.176,10.125
4730000,155,4,2013,villa,Tranbjerg J,8310,9.9,2021,2021Q1,2021-03-18,56.084,10.119
2898000,115,4,1984,townhouse,Brabrand,8220,5.4,2021,2021Q1,2021-03-18,56.154,10.123
5850000,234,6,1870,villa,Viby J,8260,7.2,2021,2021Q1,2021-03-18,56.129,10.107
3068000,162,5,1977,villa,Sabro,8471,12.7,2021,2021Q1,2021-03-18,56.215,10.035
5900000,128,3,1996,townhouse,Aarhus C,8000,0.5,2021,2021Q1,2021-03-18,56.158,10.203
3900000,162,5,1989,villa,Lystrup,8520,9.6,2021,2021Q1,2021-03-18,56.242,10.237
5550000,126,3,1960,villa,Højbjerg,8270,4.7,2021,2021Q1,2021-03-18,56.116,10.189
3250000,146,6,1988,villa,Solbjerg,8355,14.8,2021,2021Q1,2021-03-18,56.042,10.089
7395000,160,5,1969,villa,Risskov,8240,5.5,2021,2021Q1,2021-03-18,56.201,10.251
2395000,135,3,1936,villa,Hasselager,8361,10.0,2021,2021Q1,2021-03-18,56.109,10.073
2599000,177,7,1956,villa,Skødstrup,8541,14.7,2021,2021Q1,2021-03-19,56.276,10.313
3165000,114,4,2013,townhouse,Egå,8250,7.0,2021,2021Q1,2021-03-19,56.212,10.266
5700000,162,4,2016,villa,Åbyhøj,8230,3.9,2021,2021Q1,2021-03-19,56.156,10.149
2850000,100,5,1986,townhouse,Egå,8250,7.6,2021,2021Q1,2021-03-19,56.217,10.268
3320000,156,6,1963,villa,Malling,8340,13.4,2021,2021Q1,2021-03-19,56.037,10.19
3260000,70,3,1998,villa,Egå,8250,11.4,2021,2021Q1,2021-03-19,56.235,10.331
2848000,69,2,1961,townhouse,Åbyhøj,8230,3.1,2021,2021Q1,2021-03-20,56.157,10.161
4265000,165,5,2022,townhouse,Mårslet,8320,10.0,2021,2021Q1,2021-03-20,56.074,10.15
830132,177,6,2022,villa,Hjortshøj,8530,15.0,2021,2021Q1,2021-03-21,56.291,10.212
3850000,116,3,2016,townhouse,Egå,8250,8.5,2021,2021Q1,2021-03-21,56.22,10.289
4200000,106,3,2013,villa,Viby J,8260,6.4,2021,2021Q1,2021-03-21,56.136,10.114
925000,176,6,2021,villa,Hjortshøj,8530,15.0,2021,2021Q1,2021-03-21,56.291,10.212
2875000,124,4,1969,villa,Skødstrup,8541,13.8,2021,2021Q1,2021-03-21,56.257,10.342
3862500,149,5,1963,villa,Lystrup,8520,9.0,2021,2021Q1,2021-03-21,56.237,10.227
3495000,175,3,1970,villa,Harlev J,8462,12.8,2021,2021Q1,2021-03-21,56.147,10.006
2998000,138,5,1955,villa,Brabrand,8220,4.6,2021,2021Q1,2021-03-21,56.154,10.137
3300000,165,6,1965,villa,Viby J,8260,5.4,2021,2021Q1,2021-03-21,56.12,10.154
1500000,75,3,1955,villa,Brabrand,8220,5.7,2021,2021Q1,2021-03-21,56.153,10.119
2325000,195,6,2022,villa,Mårslet,8320,9.9,2021,2021Q1,2021-03-21,56.073,10.155
3325000,160,5,2021,villa,Hjortshøj,8530,15.0,2021,2021Q1,2021-03-22,56.292,10.213
5600000,140,7,1958,villa,Højbjerg,8270,4.1,2021,2021Q1,2021-03-23,56.122,10.188
2360000,85,4,1973,townhouse,Tranbjerg J,8310,9.5,2021,2021Q1,2021-03-23,56.088,10.12
1550000,55,2,1972,townhouse,Tranbjerg J,8310,9.5,2021,2021Q1,2021-03-23,56.087,10.122
2950000,139,5,1988,townhouse,Hasselager,8361,8.7,2021,2021Q1,2021-03-23,56.108,10.101
5600000,155,5,1931,villa,Åbyhøj,8230,3.2,2021,2021Q1,2021-03-23,56.156,10.159
2610000,112,4,1977,townhouse,Højbjerg,8270,5.2,2021,2021Q1,2021-03-23,56.116,10.171
3721000,110,4,1965,villa,Lystrup,8520,8.9,2021,2021Q1,2021-03-23,56.236,10.226
2425000,146,5,1977,villa,Trige,8380,11.5,2021,2021Q1,2021-03-23,56.25,10.133
4200000,123,5,1947,townhouse,Aarhus V,8210,2.0,2021,2021Q1,2021-03-23,56.167,10.183
6025000,132,4,1918,villa,Viby J,8260,3.3,2021,2021Q1,2021-03-23,56.133,10.178
2100000,106,4,1955,villa,Harlev J,8462,13.2,2021,2021Q1,2021-03-23,56.142,10.0
2595000,127,5,1980,townhouse,Hasselager,8361,8.7,2021,2021Q1,2021-03-23,56.11,10.099
4098000,150,5,2019,townhouse,Brabrand,8220,7.3,2021,2021Q1,2021-03-23,56.156,10.093
6450000,190,5,2008,villa,Aarhus N,8200,5.2,2021,2021Q1,2021-03-24,56.199,10.174
5795000,106,5,1950,townhouse,Højbjerg,8270,4.0,2021,2021Q1,2021-03-24,56.122,10.193
3772500,150,4,2020,villa,Malling,8340,13.2,2021,2021Q1,2021-03-24,56.038,10.193
2630000,142,5,1970,villa,Harlev J,8462,12.9,2021,2021Q1,2021-03-24,56.147,10.003
4802123,108,5,1958,villa,Åbyhøj,8230,2.9,2021,2021Q1,2021-03-24,56.157,10.165
2675000,119,4,1970,townhouse,Tranbjerg J,8310,9.6,2021,2021Q1,2021-03-24,56.085,10.126
2850000,164,7,1969,villa,Harlev J,8462,13.5,2021,2021Q1,2021-03-24,56.137,9.996
5495000,107,6,1953,villa,Aarhus N,8200,2.8,2021,2021Q1,2021-03-25,56.181,10.204
4595000,130,4,2016,townhouse,Højbjerg,8270,4.8,2021,2021Q1,2021-03-25,56.121,10.165
1940000,80,4,1974,townhouse,Tilst,8381,7.0,2021,2021Q1,2021-03-25,56.174,10.102
3395000,132,5,2019,townhouse,Mårslet,8320,11.2,2021,2021Q1,2021-03-25,56.059,10.166
3195000,117,4,2017,townhouse,Egå,8250,6.9,2021,2021Q1,2021-03-25,56.211,10.265
2550000,105,4,1984,villa,Aarhus V,8210,5.8,2021,2021Q1,2021-03-25,56.177,10.125
780000,135,3,1917,villa,Hjortshøj,8530,14.3,2021,2021Q1,2021-03-25,56.285,10.218
2475000,102,4,1972,townhouse,Tranbjerg J,8310,8.2,2021,2021Q1,2021-03-25,56.09,10.153
3915000,149,5,1997,villa,Aarhus V,8210,5.9,2021,2021Q1,2021-03-25,56.176,10.122
2860000,128,5,2005,townhouse,Skødstrup,8541,15.5,2021,2021Q1,2021-03-25,56.281,10.326
2900000,148,5,1973,villa,Tilst,8381,6.7,2021,2021Q1,2021-03-25,56.178,10.109
6785000,107,2,1945,villa,Risskov,8240,3.7,2021,2021Q1,2021-03-25,56.188,10.232
2298000,95,2,1981,townhouse,Aarhus V,8210,4.9,2021,2021Q1,2021-03-25,56.174,10.137
3648000,155,5,1979,villa,Mårslet,8320,10.8,2021,2021Q1,2021-03-26,56.064,10.164
5400000,123,4,1922,villa,Viby J,8260,3.1,2021,2021Q1,2021-03-27,56.137,10.174
5300000,176,6,1961,villa,Risskov,8240,5.1,2021,2021Q1,2021-03-27,56.199,10.242
5798000,134,6,1930,villa,Aarhus V,8210,2.0,2021,2021Q1,2021-03-27,56.163,10.18
3700000,161,5,1986,villa,Mårslet,8320,10.1,2021,2021Q1,2021-03-27,56.069,10.171
3275000,120,5,1960,townhouse,Højbjerg,8270,5.5,2021,2021Q1,2021-03-27,56.116,10.161
3248000,115,3,1973,villa,Mårslet,8320,10.0,2021,2021Q1,2021-03-27,56.072,10.156
2798000,122,4,1972,villa,Tranbjerg J,8310,9.1,2021,2021Q1,2021-03-27,56.09,10.125
9150000,187,7,1999,villa,Risskov,8240,5.7,2021,2021Q1,2021-03-28,56.199,10.264
2915000,122,4,1969,villa,Hasselager,8361,8.7,2021,2021Q1,2021-03-28,56.11,10.098
2830000,133,4,1988,townhouse,Hasselager,8361,8.7,2021,2021Q1,2021-03-28,56.108,10.101
2100000,135,5,1926,villa,Sabro,8471,12.4,2021,2021Q1,2021-03-28,56.187,10.019
4198000,134,5,2017,townhouse,Egå,8250,7.0,2021,2021Q1,2021-03-28,56.213,10.264
3000000,120,5,1986,townhouse,Aarhus N,8200,3.8,2021,2021Q1,2021-03-28,56.19,10.195
4250000,207,8,1923,villa,Åbyhøj,8230,3.9,2021,2021Q1,2021-03-28,56.152,10.149
4395000,125,5,1980,townhouse,Risskov,8240,6.5,2021,2021Q1,2021-03-28,56.203,10.276
2978500,91,3,1991,townhouse,Viby J,8260,6.8,2021,2021Q1,2021-03-29,56.132,10.11
3525000,132,4,1969,townhouse,Risskov,8240,4.8,2021,2021Q1,2021-03-29,56.2,10.222
2905000,140,5,2013,townhouse,Hasselager,8361,8.7,2021,2021Q1,2021-03-29,56.113,10.095
5395000,118,5,1929,villa,Højbjerg,8270,4.9,2021,2021Q1,2021-03-29,56.122,10.162
4925000,155,5,1913,villa,Viby J,8260,5.0,2021,2021Q1,2021-03-29,56.124,10.156
4550000,214,9,1976,villa,Malling,8340,13.7,2021,2021Q1,2021-03-29,56.034,10.19
2150000,80,4,1974,townhouse,Tilst,8381,7.0,2021,2021Q1,2021-03-30,56.174,10.102
5615000,146,4,1892,villa,Viby J,8260,6.4,2021,2021Q1,2021-03-30,56.133,10.117
3650000,182,5,1988,villa,Harlev J,8462,13.1,2021,2021Q1,2021-03-30,56.149,9.999
2625000,111,4,1981,townhouse,Hasselager,8361,10.0,2021,2021Q1,2021-03-30,56.105,10.078
3448000,142,5,1972,villa,Tilst,8381,7.2,2021,2021Q1,2021-03-30,56.179,10.102
2775000,74,3,1953,villa,Højbjerg,8270,6.2,2021,2021Q1,2021-03-30,56.101,10.209
2795000,142,5,1968,villa,Tilst,8381,7.3,2021,2021Q1,2021-03-30,56.178,10.099
2765000,117,4,2011,townhouse,Mårslet,8320,11.2,2021,2021Q1,2021-03-30,56.06,10.158
2950000,97,4,1902,villa,Viby J,8260,4.4,2021,2021Q1,2021-03-30,56.126,10.167
4645000,164,3,2015,townhouse,Viby J,8260,7.4,2021,2021Q1,2021-03-30,56.13,10.102
2100000,91,4,1982,townhouse,Viby J,8260,6.0,2021,2021Q1,2021-03-30,56.125,10.133
1960000,151,5,1977,townhouse,Hasselager,8361,10.0,2021,2021Q1,2021-03-30,56.107,10.076
4250000,189,6,1970,villa,Skødstrup,8541,15.2,2021,2021Q1,2021-03-30,56.28,10.316
4307000,98,3,1960,townhouse,Højbjerg,8270,4.2,2021,2021Q1,2021-03-30,56.12,10.195
1798000,130,4,1938,villa,Hasselager,8361,10.0,2021,2021Q1,2021-03-30,56.109,10.073
2650000,115,4,1978,villa,Tilst,8381,6.2,2021,2021Q1,2021-03-30,56.176,10.117
8995000,150,6,1917,villa,Viby J,8260,3.1,2021,2021Q1,2021-03-31,56.133,10.183
2995000,139,5,1998,villa,Solbjerg,8355,14.5,2021,2021Q2,2021-04-01,56.043,10.095
2176000,85,3,1999,townhouse,Hjortshøj,8530,10.3,2021,2021Q2,2021-04-01,56.244,10.265
6000000,130,6,1877,townhouse,Aarhus C,8000,1.4,2021,2021Q2,2021-04-01,56.147,10.198
1550000,89,3,1904,villa,Sabro,8471,16.1,2021,2021Q2,2021-04-01,56.222,9.977
3598000,128,5,1986,townhouse,Risskov,8240,5.6,2021,2021Q2,2021-04-01,56.205,10.237
2950000,104,4,1982,townhouse,Beder,8330,11.3,2021,2021Q2,2021-04-01,56.055,10.212
2665000,132,4,1976,villa,Malling,8340,12.5,2021,2021Q2,2021-04-02,56.044,10.199
3675000,129,4,1983,townhouse,Brabrand,8220,7.9,2021,2021Q2,2021-04-03,56.153,10.083
18000000,268,7,1940,villa,Risskov,8240,3.7,2021,2021Q2,2021-04-03,56.186,10.239
2298000,113,4,1979,villa,Tilst,8381,6.2,2021,2021Q2,2021-04-03,56.175,10.116
2600000,161,6,2006,villa,Sabro,8471,14.9,2021,2021Q2,2021-04-03,56.232,10.011
3500000,178,7,1988,villa,Hjortshøj,8530,11.0,2021,2021Q2,2021-04-04,56.251,10.263
2400000,70,3,1954,villa,Aarhus N,8200,2.8,2021,2021Q2,2021-04-05,56.179,10.189
2780000,134,5,1967,villa,Tilst,8381,8.3,2021,2021Q2,2021-04-05,56.191,10.092
2800000,90,2,2010,villa,Egå,8250,11.5,2021,2021Q2,2021-04-05,56.235,10.332
2724000,101,4,1987,townhouse,Lystrup,8520,9.7,2021,2021Q2,2021-04-05,56.243,10.239
1508000,185,5,2022,villa,Malling,8340,14.5,2021,2021Q2,2021-04-06,56.027,10.187
3000000,155,6,1969,villa,Skødstrup,8541,13.0,2021,2021Q2,2021-04-06,56.263,10.299
3220000,133,4,1968,villa,Tilst,8381,7.1,2021,2021Q2,2021-04-06,56.178,10.103
1501000,171,5,2022,villa,Malling,8340,14.5,2021,2021Q2,2021-04-06,56.027,10.185
4783900,182,6,2016,villa,Mårslet,8320,9.0,2021,2021Q2,2021-04-06,56.084,10.147
7195000,178,6,1945,villa,Risskov,8240,4.1,2021,2021Q2,2021-04-06,56.192,10.228
3450000,80,4,1946,villa,Aarhus N,8200,2.6,2021,2021Q2,2021-04-06,56.179,10.198
3498000,134,5,1980,villa,Viby J,8260,5.7,2021,2021Q2,2021-04-06,56.131,10.13
4750000,133,6,1959,villa,Højbjerg,8270,4.4,2021,2021Q2,2021-04-06,56.117,10.2
3450000,118,4,2017,townhouse,Lystrup,8520,8.2,2021,2021Q2,2021-04-07,56.23,10.227
2749000,134,5,2002,townhouse,Tilst,8381,8.1,2021,2021Q2,2021-04-07,56.193,10.097
3525000,138,5,1977,villa,Aarhus V,8210,4.5,2021,2021Q2,2021-04-07,56.179,10.151
3270000,152,3,1970,villa,Skødstrup,8541,15.1,2021,2021Q2,2021-04-07,56.28,10.313
7775000,178,5,2020,townhouse,Aarhus C,8000,1.0,2021,2021Q2,2021-04-07,56.159,10.195
5998000,129,4,1938,villa,Åbyhøj,8230,3.5,2021,2021Q2,2021-04-07,56.153,10.154
2160000,96,4,1982,townhouse,Viby J,8260,6.0,2021,2021Q2,2021-04-07,56.125,10.133
4015000,120,2,1964,villa,Egå,8250,10.9,2021,2021Q2,2021-04-07,56.232,10.325
3995000,125,5,2000,villa,Lystrup,8520,9.6,2021,2021Q2,2021-04-07,56.241,10.248
2523000,72,3,1992,townhouse,Viby J,8260,5.7,2021,2021Q2,2021-04-07,56.134,10.129
3650000,126,4,1969,townhouse,Risskov,8240,5.1,2021,2021Q2,2021-04-08,56.202,10.221
9350000,454,14,1877,villa,Brabrand,8220,6.4,2021,2021Q2,2021-04-08,56.155,10.107
4235000,79,3,1897,townhouse,Aarhus C,8000,1.1,2021,2021Q2,2021-04-08,56.148,10.203
4249000,169,6,1970,villa,Egå,8250,6.8,2021,2021Q2,2021-04-08,56.21,10.267
2498075,104,4,1958,villa,Lystrup,8520,8.0,2021,2021Q2,2021-04-08,56.228,10.234
2835000,121,5,1987,townhouse,Mårslet,8320,10.9,2021,2021Q2,2021-04-08,56.062,10.167
3300000,117,4,2016,townhouse,Egå,8250,7.0,2021,2021Q2,2021-04-08,56.212,10.264
4195000,142,5,2013,townhouse,Lystrup,8520,10.1,2021,2021Q2,2021-04-08,56.247,10.231
2895000,112,3,2015,townhouse,Hjortshøj,8530,10.1,2021,2021Q2,2021-04-08,56.241,10.27
5209000,129,6,1925,villa,Åbyhøj,8230,3.6,2021,2021Q2,2021-04-08,56.155,10.153
3385000,194,4,1970,villa,Sabro,8471,13.0,2021,2021Q2,2021-04-08,56.215,10.03
2576000,108,4,1999,villa,Trige,8380,11.5,2021,2021Q2,2021-04-08,56.255,10.151
6777000,150,5,1926,villa,Åbyhøj,8230,2.6,2021,2021Q2,2021-04-08,56.158,10.168
2560000,101,4,1966,villa,Tilst,8381,8.3,2021,2021Q2,2021-04-08,56.19,10.092
4300000,225,9,1917,villa,Hjortshøj,8530,15.4,2021,2021Q2,2021-04-08,56.295,10.19
2800000,193,7,1967,villa,Malling,8340,15.0,2021,2021Q2,2021-04-08,56.031,10.123
6100000,188,8,1994,villa,Højbjerg,8270,5.5,2021,2021Q2,2021-04-08,56.11,10.184
2532425,108,4,1973,villa,Tilst,8381,6.7,2021,2021Q2,2021-04-08,56.176,10.108
4699000,182,5,2003,villa,Skødstrup,8541,15.1,2021,2021Q2,2021-04-09,56.277,10.322
3750000,94,4,1958,villa,Viby J,8260,3.6,2021,2021Q2,2021-04-09,56.132,10.173
2950000,96,4,1985,townhouse,Risskov,8240,4.7,2021,2021Q2,2021-04-09,56.198,10.197
9400000,180,5,1925,villa,Højbjerg,8270,3.4,2021,2021Q2,2021-04-09,56.129,10.19
2050000,83,3,1956,villa,Åbyhøj,8230,3.8,2021,2021Q2,2021-04-09,56.148,10.152
675000,156,4,2022,villa,Sabro,8471,10.5,2021,2021Q2,2021-04-10,56.217,10.082
2200000,112,4,1965,villa,Harlev J,8462,13.0,2021,2021Q2,2021-04-10,56.15,10.001
1600000,150,5,2022,villa,Malling,8340,14.7,2021,2021Q2,2021-04-11,56.025,10.185
2625000,107,3,1881,townhouse,Aarhus C,8000,0.6,2021,2021Q2,2021-04-11,56.16,10.203
4587500,155,5,2017,villa,Hasselager,8361,8.8,2021,2021Q2,2021-04-11,56.116,10.089
4700000,103,4,1900,townhouse,Åbyhøj,8230,2.6,2021,2021Q2,2021-04-11,56.155,10.168
4875000,134,5,1934,villa,Risskov,8240,4.1,2021,2021Q2,2021-04-11,56.193,10.226
3100000,166,6,1968,villa,Hjortshøj,8530,11.4,2021,2021Q2,2021-04-11,56.254,10.268
9380000,225,9,1986,villa,Risskov,8240,5.7,2021,2021Q2,2021-04-11,56.2,10.259
2850000,114,4,1977,villa,Lystrup,8520,9.8,2021,2021Q2,2021-04-11,56.244,10.23
9500000,205,7,1928,villa,Viby J,8260,3.0,2021,2021Q2,2021-04-11,56.134,10.186
2035000,91,4,2004,townhouse,Trige,8380,11.8,2021,2021Q2,2021-04-11,56.255,10.138
949000,183,6,2022,villa,Hjortshøj,8530,15.0,2021,2021Q2,2021-04-12,56.291,10.214
4153000,132,4,2006,townhouse,Brabrand,8220,7.5,2021,2021Q2,2021-04-12,56.158,10.09
2145000,97,3,2006,townhouse,Skødstrup,8541,15.6,2021,2021Q2,2021-04-12,56.281,10.326
6808000,139,5,2020,townhouse,Risskov,8240,3.7,2021,2021Q2,2021-04-12,56.187,10.235
2680000,166,7,1969,villa,Harlev J,8462,13.0,2021,2021Q2,2021-04-12,56.143,10.003
3495000,95,4,1948,townhouse,Risskov,8240,5.8,2021,2021Q2,2021-04-12,56.207,10.237
3660000,102,4,1999,townhouse,Højbjerg,8270,4.9,2021,2021Q2,2021-04-12,56.115,10.188
4100000,166,6,1961,townhouse,Aarhus N,8200,2.4,2021,2021Q2,2021-04-12,56.178,10.218
2981000,102,5,2017,townhouse,Mårslet,8320,9.6,2021,2021Q2,2021-04-13,56.075,10.161
4550000,121,5,1939,villa,Aarhus V,8210,2.1,2021,2021Q2,2021-04-13,56.165,10.18
9150000,210,8,1933,villa,Risskov,8240,3.5,2021,2021Q2,2021-04-13,56.187,10.225
1568000,203,5,2023,villa,Malling,8340,14.5,2021,2021Q2,2021-04-13,56.027,10.186
3199000,140,5,2015,townhouse,Skødstrup,8541,13.3,2021,2021Q2,2021-04-13,56.266,10.298
4050000,163,6,1921,townhouse,Åbyhøj,8230,3.2,2021,2021Q2,2021-04-13,56.145,10.164
4450000,205,6,1978,villa,Aarhus V,8210,4.4,2021,2021Q2,2021-04-13,56.18,10.153
3195000,134,3,1978,villa,Hasselager,8361,10.2,2021,2021Q2,2021-04-13,56.104,10.077
3100000,110,4,1972,villa,Mårslet,8320,10.0,2021,2021Q2,2021-04-13,56.072,10.158
3710000,166,5,1964,villa,Beder,8330,10.6,2021,2021Q2,2021-04-13,56.062,10.204
7450000,244,9,1895,villa,Risskov,8240,4.6,2021,2021Q2,2021-04-13,56.195,10.24
6498000,123,5,1954,villa,Risskov,8240,4.3,2021,2021Q2,2021-04-13,56.194,10.229
2828000,115,4,1978,villa,Tilst,8381,6.2,2021,2021Q2,2021-04-13,56.176,10.117
2300000,167,6,2022,villa,Mårslet,8320,10.0,2021,2021Q2,2021-04-14,56.074,10.149
3250000,123,4,1973,townhouse,Malling,8340,12.8,2021,2021Q2,2021-04-14,56.042,10.201
5150000,164,5,2009,villa,Brabrand,8220,7.5,2021,2021Q2,2021-04-14,56.162,10.09
3700889,211,6,2022,villa,Højbjerg,8270,4.3,2021,2021Q2,2021-04-14,56.121,10.183
3650000,108,4,1984,villa,Åbyhøj,8230,4.0,2021,2021Q2,2021-04-14,56.16,10.147
3100000,114,5,1973,villa,Tranbjerg J,8310,9.3,2021,2021Q2,2021-04-14,56.089,10.125
2525000,140,6,1800,villa,Sabro,8471,17.3,2021,2021Q2,2021-04-14,56.224,9.958
3850000,153,5,1986,villa,Højbjerg,8270,6.1,2021,2021Q2,2021-04-14,56.106,10.174
3555500,173,6,1972,villa,Skødstrup,8541,12.7,2021,2021Q2,2021-04-14,56.261,10.295
2610777,74,3,1957,villa,Trige,8380,11.4,2021,2021Q2,2021-04-14,56.254,10.157
1500000,72,3,1970,townhouse,Tranbjerg J,8310,8.1,2021,2021Q2,2021-04-14,56.093,10.145
3295000,138,5,1979,villa,Tranbjerg J,8310,7.8,2021,2021Q2,2021-04-14,56.099,10.138
3000000,82,2,1989,townhouse,Skødstrup,8541,14.4,2021,2021Q2,2021-04-14,56.273,10.312
5445000,181,5,1966,villa,Risskov,8240,5.2,2021,2021Q2,2021-04-14,56.203,10.222
4195000,150,5,2011,villa,Tranbjerg J,8310,9.9,2021,2021Q2,2021-04-15,56.084,10.119
3800000,100,5,2011,townhouse,Risskov,8240,5.7,2021,2021Q2,2021-04-15,56.205,10.241
1990000,175,6,2006,villa,Hjortshøj,8530,14.4,2021,2021Q2,2021-04-15,56.286,10.217
5495000,148,5,1947,villa,Risskov,8240,5.0,2021,2021Q2,2021-04-15,56.199,10.24
2850000,84,3,1983,townhouse,Brabrand,8220,7.9,2021,2021Q2,2021-04-15,56.153,10.083
2633000,111,4,1976,villa,Trige,8380,11.3,2021,2021Q2,2021-04-15,56.249,10.133
2520000,104,3,1984,townhouse,Aarhus V,8210,5.7,2021,2021Q2,2021-04-15,56.178,10.127
4150000,180,6,2018,villa,Trige,8380,11.9,2021,2021Q2,2021-04-15,56.257,10.145
3350000,117,4,2016,townhouse,Mårslet,8320,9.0,2021,2021Q2,2021-04-15,56.083,10.149
7500000,280,6,2023,villa,Risskov,8240,3.6,2021,2021Q2,2021-04-15,56.188,10.225
5495000,119,3,1997,villa,Egå,8250,12.2,2021,2021Q2,2021-04-15,56.241,10.336
3099000,117,4,1984,villa,Lystrup,8520,10.5,2021,2021Q2,2021-04-15,56.249,10.239
6200000,210,6,1957,villa,Viby J,8260,3.7,2021,2021Q2,2021-04-15,56.134,10.167
1798000,155,6,1905,villa,Sabro,8471,16.8,2021,2021Q2,2021-04-15,56.224,9.968
3212500,224,7,1777,villa,Viby J,8260,10.1,2021,2021Q2,2021-04-16,56.125,10.059
6755000,181,5,2018,villa,Højbjerg,8270,4.8,2021,2021Q2,2021-04-16,56.12,10.171
4600000,160,5,2006,villa,Skødstrup,8541,14.3,2021,2021Q2,2021-04-17,56.273,10.31
5300000,198,5,2015,villa,Mårslet,8320,9.3,2021,2021Q2,2021-04-17,56.081,10.147
3500000,188,6,1911,villa,Hasselager,8361,10.1,2021,2021Q2,2021-04-17,56.087,10.106
2825000,92,4,1987,townhouse,Aarhus N,8200,3.9,2021,2021Q2,2021-04-18,56.19,10.194
1800000,104,4,1980,townhouse,Hasselager,8361,8.8,2021,2021Q2,2021-04-18,56.105,10.103
3321000,140,5,2015,townhouse,Skødstrup,8541,13.3,2021,2021Q2,2021-04-18,56.266,10.297
3500000,130,4,2019,townhouse,Aarhus N,8200,5.4,2021,2021Q2,2021-04-18,56.2,10.172
2565000,138,5,1930,villa,Skødstrup,8541,15.2,2021,2021Q2,2021-04-18,56.28,10.32
2130000,210,7,1978,villa,Hasselager,8361,10.1,2021,2021Q2,2021-04-18,56.104,10.078
2500000,149,4,2022,villa,Egå,8250,12.1,2021,2021Q2,2021-04-18,56.243,10.33
4875000,158,7,1984,villa,Risskov,8240,6.1,2021,2021Q2,2021-04-18,56.208,10.245
5025000,124,4,1928,villa,Aarhus C,8000,1.5,2021,2021Q2,2021-04-18,56.161,10.188
3285000,116,4,1985,townhouse,Højbjerg,8270,6.0,2021,2021Q2,2021-04-18,56.106,10.178
3895000,128,4,1995,villa,Tranbjerg J,8310,8.4,2021,2021Q2,2021-04-19,56.089,10.152
2388000,125,5,1925,villa,Hasselager,8361,7.7,2021,2021Q2,2021-04-19,56.11,10.12
3570000,125,4,2016,townhouse,Viby J,8260,7.2,2021,2021Q2,2021-04-19,56.128,10.107
6150000,176,6,1970,villa,Viby J,8260,3.1,2021,2021Q2,2021-04-19,56.134,10.182
949000,176,6,2022,villa,Hjortshøj,8530,15.0,2021,2021Q2,2021-04-19,56.292,10.214
2200000,174,5,2022,villa,Mårslet,8320,10.0,2021,2021Q2,2021-04-19,56.073,10.15
2000000,116,3,1960,villa,Tranbjerg J,8310,10.9,2021,2021Q2,2021-04-19,56.077,10.108
1998000,102,4,2005,townhouse,Trige,8380,11.4,2021,2021Q2,2021-04-19,56.251,10.139
3150000,130,4,1973,villa,Aarhus V,8210,3.3,2021,2021Q2,2021-04-19,56.172,10.166
4405000,180,5,2019,villa,Solbjerg,8355,15.2,2021,2021Q2,2021-04-19,56.036,10.096
6400000,214,8,1952,villa,Brabrand,8220,5.8,2021,2021Q2,2021-04-19,56.156,10.117
3950000,228,4,1925,villa,Sabro,8471,11.7,2021,2021Q2,2021-04-19,56.181,10.026
8125000,160,6,1934,villa,Risskov,8240,3.8,2021,2021Q2,2021-04-19,56.19,10.221
2400000,181,4,1900,villa,Harlev J,8462,14.6,2021,2021Q2,2021-04-19,56.146,9.976
2745000,231,8,1900,villa,Sabro,8471,10.1,2021,2021Q2,2021-04-20,56.202,10.069
2695000,100,4,2011,townhouse,Egå,8250,7.0,2021,2021Q2,2021-04-20,56.212,10.266
4200000,160,5,2023,villa,Harlev J,8462,13.8,2021,2021Q2,2021-04-20,56.135,9.991
2595000,115,3,1906,villa,Tranbjerg J,8310,8.1,2021,2021Q2,2021-04-20,56.092,10.152
2875000,130,6,1968,villa,Lystrup,8520,8.8,2021,2021Q2,2021-04-20,56.235,10.239
3891000,190,6,2023,villa,Viby J,8260,7.3,2021,2021Q2,2021-04-20,56.132,10.102
3295000,137,3,1965,villa,Solbjerg,8355,15.4,2021,2021Q2,2021-04-20,56.036,10.089
2625000,110,4,1964,villa,Beder,8330,10.6,2021,2021Q2,2021-04-20,56.061,10.21
2795000,134,4,2015,townhouse,Harlev J,8462,13.8,2021,2021Q2,2021-04-20,56.141,9.99
3100000,130,4,1984,villa,Tranbjerg J,8310,8.4,2021,2021Q2,2021-04-20,56.096,10.13
2100000,92,4,1976,townhouse,Tilst,8381,7.3,2021,2021Q2,2021-04-20,56.174,10.097
3780000,161,5,1962,villa,Lystrup,8520,8.6,2021,2021Q2,2021-04-20,56.234,10.225
5300000,103,4,1902,townhouse,Åbyhøj,8230,2.7,2021,2021Q2,2021-04-20,56.156,10.168
3750000,87,3,1952,townhouse,Aarhus V,8210,2.1,2021,2021Q2,2021-04-20,56.164,10.18
3350000,174,8,1976,villa,Lystrup,8520,9.2,2021,2021Q2,2021-04-20,56.237,10.247
2995000,134,4,1936,villa,Hjortshøj,8530,13.8,2021,2021Q2,2021-04-20,56.28,10.216
6550000,186,6,1962,villa,Risskov,8240,4.7,2021,2021Q2,2021-04-20,56.194,10.246
3086500,138,6,1978,townhouse,Lystrup,8520,9.2,2021,2021Q2,2021-04-20,56.239,10.229
6150000,137,7,1961,villa,Højbjerg,8270,5.3,2021,2021Q2,2021-04-20,56.109,10.217
2300000,196,4,2022,villa,Mårslet,8320,9.9,2021,2021Q2,2021-04-21,56.075,10.149
7950000,176,6,1994,villa,Risskov,8240,4.4,2021,2021Q2,2021-04-21,56.192,10.243
2150000,88,3,1979,townhouse,Tilst,8381,7.4,2021,2021Q2,2021-04-21,56.194,10.111
4200000,155,5,2023,villa,Harlev J,8462,13.8,2021,2021Q2,2021-04-21,56.134,9.992
1052000,170,4,2022,villa,Hjortshøj,8530,15.1,2021,2021Q2,2021-04-21,56.292,10.213
3020000,133,4,2013,townhouse,Sabro,8471,11.7,2021,2021Q2,2021-04-21,56.208,10.047
2480000,113,4,1978,villa,Hasselager,8361,9.9,2021,2021Q2,2021-04-21,56.108,10.078
1600000,100,4,1825,villa,Harlev J,8462,12.3,2021,2021Q2,2021-04-21,56.156,10.012
9400000,158,3,2023,villa,Risskov,8240,5.0,2021,2021Q2,2021-04-21,56.194,10.256
4998000,208,6,1978,villa,Viby J,8260,6.3,2021,2021Q2,2021-04-22,56.12,10.133
3155000,208,9,1975,villa,Tilst,8381,6.7,2021,2021Q2,2021-04-22,56.179,10.111
2099000,95,3,1973,townhouse,Tranbjerg J,8310,9.6,2021,2021Q2,2021-04-22,56.087,10.119
4245000,159,5,2020,villa,Malling,8340,14.6,2021,2021Q2,2021-04-22,56.026,10.185
3845000,186,7,1971,villa,Skødstrup,8541,13.5,2021,2021Q2,2021-04-22,56.266,10.305
4075000,199,8,1927,villa,Malling,8340,13.3,2021,2021Q2,2021-04-22,56.038,10.196
3200000,186,7,1964,villa,Malling,8340,12.8,2021,2021Q2,2021-04-22,56.041,10.198
7850000,124,4,1963,villa,Højbjerg,8270,3.9,2021,2021Q2,2021-04-22,56.125,10.184
2675000,94,4,1987,townhouse,Lystrup,8520,9.7,2021,2021Q2,2021-04-22,56.242,10.239
3415000,155,6,1996,villa,Viby J,8260,9.8,2021,2021Q2,2021-04-23,56.124,10.065
7600000,143,4,1932,townhouse,Aarhus N,8200,7.4,2021,2021Q2,2021-04-23,56.207,10.133
4532170,165,5,2022,townhouse,Mårslet,8320,9.9,2021,2021Q2,2021-04-24,56.074,10.149
4050000,145,5,1923,villa,Viby J,8260,4.7,2021,2021Q2,2021-04-24,56.123,10.163
2848000,89,4,1983,townhouse,Tilst,8381,6.6,2021,2021Q2,2021-04-24,56.189,10.122
5259000,124,5,1957,villa,Risskov,8240,4.6,2021,2021Q2,2021-04-25,56.198,10.223
6200000,187,6,1981,villa,Egå,8250,8.0,2021,2021Q2,2021-04-25,56.215,10.287
6410000,200,7,1966,villa,Egå,8250,9.0,2021,2021Q2,2021-04-25,56.222,10.296
2975000,110,4,1980,villa,Lystrup,8520,10.1,2021,2021Q2,2021-04-25,56.247,10.235
2200000,172,5,2022,villa,Mårslet,8320,10.0,2021,2021Q2,2021-04-25,56.074,10.15
3950000,130,4,2019,townhouse,Aarhus N,8200,5.3,2021,2021Q2,2021-04-25,56.2,10.172
3450000,142,4,2015,townhouse,Skødstrup,8541,13.3,2021,2021Q2,2021-04-25,56.265,10.301
2440000,123,4,1977,townhouse,Tranbjerg J,8310,8.2,2021,2021Q2,2021-04-25,56.098,10.131
4125000,242,7,1969,villa,Tilst,8381,8.3,2021,2021Q2,2021-04-25,56.19,10.091
9900000,170,6,1967,villa,Egå,8250,7.9,2021,2021Q2,2021-04-25,56.213,10.288
2200000,142,4,1973,villa,Tilst,8381,6.8,2021,2021Q2,2021-04-25,56.181,10.111
1675000,78,2,1984,townhouse,Solbjerg,8355,15.2,2021,2021Q2,2021-04-25,56.04,10.083
3298000,121,4,2017,townhouse,Hasselager,8361,9.0,2021,2021Q2,2021-04-26,56.114,10.086
2500000,127,6,1870,villa,Aarhus N,8200,7.7,2021,2021Q2,2021-04-26,56.221,10.167
7995000,221,7,1997,villa,Risskov,8240,4.8,2021,2021Q2,2021-04-26,56.194,10.249
1573000,53,1,2017,townhouse,Risskov,8240,4.4,2021,2021Q2,2021-04-26,56.196,10.216
5055000,159,7,1952,villa,Aarhus N,8200,2.9,2021,2021Q2,2021-04-26,56.182,10.207
3900000,187,6,1975,villa,Skødstrup,8541,13.6,2021,2021Q2,2021-04-26,56.268,10.303
3198000,108,4,1962,villa,Viby J,8260,5.3,2021,2021Q2,2021-04-26,56.121,10.153
5280000,166,5,1967,villa,Åbyhøj,8230,3.1,2021,2021Q2,2021-04-26,56.159,10.16
4700000,127,4,1963,villa,Højbjerg,8270,4.8,2021,2021Q2,2021-04-26,56.115,10.19
5275000,116,5,1954,villa,Aarhus N,8200,2.9,2021,2021Q2,2021-04-26,56.182,10.203
500000,156,8,1886,villa,Trige,8380,16.3,2021,2021Q2,2021-04-27,56.299,10.145
5826000,169,6,2003,villa,Højbjerg,8270,6.4,2021,2021Q2,2021-04-27,56.102,10.176
2765000,145,5,1980,villa,Tilst,8381,7.0,2021,2021Q2,2021-04-27,56.191,10.115
3099000,122,4,2019,townhouse,Egå,8250,6.0,2021,2021Q2,2021-04-27,56.204,10.258
10050000,162,2,2010,villa,Egå,8250,11.0,2021,2021Q2,2021-04-27,56.232,10.328
4695000,228,6,2019,villa,Solbjerg,8355,14.9,2021,2021Q2,2021-04-27,56.039,10.097
3400000,127,4,2020,townhouse,Hasselager,8361,9.1,2021,2021Q2,2021-04-27,56.113,10.087
2300000,202,7,2022,villa,Mårslet,8320,11.4,2021,2021Q2,2021-04-27,56.058,10.163
3450000,146,5,1972,villa,Tranbjerg J,8310,8.9,2021,2021Q2,2021-04-27,56.089,10.134
5500000,141,4,1963,villa,Højbjerg,8270,4.8,2021,2021Q2,2021-04-27,56.116,10.184
6450000,171,5,1939,villa,Åbyhøj,8230,3.7,2021,2021Q2,2021-04-27,56.157,10.15
3355000,126,4,1984,villa,Aarhus V,8210,6.0,2021,2021Q2,2021-04-27,56.177,10.121
4148000,154,5,1961,villa,Egå,8250,6.2,2021,2021Q2,2021-04-27,56.205,10.259
3023000,135,5,1972,villa,Hjortshøj,8530,10.8,2021,2021Q2,2021-04-27,56.25,10.262
4375000,174,7,1983,villa,Risskov,8240,6.1,2021,2021Q2,2021-04-27,56.208,10.246
5748000,103,4,1983,townhouse,Risskov,8240,5.4,2021,2021Q2,2021-04-27,56.198,10.259
3850000,125,4,2017,townhouse,Egå,8250,9.5,2021,2021Q2,2021-04-28,56.232,10.282
4850000,250,8,1975,villa,Aarhus N,8200,7.5,2021,2021Q2,2021-04-28,56.22,10.167
4000000,124,5,1883,villa,Aarhus V,8210,3.2,2021,2021Q2,2021-04-28,56.167,10.162
2750000,192,5,1927,villa,Brabrand,8220,10.4,2021,2021Q2,2021-04-28,56.169,10.045
2125500,72,3,1972,townhouse,Tranbjerg J,8310,9.4,2021,2021Q2,2021-04-28,56.088,10.123
1550000,174,3,2022,villa,Malling,8340,14.7,2021,2021Q2,2021-04-28,56.025,10.186
2380000,92,4,1976,villa,Tilst,8381,7.2,2021,2021Q2,2021-04-28,56.176,10.099
3995000,116,3,2016,townhouse,Egå,8250,8.5,2021,2021Q2,2021-04-28,56.219,10.288
720000,162,5,2022,villa,Sabro,8471,16.3,2021,2021Q2,2021-04-28,56.224,9.976
2750000,128,4,1975,villa,Tilst,8381,6.5,2021,2021Q2,2021-04-28,56.176,10.111
1375000,83,3,1930,villa,Skødstrup,8541,14.5,2021,2021Q2,2021-04-28,56.279,10.294
4998000,102,4,1933,villa,Viby J,8260,2.9,2021,2021Q2,2021-04-28,56.137,10.178
5775000,150,6,1953,villa,Risskov,8240,4.2,2021,2021Q2,2021-04-28,56.194,10.223
4495000,157,4,1965,villa,Risskov,8240,5.1,2021,2021Q2,2021-04-28,56.202,10.224
2499000,114,4,1974,villa,Tranbjerg J,8310,9.3,2021,2021Q2,2021-04-28,56.091,10.118
3750000,230,8,1974,villa,Lystrup,8520,9.6,2021,2021Q2,2021-04-28,56.243,10.221
4400000,181,6,1973,villa,Egå,8250,6.2,2021,2021Q2,2021-04-28,56.206,10.257
7995000,162,5,2015,villa,Risskov,8240,3.5,2021,2021Q2,2021-04-29,56.188,10.222
4500000,226,7,1909,villa,Aarhus N,8200,8.7,2021,2021Q2,2021-04-29,56.235,10.206
4150000,138,4,1960,villa,Viby J,8260,5.2,2021,2021Q2,2021-04-29,56.122,10.154
2757000,113,4,1978,villa,Hasselager,8361,9.9,2021,2021Q2,2021-04-29,56.108,10.077
2140000,85,4,1973,townhouse,Tranbjerg J,8310,9.3,2021,2021Q2,2021-04-30,56.089,10.124
7100000,181,5,1973,villa,Højbjerg,8270,6.1,2021,2021Q2,2021-05-01,56.102,10.215
3700000,147,6,1973,townhouse,Egå,8250,7.4,2021,2021Q2,2021-05-02,56.21,10.28
5850000,118,6,1948,townhouse,Højbjerg,8270,4.3,2021,2021Q2,2021-05-02,56.118,10.203
1899000,113,4,1922,villa,Tranbjerg J,8310,12.3,2021,2021Q2,2021-05-02,56.063,10.107
2750000,194,7,2023,villa,Solbjerg,8355,14.8,2021,2021Q2,2021-05-02,56.047,10.078
3565000,90,3,1982,townhouse,Aarhus N,8200,2.8,2021,2021Q2,2021-05-02,56.176,10.181
1272000,102,4,2005,townhouse,Trige,8380,11.4,2021,2021Q2,2021-05-02,56.251,10.139
7375000,110,4,1819,townhouse,Aarhus C,8000,0.5,2021,2021Q2,2021-05-02,56.157,10.203
4715000,158,5,1991,villa,Egå,8250,9.8,2021,2021Q2,2021-05-02,56.23,10.3
925000,145,5,2022,villa,Hjortshøj,8530,15.0,2021,2021Q2,2021-05-03,56.291,10.213
1995000,162,5,2022,villa,Mårslet,8320,9.9,2021,2021Q2,2021-05-03,56.074,10.149
4995000,179,5,2011,villa,Viby J,8260,7.2,2021,2021Q2,2021-05-03,56.126,10.109
15500000,247,5,1914,villa,Risskov,8240,4.0,2021,2021Q2,2021-05-04,56.19,10.236
5387000,178,6,1975,villa,Egå,8250,8.7,2021,2021Q2,2021-05-04,56.221,10.29
3155375,156,6,1969,villa,Skødstrup,8541,12.9,2021,2021Q2,2021-05-04,56.263,10.294
5200000,154,4,1960,villa,Risskov,8240,3.4,2021,2021Q2,2021-05-04,56.187,10.216
3050000,126,4,1995,villa,Sabro,8471,13.0,2021,2021Q2,2021-05-04,56.215,10.029
3599000,163,5,1971,villa,Lystrup,8520,8.9,2021,2021Q2,2021-05-04,56.236,10.219
3100000,94,3,1953,villa,Risskov,8240,4.7,2021,2021Q2,2021-05-04,56.198,10.225
6800000,175,4,2019,villa,Egå,8250,11.8,2021,2021Q2,2021-05-04,56.238,10.331
3998000,107,5,1954,villa,Aarhus V,8210,2.9,2021,2021Q2,2021-05-04,56.17,10.17
4498000,143,6,1969,townhouse,Risskov,8240,5.0,2021,2021Q2,2021-05-04,56.201,10.222
4800000,147,5,1977,villa,Højbjerg,8270,6.2,2021,2021Q2,2021-05-04,56.101,10.203
2950000,140,4,1972,villa,Lystrup,8520,9.2,2021,2021Q2,2021-05-04,56.239,10.202
3445000,71,2,1930,townhouse,Aarhus C,8000,0.7,2021,2021Q2,2021-05-05,56.163,10.207
3122000,140,4,1973,villa,Skødstrup,8541,13.4,2021,2021Q2,2021-05-05,56.265,10.306
1840000,80,3,1890,townhouse,Tilst,8381,7.2,2021,2021Q2,2021-05-05,56.192,10.113
4200000,150,5,2012,villa,Viby J,8260,6.8,2021,2021Q2,2021-05-05,56.121,10.121
4098000,151,5,2017,villa,Solbjerg,8355,14.5,2021,2021Q2,2021-05-05,56.041,10.103
3998000,198,5,1978,villa,Aarhus V,8210,4.4,2021,2021Q2,2021-05-05,56.178,10.151
3125000,165,7,1973,villa,Skødstrup,8541,15.2,2021,2021Q2,2021-05-05,56.281,10.315
2875000,140,4,1966,villa,Tilst,8381,7.0,2021,2021Q2,2021-05-05,56.19,10.115
4376376,178,5,1973,villa,Egå,8250,10.2,2021,2021Q2,2021-05-06,56.234,10.302
5650000,177,5,2019,villa,Lystrup,8520,8.9,2021,2021Q2,2021-05-06,56.235,10.239
4825000,125,5,1966,villa,Aarhus N,8200,2.8,2021,2021Q2,2021-05-06,56.178,10.188
5550000,133,5,1953,villa,Aarhus N,8200,2.8,2021,2021Q2,2021-05-06,56.182,10.2
3299000,152,5,2014,townhouse,Lystrup,8520,9.1,2021,2021Q2,2021-05-06,56.238,10.195
4550000,163,5,1956,villa,Risskov,8240,5.5,2021,2021Q2,2021-05-06,56.204,10.239
4100000,150,6,1999,villa,Lystrup,8520,8.4,2021,2021Q2,2021-05-06,56.232,10.222
6825000,155,4,1972,villa,Højbjerg,8270,4.9,2021,2021Q2,2021-05-06,56.113,10.2
4030000,134,4,1948,villa,Højbjerg,8270,5.3,2021,2021Q2,2021-05-06,56.118,10.16
3275000,124,4,1969,villa,Egå,8250,7.8,2021,2021Q2,2021-05-06,56.219,10.268
3948000,145,4,1963,townhouse,Egå,8250,6.9,2021,2021Q2,2021-05-07,56.208,10.276
2024500,187,6,1966,villa,Mårslet,8320,11.1,2021,2021Q2,2021-05-07,56.066,10.133
3085000,122,4,2019,townhouse,Egå,8250,6.0,2021,2021Q2,2021-05-07,56.204,10.258
2915000,133,4,2014,townhouse,Sabro,8471,11.7,2021,2021Q2,2021-05-07,56.208,10.047
3070000,144,4,1971,villa,Tranbjerg J,8310,9.4,2021,2021Q2,2021-05-07,56.087,10.127
2775000,214,5,1880,townhouse,Hjortshøj,8530,16.1,2021,2021Q2,2021-05-08,56.302,10.212
6298000,186,5,1961,villa,Risskov,8240,5.1,2021,2021Q2,2021-05-08,56.199,10.241
2560000,106,4,2008,townhouse,Tranbjerg J,8310,7.3,2021,2021Q2,2021-05-09,56.104,10.14
2750000,134,4,2017,townhouse,Harlev J,8462,13.8,2021,2021Q2,2021-05-09,56.141,9.991
2420000,92,4,1977,townhouse,Tranbjerg J,8310,8.4,2021,2021Q2,2021-05-09,56.091,10.145
2200000,100,3,2021,villa,Egå,8250,11.6,2021,2021Q2,2021-05-09,56.237,10.332
3962500,148,5,2022,villa,Egå,8250,11.6,2021,2021Q2,2021-05-09,56.235,10.334
2625000,145,5,1972,villa,Sabro,8471,16.8,2021,2021Q2,2021-05-09,56.225,9.968
7350000,143,6,1939,villa,Aarhus N,8200,2.6,2021,2021Q2,2021-05-09,56.18,10.217
8275000,149,7,1909,villa,Viby J,8260,3.0,2021,2021Q2,2021-05-09,56.133,10.188
2095000,90,4,2004,townhouse,Trige,8380,11.9,2021,2021Q2,2021-05-09,56.255,10.138
5195000,182,6,1988,villa,Egå,8250,10.5,2021,2021Q2,2021-05-10,56.233,10.31
4999000,182,6,2006,villa,Tranbjerg J,8310,9.8,2021,2021Q2,2021-05-10,56.086,10.115
4023000,131,5,2015,townhouse,Viby J,8260,7.0,2021,2021Q2,2021-05-10,56.131,10.107
2300000,93,4,1986,townhouse,Tranbjerg J,8310,8.4,2021,2021Q2,2021-05-10,56.095,10.133
6257913,133,4,1961,villa,Højbjerg,8270,5.8,2021,2021Q2,2021-05-10,56.105,10.204
4695000,130,5,1972,villa,Højbjerg,8270,5.0,2021,2021Q2,2021-05-10,56.114,10.185
4420000,164,5,1920,townhouse,Brabrand,8220,5.7,2021,2021Q2,2021-05-10,56.154,10.12
3795000,162,5,2012,villa,Solbjerg,8355,15.8,2021,2021Q2,2021-05-10,56.037,10.073
2460000,84,3,1885,townhouse,Viby J,8260,4.3,2021,2021Q2,2021-05-10,56.126,10.167
2995000,87,4,1988,townhouse,Risskov,8240,5.2,2021,2021Q2,2021-05-10,56.203,10.209
2350000,34,1,2019,villa,Aarhus C,8000,1.3,2021,2021Q2,2021-05-10,56.163,10.228
4075000,128,7,1954,villa,Åbyhøj,8230,3.8,2021,2021Q2,2021-05-10,56.148,10.152
4025000,137,5,1994,villa,Egå,8250,10.3,2021,2021Q2,2021-05-10,56.231,10.311
2361500,113,5,1971,townhouse,Tranbjerg J,8310,8.2,2021,2021Q2,2021-05-10,56.091,10.151
3110000,126,4,1967,villa,Lystrup,8520,9.0,2021,2021Q2,2021-05-10,56.236,10.244
3350000,121,4,2018,villa,Harlev J,8462,13.8,2021,2021Q2,2021-05-11,56.139,9.991
3960000,167,4,2000,villa,Skødstrup,8541,15.4,2021,2021Q2,2021-05-11,56.28,10.325
4150000,144,5,1972,villa,Viby J,8260,6.1,2021,2021Q2,2021-05-11,56.134,10.121
4350000,95,4,1964,villa,Højbjerg,8270,4.8,2021,2021Q2,2021-05-11,56.117,10.179
2900000,185,6,1965,villa,Tilst,8381,8.4,2021,2021Q2,2021-05-11,56.191,10.09
2093000,106,4,2005,townhouse,Trige,8380,11.4,2021,2021Q2,2021-05-11,56.251,10.139
2300000,100,4,1984,townhouse,Viby J,8260,6.1,2021,2021Q2,2021-05-11,56.125,10.129
3499000,150,5,1935,townhouse,Risskov,8240,5.9,2021,2021Q2,2021-05-11,56.208,10.236
6225000,249,10,1917,villa,Højbjerg,8270,4.5,2021,2021Q2,2021-05-11,56.117,10.201
2200000,137,5,1979,townhouse,Hasselager,8361,10.7,2021,2021Q2,2021-05-11,56.105,10.066
12500000,224,5,1972,villa,Højbjerg,8270,5.4,2021,2021Q2,2021-05-11,56.108,10.217
3360000,130,5,1986,townhouse,Hjortshøj,8530,10.9,2021,2021Q2,2021-05-12,56.247,10.277
3800000,125,4,1960,villa,Brabrand,8220,6.1,2021,2021Q2,2021-05-12,56.155,10.112
2813000,142,4,2008,townhouse,Hasselager,8361,10.8,2021,2021Q2,2021-05-12,56.105,10.063
2600000,145,5,1961,villa,Skødstrup,8541,15.1,2021,2021Q2,2021-05-12,56.279,10.318
3150000,137,5,2008,townhouse,Skødstrup,8541,13.0,2021,2021Q2,2021-05-13,56.261,10.305
3165000,198,7,1965,villa,Sabro,8471,12.4,2021,2021Q2,2021-05-13,56.214,10.038
4100000,97,3,2015,townhouse,Egå,8250,8.5,2021,2021Q2,2021-05-13,56.219,10.288
3195000,140,5,2014,townhouse,Skødstrup,8541,13.2,2021,2021Q2,2021-05-14,56.266,10.297
4965000,156,6,2009,villa,Lystrup,8520,8.8,2021,2021Q2,2021-05-14,56.235,10.195
3000000,183,7,1970,villa,Solbjerg,8355,15.6,2021,2021Q2,2021-05-14,56.04,10.07
3500000,116,4,1984,townhouse,Højbjerg,8270,6.1,2021,2021Q2,2021-05-14,56.106,10.176
5025000,165,7,1948,villa,Beder,8330,10.7,2021,2021Q2,2021-05-15,56.06,10.224
4500000,120,6,1954,villa,Højbjerg,8270,4.3,2021,2021Q2,2021-05-15,56.123,10.178
2300000,144,4,1970,villa,Aarhus V,8210,3.5,2021,2021Q2,2021-05-16,56.176,10.166
4998000,182,4,2015,villa,Mårslet,8320,9.3,2021,2021Q2,2021-05-16,56.081,10.147
4008000,115,4,1980,villa,Aarhus V,8210,4.2,2021,2021Q2,2021-05-16,56.178,10.154
4125000,141,4,1962,villa,Risskov,8240,5.5,2021,2021Q2,2021-05-16,56.203,10.245
1950000,87,2,1940,villa,Viby J,8260,4.4,2021,2021Q2,2021-05-16,56.126,10.167
8150000,156,5,1934,villa,Risskov,8240,4.6,2021,2021Q2,2021-05-16,56.193,10.247
2160000,145,4,1972,villa,Trige,8380,16.2,2021,2021Q2,2021-05-16,56.298,10.146
4000000,60,3,1897,townhouse,Aarhus C,8000,1.2,2021,2021Q2,2021-05-16,56.15,10.197
4996000,124,4,1961,villa,Beder,8330,9.3,2021,2021Q2,2021-05-17,56.073,10.223
5400000,117,3,1963,villa,Højbjerg,8270,4.7,2021,2021Q2,2021-05-17,56.117,10.182
2750000,87,4,1987,townhouse,Risskov,8240,5.3,2021,2021Q2,2021-05-17,56.205,10.211
4500000,168,6,1969,villa,Risskov,8240,5.4,2021,2021Q2,2021-05-17,56.206,10.215
3300000,128,5,1976,villa,Tranbjerg J,8310,8.8,2021,2021Q2,2021-05-17,56.085,10.151
4998000,150,4,1984,villa,Brabrand,8220,6.2,2021,2021Q2,2021-05-17,56.16,10.111
2450000,112,4,1981,townhouse,Hasselager,8361,10.1,2021,2021Q2,2021-05-17,56.104,10.078
3695000,104,4,1945,townhouse,Risskov,8240,4.6,2021,2021Q2,2021-05-17,56.198,10.217
6575000,209,6,1969,villa,Aarhus V,8210,3.2,2021,2021Q2,2021-05-18,56.162,10.16
3398000,139,6,1942,villa,Viby J,8260,3.6,2021,2021Q2,2021-05-18,56.134,10.17
2120000,212,6,1905,villa,Tilst,8381,10.3,2021,2021Q2,2021-05-18,56.178,10.049
2950000,126,4,1913,villa,Viby J,8260,5.0,2021,2021Q2,2021-05-18,56.124,10.155
5995000,154,4,1973,villa,Risskov,8240,3.4,2021,2021Q2,2021-05-18,56.187,10.22
2850000,124,4,2008,townhouse,Sabro,8471,12.6,2021,2021Q2,2021-05-18,56.215,10.036
3850000,140,4,2023,villa,Harlev J,8462,13.7,2021,2021Q2,2021-05-18,56.135,9.994
4998000,192,5,1970,villa,Risskov,8240,5.6,2021,2021Q2,2021-05-18,56.207,10.216
3000000,124,5,1986,villa,Hasselager,8361,9.6,2021,2021Q2,2021-05-18,56.106,10.086
2150000,80,4,1974,townhouse,Tilst,8381,7.1,2021,2021Q2,2021-05-18,56.174,10.101
4250000,165,4,1970,villa,Lystrup,8520,8.9,2021,2021Q2,2021-05-18,56.235,10.241
4498000,73,3,1953,townhouse,Aarhus V,8210,2.2,2021,2021Q2,2021-05-19,56.168,10.183
5950000,169,5,2007,villa,Brabrand,8220,7.6,2021,2021Q2,2021-05-19,56.16,10.087
2500000,122,4,1966,villa,Hasselager,8361,8.3,2021,2021Q2,2021-05-19,56.108,10.111
3450000,129,4,1971,villa,Aarhus V,8210,5.2,2021,2021Q2,2021-05-19,56.175,10.134
6850000,116,6,1949,villa,Aarhus N,8200,2.3,2021,2021Q2,2021-05-19,56.177,10.213
8550000,120,4,1967,villa,Egå,8250,9.1,2021,2021Q2,2021-05-19,56.223,10.297
4750000,126,5,1973,villa,Aarhus V,8210,2.3,2021,2021Q2,2021-05-19,56.169,10.18
2200000,195,5,2023,villa,Harlev J,8462,13.8,2021,2021Q2,2021-05-19,56.134,9.992
2100000,168,5,2023,villa,Harlev J,8462,13.7,2021,2021Q2,2021-05-19,56.134,9.993
2350000,130,4,1963,villa,Tilst,8381,8.1,2021,2021Q2,2021-05-19,56.19,10.095
2650000,132,5,1957,villa,Egå,8250,6.1,2021,2021Q2,2021-05-19,56.206,10.255
2995000,157,5,1971,villa,Solbjerg,8355,14.7,2021,2021Q2,2021-05-19,56.044,10.089
5230000,179,6,1907,villa,Egå,8250,7.6,2021,2021Q2,2021-05-19,56.218,10.267
2798000,97,3,2000,townhouse,Aarhus V,8210,4.7,2021,2021Q2,2021-05-19,56.171,10.139
5100000,196,5,1973,villa,Egå,8250,10.1,2021,2021Q2,2021-05-19,56.232,10.303
3400000,110,5,1917,villa,Viby J,8260,3.5,2021,2021Q2,2021-05-19,56.132,10.175
3500000,123,4,1977,villa,Tranbjerg J,8310,8.9,2021,2021Q2,2021-05-20,56.085,10.147
3273000,128,4,2015,townhouse,Mårslet,8320,9.3,2021,2021Q2,2021-05-20,56.082,10.144
1870000,121,4,1954,villa,Hjortshøj,8530,15.9,2021,2021Q2,2021-05-20,56.3,10.214
5695000,118,4,1964,villa,Aarhus N,8200,2.3,2021,2021Q2,2021-05-20,56.176,10.196
949000,178,5,2023,villa,Hjortshøj,8530,15.0,2021,2021Q2,2021-05-20,56.292,10.213
2800000,120,4,2014,townhouse,Malling,8340,14.2,2021,2021Q2,2021-05-20,56.03,10.186
2822000,123,4,1967,villa,Solbjerg,8355,15.2,2021,2021Q2,2021-05-20,56.037,10.09
2100000,160,6,1877,villa,Trige,8380,16.4,2021,2021Q2,2021-05-20,56.3,10.145
5350000,138,5,1967,villa,Brabrand,8220,6.4,2021,2021Q2,2021-05-20,56.153,10.108
3386000,126,4,2002,villa,Tilst,8381,6.5,2021,2021Q2,2021-05-20,56.191,10.125
2920000,113,4,1992,townhouse,Højbjerg,8270,5.8,2021,2021Q2,2021-05-20,56.108,10.175
3300000,149,5,2022,villa,Egå,8250,11.5,2021,2021Q2,2021-05-20,56.238,10.325
3227227,150,5,1973,villa,Egå,8250,9.6,2021,2021Q2,2021-05-20,56.234,10.283
7580000,152,5,1961,villa,Viby J,8260,2.8,2021,2021Q2,2021-05-21,56.136,10.184
3410000,119,4,1978,townhouse,Aarhus V,8210,2.6,2021,2021Q2,2021-05-21,56.165,10.172
4750000,132,5,1960,villa,Åbyhøj,8230,3.3,2021,2021Q2,2021-05-22,56.16,10.158
3395000,165,6,1972,villa,Tilst,8381,7.2,2021,2021Q2,2021-05-22,56.179,10.102
2900000,130,4,2015,townhouse,Malling,8340,14.2,2021,2021Q2,2021-05-22,56.03,10.186
2650000,98,3,1927,villa,Viby J,8260,4.1,2021,2021Q2,2021-05-24,56.128,10.171
3300000,100,3,1973,townhouse,Brabrand,8220,6.6,2021,2021Q2,2021-05-24,56.158,10.104
3500000,166,4,1979,villa,Lystrup,8520,10.1,2021,2021Q2,2021-05-24,56.246,10.238
4475000,158,5,2017,villa,Malling,8340,12.5,2021,2021Q2,2021-05-24,56.045,10.192
3410000,120,4,1973,villa,Skødstrup,8541,13.5,2021,2021Q2,2021-05-24,56.267,10.304
3170000,181,6,1986,villa,Solbjerg,8355,15.3,2021,2021Q2,2021-05-24,56.036,10.094
3075000,171,5,1952,townhouse,Viby J,8260,5.8,2021,2021Q2,2021-05-25,56.126,10.134
4674000,190,6,2007,villa,Mårslet,8320,10.8,2021,2021Q2,2021-05-25,56.066,10.152
7250000,190,7,1969,villa,Højbjerg,8270,5.8,2021,2021Q2,2021-05-25,56.105,10.223
1595000,179,5,2022,villa,Malling,8340,13.4,2021,2021Q2,2021-05-25,56.037,10.184
4900000,177,5,2015,villa,Mårslet,8320,9.2,2021,2021Q2,2021-05-25,56.082,10.146
3340000,104,4,2021,townhouse,Aarhus N,8200,8.5,2021,2021Q2,2021-05-25,56.233,10.204
5825000,197,5,2012,villa,Mårslet,8320,11.0,2021,2021Q2,2021-05-25,56.063,10.153
3298000,161,6,1973,villa,Harlev J,8462,13.2,2021,2021Q2,2021-05-25,56.149,9.998
6750000,155,5,1989,villa,Brabrand,8220,7.1,2021,2021Q2,2021-05-25,56.151,10.097
2900000,125,4,1964,villa,Lystrup,8520,8.6,2021,2021Q2,2021-05-26,56.234,10.227
11000000,214,6,2015,villa,Risskov,8240,6.2,2021,2021Q2,2021-05-26,56.202,10.269
3080000,102,1,2021,townhouse,Aarhus N,8200,8.5,2021,2021Q2,2021-05-26,56.233,10.204
2248000,151,5,1977,townhouse,Hasselager,8361,10.1,2021,2021Q2,2021-05-26,56.107,10.075
2500000,100,4,1987,townhouse,Lystrup,8520,8.0,2021,2021Q2,2021-05-26,56.228,10.23
4750000,120,5,1970,villa,Egå,8250,9.0,2021,2021Q2,2021-05-26,56.223,10.294
6835000,120,5,1925,villa,Aarhus N,8200,2.4,2021,2021Q2,2021-05-26,56.174,10.189
3103000,120,3,1971,villa,Skødstrup,8541,14.4,2021,2021Q2,2021-05-26,56.275,10.307
2749000,100,4,2003,townhouse,Lystrup,8520,8.6,2021,2021Q2,2021-05-26,56.234,10.219
4870000,109,5,1947,villa,Højbjerg,8270,4.3,2021,2021Q2,2021-05-26,56.121,10.187
5502000,187,6,1961,villa,Egå,8250,8.8,2021,2021Q2,2021-05-27,56.22,10.296
5100000,110,5,1962,villa,Viby J,8260,3.3,2021,2021Q2,2021-05-27,56.132,10.182
4048000,91,4,1961,villa,Risskov,8240,5.6,2021,2021Q2,2021-05-27,56.203,10.246
2780000,88,4,2021,townhouse,Aarhus N,8200,8.4,2021,2021Q2,2021-05-27,56.233,10.204
2850000,88,3,2021,townhouse,Aarhus N,8200,8.5,2021,2021Q2,2021-05-27,56.233,10.204
5057000,187,5,2023,villa,Højbjerg,8270,4.6,2021,2021Q2,2021-05-27,56.115,10.203
2900000,121,5,2010,villa,Egå,8250,11.6,2021,2021Q2,2021-05-27,56.238,10.328
3700000,142,5,1969,villa,Aarhus V,8210,3.7,2021,2021Q2,2021-05-27,56.177,10.163
4200000,152,5,2018,townhouse,Aarhus N,8200,8.7,2021,2021Q2,2021-05-28,56.235,10.203
3560000,139,4,2009,townhouse,Viby J,8260,6.5,2021,2021Q2,2021-05-29,56.12,10.13
4900000,151,5,1972,villa,Højbjerg,8270,5.3,2021,2021Q2,2021-05-29,56.109,10.214
14995000,317,6,1987,villa,Egå,8250,9.6,2021,2021Q2,2021-05-29,56.226,10.304
3895000,130,4,2015,villa,Tranbjerg J,8310,9.8,2021,2021Q2,2021-05-29,56.086,10.116
1725000,113,4,1967,villa,Hjortshøj,8530,14.2,2021,2021Q2,2021-05-29,56.285,10.219
2695000,113,3,1980,villa,Hasselager,8361,10.5,2021,2021Q2,2021-05-29,56.107,10.067
3200000,64,2,1958,villa,Aarhus N,8200,2.9,2021,2021Q2,2021-05-29,56.183,10.205
4150000,105,4,1964,villa,Aarhus N,8200,2.9,2021,2021Q2,2021-05-29,56.177,10.183
2880500,120,4,2003,townhouse,Skødstrup,8541,13.4,2021,2021Q2,2021-05-30,56.266,10.304
1750000,69,3,2004,townhouse,Tilst,8381,6.9,2021,2021Q2,2021-05-30,56.184,10.111
3998000,139,5,1969,townhouse,Egå,8250,6.8,2021,2021Q2,2021-05-30,56.206,10.275
4850000,198,6,2008,villa,Solbjerg,8355,14.2,2021,2021Q2,2021-05-30,56.045,10.099
3675000,101,3,2006,townhouse,Brabrand,8220,7.5,2021,2021Q2,2021-05-30,56.157,10.09
3875000,179,6,1969,villa,Lystrup,8520,9.0,2021,2021Q2,2021-05-30,56.236,10.242
8900000,188,3,1996,villa,Risskov,8240,6.1,2021,2021Q2,2021-05-30,56.2,10.269
1915000,155,5,1877,townhouse,Hjortshøj,8530,12.2,2021,2021Q2,2021-05-30,56.263,10.254
3945000,104,5,1948,townhouse,Risskov,8240,4.5,2021,2021Q2,2021-05-30,56.197,10.221
2695000,97,4,2005,townhouse,Skødstrup,8541,15.6,2021,2021Q2,2021-05-30,56.282,10.326
1990000,111,4,1976,villa,Trige,8380,11.3,2021,2021Q2,2021-05-31,56.248,10.132
3380000,104,4,2021,townhouse,Aarhus N,8200,8.5,2021,2021Q2,2021-05-31,56.233,10.204
3280000,139,4,2015,townhouse,Sabro,8471,11.7,2021,2021Q2,2021-05-31,56.209,10.047
5250000,160,5,2021,townhouse,Aarhus N,8200,8.5,2021,2021Q2,2021-05-31,56.233,10.205
3080000,105,4,1986,townhouse,Risskov,8240,5.3,2021,2021Q2,2021-05-31,56.205,10.206
3140000,90,3,2021,townhouse,Aarhus N,8200,8.5,2021,2021Q2,2021-05-31,56.233,10.204
4450000,138,4,2021,townhouse,Aarhus N,8200,8.5,2021,2021Q2,2021-05-31,56.233,10.205
949000,159,5,2022,villa,Hjortshøj,8530,15.0,2021,2021Q2,2021-05-31,56.292,10.212
3620000,115,4,2015,townhouse,Hjortshøj,8530,11.4,2021,2021Q2,2021-05-31,56.253,10.276
3650000,140,5,2019,townhouse,Hasselager,8361,9.2,2021,2021Q2,2021-05-31,56.113,10.085
4995000,220,7,1972,villa,Mårslet,8320,9.9,2021,2021Q2,2021-05-31,56.072,10.159
4775000,129,4,1961,townhouse,Højbjerg,8270,4.9,2021,2021Q2,2021-05-31,56.114,10.197
2535000,200,5,2022,villa,Mårslet,8320,9.9,2021,2021Q2,2021-05-31,56.073,10.159
6023000,187,7,1959,villa,Risskov,8240,6.3,2021,2021Q2,2021-06-01,56.203,10.271
4100000,136,4,2021,townhouse,Aarhus N,8200,8.5,2021,2021Q2,2021-06-01,56.233,10.205
3175000,117,4,2017,townhouse,Skødstrup,8541,13.6,2021,2021Q2,2021-06-01,56.266,10.312
3040000,102,4,2021,townhouse,Aarhus N,8200,8.5,2021,2021Q2,2021-06-01,56.233,10.204
5200000,175,5,2016,villa,Egå,8250,9.4,2021,2021Q2,2021-06-01,56.23,10.287
3040000,158,6,1986,villa,Solbjerg,8355,15.1,2021,2021Q2,2021-06-01,56.037,10.095
4300000,118,4,2001,townhouse,Højbjerg,8270,6.7,2021,2021Q2,2021-06-01,56.096,10.216
3406000,93,4,1947,townhouse,Åbyhøj,8230,4.1,2021,2021Q2,2021-06-01,56.153,10.146
1150000,113,4,1911,villa,Sabro,8471,10.6,2021,2021Q2,2021-06-01,56.201,10.059
5375000,113,2,1965,villa,Viby J,8260,3.8,2021,2021Q2,2021-06-01,56.127,10.18
2595000,204,7,1978,villa,Trige,8380,11.3,2021,2021Q2,2021-06-01,56.249,10.136
2275000,74,4,1949,villa,Mårslet,8320,8.3,2021,2021Q2,2021-06-01,56.084,10.182
5300000,144,4,1971,villa,Viby J,8260,6.0,2021,2021Q2,2021-06-02,56.133,10.123
4062500,170,5,2008,villa,Solbjerg,8355,14.3,2021,2021Q2,2021-06-02,56.046,10.094
1300000,132,5,1892,villa,Sabro,8471,10.2,2021,2021Q2,2021-06-02,56.198,10.064
8160000,157,4,1980,townhouse,Aarhus C,8000,2.7,2021,2021Q2,2021-06-02,56.133,10.211
6700000,143,5,2012,townhouse,Højbjerg,8270,5.6,2021,2021Q2,2021-06-03,56.106,10.21
7495000,198,5,2007,villa,Lystrup,8520,9.9,2021,2021Q2,2021-06-03,56.243,10.251
1875000,185,4,1887,villa,Brabrand,8220,6.7,2021,2021Q2,2021-06-03,56.155,10.103
4293331,140,4,2023,villa,Harlev J,8462,13.7,2021,2021Q2,2021-06-03,56.135,9.994
3245000,152,5,2014,townhouse,Lystrup,8520,9.1,2021,2021Q2,2021-06-03,56.238,10.194
2986000,175,5,2009,villa,Trige,8380,11.9,2021,2021Q2,2021-06-03,56.259,10.154
3825000,159,7,1973,villa,Aarhus V,8210,3.7,2021,2021Q2,2021-06-03,56.176,10.163
5420000,154,5,1952,villa,Højbjerg,8270,4.2,2021,2021Q2,2021-06-03,56.123,10.181
2400000,127,5,1936,villa,Tranbjerg J,8310,7.3,2021,2021Q2,2021-06-03,56.105,10.14
2840000,181,7,2023,villa,Lystrup,8520,9.6,2021,2021Q2,2021-06-03,56.242,10.226
2935000,157,5,1964,villa,Harlev J,8462,12.9,2021,2021Q2,2021-06-03,56.149,10.003
6100000,188,7,1976,villa,Risskov,8240,5.6,2021,2021Q2,2021-06-03,56.202,10.252
4775000,141,4,1955,villa,Risskov,8240,5.3,2021,2021Q2,2021-06-03,56.202,10.239
12450000,211,5,1930,villa,Højbjerg,8270,3.6,2021,2021Q2,2021-06-03,56.126,10.191
7500000,140,5,1957,villa,Højbjerg,8270,5.3,2021,2021Q2,2021-06-04,56.109,10.218
3600000,157,5,1975,villa,Egå,8250,7.6,2021,2021Q2,2021-06-04,56.218,10.268
3275000,123,4,1967,villa,Åbyhøj,8230,4.1,2021,2021Q2,2021-06-04,56.151,10.146
4725000,177,5,1972,villa,Risskov,8240,5.6,2021,2021Q2,2021-06-05,56.207,10.222
3850000,154,5,2006,townhouse,Brabrand,8220,7.5,2021,2021Q2,2021-06-06,56.158,10.09
5400000,170,4,2018,villa,Egå,8250,9.5,2021,2021Q2,2021-06-06,56.232,10.284
949000,174,5,2022,villa,Hjortshøj,8530,15.0,2021,2021Q2,2021-06-06,56.292,10.213
3304000,150,6,1968,villa,Hjortshøj,8530,11.3,2021,2021Q2,2021-06-06,56.253,10.269
4998000,171,5,2016,villa,Tranbjerg J,8310,9.9,2021,2021Q2,2021-06-06,56.083,10.121
3230000,126,4,1969,villa,Harlev J,8462,13.0,2021,2021Q2,2021-06-06,56.151,10.001
5678900,143,5,1960,villa,Åbyhøj,8230,3.7,2021,2021Q2,2021-06-06,56.157,10.151
9200000,202,3,1922,villa,Risskov,8240,5.5,2021,2021Q2,2021-06-06,56.197,10.263
3098000,165,6,1967,villa,Skødstrup,8541,15.0,2021,2021Q2,2021-06-06,56.279,10.314
4200000,120,3,1964,villa,Lystrup,8520,8.7,2021,2021Q2,2021-06-06,56.235,10.223
6400000,174,7,1914,villa,Åbyhøj,8230,2.2,2021,2021Q2,2021-06-07,56.156,10.175
3998000,96,3,1951,villa,Viby J,8260,4.9,2021,2021Q2,2021-06-07,56.129,10.149
5620000,171,5,2015,villa,Skødstrup,8541,14.3,2021,2021Q2,2021-06-07,56.271,10.316
3050000,102,4,2021,townhouse,Aarhus N,8200,8.5,2021,2021Q2,2021-06-07,56.233,10.204
3500000,115,4,2015,townhouse,Hjortshøj,8530,11.5,2021,2021Q2,2021-06-07,56.253,10.276
2475000,65,3,1960,townhouse,Højbjerg,8270,4.7,2021,2021Q2,2021-06-07,56.122,10.168
6605000,105,4,1931,villa,Viby J,8260,3.2,2021,2021Q2,2021-06-07,56.134,10.178
4648000,142,5,1989,villa,Aarhus V,8210,4.0,2021,2021Q2,2021-06-07,56.174,10.154
5250000,100,2,1875,villa,Aarhus N,8200,7.7,2021,2021Q2,2021-06-08,56.221,10.166
2490000,105,4,1987,townhouse,Lystrup,8520,9.8,2021,2021Q2,2021-06-08,56.243,10.239
5015000,178,4,2013,villa,Skødstrup,8541,13.1,2021,2021Q2,2021-06-08,56.265,10.293
3800000,128,5,2021,townhouse,Aarhus N,8200,8.5,2021,2021Q2,2021-06-08,56.233,10.205
2995000,99,3,2017,townhouse,Hjortshøj,8530,11.4,2021,2021Q2,2021-06-08,56.253,10.273
5525000,182,5,2016,villa,Skødstrup,8541,13.9,2021,2021Q2,2021-06-08,56.269,10.312
2385000,86,4,1984,townhouse,Risskov,8240,5.2,2021,2021Q2,2021-06-08,56.204,10.211
3650000,122,5,1953,villa,Højbjerg,8270,4.8,2021,2021Q2,2021-06-08,56.12,10.17
4450000,166,5,1998,villa,Tranbjerg J,8310,8.8,2021,2021Q2,2021-06-08,56.089,10.136
3145000,152,7,1922,villa,Aarhus N,8200,7.7,2021,2021Q2,2021-06-08,56.208,10.128
5405000,152,5,1969,villa,Brabrand,8220,6.0,2021,2021Q2,2021-06-08,56.15,10.115
2448000,96,3,1976,townhouse,Tilst,8381,7.3,2021,2021Q2,2021-06-08,56.174,10.097
4595000,153,5,2018,villa,Egå,8250,9.4,2021,2021Q2,2021-06-09,56.23,10.287
3400000,180,5,2022,villa,Skødstrup,8541,13.8,2021,2021Q2,2021-06-09,56.258,10.341
2600000,138,4,1969,villa,Hasselager,8361,8.8,2021,2021Q2,2021-06-09,56.109,10.098
2300000,94,4,1948,villa,Aarhus V,8210,2.7,2021,2021Q2,2021-06-09,56.173,10.179
11400000,199,4,2014,villa,Viby J,8260,2.9,2021,2021Q2,2021-06-09,56.134,10.187
3575000,173,6,1985,villa,Tilst,8381,6.5,2021,2021Q2,2021-06-09,56.175,10.112
8100000,200,6,1999,villa,Risskov,8240,4.9,2021,2021Q2,2021-06-09,56.196,10.247
2415000,140,4,1927,villa,Skødstrup,8541,15.5,2021,2021Q2,2021-06-09,56.282,10.322
3349000,116,5,2018,townhouse,Egå,8250,7.0,2021,2021Q2,2021-06-10,56.213,10.264
3721500,113,4,1967,townhouse,Egå,8250,8.8,2021,2021Q2,2021-06-10,56.222,10.293
2150000,98,4,1969,villa,Hjortshøj,8530,10.7,2021,2021Q2,2021-06-10,56.248,10.262
5300000,110,6,1953,townhouse,Højbjerg,8270,4.9,2021,2021Q2,2021-06-10,56.113,10.198
5995000,176,6,1971,villa,Viby J,8260,6.1,2021,2021Q2,2021-06-10,56.134,10.121
3603000,101,4,1918,villa,Viby J,8260,5.2,2021,2021Q2,2021-06-10,56.128,10.144
2575000,88,3,1987,townhouse,Aarhus N,8200,3.9,2021,2021Q2,2021-06-10,56.19,10.192
2699000,120,5,1962,villa,Skødstrup,8541,13.2,2021,2021Q2,2021-06-11,56.263,10.306
5500000,182,6,1966,villa,Risskov,8240,5.2,2021,2021Q2,2021-06-11,56.203,10.224
6895000,160,6,1969,villa,Højbjerg,8270,5.1,2021,2021Q2,2021-06-11,56.111,10.215
5595000,148,6,1997,villa,Risskov,8240,5.6,2021,2021Q2,2021-06-11,56.207,10.207
6375000,241,9,1971,villa,Risskov,8240,5.8,2021,2021Q2,2021-06-11,56.206,10.243
2500000,140,4,2023,villa,Viby J,8260,6.5,2021,2021Q2,2021-06-12,56.13,10.117
3700000,161,5,1973,villa,Tilst,8381,6.6,2021,2021Q2,2021-06-12,56.179,10.112
6611000,168,4,2008,villa,Mårslet,8320,10.8,2021,2021Q2,2021-06-12,56.065,10.152
4995000,173,6,1982,villa,Risskov,8240,4.7,2021,2021Q2,2021-06-12,56.198,10.224
11250000,184,6,1995,villa,Risskov,8240,6.3,2021,2021Q2,2021-06-12,56.2,10.276
6475000,195,7,1997,villa,Risskov,8240,5.5,2021,2021Q2,2021-06-12,56.207,10.206
4067000,187,5,1909,villa,Hasselager,8361,10.1,2021,2021Q2,2021-06-12,56.109,10.072
5150000,161,5,1974,villa,Højbjerg,8270,5.4,2021,2021Q2,2021-06-12,56.111,10.182
3350000,110,4,2019,townhouse,Hasselager,8361,9.2,2021,2021Q2,2021-06-13,56.112,10.086
4250000,155,4,2022,villa,Egå,8250,10.8,2021,2021Q2,2021-06-13,56.232,10.321
9030000,148,4,1876,townhouse,Aarhus C,8000,0.6,2021,2021Q2,2021-06-13,56.161,10.207
4100000,155,5,1970,villa,Brabrand,8220,6.5,2021,2021Q2,2021-06-13,56.159,10.106
4310000,157,5,2007,villa,Brabrand,8220,7.4,2021,2021Q2,2021-06-14,56.162,10.091
3927000,130,4,1971,villa,Viby J,8260,6.4,2021,2021Q2,2021-06-14,56.133,10.118
2915000,104,4,2003,townhouse,Skødstrup,8541,13.3,2021,2021Q2,2021-06-14,56.265,10.304
4600000,150,6,2015,villa,Egå,8250,9.4,2021,2021Q2,2021-06-14,56.23,10.284
5252525,191,4,2023,villa,Risskov,8240,5.3,2021,2021Q2,2021-06-14,56.199,10.248
4998000,158,6,1988,villa,Risskov,8240,5.9,2021,2021Q2,2021-06-14,56.206,10.245
4150000,150,5,1996,villa,Aarhus V,8210,4.0,2021,2021Q2,2021-06-14,56.174,10.155
4204000,162,6,1971,villa,Risskov,8240,5.7,2021,2021Q2,2021-06-14,56.208,10.214
5295000,126,5,1907,villa,Brabrand,8220,6.8,2021,2021Q2,2021-06-14,56.157,10.101
3000000,140,8,1962,villa,Skødstrup,8541,14.7,2021,2021Q2,2021-06-14,56.275,10.313
4795000,156,4,1978,villa,Beder,8330,9.3,2021,2021Q2,2021-06-15,56.074,10.225
3098000,140,5,2015,townhouse,Malling,8340,14.2,2021,2021Q2,2021-06-15,56.03,10.186
5350000,129,5,2014,townhouse,Risskov,8240,3.2,2021,2021Q2,2021-06-15,56.184,10.224
11300000,189,8,1982,villa,Risskov,8240,5.6,2021,2021Q2,2021-06-15,56.198,10.264
4100000,182,5,1969,villa,Viby J,8260,5.9,2021,2021Q2,2021-06-15,56.12,10.142
7500000,135,5,1946,villa,Højbjerg,8270,4.2,2021,2021Q2,2021-06-15,56.119,10.202
4274500,146,4,1973,townhouse,Risskov,8240,4.6,2021,2021Q2,2021-06-15,56.198,10.206
4100000,98,4,1983,townhouse,Højbjerg,8270,3.7,2021,2021Q2,2021-06-15,56.125,10.191
5248000,126,5,1964,townhouse,Risskov,8240,4.5,2021,2021Q2,2021-06-15,56.196,10.226
2360000,100,4,1961,townhouse,Lystrup,8520,8.4,2021,2021Q2,2021-06-15,56.232,10.229
2970000,138,4,1972,villa,Aarhus V,8210,4.0,2021,2021Q2,2021-06-15,56.172,10.153
3625000,133,4,1968,villa,Beder,8330,11.0,2021,2021Q2,2021-06-15,56.058,10.212
11300000,192,6,2008,villa,Viby J,8260,3.0,2021,2021Q2,2021-06-15,56.133,10.188
2937500,96,4,1986,townhouse,Aarhus N,8200,3.9,2021,2021Q2,2021-06-16,56.191,10.194
2250000,128,4,1915,villa,Hjortshøj,8530,15.9,2021,2021Q2,2021-06-16,56.3,10.215
5200000,182,5,2005,villa,Brabrand,8220,7.0,2021,2021Q2,2021-06-16,56.159,10.098
3375000,180,8,1983,villa,Solbjerg,8355,15.4,2021,2021Q2,2021-06-16,56.036,10.091
3600000,139,5,1965,villa,Egå,8250,11.0,2021,2021Q2,2021-06-16,56.234,10.323
2495000,83,3,2003,townhouse,Lystrup,8520,8.6,2021,2021Q2,2021-06-16,56.234,10.221
9600000,268,6,2007,villa,Højbjerg,8270,5.4,2021,2021Q2,2021-06-17,56.108,10.214
5200000,176,6,1968,villa,Aarhus V,8210,3.3,2021,2021Q2,2021-06-17,56.162,10.159
13300000,232,7,1926,villa,Risskov,8240,4.0,2021,2021Q2,2021-06-17,56.19,10.235
600000,170,4,2022,villa,Hjortshøj,8530,15.2,2021,2021Q2,2021-06-17,56.293,10.217
3707513,121,4,1989,villa,Tranbjerg J,8310,8.5,2021,2021Q2,2021-06-17,56.098,10.122
6400000,135,4,1898,townhouse,Aarhus C,8000,0.7,2021,2021Q2,2021-06-17,56.16,10.201
3748000,110,4,1962,villa,Risskov,8240,4.9,2021,2021Q2,2021-06-17,56.199,10.231
3495000,119,5,1971,villa,Hjortshøj,8530,10.6,2021,2021Q2,2021-06-17,56.248,10.263
5300000,180,5,2005,villa,Skødstrup,8541,15.4,2021,2021Q2,2021-06-17,56.283,10.312
2425000,91,3,1999,townhouse,Lystrup,8520,9.8,2021,2021Q2,2021-06-17,56.243,10.241
1700000,118,5,1969,villa,Harlev J,8462,12.8,2021,2021Q2,2021-06-17,56.147,10.005
4495000,147,5,1970,villa,Egå,8250,11.6,2021,2021Q2,2021-06-17,56.236,10.332
6275000,178,5,1970,villa,Risskov,8240,5.0,2021,2021Q2,2021-06-18,56.198,10.242
5150000,151,6,1961,villa,Viby J,8260,4.5,2021,2021Q2,2021-06-18,56.126,10.165
1850000,94,4,1995,townhouse,Solbjerg,8355,15.3,2021,2021Q2,2021-06-19,56.039,10.084
3798000,137,6,1997,villa,Hjortshøj,8530,11.0,2021,2021Q2,2021-06-19,56.251,10.264
1200000,51,2,1902,townhouse,Aarhus C,8000,1.1,2021,2021Q2,2021-06-19,56.148,10.203
3380000,104,4,2021,townhouse,Aarhus N,8200,8.4,2021,2021Q2,2021-06-20,56.232,10.204
3149000,138,4,2000,townhouse,Lystrup,8520,9.5,2021,2021Q2,2021-06-20,56.24,10.247
7100000,295,9,1969,villa,Højbjerg,8270,5.7,2021,2021Q2,2021-06-20,56.106,10.223
10750000,262,6,1980,villa,Risskov,8240,5.9,2021,2021Q2,2021-06-20,56.199,10.269
2998000,165,5,1930,villa,Harlev J,8462,14.1,2021,2021Q2,2021-06-20,56.125,9.991
5998000,116,6,1928,villa,Højbjerg,8270,4.4,2021,2021Q2,2021-06-20,56.118,10.2
7495000,164,4,1967,villa,Egå,8250,8.6,2021,2021Q2,2021-06-21,56.218,10.294
3995000,140,5,1966,villa,Risskov,8240,5.4,2021,2021Q2,2021-06-21,56.205,10.224
12520000,175,5,2013,villa,Højbjerg,8270,3.6,2021,2021Q2,2021-06-21,56.125,10.193
7150000,177,5,2001,villa,Højbjerg,8270,6.5,2021,2021Q2,2021-06-21,56.098,10.201
4350000,215,9,1903,villa,Malling,8340,13.7,2021,2021Q2,2021-06-21,56.034,10.19
4050000,136,4,1957,villa,Risskov,8240,4.8,2021,2021Q2,2021-06-21,56.199,10.228
2995000,120,4,2002,townhouse,Skødstrup,8541,13.4,2021,2021Q2,2021-06-21,56.266,10.304
3925000,142,4,1972,villa,Skødstrup,8541,13.9,2021,2021Q2,2021-06-21,56.258,10.343
5198000,112,4,1924,villa,Højbjerg,8270,4.4,2021,2021Q2,2021-06-21,56.117,10.205
2498000,88,4,1970,villa,Tranbjerg J,8310,9.6,2021,2021Q2,2021-06-21,56.084,10.128
4016000,153,5,2002,villa,Skødstrup,8541,12.9,2021,2021Q2,2021-06-21,56.259,10.308
3995000,146,5,1972,townhouse,Højbjerg,8270,5.5,2021,2021Q2,2021-06-22,56.113,10.171
3995000,131,5,2015,townhouse,Viby J,8260,7.0,2021,2021Q2,2021-06-22,56.131,10.107
2498000,102,3,1984,townhouse,Aarhus V,8210,5.7,2021,2021Q2,2021-06-22,56.177,10.126
900000,110,4,1927,villa,Skødstrup,8541,13.8,2021,2021Q2,2021-06-22,56.268,10.31
4595000,149,5,2001,villa,Lystrup,8520,9.8,2021,2021Q2,2021-06-22,56.243,10.247
9900000,208,7,1983,villa,Risskov,8240,5.0,2021,2021Q2,2021-06-22,56.195,10.253
2670000,148,5,1971,townhouse,Viby J,8260,6.0,2021,2021Q2,2021-06-23,56.121,10.139
6765000,222,8,1968,villa,Aarhus V,8210,3.4,2021,2021Q2,2021-06-23,56.163,10.158
2900000,143,7,1972,villa,Aarhus V,8210,5.1,2021,2021Q2,2021-06-23,56.175,10.136
4398000,134,5,2017,townhouse,Egå,8250,7.0,2021,2021Q2,2021-06-23,56.213,10.264
9775000,159,4,2016,villa,Risskov,8240,5.8,2021,2021Q2,2021-06-23,56.2,10.261
4450000,154,5,1963,villa,Brabrand,8220,5.7,2021,2021Q2,2021-06-23,56.157,10.119
7300000,159,5,1927,villa,Viby J,8260,3.1,2021,2021Q2,2021-06-23,56.134,10.18
2395000,63,3,1990,townhouse,Aarhus N,8200,3.4,2021,2021Q2,2021-06-23,56.18,10.173
5695000,139,4,1933,villa,Åbyhøj,8230,3.3,2021,2021Q2,2021-06-23,56.152,10.159
2998000,124,4,1900,villa,Aarhus N,8200,7.7,2021,2021Q2,2021-06-23,56.221,10.164
2748000,92,3,1975,villa,Tilst,8381,7.1,2021,2021Q2,2021-06-23,56.175,10.101
2880000,114,4,1980,villa,Viby J,8260,6.5,2021,2021Q2,2021-06-23,56.127,10.121
8795000,175,6,1965,villa,Risskov,8240,5.2,2021,2021Q2,2021-06-23,56.196,10.256
3200000,130,4,1987,townhouse,Højbjerg,8270,5.7,2021,2021Q2,2021-06-24,56.108,10.178
6250000,143,5,2012,townhouse,Højbjerg,8270,5.6,2021,2021Q2,2021-06-24,56.106,10.209
3798000,103,4,1950,townhouse,Aarhus N,8200,2.6,2021,2021Q2,2021-06-24,56.177,10.19
3625000,196,6,2015,villa,Tilst,8381,9.1,2021,2021Q2,2021-06-24,56.207,10.093
2995000,197,5,2022,villa,Egå,8250,11.4,2021,2021Q2,2021-06-24,56.237,10.327
4700000,157,6,1968,villa,Brabrand,8220,7.2,2021,2021Q2,2021-06-24,56.151,10.094
4995000,118,4,1961,villa,Viby J,8260,4.1,2021,2021Q2,2021-06-24,56.126,10.174
7210000,190,6,1969,villa,Risskov,8240,5.1,2021,2021Q2,2021-06-24,56.199,10.246
3225000,131,4,1969,villa,Skødstrup,8541,12.4,2021,2021Q2,2021-06-24,56.257,10.296
2600000,98,4,1959,villa,Beder,8330,11.2,2021,2021Q2,2021-06-25,56.056,10.204
5800000,192,6,2002,townhouse,Risskov,8240,4.8,2021,2021Q2,2021-06-25,56.2,10.219
5750000,172,4,2016,villa,Mårslet,8320,9.1,2021,2021Q2,2021-06-26,56.082,10.147
4725000,153,4,1979,villa,Aarhus V,8210,3.5,2021,2021Q2,2021-06-27,56.171,10.161
2905000,152,5,1979,villa,Trige,8380,11.3,2021,2021Q2,2021-06-27,56.249,10.134
3300000,117,5,2016,townhouse,Egå,8250,7.0,2021,2021Q2,2021-06-27,56.212,10.264
3798000,140,5,1966,villa,Tilst,8381,7.0,2021,2021Q2,2021-06-27,56.189,10.115
3650000,188,5,1956,villa,Risskov,8240,3.5,2021,2021Q2,2021-06-27,56.188,10.216
3295000,132,5,1977,townhouse,Tranbjerg J,8310,8.5,2021,2021Q2,2021-06-27,56.094,10.133
2450000,113,5,1975,townhouse,Hasselager,8361,10.1,2021,2021Q2,2021-06-27,56.108,10.072
2600000,66,3,1980,townhouse,Viby J,8260,2.7,2021,2021Q2,2021-06-28,56.139,10.181
2700000,91,4,2015,townhouse,Mårslet,8320,9.6,2021,2021Q2,2021-06-28,56.075,10.162
6250000,160,6,1972,townhouse,Risskov,8240,3.2,2021,2021Q2,2021-06-28,56.183,10.23
2395000,151,5,1977,townhouse,Hasselager,8361,10.2,2021,2021Q2,2021-06-28,56.106,10.074
2850000,287,10,1897,villa,Viby J,8260,10.5,2021,2021Q2,2021-06-28,56.114,10.059
2350000,111,4,1966,villa,Tilst,8381,7.7,2021,2021Q2,2021-06-28,56.193,10.105
4650000,186,5,2022,villa,Åbyhøj,8230,3.1,2021,2021Q2,2021-06-29,56.161,10.161
2450000,87,3,1987,townhouse,Aarhus N,8200,7.5,2021,2021Q2,2021-06-29,56.22,10.167
2348000,138,4,1962,villa,Harlev J,8462,13.1,2021,2021Q2,2021-06-29,56.15,10.0
17000000,258,5,1969,villa,Højbjerg,8270,5.1,2021,2021Q2,2021-06-29,56.111,10.222
6498000,194,6,1961,villa,Risskov,8240,6.4,2021,2021Q2,2021-06-29,56.202,10.274
1813059,207,5,2023,villa,Malling,8340,15.0,2021,2021Q2,2021-06-29,56.023,10.185
1698999,164,5,2022,villa,Malling,8340,14.9,2021,2021Q2,2021-06-29,56.023,10.185
1701000,181,6,2022,villa,Malling,8340,14.8,2021,2021Q2,2021-06-29,56.024,10.183
1907563,194,6,2022,villa,Malling,8340,15.0,2021,2021Q2,2021-06-29,56.023,10.185
1627787,170,5,2022,villa,Malling,8340,15.0,2021,2021Q2,2021-06-29,56.023,10.184
3750000,128,4,2021,townhouse,Aarhus N,8200,8.5,2021,2021Q2,2021-06-30,56.233,10.205
4300000,132,4,2006,townhouse,Brabrand,8220,7.5,2021,2021Q2,2021-06-30,56.158,10.09
4350000,128,6,1937,villa,Viby J,8260,5.0,2021,2021Q2,2021-06-30,56.123,10.158
3200000,124,4,2019,villa,Harlev J,8462,13.8,2021,2021Q2,2021-06-30,56.14,9.991
3115000,118,4,1980,townhouse,Brabrand,8220,5.5,2021,2021Q2,2021-06-30,56.154,10.123
2875000,166,7,1978,villa,Skødstrup,8541,14.9,2021,2021Q2,2021-06-30,56.277,10.318
3498000,119,5,1907,villa,Mårslet,8320,8.2,2021,2021Q2,2021-06-30,56.084,10.182
2000000,151,5,1977,townhouse,Hasselager,8361,10.1,2021,2021Q2,2021-06-30,56.107,10.074
1995000,75,3,1981,townhouse,Tranbjerg J,8310,8.4,2021,2021Q2,2021-06-30,56.09,10.147
5500000,183,6,1937,villa,Aarhus N,8200,5.4,2021,2021Q3,2021-07-01,56.2,10.174
4675000,135,5,1952,villa,Aarhus V,8210,2.7,2021,2021Q3,2021-07-01,56.166,10.17
10400000,263,9,2012,villa,Højbjerg,8270,6.0,2021,2021Q3,2021-07-01,56.103,10.221
3230000,126,4,2018,townhouse,Tranbjerg J,8310,10.0,2021,2021Q3,2021-07-01,56.083,10.12
2100000,182,5,2023,villa,Harlev J,8462,13.7,2021,2021Q3,2021-07-01,56.134,9.994
2987500,98,5,1987,townhouse,Aarhus N,8200,3.8,2021,2021Q3,2021-07-01,56.189,10.194
2250000,85,4,1962,villa,Skødstrup,8541,15.4,2021,2021Q3,2021-07-01,56.281,10.321
1200000,66,5,1820,townhouse,Aarhus N,8200,7.6,2021,2021Q3,2021-07-01,56.208,10.129
4057000,71,4,1948,villa,Aarhus V,8210,3.0,2021,2021Q3,2021-07-01,56.162,10.164
3750000,130,4,1969,villa,Aarhus V,8210,4.1,2021,2021Q3,2021-07-01,56.176,10.153
5650000,232,8,1967,villa,Risskov,8240,5.5,2021,2021Q3,2021-07-02,56.2,10.255
2325000,103,3,1957,villa,Viby J,8260,9.9,2021,2021Q3,2021-07-02,56.125,10.06
4525000,124,4,2002,townhouse,Højbjerg,8270,6.7,2021,2021Q3,2021-07-02,56.097,10.216
2698000,103,3,2018,townhouse,Trige,8380,11.5,2021,2021Q3,2021-07-03,56.256,10.158
4650000,222,5,2008,villa,Solbjerg,8355,14.3,2021,2021Q3,2021-07-03,56.046,10.094
2800000,86,3,1985,townhouse,Aarhus N,8200,3.9,2021,2021Q3,2021-07-03,56.191,10.197
3545000,80,3,1946,villa,Viby J,8260,5.1,2021,2021Q3,2021-07-03,56.122,10.156
2725000,141,5,1972,villa,Tilst,8381,8.2,2021,2021Q3,2021-07-03,56.19,10.091
1015000,180,5,2022,villa,Hjortshøj,8530,15.0,2021,2021Q3,2021-07-04,56.292,10.213
3353000,104,5,1961,villa,Risskov,8240,5.0,2021,2021Q3,2021-07-04,56.201,10.228
3575000,109,4,1969,villa,Aarhus V,8210,3.6,2021,2021Q3,2021-07-04,56.16,10.152
12000000,242,6,1932,villa,Risskov,8240,4.1,2021,2021Q3,2021-07-04,56.189,10.243
5100000,148,5,2023,villa,Højbjerg,8270,3.6,2021,2021Q3,2021-07-04,56.127,10.19
4824000,130,4,2003,townhouse,Brabrand,8220,6.7,2021,2021Q3,2021-07-04,56.159,10.103
4798000,142,7,1877,villa,Højbjerg,8270,4.8,2021,2021Q3,2021-07-04,56.114,10.2
4598000,165,6,2011,villa,Tranbjerg J,8310,9.9,2021,2021Q3,2021-07-05,56.084,10.119
2610000,108,4,2012,townhouse,Sabro,8471,11.6,2021,2021Q3,2021-07-05,56.208,10.048
4350000,190,5,1965,villa,Viby J,8260,5.1,2021,2021Q3,2021-07-05,56.13,10.144
3745000,192,6,1978,villa,Aarhus V,8210,3.8,2021,2021Q3,2021-07-05,56.177,10.162
801000,158,5,1979,villa,Harlev J,8462,13.6,2021,2021Q3,2021-07-05,56.148,9.992
4995000,109,5,1943,townhouse,Aarhus N,8200,2.8,2021,2021Q3,2021-07-05,56.181,10.218
5500000,156,6,1931,villa,Viby J,8260,3.4,2021,2021Q3,2021-07-06,56.134,10.173
5000000,201,4,1971,villa,Lystrup,8520,9.0,2021,2021Q3,2021-07-06,56.237,10.225
7100000,221,7,1966,villa,Egå,8250,7.5,2021,2021Q3,2021-07-06,56.21,10.284
8400000,207,6,2018,villa,Højbjerg,8270,5.7,2021,2021Q3,2021-07-06,56.106,10.204
3320000,121,4,2019,villa,Harlev J,8462,13.8,2021,2021Q3,2021-07-06,56.14,9.99
3173000,115,4,2017,townhouse,Beder,8330,11.5,2021,2021Q3,2021-07-06,56.053,10.199
2600000,105,4,2013,townhouse,Solbjerg,8355,15.1,2021,2021Q3,2021-07-06,56.041,10.082
4795000,198,6,2020,villa,Solbjerg,8355,14.9,2021,2021Q3,2021-07-06,56.039,10.097
7500000,253,6,2019,villa,Mårslet,8320,10.2,2021,2021Q3,2021-07-06,56.069,10.158
3948000,113,4,1964,townhouse,Egå,8250,7.0,2021,2021Q3,2021-07-06,56.208,10.276
3798000,159,4,1973,villa,Skødstrup,8541,15.2,2021,2021Q3,2021-07-06,56.28,10.316
2495000,135,5,1972,villa,Solbjerg,8355,15.9,2021,2021Q3,2021-07-06,56.039,10.066
3650000,164,5,1965,villa,Lystrup,8520,9.2,2021,2021Q3,2021-07-06,56.239,10.226
4200000,132,5,1969,townhouse,Risskov,8240,4.9,2021,2021Q3,2021-07-06,56.201,10.219
1550000,97,4,1983,townhouse,Beder,8330,11.3,2021,2021Q3,2021-07-06,56.055,10.204
2800000,112,4,2003,townhouse,Beder,8330,11.5,2021,2021Q3,2021-07-06,56.053,10.216
3770000,200,5,2004,villa,Tilst,8381,6.6,2021,2021Q3,2021-07-07,56.192,10.124
4595000,200,8,1975,villa,Tilst,8381,7.1,2021,2021Q3,2021-07-07,56.175,10.101
3550000,117,4,1950,townhouse,Aarhus N,8200,2.9,2021,2021Q3,2021-07-07,56.182,10.199
3995000,194,5,1973,villa,Lystrup,8520,9.0,2021,2021Q3,2021-07-07,56.237,10.202
2325000,90,4,1984,townhouse,Hasselager,8361,10.9,2021,2021Q3,2021-07-07,56.102,10.065
4507000,98,4,1949,townhouse,Åbyhøj,8230,3.3,2021,2021Q3,2021-07-07,56.158,10.158
3895000,130,5,2014,villa,Tranbjerg J,8310,9.8,2021,2021Q3,2021-07-07,56.086,10.115
3750000,128,4,2021,townhouse,Aarhus N,8200,8.5,2021,2021Q3,2021-07-07,56.233,10.205
2700000,100,3,1973,townhouse,Lystrup,8520,9.3,2021,2021Q3,2021-07-07,56.239,10.237
7700000,237,8,1966,villa,Højbjerg,8270,5.4,2021,2021Q3,2021-07-07,56.109,10.222
3675000,181,6,1973,villa,Skødstrup,8541,14.0,2021,2021Q3,2021-07-07,56.271,10.306
2870000,92,3,1984,townhouse,Risskov,8240,5.1,2021,2021Q3,2021-07-07,56.202,10.208
5475000,104,3,1928,villa,Højbjerg,8270,4.9,2021,2021Q3,2021-07-07,56.122,10.162
5300000,119,6,1933,villa,Aarhus V,8210,2.4,2021,2021Q3,2021-07-08,56.167,10.177
3051000,117,4,2011,townhouse,Mårslet,8320,11.2,2021,2021Q3,2021-07-08,56.06,10.157
4612000,163,4,1977,villa,Mårslet,8320,10.0,2021,2021Q3,2021-07-08,56.073,10.152
2900000,150,6,1971,villa,Tilst,8381,7.2,2021,2021Q3,2021-07-08,56.178,10.1
4400000,170,5,2023,villa,Harlev J,8462,13.8,2021,2021Q3,2021-07-08,56.134,9.992
2900000,201,8,1962,villa,Sabro,8471,13.2,2021,2021Q3,2021-07-08,56.212,10.022
2800000,124,5,1969,villa,Højbjerg,8270,4.7,2021,2021Q3,2021-07-08,56.117,10.184
5695000,157,4,1956,villa,Åbyhøj,8230,2.8,2021,2021Q3,2021-07-08,56.161,10.167
2650000,104,4,1964,villa,Hasselager,8361,9.2,2021,2021Q3,2021-07-08,56.108,10.092
4450000,205,5,1966,villa,Højbjerg,8270,4.7,2021,2021Q3,2021-07-08,56.116,10.188
4225000,215,5,2015,villa,Skødstrup,8541,11.4,2021,2021Q3,2021-07-08,56.245,10.304
5460000,172,5,2008,villa,Skødstrup,8541,13.4,2021,2021Q3,2021-07-11,56.267,10.3
3000000,91,4,1990,townhouse,Risskov,8240,5.3,2021,2021Q3,2021-07-11,56.204,10.208
2499000,104,3,1982,townhouse,Lystrup,8520,8.4,2021,2021Q3,2021-07-11,56.231,10.234
3475000,146,5,2017,townhouse,Lystrup,8520,9.1,2021,2021Q3,2021-07-11,56.238,10.197
3200000,110,4,1885,townhouse,Viby J,8260,4.3,2021,2021Q3,2021-07-11,56.126,10.167
3205000,98,4,1982,townhouse,Egå,8250,8.2,2021,2021Q3,2021-07-11,56.218,10.284
3035555,114,4,1983,villa,Tilst,8381,6.1,2021,2021Q3,2021-07-12,56.177,10.119
2050000,111,3,1961,villa,Hjortshøj,8530,10.3,2021,2021Q3,2021-07-12,56.245,10.261
3900000,173,6,1975,villa,Tilst,8381,6.6,2021,2021Q3,2021-07-12,56.177,10.111
4398000,118,4,2002,townhouse,Højbjerg,8270,6.7,2021,2021Q3,2021-07-12,56.097,10.216
10400000,214,8,1972,villa,Højbjerg,8270,5.0,2021,2021Q3,2021-07-13,56.112,10.215
3450000,130,4,1972,villa,Mårslet,8320,9.9,2021,2021Q3,2021-07-13,56.071,10.165
11000000,221,6,1957,villa,Højbjerg,8270,5.3,2021,2021Q3,2021-07-13,56.109,10.223
2395000,190,5,1972,villa,Trige,8380,15.9,2021,2021Q3,2021-07-13,56.295,10.149
3250000,100,4,2017,townhouse,Lystrup,8520,8.2,2021,2021Q3,2021-07-13,56.229,10.227
2620000,83,4,1987,townhouse,Aarhus N,8200,3.8,2021,2021Q3,2021-07-13,56.19,10.193
4700000,110,5,1957,townhouse,Risskov,8240,3.9,2021,2021Q3,2021-07-13,56.192,10.221
2965000,139,6,1986,townhouse,Mårslet,8320,10.9,2021,2021Q3,2021-07-13,56.062,10.166
4750000,99,4,1949,townhouse,Aarhus N,8200,2.4,2021,2021Q3,2021-07-13,56.177,10.197
2031000,100,4,1962,villa,Sabro,8471,13.3,2021,2021Q3,2021-07-13,56.212,10.02
3838000,136,4,1972,villa,Aarhus V,8210,3.8,2021,2021Q3,2021-07-14,56.176,10.16
795000,169,4,2023,villa,Hjortshøj,8530,15.0,2021,2021Q3,2021-07-14,56.292,10.214
2375000,97,3,2006,townhouse,Skødstrup,8541,15.6,2021,2021Q3,2021-07-14,56.281,10.326
949000,145,5,2022,villa,Hjortshøj,8530,15.0,2021,2021Q3,2021-07-14,56.291,10.214
3165000,128,3,2013,townhouse,Malling,8340,14.4,2021,2021Q3,2021-07-14,56.028,10.187
2800000,112,4,1977,townhouse,Højbjerg,8270,5.2,2021,2021Q3,2021-07-14,56.115,10.172
3050000,122,4,2017,townhouse,Skødstrup,8541,14.5,2021,2021Q3,2021-07-14,56.274,10.314
1749000,58,2,1989,townhouse,Lystrup,8520,9.7,2021,2021Q3,2021-07-14,56.242,10.243
9500000,193,6,1954,villa,Højbjerg,8270,3.3,2021,2021Q3,2021-07-14,56.13,10.188
4200000,137,5,1927,townhouse,Risskov,8240,4.9,2021,2021Q3,2021-07-14,56.196,10.249
2948000,190,6,1964,villa,Harlev J,8462,13.0,2021,2021Q3,2021-07-14,56.15,10.001
2506000,83,3,2003,townhouse,Lystrup,8520,8.6,2021,2021Q3,2021-07-15,56.234,10.221
3698000,139,4,2009,townhouse,Viby J,8260,6.5,2021,2021Q3,2021-07-15,56.12,10.131
4898000,165,8,1949,villa,Viby J,8260,6.1,2021,2021Q3,2021-07-15,56.136,10.12
3350000,145,5,2019,villa,Sabro,8471,16.3,2021,2021Q3,2021-07-15,56.223,9.976
3400000,120,5,1964,villa,Beder,8330,10.6,2021,2021Q3,2021-07-15,56.062,10.203
7975000,172,6,1910,villa,Åbyhøj,8230,2.8,2021,2021Q3,2021-07-15,56.157,10.166
3599000,146,4,2017,townhouse,Mårslet,8320,8.9,2021,2021Q3,2021-07-15,56.084,10.15
2070000,84,3,1984,townhouse,Tilst,8381,7.4,2021,2021Q3,2021-07-15,56.192,10.109
2498000,133,5,1920,villa,Hasselager,8361,8.9,2021,2021Q3,2021-07-16,56.105,10.1
2448000,108,5,1961,villa,Trige,8380,11.8,2021,2021Q3,2021-07-17,56.255,10.142
2598000,94,4,1982,townhouse,Aarhus V,8210,5.3,2021,2021Q3,2021-07-17,56.175,10.131
5802000,223,8,1972,villa,Risskov,8240,5.6,2021,2021Q3,2021-07-17,56.207,10.217
4270000,130,5,1990,townhouse,Aarhus N,8200,2.8,2021,2021Q3,2021-07-17,56.175,10.181
3798000,139,4,2009,townhouse,Viby J,8260,6.4,2021,2021Q3,2021-07-18,56.12,10.131
4105000,197,6,1969,villa,Mårslet,8320,10.0,2021,2021Q3,2021-07-18,56.071,10.161
5200000,155,5,1968,villa,Egå,8250,9.7,2021,2021Q3,2021-07-18,56.227,10.304
4465000,171,5,2018,villa,Solbjerg,8355,14.8,2021,2021Q3,2021-07-18,56.039,10.1
3886000,114,4,2003,townhouse,Højbjerg,8270,6.5,2021,2021Q3,2021-07-18,56.102,10.173
1875000,72,3,1973,townhouse,Tranbjerg J,8310,9.5,2021,2021Q3,2021-07-19,56.088,10.12
1060000,121,4,1900,villa,Solbjerg,8355,16.8,2021,2021Q3,2021-07-19,56.021,10.092
2350000,180,5,2022,villa,Hasselager,8361,9.5,2021,2021Q3,2021-07-19,56.108,10.086
3200000,88,4,1983,townhouse,Brabrand,8220,6.9,2021,2021Q3,2021-07-19,56.151,10.1
6695000,186,6,1993,villa,Højbjerg,8270,4.6,2021,2021Q3,2021-07-19,56.116,10.212
5750000,89,3,1930,villa,Åbyhøj,8230,3.6,2021,2021Q3,2021-07-19,56.158,10.153
3150000,114,4,2018,townhouse,Mårslet,8320,11.3,2021,2021Q3,2021-07-19,56.058,10.167
2595000,105,3,2012,townhouse,Malling,8340,14.2,2021,2021Q3,2021-07-19,56.029,10.188
3995000,123,4,1983,villa,Egå,8250,6.5,2021,2021Q3,2021-07-19,56.206,10.266
3295000,154,5,1972,townhouse,Beder,8330,10.3,2021,2021Q3,2021-07-20,56.064,10.215
4700000,147,6,1923,villa,Egå,8250,6.0,2021,2021Q3,2021-07-20,56.204,10.258
4435000,186,6,1976,villa,Lystrup,8520,9.4,2021,2021Q3,2021-07-20,56.24,10.241
6150000,173,6,1963,villa,Brabrand,8220,4.7,2021,2021Q3,2021-07-20,56.147,10.137
4200000,157,5,1973,villa,Lystrup,8520,9.3,2021,2021Q3,2021-07-21,56.24,10.223
2825000,95,4,1999,townhouse,Lystrup,8520,9.5,2021,2021Q3,2021-07-21,56.24,10.247
5848000,140,5,2020,villa,Åbyhøj,8230,3.6,2021,2021Q3,2021-07-21,56.151,10.154
3050000,100,5,1986,townhouse,Egå,8250,7.6,2021,2021Q3,2021-07-21,56.217,10.267
6850000,130,5,1958,villa,Viby J,8260,3.0,2021,2021Q3,2021-07-21,56.133,10.189
3325000,147,5,1977,villa,Tranbjerg J,8310,8.6,2021,2021Q3,2021-07-21,56.088,10.147
3518000,170,5,1973,townhouse,Tranbjerg J,8310,9.7,2021,2021Q3,2021-07-22,56.087,10.118
4525000,149,6,1973,villa,Aarhus V,8210,3.7,2021,2021Q3,2021-07-22,56.174,10.159
2698000,158,5,1989,villa,Solbjerg,8355,12.9,2021,2021Q3,2021-07-22,56.055,10.112
2550000,219,5,1920,villa,Sabro,8471,16.8,2021,2021Q3,2021-07-22,56.238,9.982
3300000,160,4,2023,villa,Egå,8250,12.1,2021,2021Q3,2021-07-22,56.243,10.331
1995000,85,4,1970,townhouse,Tranbjerg J,8310,8.2,2021,2021Q3,2021-07-22,56.092,10.148
2600000,87,3,1963,townhouse,Højbjerg,8270,5.1,2021,2021Q3,2021-07-22,56.119,10.165
2649000,156,7,1961,villa,Lystrup,8520,8.5,2021,2021Q3,2021-07-22,56.233,10.231
4180000,125,4,1978,villa,Aarhus N,8200,2.6,2021,2021Q3,2021-07-22,56.175,10.185
2325000,82,4,1973,townhouse,Aarhus V,8210,4.0,2021,2021Q3,2021-07-24,56.172,10.152
5550000,183,6,2010,villa,Lystrup,8520,8.7,2021,2021Q3,2021-07-25,56.235,10.196
4700000,105,5,1954,townhouse,Højbjerg,8270,4.0,2021,2021Q3,2021-07-25,56.122,10.192
3600000,168,6,1986,villa,Sabro,8471,12.7,2021,2021Q3,2021-07-25,56.213,10.032
3100000,176,5,1939,villa,Højbjerg,8270,5.6,2021,2021Q3,2021-07-25,56.107,10.208
3090000,97,4,2008,townhouse,Egå,8250,6.9,2021,2021Q3,2021-07-26,56.211,10.264
4050000,119,4,2003,townhouse,Risskov,8240,3.1,2021,2021Q3,2021-07-26,56.184,10.217
2790000,137,5,2022,villa,Egå,8250,10.9,2021,2021Q3,2021-07-26,56.234,10.319
2975000,136,5,1980,townhouse,Lystrup,8520,8.1,2021,2021Q3,2021-07-26,56.229,10.236
7995000,164,5,1997,villa,Egå,8250,9.7,2021,2021Q3,2021-07-26,56.228,10.302
5850000,161,5,1962,villa,Højbjerg,8270,3.4,2021,2021Q3,2021-07-27,56.13,10.187
3295000,120,4,2012,townhouse,Malling,8340,14.4,2021,2021Q3,2021-07-27,56.028,10.187
2625000,152,5,1960,villa,Solbjerg,8355,15.6,2021,2021Q3,2021-07-27,56.036,10.081
3998000,101,4,1999,townhouse,Højbjerg,8270,4.9,2021,2021Q3,2021-07-27,56.114,10.189
5145000,185,6,2006,villa,Hjortshøj,8530,12.3,2021,2021Q3,2021-07-27,56.263,10.268
6400000,194,6,2008,villa,Mårslet,8320,10.8,2021,2021Q3,2021-07-28,56.066,10.152
4625000,114,5,1964,villa,Viby J,8260,3.7,2021,2021Q3,2021-07-28,56.128,10.18
2940000,162,5,1967,villa,Tilst,8381,8.2,2021,2021Q3,2021-07-28,56.193,10.096
3475000,240,4,1926,villa,Tilst,8381,7.7,2021,2021Q3,2021-07-28,56.176,10.091
11100000,286,6,2016,villa,Risskov,8240,4.7,2021,2021Q3,2021-07-28,56.193,10.249
3148000,136,4,2012,townhouse,Hasselager,8361,10.7,2021,2021Q3,2021-07-29,56.108,10.063
1995000,90,3,1977,townhouse,Højbjerg,8270,5.3,2021,2021Q3,2021-07-29,56.115,10.171
11850000,198,6,1981,villa,Risskov,8240,5.0,2021,2021Q3,2021-07-29,56.195,10.251
6010000,191,5,1974,villa,Egå,8250,6.8,2021,2021Q3,2021-07-29,56.206,10.277
4400000,202,7,2019,villa,Sabro,8471,16.4,2021,2021Q3,2021-07-29,56.224,9.975
3425000,121,4,2017,townhouse,Hasselager,8361,9.1,2021,2021Q3,2021-07-29,56.114,10.086
12000000,251,10,1952,villa,Højbjerg,8270,4.8,2021,2021Q3,2021-07-29,56.114,10.214
4050000,153,3,1976,villa,Lystrup,8520,9.7,2021,2021Q3,2021-07-29,56.243,10.238
2995000,87,4,1987,townhouse,Risskov,8240,5.4,2021,2021Q3,2021-07-29,56.205,10.21
4200000,153,5,1965,villa,Aarhus V,8210,3.3,2021,2021Q3,2021-07-29,56.173,10.166
3800000,128,4,1978,villa,Mårslet,8320,9.7,2021,2021Q3,2021-07-30,56.076,10.152
4148000,157,5,1939,villa,Viby J,8260,10.6,2021,2021Q3,2021-07-31,56.131,10.046
3250000,121,4,2016,villa,Hasselager,8361,9.0,2021,2021Q3,2021-08-01,56.115,10.086
2950000,97,4,2017,townhouse,Egå,8250,6.9,2021,2021Q3,2021-08-01,56.211,10.265
2050000,208,8,1966,villa,Egå,8250,7.3,2021,2021Q3,2021-08-01,56.215,10.266
5685000,134,5,1981,villa,Højbjerg,8270,4.0,2021,2021Q3,2021-08-01,56.122,10.194
3095000,98,4,1988,townhouse,Aarhus N,8200,3.9,2021,2021Q3,2021-08-01,56.191,10.194
6998000,140,3,1969,villa,Åbyhøj,8230,3.0,2021,2021Q3,2021-08-01,56.159,10.163
4750000,147,6,1974,townhouse,Risskov,8240,5.0,2021,2021Q3,2021-08-02,56.201,10.22
2495000,114,4,1979,villa,Harlev J,8462,13.5,2021,2021Q3,2021-08-02,56.148,9.993
2926750,126,4,1972,villa,Lystrup,8520,9.0,2021,2021Q3,2021-08-02,56.237,10.2
4100000,160,6,1972,villa,Tilst,8381,7.3,2021,2021Q3,2021-08-02,56.179,10.101
8748000,133,7,1974,villa,Egå,8250,10.0,2021,2021Q3,2021-08-03,56.228,10.309
3420000,172,5,1985,townhouse,Lystrup,8520,9.9,2021,2021Q3,2021-08-03,56.245,10.232
6400000,127,4,1890,villa,Aarhus C,8000,1.2,2021,2021Q3,2021-08-03,56.147,10.202
4775000,205,7,2015,villa,Hasselager,8361,8.7,2021,2021Q3,2021-08-03,56.111,10.097
5800000,205,8,1910,villa,Brabrand,8220,6.8,2021,2021Q3,2021-08-03,56.156,10.101
3400000,122,4,2015,townhouse,Hasselager,8361,8.7,2021,2021Q3,2021-08-04,56.115,10.093
2348000,85,4,1972,townhouse,Tranbjerg J,8310,8.2,2021,2021Q3,2021-08-05,56.091,10.152
3100000,87,4,1988,townhouse,Risskov,8240,5.2,2021,2021Q3,2021-08-05,56.203,10.209
5200000,120,5,1954,townhouse,Risskov,8240,4.0,2021,2021Q3,2021-08-05,56.192,10.224
1362500,91,3,1909,villa,Viby J,8260,9.8,2021,2021Q3,2021-08-06,56.123,10.065
2218750,89,3,1981,townhouse,Tilst,8381,7.5,2021,2021Q3,2021-08-06,56.194,10.11
4775000,131,3,1966,townhouse,Viby J,8260,3.5,2021,2021Q3,2021-08-06,56.132,10.175
3450000,103,5,1968,villa,Egå,8250,11.2,2021,2021Q3,2021-08-06,56.235,10.325
3100000,101,4,1988,townhouse,Risskov,8240,5.4,2021,2021Q3,2021-08-06,56.205,10.208
6060000,147,5,1961,villa,Højbjerg,8270,4.3,2021,2021Q3,2021-08-07,56.122,10.181
3600000,204,6,1976,villa,Tranbjerg J,8310,9.0,2021,2021Q3,2021-08-07,56.09,10.127
3750000,144,4,1969,villa,Aarhus V,8210,4.1,2021,2021Q3,2021-08-07,56.176,10.156
15250000,289,5,2014,villa,Risskov,8240,5.3,2021,2021Q3,2021-08-07,56.197,10.255
5700000,201,6,2005,villa,Brabrand,8220,7.1,2021,2021Q3,2021-08-08,56.159,10.097
4865000,130,5,1973,villa,Højbjerg,8270,5.9,2021,2021Q3,2021-08-08,56.104,10.206
2795000,123,4,1979,villa,Skødstrup,8541,14.6,2021,2021Q3,2021-08-09,56.275,10.316
920000,26,1,1986,townhouse,Aarhus V,8210,3.3,2021,2021Q3,2021-08-09,56.166,10.159
2200000,131,4,1989,villa,Solbjerg,8355,15.3,2021,2021Q3,2021-08-09,56.034,10.101
2950000,101,3,1929,villa,Tranbjerg J,8310,8.4,2021,2021Q3,2021-08-09,56.095,10.133
2998000,134,6,1972,villa,Egå,8250,11.2,2021,2021Q3,2021-08-09,56.235,10.324
4145000,113,3,2012,villa,Egå,8250,11.7,2021,2021Q3,2021-08-09,56.237,10.334
3725000,155,5,2008,villa,Solbjerg,8355,14.3,2021,2021Q3,2021-08-10,56.044,10.099
1480000,67,2,1961,townhouse,Lystrup,8520,8.5,2021,2021Q3,2021-08-10,56.232,10.229
6100000,134,4,2015,townhouse,Åbyhøj,8230,2.5,2021,2021Q3,2021-08-10,56.158,10.171
3630000,106,4,2000,townhouse,Højbjerg,8270,4.8,2021,2021Q3,2021-08-10,56.115,10.189
2050000,112,4,1978,villa,Hjortshøj,8530,14.9,2021,2021Q3,2021-08-10,56.29,10.215
2745000,125,4,1980,villa,Hasselager,8361,9.7,2021,2021Q3,2021-08-11,56.105,10.085
6295000,134,5,1960,villa,Risskov,8240,4.0,2021,2021Q3,2021-08-11,56.19,10.234
2000000,160,4,1962,villa,Trige,8380,16.2,2021,2021Q3,2021-08-11,56.298,10.148
3150000,121,3,2013,townhouse,Sabro,8471,11.5,2021,2021Q3,2021-08-11,56.207,10.049
2926000,102,4,2021,townhouse,Aarhus N,8200,8.4,2021,2021Q3,2021-08-11,56.232,10.204
3000000,114,4,1988,villa,Tilst,8381,6.6,2021,2021Q3,2021-08-11,56.188,10.119
2598000,123,4,1977,townhouse,Tranbjerg J,8310,8.3,2021,2021Q3,2021-08-11,56.097,10.131
5295000,122,4,2022,townhouse,Aarhus N,8200,2.6,2021,2021Q3,2021-08-12,56.179,10.198
4875000,243,7,1991,villa,Skødstrup,8541,12.7,2021,2021Q3,2021-08-12,56.259,10.299
3149000,107,5,1999,townhouse,Lystrup,8520,9.5,2021,2021Q3,2021-08-12,56.239,10.246
3500000,324,9,1914,villa,Tranbjerg J,8310,8.4,2021,2021Q3,2021-08-12,56.094,10.135
5900000,117,4,1923,townhouse,Aarhus N,8200,2.2,2021,2021Q3,2021-08-12,56.176,10.216
4000000,158,5,1970,villa,Aarhus N,8200,3.1,2021,2021Q3,2021-08-12,56.18,10.184
6550000,218,7,1959,villa,Åbyhøj,8230,3.3,2021,2021Q3,2021-08-12,56.16,10.158
1595000,153,4,2022,villa,Malling,8340,13.5,2021,2021Q3,2021-08-12,56.036,10.184
3350000,109,4,2016,townhouse,Viby J,8260,7.1,2021,2021Q3,2021-08-12,56.129,10.108
3140000,92,3,2021,townhouse,Aarhus N,8200,8.5,2021,2021Q3,2021-08-12,56.233,10.204
10800000,256,9,1969,villa,Risskov,8240,4.9,2021,2021Q3,2021-08-12,56.194,10.254
3050000,105,4,1986,townhouse,Risskov,8240,5.3,2021,2021Q3,2021-08-12,56.205,10.207
4498000,158,6,1977,villa,Mårslet,8320,10.6,2021,2021Q3,2021-08-12,56.064,10.166
3150000,124,4,1969,villa,Aarhus V,8210,3.6,2021,2021Q3,2021-08-13,56.174,10.162
5325000,184,5,2024,villa,Højbjerg,8270,4.9,2021,2021Q3,2021-08-14,56.112,10.207
1250020,206,6,2022,villa,Hjortshøj,8530,15.2,2021,2021Q3,2021-08-15,56.293,10.214
4600000,160,6,2015,villa,Sabro,8471,11.9,2021,2021Q3,2021-08-15,56.212,10.046
1381505,172,4,2022,villa,Hjortshøj,8530,15.2,2021,2021Q3,2021-08-15,56.293,10.213
1035000,150,5,2022,villa,Hjortshøj,8530,15.2,2021,2021Q3,2021-08-15,56.293,10.215
1126100,190,5,2022,villa,Hjortshøj,8530,15.3,2021,2021Q3,2021-08-15,56.294,10.215
5350000,136,5,1960,villa,Højbjerg,8270,4.4,2021,2021Q3,2021-08-15,56.119,10.189
6650000,148,5,1966,villa,Egå,8250,8.0,2021,2021Q3,2021-08-15,56.214,10.289
8155000,180,6,1920,villa,Viby J,8260,3.7,2021,2021Q3,2021-08-15,56.128,10.181
2450000,196,5,1880,villa,Hjortshøj,8530,18.4,2021,2021Q3,2021-08-15,56.322,10.214
4600000,298,8,2023,villa,Højbjerg,8270,4.2,2021,2021Q3,2021-08-16,56.122,10.182
7200000,157,6,1958,villa,Risskov,8240,3.9,2021,2021Q3,2021-08-16,56.19,10.226
3200000,120,4,2006,townhouse,Brabrand,8220,7.5,2021,2021Q3,2021-08-16,56.158,10.09
2950000,124,4,2018,townhouse,Malling,8340,14.4,2021,2021Q3,2021-08-16,56.027,10.191
1600000,177,5,2022,villa,Malling,8340,14.7,2021,2021Q3,2021-08-16,56.026,10.185
4748000,149,6,1971,villa,Risskov,8240,5.4,2021,2021Q3,2021-08-16,56.205,10.216
5375000,156,5,1978,villa,Viby J,8260,5.7,2021,2021Q3,2021-08-16,56.138,10.124
7250000,264,8,1969,villa,Risskov,8240,5.3,2021,2021Q3,2021-08-16,56.204,10.221
4800000,146,6,1927,townhouse,Aarhus V,8210,3.1,2021,2021Q3,2021-08-16,56.168,10.165
1603300,179,5,2023,villa,Malling,8340,14.8,2021,2021Q3,2021-08-17,56.024,10.184
5000000,280,7,2023,villa,Højbjerg,8270,6.3,2021,2021Q3,2021-08-17,56.1,10.215
7898000,207,3,2015,villa,Brabrand,8220,7.2,2021,2021Q3,2021-08-17,56.158,10.095
4526852,165,5,2021,townhouse,Mårslet,8320,9.9,2021,2021Q3,2021-08-17,56.075,10.149
1680000,209,6,2023,villa,Malling,8340,14.9,2021,2021Q3,2021-08-17,56.024,10.185
1755999,178,5,2022,villa,Malling,8340,14.9,2021,2021Q3,2021-08-17,56.024,10.184
1611113,170,5,2022,villa,Malling,8340,14.8,2021,2021Q3,2021-08-17,56.024,10.183
6850000,162,4,2003,villa,Højbjerg,8270,5.7,2021,2021Q3,2021-08-17,56.105,10.205
3340000,182,5,1979,villa,Solbjerg,8355,14.8,2021,2021Q3,2021-08-17,56.04,10.093
6995000,155,4,2019,villa,Egå,8250,12.0,2021,2021Q3,2021-08-17,56.24,10.335
2700000,100,4,1967,villa,Hjortshøj,8530,11.2,2021,2021Q3,2021-08-17,56.253,10.267
2700000,89,4,1986,townhouse,Risskov,8240,4.7,2021,2021Q3,2021-08-17,56.198,10.195
3798000,136,5,1981,villa,Tranbjerg J,8310,8.6,2021,2021Q3,2021-08-17,56.097,10.123
2998000,129,5,1965,villa,Hasselager,8361,9.0,2021,2021Q3,2021-08-17,56.108,10.094
2325000,116,4,2013,townhouse,Solbjerg,8355,14.3,2021,2021Q3,2021-08-18,56.047,10.092
2095000,126,4,1970,villa,Hjortshøj,8530,14.3,2021,2021Q3,2021-08-18,56.285,10.212
900000,173,6,2022,villa,Hjortshøj,8530,15.0,2021,2021Q3,2021-08-18,56.292,10.215
3315000,165,5,1965,villa,Risskov,8240,6.4,2021,2021Q3,2021-08-18,56.202,10.275
4785000,203,7,2016,villa,Malling,8340,14.2,2021,2021Q3,2021-08-18,56.029,10.192
1075000,148,6,1864,villa,Aarhus N,8200,7.5,2021,2021Q3,2021-08-18,56.207,10.129
3500000,169,5,1945,villa,Hjortshøj,8530,10.1,2021,2021Q3,2021-08-18,56.242,10.263
4750000,152,6,1982,villa,Risskov,8240,6.2,2021,2021Q3,2021-08-18,56.208,10.249
6598000,105,5,1937,villa,Højbjerg,8270,4.2,2021,2021Q3,2021-08-18,56.12,10.198
2195000,100,4,1985,townhouse,Beder,8330,11.4,2021,2021Q3,2021-08-18,56.054,10.202
3725000,182,6,1969,villa,Beder,8330,11.0,2021,2021Q3,2021-08-18,56.058,10.215
4098000,162,5,1989,villa,Tilst,8381,6.6,2021,2021Q3,2021-08-18,56.187,10.118
3851912,90,4,1947,villa,Aarhus V,8210,3.2,2021,2021Q3,2021-08-19,56.177,10.175
7250000,141,5,1914,villa,Viby J,8260,2.8,2021,2021Q3,2021-08-19,56.138,10.18
3910000,171,6,1979,villa,Hasselager,8361,9.7,2021,2021Q3,2021-08-19,56.107,10.083
12500000,176,7,1902,villa,Højbjerg,8270,3.4,2021,2021Q3,2021-08-19,56.128,10.19
10000000,303,8,1968,villa,Højbjerg,8270,5.6,2021,2021Q3,2021-08-19,56.107,10.222
3199000,101,4,2003,townhouse,Lystrup,8520,8.5,2021,2021Q3,2021-08-19,56.233,10.219
4450000,192,7,1926,villa,Aarhus V,8210,3.1,2021,2021Q3,2021-08-19,56.169,10.166
2822500,136,5,1968,villa,Hasselager,8361,9.2,2021,2021Q3,2021-08-19,56.108,10.091
4875000,151,4,1970,villa,Risskov,8240,5.4,2021,2021Q3,2021-08-19,56.205,10.223
2195000,120,4,1973,villa,Hjortshøj,8530,15.8,2021,2021Q3,2021-08-19,56.299,10.213
5650000,120,4,1934,villa,Åbyhøj,8230,3.8,2021,2021Q3,2021-08-20,56.156,10.149
4300000,204,5,2020,villa,Skødstrup,8541,15.2,2021,2021Q3,2021-08-21,56.28,10.318
2655000,116,4,2017,townhouse,Hasselager,8361,9.0,2021,2021Q3,2021-08-21,56.105,10.099
8600000,170,6,1892,townhouse,Aarhus C,8000,0.6,2021,2021Q3,2021-08-21,56.16,10.202
3715000,151,5,2008,villa,Solbjerg,8355,14.3,2021,2021Q3,2021-08-22,56.044,10.098
5925000,212,8,1966,villa,Egå,8250,7.9,2021,2021Q3,2021-08-22,56.214,10.284
5050000,160,6,2000,villa,Hjortshøj,8530,10.6,2021,2021Q3,2021-08-22,56.245,10.275
2110000,102,3,2010,townhouse,Solbjerg,8355,14.8,2021,2021Q3,2021-08-22,56.044,10.084
2475000,155,4,1977,villa,Trige,8380,11.4,2021,2021Q3,2021-08-22,56.25,10.132
4495000,142,4,2023,townhouse,Viby J,8260,6.6,2021,2021Q3,2021-08-22,56.129,10.116
4450000,368,5,2023,villa,Mårslet,8320,9.4,2021,2021Q3,2021-08-22,56.075,10.167
6350000,160,6,1967,villa,Aarhus V,8210,3.5,2021,2021Q3,2021-08-22,56.165,10.157
2450000,100,4,1969,villa,Malling,8340,13.2,2021,2021Q3,2021-08-22,56.038,10.204
4598000,128,4,1970,villa,Risskov,8240,5.6,2021,2021Q3,2021-08-22,56.207,10.216
3450000,159,6,1969,villa,Viby J,8260,6.5,2021,2021Q3,2021-08-22,56.112,10.144
2450000,87,4,1990,townhouse,Risskov,8240,4.5,2021,2021Q3,2021-08-22,56.197,10.198
3550000,170,4,2022,villa,Risskov,8240,5.3,2021,2021Q3,2021-08-22,56.202,10.239
2875000,155,4,1902,villa,Risskov,8240,4.5,2021,2021Q3,2021-08-23,56.197,10.213
5495000,145,6,1954,villa,Aarhus N,8200,2.3,2021,2021Q3,2021-08-23,56.176,10.197
6218824,184,5,2022,villa,Mårslet,8320,9.4,2021,2021Q3,2021-08-23,56.076,10.166
2048000,210,6,2023,villa,Hasselager,8361,8.8,2021,2021Q3,2021-08-23,56.11,10.096
3925000,150,5,2019,townhouse,Brabrand,8220,7.2,2021,2021Q3,2021-08-23,56.156,10.095
6181810,206,4,2023,villa,Mårslet,8320,9.4,2021,2021Q3,2021-08-23,56.076,10.167
4850000,177,5,1987,villa,Højbjerg,8270,6.0,2021,2021Q3,2021-08-23,56.107,10.172
2110000,85,4,1974,townhouse,Tranbjerg J,8310,9.3,2021,2021Q3,2021-08-23,56.091,10.119
4975000,132,5,1969,villa,Åbyhøj,8230,3.9,2021,2021Q3,2021-08-23,56.157,10.147
3025000,184,5,2022,villa,Egå,8250,10.9,2021,2021Q3,2021-08-24,56.233,10.322
3500000,93,4,1992,townhouse,Egå,8250,6.2,2021,2021Q3,2021-08-24,56.203,10.268
4301000,159,6,2004,villa,Tilst,8381,6.6,2021,2021Q3,2021-08-24,56.192,10.125
3095000,144,4,1877,villa,Brabrand,8220,5.4,2021,2021Q3,2021-08-24,56.151,10.125
4785000,96,4,1827,townhouse,Åbyhøj,8230,3.3,2021,2021Q3,2021-08-24,56.145,10.161
4595000,168,5,2018,villa,Solbjerg,8355,15.1,2021,2021Q3,2021-08-24,56.037,10.097
4995000,175,6,2001,villa,Aarhus N,8200,7.6,2021,2021Q3,2021-08-24,56.222,10.172
8850000,227,7,1953,villa,Risskov,8240,3.7,2021,2021Q3,2021-08-24,56.189,10.228
3625000,123,5,1969,villa,Aarhus V,8210,3.4,2021,2021Q3,2021-08-24,56.172,10.163
2550000,92,4,1900,villa,Tranbjerg J,8310,7.2,2021,2021Q3,2021-08-24,56.104,10.142
4250000,189,6,1969,villa,Beder,8330,11.1,2021,2021Q3,2021-08-24,56.057,10.211
2975000,140,5,1969,villa,Skødstrup,8541,15.0,2021,2021Q3,2021-08-24,56.279,10.312
8995000,172,4,1900,villa,Viby J,8260,3.2,2021,2021Q3,2021-08-25,56.133,10.183
2800000,137,3,2015,villa,Sabro,8471,10.1,2021,2021Q3,2021-08-25,56.196,10.064
4025000,182,7,1985,villa,Lystrup,8520,8.8,2021,2021Q3,2021-08-25,56.236,10.203
3071337,103,4,2007,townhouse,Brabrand,8220,7.5,2021,2021Q3,2021-08-25,56.16,10.09
3700000,178,6,1850,villa,Mårslet,8320,9.6,2021,2021Q3,2021-08-25,56.074,10.164
2015000,72,3,1973,townhouse,Tranbjerg J,8310,9.2,2021,2021Q3,2021-08-25,56.089,10.124
2900000,70,3,1948,villa,Brabrand,8220,6.8,2021,2021Q3,2021-08-25,56.158,10.101
3098000,290,8,1956,villa,Sabro,8471,14.6,2021,2021Q3,2021-08-25,56.214,9.998
2695000,106,4,2016,townhouse,Harlev J,8462,13.7,2021,2021Q3,2021-08-25,56.141,9.991
925000,120,4,1800,villa,Trige,8380,16.2,2021,2021Q3,2021-08-26,56.299,10.148
3150000,136,5,1905,villa,Malling,8340,15.0,2021,2021Q3,2021-08-26,56.023,10.182
1998000,76,3,2008,townhouse,Brabrand,8220,7.6,2021,2021Q3,2021-08-26,56.159,10.089
3150000,140,4,1995,villa,Malling,8340,15.0,2021,2021Q3,2021-08-26,56.023,10.182
8127000,167,5,2018,villa,Højbjerg,8270,4.3,2021,2021Q3,2021-08-26,56.122,10.183
5203000,120,5,1951,villa,Aarhus V,8210,3.0,2021,2021Q3,2021-08-26,56.165,10.164
3400000,120,5,1966,villa,Tranbjerg J,8310,9.0,2021,2021Q3,2021-08-26,56.085,10.141
7400000,120,4,1986,villa,Viby J,8260,2.9,2021,2021Q3,2021-08-26,56.133,10.189
3125000,95,3,1985,townhouse,Aarhus N,8200,3.4,2021,2021Q3,2021-08-27,56.179,10.174
3235000,96,4,1986,townhouse,Aarhus N,8200,3.9,2021,2021Q3,2021-08-27,56.191,10.193
4000000,146,5,1960,villa,Risskov,8240,4.7,2021,2021Q3,2021-08-27,56.199,10.224
5750000,176,6,2001,villa,Egå,8250,10.7,2021,2021Q3,2021-08-27,56.236,10.307
2668000,108,4,1954,townhouse,Hasselager,8361,9.0,2021,2021Q3,2021-08-28,56.106,10.098
3399000,153,4,1973,villa,Skødstrup,8541,12.6,2021,2021Q3,2021-08-28,56.259,10.298
2095000,116,4,1978,townhouse,Hasselager,8361,10.2,2021,2021Q3,2021-08-29,56.106,10.073
280000,50,2,1850,townhouse,Tilst,8381,9.1,2021,2021Q3,2021-08-29,56.207,10.095
2975000,105,4,2007,townhouse,Mårslet,8320,11.2,2021,2021Q3,2021-08-29,56.06,10.162
3900000,74,3,1972,townhouse,Risskov,8240,3.2,2021,2021Q3,2021-08-29,56.183,10.23
2750000,120,5,1979,villa,Solbjerg,8355,14.9,2021,2021Q3,2021-08-29,56.04,10.092
4360000,158,8,1960,villa,Beder,8330,10.7,2021,2021Q3,2021-08-29,56.061,10.203
3210000,101,4,1987,townhouse,Risskov,8240,5.4,2021,2021Q3,2021-08-29,56.205,10.208
4525000,129,4,1952,villa,Aarhus N,8200,2.8,2021,2021Q3,2021-08-30,56.182,10.203
2815000,128,4,1971,townhouse,Lystrup,8520,9.3,2021,2021Q3,2021-08-30,56.24,10.236
6850000,169,4,2016,villa,Egå,8250,10.0,2021,2021Q3,2021-08-30,56.228,10.308
3380000,104,4,2021,townhouse,Aarhus N,8200,8.4,2021,2021Q3,2021-08-30,56.232,10.205
2400000,135,5,2021,villa,Sabro,8471,15.9,2021,2021Q3,2021-08-30,56.221,9.98
3000000,130,4,2013,townhouse,Viby J,8260,6.2,2021,2021Q3,2021-08-30,56.128,10.126
2495000,87,4,1992,townhouse,Risskov,8240,4.5,2021,2021Q3,2021-08-30,56.196,10.198
2300000,139,5,1877,villa,Hjortshøj,8530,12.5,2021,2021Q3,2021-08-30,56.265,10.266
2875000,115,4,1981,townhouse,Aarhus V,8210,4.9,2021,2021Q3,2021-08-30,56.174,10.138
3920000,107,4,1976,townhouse,Åbyhøj,8230,2.7,2021,2021Q3,2021-08-30,56.161,10.167
6995000,189,6,1899,villa,Viby J,8260,6.0,2021,2021Q3,2021-08-30,56.138,10.12
3480000,145,4,2016,townhouse,Mårslet,8320,8.9,2021,2021Q3,2021-08-31,56.084,10.149
3925000,132,3,1942,villa,Viby J,8260,3.6,2021,2021Q3,2021-08-31,56.132,10.173
3300000,112,4,2019,townhouse,Hasselager,8361,9.2,2021,2021Q3,2021-08-31,56.113,10.086
3450000,151,5,2014,villa,Hasselager,8361,9.8,2021,2021Q3,2021-08-31,56.113,10.073
1325000,60,3,1927,villa,Solbjerg,8355,14.7,2021,2021Q3,2021-08-31,56.047,10.078
1430000,108,4,1827,villa,Sabro,8471,12.6,2021,2021Q3,2021-08-31,56.215,10.036
2550000,135,4,2005,villa,Sabro,8471,10.4,2021,2021Q3,2021-08-31,56.2,10.061
1912000,100,4,1989,townhouse,Sabro,8471,13.2,2021,2021Q3,2021-08-31,56.21,10.02
5600000,122,5,1965,villa,Højbjerg,8270,4.4,2021,2021Q3,2021-09-01,56.12,10.185
4499000,145,5,2017,townhouse,Egå,8250,9.5,2021,2021Q3,2021-09-01,56.232,10.281
3100000,176,7,1969,villa,Harlev J,8462,13.0,2021,2021Q3,2021-09-01,56.147,10.002
2870000,86,3,1986,townhouse,Risskov,8240,4.5,2021,2021Q3,2021-09-01,56.197,10.196
3175000,118,4,1979,villa,Mårslet,8320,10.9,2021,2021Q3,2021-09-02,56.063,10.158
10800000,198,7,1964,villa,Risskov,8240,6.1,2021,2021Q3,2021-09-02,56.2,10.273
2550000,111,4,1989,townhouse,Tilst,8381,6.5,2021,2021Q3,2021-09-02,56.188,10.121
3762750,200,6,2021,villa,Solbjerg,8355,14.9,2021,2021Q3,2021-09-03,56.038,10.099
12900000,206,9,1945,villa,Risskov,8240,4.2,2021,2021Q3,2021-09-03,56.191,10.242
3395000,131,4,2013,townhouse,Hasselager,8361,9.0,2021,2021Q3,2021-09-05,56.114,10.087
2795000,119,4,2020,townhouse,Malling,8340,14.2,2021,2021Q3,2021-09-05,56.03,10.191
5750000,288,9,1968,villa,Aarhus N,8200,7.6,2021,2021Q3,2021-09-05,56.221,10.17
3700000,139,4,1979,villa,Mårslet,8320,10.9,2021,2021Q3,2021-09-05,56.063,10.158
2695000,157,5,2006,villa,Trige,8380,15.9,2021,2021Q3,2021-09-05,56.295,10.15
2995000,158,6,2005,villa,Trige,8380,15.9,2021,2021Q3,2021-09-05,56.295,10.151
10999000,191,6,1977,villa,Risskov,8240,6.2,2021,2021Q3,2021-09-05,56.201,10.273
5225000,183,6,1997,villa,Mårslet,8320,9.8,2021,2021Q3,2021-09-05,56.071,10.173
4000000,96,4,1961,villa,Aarhus N,8200,2.8,2021,2021Q3,2021-09-06,56.18,10.195
2465000,105,4,1987,townhouse,Beder,8330,11.2,2021,2021Q3,2021-09-06,56.056,10.206
3350000,161,4,1973,villa,Tilst,8381,6.5,2021,2021Q3,2021-09-06,56.178,10.113
3010000,140,5,2014,townhouse,Hasselager,8361,8.7,2021,2021Q3,2021-09-06,56.112,10.096
3300000,124,4,2019,villa,Harlev J,8462,13.8,2021,2021Q3,2021-09-06,56.14,9.991
3399000,126,4,1973,townhouse,Risskov,8240,5.1,2021,2021Q3,2021-09-06,56.202,10.219
2600000,110,4,2006,townhouse,Brabrand,8220,7.5,2021,2021Q3,2021-09-06,56.159,10.089
5050000,138,4,1966,villa,Risskov,8240,5.0,2021,2021Q3,2021-09-06,56.201,10.226
2998000,101,4,1983,townhouse,Egå,8250,7.3,2021,2021Q3,2021-09-06,56.215,10.266
6150000,140,6,1900,villa,Åbyhøj,8230,2.6,2021,2021Q3,2021-09-06,56.153,10.17
2680000,181,5,2023,villa,Skødstrup,8541,13.8,2021,2021Q3,2021-09-06,56.256,10.344
4298000,116,5,1961,villa,Aarhus V,8210,2.2,2021,2021Q3,2021-09-07,56.167,10.18
3650000,193,8,1978,villa,Malling,8340,13.8,2021,2021Q3,2021-09-07,56.033,10.235
4851000,101,5,1955,townhouse,Risskov,8240,4.0,2021,2021Q3,2021-09-07,56.192,10.224
4448000,135,5,1970,villa,Egå,8250,8.1,2021,2021Q3,2021-09-07,56.217,10.285
5101000,164,6,2022,villa,Risskov,8240,3.7,2021,2021Q3,2021-09-07,56.19,10.223
3998000,134,5,2018,townhouse,Egå,8250,7.1,2021,2021Q3,2021-09-07,56.213,10.265
4345000,140,5,1968,villa,Risskov,8240,5.4,2021,2021Q3,2021-09-07,56.205,10.221
3298000,120,4,1985,villa,Tranbjerg J,8310,8.2,2021,2021Q3,2021-09-07,56.099,10.129
2738000,91,4,1982,townhouse,Viby J,8260,6.0,2021,2021Q3,2021-09-07,56.125,10.133
3100000,111,4,1978,villa,Viby J,8260,6.1,2021,2021Q3,2021-09-07,56.13,10.126
3450000,118,5,1959,villa,Aarhus V,8210,3.0,2021,2021Q3,2021-09-07,56.17,10.168
3200000,133,5,1972,villa,Tilst,8381,7.1,2021,2021Q3,2021-09-08,56.181,10.105
5250000,101,3,2018,townhouse,Solbjerg,8355,14.8,2021,2021Q3,2021-09-09,56.044,10.083
5250000,101,3,2018,townhouse,Solbjerg,8355,14.8,2021,2021Q3,2021-09-09,56.044,10.083
2185000,193,6,1966,villa,Solbjerg,8355,15.3,2021,2021Q3,2021-09-09,56.037,10.089
5100000,161,5,2019,villa,Brabrand,8220,5.8,2021,2021Q3,2021-09-09,56.157,10.118
735000,193,5,2023,villa,Hjortshøj,8530,15.1,2021,2021Q3,2021-09-09,56.292,10.214
5655000,154,5,1972,villa,Brabrand,8220,6.6,2021,2021Q3,2021-09-09,56.16,10.104
2748000,114,4,2006,townhouse,Brabrand,8220,7.5,2021,2021Q3,2021-09-09,56.159,10.089
4545000,88,3,1979,villa,Højbjerg,8270,6.1,2021,2021Q3,2021-09-09,56.102,10.201
4498000,124,4,1974,villa,Højbjerg,8270,6.0,2021,2021Q3,2021-09-10,56.102,10.21
3232500,143,5,1980,townhouse,Mårslet,8320,10.1,2021,2021Q3,2021-09-10,56.069,10.166
3098000,101,4,1981,villa,Aarhus V,8210,5.5,2021,2021Q3,2021-09-11,56.176,10.129
2295000,122,4,1978,villa,Trige,8380,11.6,2021,2021Q3,2021-09-11,56.252,10.134
13800000,237,5,2020,villa,Højbjerg,8270,4.9,2021,2021Q3,2021-09-11,56.113,10.224
4600000,197,6,2006,villa,Tilst,8381,6.5,2021,2021Q3,2021-09-12,56.19,10.125
2000000,137,4,1885,townhouse,Brabrand,8220,9.0,2021,2021Q3,2021-09-12,56.153,10.066
5450000,175,6,2006,villa,Lystrup,8520,9.7,2021,2021Q3,2021-09-12,56.241,10.251
1935000,82,2,1962,villa,Solbjerg,8355,15.3,2021,2021Q3,2021-09-12,56.034,10.096
3100000,140,4,1972,villa,Egå,8250,9.8,2021,2021Q3,2021-09-12,56.235,10.283
1680000,121,4,1892,villa,Hasselager,8361,10.9,2021,2021Q3,2021-09-12,56.101,10.067
4770000,185,6,1975,villa,Åbyhøj,8230,3.7,2021,2021Q3,2021-09-12,56.159,10.151
4925000,223,5,1971,villa,Åbyhøj,8230,3.8,2021,2021Q3,2021-09-12,56.151,10.15
3162500,145,4,2022,villa,Egå,8250,10.9,2021,2021Q3,2021-09-12,56.233,10.321
4075000,130,6,1998,villa,Lystrup,8520,9.7,2021,2021Q3,2021-09-12,56.241,10.249
3550000,217,8,1964,villa,Sabro,8471,13.1,2021,2021Q3,2021-09-13,56.215,10.026
3200000,92,4,1992,villa,Viby J,8260,5.8,2021,2021Q3,2021-09-13,56.134,10.127
3500000,112,3,1950,townhouse,Højbjerg,8270,4.8,2021,2021Q3,2021-09-13,56.115,10.192
2590000,101,4,1996,townhouse,Tilst,8381,8.2,2021,2021Q3,2021-09-13,56.189,10.093
2450000,145,4,1969,villa,Trige,8380,11.4,2021,2021Q3,2021-09-13,56.254,10.152
2848000,110,4,1967,villa,Tilst,8381,7.5,2021,2021Q3,2021-09-13,56.186,10.102
4198000,145,5,1955,villa,Aarhus V,8210,3.1,2021,2021Q3,2021-09-13,56.172,10.169
4011000,105,5,1900,townhouse,Åbyhøj,8230,3.3,2021,2021Q3,2021-09-13,56.145,10.161
6665666,200,6,2022,villa,Mårslet,8320,9.3,2021,2021Q3,2021-09-13,56.076,10.167
3800000,126,4,1969,villa,Aarhus V,8210,3.9,2021,2021Q3,2021-09-14,56.177,10.16
4425000,176,5,2007,villa,Solbjerg,8355,14.4,2021,2021Q3,2021-09-14,56.045,10.093
2740000,88,3,2021,townhouse,Aarhus N,8200,8.5,2021,2021Q3,2021-09-14,56.233,10.204
3200000,157,4,2011,villa,Malling,8340,12.5,2021,2021Q3,2021-09-14,56.045,10.192
7500000,201,6,2023,villa,Egå,8250,11.7,2021,2021Q3,2021-09-14,56.235,10.336
3460000,148,5,2016,townhouse,Lystrup,8520,9.0,2021,2021Q3,2021-09-14,56.237,10.192
2915000,124,3,1780,villa,Hasselager,8361,10.6,2021,2021Q3,2021-09-14,56.084,10.102
4020000,147,4,2008,townhouse,Mårslet,8320,10.7,2021,2021Q3,2021-09-14,56.067,10.151
2680000,187,5,2023,villa,Egå,8250,11.1,2021,2021Q3,2021-09-14,56.234,10.324
5200000,130,4,2007,villa,Egå,8250,11.4,2021,2021Q3,2021-09-14,56.236,10.328
2225000,157,5,1912,villa,Harlev J,8462,12.5,2021,2021Q3,2021-09-14,56.155,10.008
4405000,132,5,1970,townhouse,Risskov,8240,4.9,2021,2021Q3,2021-09-14,56.2,10.221
3495000,152,5,2014,townhouse,Lystrup,8520,9.0,2021,2021Q3,2021-09-15,56.238,10.195
2785000,134,4,1988,townhouse,Hasselager,8361,8.7,2021,2021Q3,2021-09-15,56.109,10.1
2800000,97,4,2015,townhouse,Egå,8250,7.0,2021,2021Q3,2021-09-15,56.212,10.264
6250000,156,6,1978,villa,Højbjerg,8270,6.1,2021,2021Q3,2021-09-15,56.102,10.201
2475000,87,3,2003,townhouse,Lystrup,8520,8.6,2021,2021Q3,2021-09-15,56.234,10.219
3200000,160,6,1962,villa,Harlev J,8462,12.8,2021,2021Q3,2021-09-15,56.15,10.004
2800000,88,2,1947,villa,Aarhus V,8210,3.2,2021,2021Q3,2021-09-15,56.178,10.175
3975000,155,5,2010,villa,Malling,8340,14.3,2021,2021Q3,2021-09-16,56.029,10.188
3645000,177,7,1867,villa,Mårslet,8320,9.4,2021,2021Q3,2021-09-16,56.076,10.165
2320000,116,4,1984,villa,Skødstrup,8541,12.9,2021,2021Q3,2021-09-16,56.262,10.3
2200000,101,4,1968,villa,Harlev J,8462,12.9,2021,2021Q3,2021-09-16,56.148,10.004
3898000,155,6,1948,villa,Aarhus V,8210,3.2,2021,2021Q3,2021-09-16,56.17,10.165
6250000,181,9,1930,villa,Aarhus C,8000,1.4,2021,2021Q3,2021-09-16,56.166,10.195
4598000,126,5,1966,villa,Viby J,8260,6.2,2021,2021Q3,2021-09-16,56.129,10.123
3000000,107,4,1986,townhouse,Lystrup,8520,8.3,2021,2021Q3,2021-09-16,56.231,10.228
7498000,154,6,1927,villa,Viby J,8260,3.9,2021,2021Q3,2021-09-16,56.127,10.178
3695000,193,5,1984,villa,Aarhus V,8210,6.0,2021,2021Q3,2021-09-16,56.177,10.121
1400000,105,3,1978,villa,Hasselager,8361,10.3,2021,2021Q3,2021-09-16,56.106,10.07
3075000,128,4,1972,villa,Tilst,8381,6.9,2021,2021Q3,2021-09-17,56.179,10.107
3250000,118,3,2003,townhouse,Viby J,8260,5.7,2021,2021Q3,2021-09-17,56.134,10.128
3750000,130,3,2015,townhouse,Tranbjerg J,8310,9.9,2021,2021Q3,2021-09-18,56.081,10.124
3000000,134,5,1971,villa,Aarhus V,8210,3.7,2021,2021Q3,2021-09-19,56.173,10.159
3495000,148,5,2016,townhouse,Lystrup,8520,9.0,2021,2021Q3,2021-09-19,56.237,10.192
3348000,125,4,1939,villa,Aarhus N,8200,5.0,2021,2021Q3,2021-09-19,56.199,10.182
3398000,140,4,2017,townhouse,Malling,8340,14.2,2021,2021Q3,2021-09-19,56.03,10.185
2465000,141,5,1970,villa,Harlev J,8462,12.7,2021,2021Q3,2021-09-19,56.149,10.007
3175000,163,6,1969,villa,Sabro,8471,12.2,2021,2021Q3,2021-09-19,56.209,10.038
3075000,135,4,1969,villa,Viby J,8260,6.6,2021,2021Q3,2021-09-19,56.11,10.146
14500000,263,11,1928,villa,Risskov,8240,3.5,2021,2021Q3,2021-09-19,56.187,10.224
4325000,114,6,2011,townhouse,Risskov,8240,5.6,2021,2021Q3,2021-09-20,56.205,10.241
4400000,169,5,2009,villa,Lystrup,8520,8.9,2021,2021Q3,2021-09-20,56.237,10.197
6200000,214,8,1835,villa,Risskov,8240,4.6,2021,2021Q3,2021-09-20,56.193,10.244
3899000,125,4,2017,townhouse,Egå,8250,9.4,2021,2021Q3,2021-09-20,56.232,10.281
5306100,195,5,2018,villa,Solbjerg,8355,14.8,2021,2021Q3,2021-09-20,56.039,10.098
3675000,139,5,1972,villa,Aarhus V,8210,3.9,2021,2021Q3,2021-09-20,56.174,10.156
3515000,155,6,1988,villa,Solbjerg,8355,15.2,2021,2021Q3,2021-09-20,56.037,10.093
5098000,159,6,1827,villa,Viby J,8260,6.0,2021,2021Q3,2021-09-20,56.137,10.121
3100000,96,4,1986,townhouse,Risskov,8240,4.7,2021,2021Q3,2021-09-21,56.198,10.197
3404000,190,6,1977,villa,Lystrup,8520,9.4,2021,2021Q3,2021-09-21,56.24,10.24
3700000,147,5,1997,villa,Tilst,8381,6.7,2021,2021Q3,2021-09-21,56.191,10.121
2250000,88,2,1936,villa,Aarhus N,8200,2.9,2021,2021Q3,2021-09-22,56.179,10.187
2800500,79,3,1953,townhouse,Brabrand,8220,5.8,2021,2021Q3,2021-09-22,56.155,10.117
4125500,98,4,1940,townhouse,Aarhus V,8210,2.5,2021,2021Q3,2021-09-22,56.163,10.172
4305000,182,6,1973,villa,Aarhus V,8210,3.7,2021,2021Q3,2021-09-22,56.176,10.161
4299000,132,5,1969,townhouse,Risskov,8240,4.9,2021,2021Q3,2021-09-22,56.2,10.22
3998000,154,7,1955,villa,Højbjerg,8270,4.9,2021,2021Q3,2021-09-22,56.118,10.172
3145000,144,4,1965,villa,Lystrup,8520,8.9,2021,2021Q3,2021-09-23,56.237,10.225
1295000,100,2,1877,villa,Aarhus N,8200,7.6,2021,2021Q3,2021-09-23,56.221,10.166
3975000,160,6,1976,villa,Tranbjerg J,8310,9.2,2021,2021Q3,2021-09-23,56.092,10.119
3495000,115,4,2016,townhouse,Tranbjerg J,8310,9.7,2021,2021Q3,2021-09-23,56.089,10.113
4600000,193,6,1964,villa,Risskov,8240,6.0,2021,2021Q3,2021-09-23,56.208,10.24
3498000,113,4,1972,villa,Hjortshøj,8530,10.7,2021,2021Q3,2021-09-23,56.249,10.263
5350000,90,4,1948,townhouse,Højbjerg,8270,4.8,2021,2021Q3,2021-09-23,56.114,10.198
2775000,84,3,1983,townhouse,Brabrand,8220,8.0,2021,2021Q3,2021-09-24,56.153,10.082
2300000,103,4,2003,townhouse,Sabro,8471,12.0,2021,2021Q3,2021-09-25,56.211,10.043
3655000,120,5,1979,villa,Mårslet,8320,10.9,2021,2021Q3,2021-09-26,56.064,10.155
2850000,122,4,1987,townhouse,Aarhus N,8200,7.6,2021,2021Q3,2021-09-26,56.221,10.168
5950000,206,6,2011,villa,Mårslet,8320,11.1,2021,2021Q3,2021-09-26,56.063,10.152
1250000,137,4,2022,villa,Hjortshøj,8530,15.3,2021,2021Q3,2021-09-26,56.294,10.213
2830000,100,4,2012,townhouse,Egå,8250,7.0,2021,2021Q3,2021-09-26,56.212,10.265
3340000,104,4,2021,townhouse,Aarhus N,8200,8.4,2021,2021Q3,2021-09-26,56.233,10.206
5000000,117,4,2008,villa,Egå,8250,11.5,2021,2021Q3,2021-09-26,56.238,10.326
2350000,100,4,1920,villa,Aarhus V,8210,3.6,2021,2021Q3,2021-09-26,56.171,10.158
3100000,106,4,1961,villa,Lystrup,8520,8.6,2021,2021Q3,2021-09-26,56.233,10.23
3670000,158,5,1972,villa,Tranbjerg J,8310,9.2,2021,2021Q3,2021-09-26,56.088,10.13
1785000,102,3,1800,villa,Skødstrup,8541,13.3,2021,2021Q3,2021-09-26,56.263,10.308
2320000,85,3,1971,townhouse,Tranbjerg J,8310,8.3,2021,2021Q3,2021-09-27,56.092,10.146
4260000,185,6,1998,villa,Skødstrup,8541,12.7,2021,2021Q3,2021-09-27,56.26,10.299
4537000,197,7,1969,villa,Viby J,8260,6.4,2021,2021Q3,2021-09-27,56.131,10.12
3730000,118,5,1961,villa,Viby J,8260,4.9,2021,2021Q3,2021-09-27,56.129,10.149
1700000,223,6,1900,villa,Sabro,8471,17.9,2021,2021Q3,2021-09-27,56.241,9.963
3245000,126,4,2018,townhouse,Tranbjerg J,8310,10.0,2021,2021Q3,2021-09-27,56.083,10.12
6115000,154,6,1970,villa,Viby J,8260,6.2,2021,2021Q3,2021-09-27,56.132,10.121
19000000,352,7,1920,villa,Aarhus C,8000,3.1,2021,2021Q3,2021-09-27,56.128,10.213
2995000,108,4,1957,villa,Tranbjerg J,8310,12.0,2021,2021Q3,2021-09-27,56.065,10.11
3600000,132,5,1970,villa,Beder,8330,10.9,2021,2021Q3,2021-09-28,56.059,10.213
3820000,202,8,1962,villa,Malling,8340,12.9,2021,2021Q3,2021-09-28,56.041,10.196
2925000,175,5,1972,villa,Trige,8380,11.6,2021,2021Q3,2021-09-28,56.253,10.142
5000000,102,4,1950,villa,Viby J,8260,3.9,2021,2021Q3,2021-09-28,56.131,10.168
5700000,175,5,1948,villa,Viby J,8260,5.1,2021,2021Q3,2021-09-28,56.127,10.147
6800000,253,6,2003,villa,Harlev J,8462,13.8,2021,2021Q3,2021-09-29,56.139,9.99
4048636,112,2,2022,villa,Aarhus C,8000,1.7,2021,2021Q3,2021-09-29,56.166,10.232
1820000,91,3,1987,townhouse,Trige,8380,11.7,2021,2021Q3,2021-09-29,56.254,10.138
5500000,150,5,1932,villa,Aarhus V,8210,2.7,2021,2021Q3,2021-09-29,56.165,10.17
3411000,102,3,1953,villa,Højbjerg,8270,4.8,2021,2021Q3,2021-09-29,56.119,10.172
2480000,90,4,1987,townhouse,Risskov,8240,5.3,2021,2021Q3,2021-09-29,56.205,10.211
2795000,100,4,1975,villa,Tilst,8381,6.4,2021,2021Q3,2021-09-29,56.176,10.113
2200000,99,4,1985,townhouse,Beder,8330,11.2,2021,2021Q3,2021-09-29,56.056,10.206
4235000,132,4,2006,townhouse,Brabrand,8220,7.5,2021,2021Q3,2021-09-30,56.158,10.09
3750000,136,4,2021,townhouse,Hasselager,8361,9.8,2021,2021Q3,2021-09-30,56.105,10.083
5198000,180,6,2018,villa,Skødstrup,8541,15.5,2021,2021Q3,2021-09-30,56.282,10.319
5495000,211,6,2007,villa,Tranbjerg J,8310,10.1,2021,2021Q4,2021-10-01,56.08,10.122
4200000,130,4,2019,townhouse,Aarhus N,8200,5.4,2021,2021Q4,2021-10-01,56.2,10.172
5125000,140,3,1953,villa,Brabrand,8220,6.8,2021,2021Q4,2021-10-02,56.157,10.101
4250000,180,5,2019,villa,Sabro,8471,16.4,2021,2021Q4,2021-10-02,56.223,9.973
2780000,117,4,1981,townhouse,Aarhus V,8210,4.8,2021,2021Q4,2021-10-02,56.175,10.14
3695000,150,7,2017,townhouse,Mårslet,8320,9.4,2021,2021Q4,2021-10-03,56.076,10.162
7495000,202,6,1958,villa,Risskov,8240,4.9,2021,2021Q4,2021-10-03,56.198,10.239
3700000,151,5,2013,villa,Solbjerg,8355,14.2,2021,2021Q4,2021-10-03,56.044,10.102
3100000,106,4,2011,townhouse,Egå,8250,6.9,2021,2021Q4,2021-10-03,56.211,10.265
5075000,157,5,1966,villa,Egå,8250,7.8,2021,2021Q4,2021-10-03,56.213,10.284
3850000,147,4,2008,townhouse,Mårslet,8320,10.6,2021,2021Q4,2021-10-03,56.067,10.152
1820000,116,5,1777,villa,Hasselager,8361,8.5,2021,2021Q4,2021-10-03,56.107,10.108
3195000,101,4,2003,townhouse,Lystrup,8520,8.6,2021,2021Q4,2021-10-03,56.234,10.22
5330000,207,5,2023,villa,Viby J,8260,3.8,2021,2021Q4,2021-10-03,56.127,10.181
3700000,118,4,1940,villa,Åbyhøj,8230,3.8,2021,2021Q4,2021-10-03,56.154,10.15
5227000,172,5,2002,villa,Lystrup,8520,9.9,2021,2021Q4,2021-10-03,56.243,10.248
3998000,104,4,1940,townhouse,Aarhus V,8210,2.4,2021,2021Q4,2021-10-03,56.163,10.173
3600000,121,4,1966,villa,Risskov,8240,5.0,2021,2021Q4,2021-10-04,56.199,10.239
3245000,100,4,1965,villa,Lystrup,8520,9.3,2021,2021Q4,2021-10-04,56.239,10.227
5275000,232,6,2003,villa,Lystrup,8520,9.9,2021,2021Q4,2021-10-04,56.244,10.249
3477500,136,5,1976,villa,Lystrup,8520,8.6,2021,2021Q4,2021-10-04,56.233,10.226
4107000,154,5,1977,villa,Egå,8250,7.8,2021,2021Q4,2021-10-04,56.219,10.266
2400000,109,4,2005,townhouse,Aarhus N,8200,7.9,2021,2021Q4,2021-10-05,56.222,10.161
1450000,165,5,2022,villa,Malling,8340,14.8,2021,2021Q4,2021-10-05,56.025,10.184
2610000,96,4,2016,townhouse,Tranbjerg J,8310,9.8,2021,2021Q4,2021-10-05,56.084,10.122
4998000,148,5,1967,villa,Risskov,8240,5.4,2021,2021Q4,2021-10-05,56.205,10.223
2225000,97,4,1986,townhouse,Lystrup,8520,9.6,2021,2021Q4,2021-10-05,56.241,10.24
5390000,201,5,2006,villa,Brabrand,8220,7.6,2021,2021Q4,2021-10-06,56.154,10.089
2670000,114,5,1877,villa,Harlev J,8462,14.4,2021,2021Q4,2021-10-06,56.147,9.978
4498000,133,6,1972,villa,Egå,8250,9.1,2021,2021Q4,2021-10-06,56.224,10.294
5995000,138,5,2014,townhouse,Risskov,8240,3.2,2021,2021Q4,2021-10-06,56.185,10.223
3483000,107,4,1962,villa,Aarhus N,8200,2.9,2021,2021Q4,2021-10-06,56.18,10.191
3671000,116,4,1996,villa,Beder,8330,10.6,2021,2021Q4,2021-10-06,56.062,10.217
4130000,108,4,1966,townhouse,Åbyhøj,8230,4.0,2021,2021Q4,2021-10-06,56.151,10.148
2730000,84,3,1999,townhouse,Højbjerg,8270,4.9,2021,2021Q4,2021-10-06,56.114,10.189
6000000,155,7,1958,villa,Højbjerg,8270,5.0,2021,2021Q4,2021-10-06,56.118,10.17
1690000,100,3,1979,villa,Hjortshøj,8530,12.4,2021,2021Q4,2021-10-06,56.264,10.268
13000000,215,8,1978,villa,Højbjerg,8270,5.9,2021,2021Q4,2021-10-06,56.105,10.225
2150000,58,2,1948,villa,Aarhus V,8210,2.9,2021,2021Q4,2021-10-07,56.176,10.179
2625000,120,5,1932,villa,Tranbjerg J,8310,11.8,2021,2021Q4,2021-10-07,56.065,10.114
1780000,269,7,1912,villa,Sabro,8471,16.8,2021,2021Q4,2021-10-07,56.241,9.986
4445000,166,6,1974,townhouse,Egå,8250,7.6,2021,2021Q4,2021-10-07,56.216,10.272
4798000,123,4,2017,townhouse,Egå,8250,8.4,2021,2021Q4,2021-10-07,56.219,10.287
2775000,133,5,1967,villa,Solbjerg,8355,15.4,2021,2021Q4,2021-10-07,56.037,10.088
6398000,163,5,1963,villa,Risskov,8240,5.2,2021,2021Q4,2021-10-07,56.199,10.246
3700000,150,3,1971,villa,Mårslet,8320,10.2,2021,2021Q4,2021-10-07,56.07,10.158
6998000,202,3,1980,villa,Åbyhøj,8230,3.9,2021,2021Q4,2021-10-07,56.158,10.148
3275000,121,3,1999,townhouse,Højbjerg,8270,6.4,2021,2021Q4,2021-10-08,56.099,10.22
6500000,227,8,2000,villa,Hjortshøj,8530,10.5,2021,2021Q4,2021-10-09,56.244,10.274
3050000,106,4,2011,townhouse,Egå,8250,7.0,2021,2021Q4,2021-10-09,56.211,10.266
4200000,104,4,1940,townhouse,Aarhus V,8210,2.5,2021,2021Q4,2021-10-09,56.163,10.173
3350000,143,5,1985,villa,Mårslet,8320,10.1,2021,2021Q4,2021-10-09,56.069,10.166
5700000,106,4,1944,villa,Aarhus N,8200,2.4,2021,2021Q4,2021-10-10,56.179,10.214
4295000,120,3,1930,villa,Viby J,8260,4.4,2021,2021Q4,2021-10-10,56.126,10.166
2425000,85,4,1971,townhouse,Tranbjerg J,8310,8.3,2021,2021Q4,2021-10-10,56.092,10.145
2125000,123,4,1977,townhouse,Tranbjerg J,8310,8.2,2021,2021Q4,2021-10-10,56.097,10.132
2700000,99,4,1983,townhouse,Aarhus V,8210,4.4,2021,2021Q4,2021-10-10,56.174,10.146
6875000,186,6,1931,villa,Risskov,8240,3.7,2021,2021Q4,2021-10-10,56.189,10.224
2450000,165,5,1902,villa,Hjortshøj,8530,11.1,2021,2021Q4,2021-10-10,56.252,10.265
2975000,127,4,1985,townhouse,Brabrand,8220,7.6,2021,2021Q4,2021-10-10,56.152,10.089
2400000,144,4,1910,villa,Tilst,8381,7.2,2021,2021Q4,2021-10-11,56.191,10.113
3500250,120,4,1965,villa,Lystrup,8520,9.3,2021,2021Q4,2021-10-11,56.24,10.227
3000000,106,3,2019,townhouse,Hasselager,8361,9.2,2021,2021Q4,2021-10-11,56.112,10.085
3349000,145,5,1972,villa,Skødstrup,8541,13.5,2021,2021Q4,2021-10-11,56.267,10.305
3830000,140,5,1970,villa,Skødstrup,8541,14.7,2021,2021Q4,2021-10-11,56.277,10.309
3700000,201,5,2005,villa,Sabro,8471,16.6,2021,2021Q4,2021-10-11,56.225,9.972
18500000,314,9,1931,villa,Aarhus C,8000,3.4,2021,2021Q4,2021-10-11,56.126,10.211
6123000,156,6,1957,villa,Åbyhøj,8230,3.3,2021,2021Q4,2021-10-11,56.154,10.158
1978000,72,2,1972,townhouse,Tranbjerg J,8310,9.6,2021,2021Q4,2021-10-11,56.086,10.121
5300000,171,5,1946,villa,Viby J,8260,4.1,2021,2021Q4,2021-10-12,56.125,10.179
2360000,132,4,1951,villa,Sabro,8471,12.4,2021,2021Q4,2021-10-13,56.214,10.039
5650000,178,6,2006,villa,Brabrand,8220,7.3,2021,2021Q4,2021-10-13,56.159,10.094
3195000,121,4,1979,villa,Tranbjerg J,8310,9.5,2021,2021Q4,2021-10-13,56.09,10.115
2310000,102,4,2013,townhouse,Hasselager,8361,8.7,2021,2021Q4,2021-10-13,56.113,10.095
3700000,150,5,1997,villa,Tilst,8381,6.8,2021,2021Q4,2021-10-13,56.19,10.119
3300000,162,6,1972,villa,Tilst,8381,7.3,2021,2021Q4,2021-10-13,56.177,10.099
4780000,173,5,2015,villa,Solbjerg,8355,14.5,2021,2021Q4,2021-10-13,56.041,10.102
2770000,110,5,2004,townhouse,Beder,8330,11.3,2021,2021Q4,2021-10-13,56.055,10.215
4807000,180,4,1920,villa,Højbjerg,8270,4.6,2021,2021Q4,2021-10-13,56.116,10.2
2575000,87,4,1990,townhouse,Risskov,8240,4.5,2021,2021Q4,2021-10-13,56.197,10.198
13750000,209,5,2019,villa,Risskov,8240,4.1,2021,2021Q4,2021-10-13,56.189,10.242
3255000,101,4,2003,townhouse,Lystrup,8520,8.5,2021,2021Q4,2021-10-14,56.233,10.22
3050000,148,3,1974,townhouse,Viby J,8260,6.1,2021,2021Q4,2021-10-14,56.122,10.135
3925000,154,5,1973,villa,Egå,8250,9.9,2021,2021Q4,2021-10-14,56.231,10.298
800000,134,5,2023,villa,Aarhus C,8000,1.3,2021,2021Q4,2021-10-14,56.147,10.201
3800000,146,7,1981,townhouse,Mårslet,8320,10.1,2021,2021Q4,2021-10-14,56.069,10.166
6075000,173,5,2012,villa,Brabrand,8220,9.0,2021,2021Q4,2021-10-14,56.151,10.067
3770000,134,6,1977,townhouse,Åbyhøj,8230,4.1,2021,2021Q4,2021-10-14,56.16,10.144
4200000,140,4,1974,villa,Brabrand,8220,6.3,2021,2021Q4,2021-10-14,56.16,10.109
1775000,58,2,1989,townhouse,Lystrup,8520,9.7,2021,2021Q4,2021-10-14,56.242,10.243
5370000,150,3,1998,villa,Risskov,8240,5.9,2021,2021Q4,2021-10-14,56.207,10.24
4656000,113,4,1962,villa,Egå,8250,7.0,2021,2021Q4,2021-10-14,56.207,10.279
4578000,164,5,2004,villa,Skødstrup,8541,12.9,2021,2021Q4,2021-10-14,56.259,10.31
2100000,177,5,1910,villa,Hasselager,8361,8.2,2021,2021Q4,2021-10-14,56.121,10.095
1998000,100,3,1946,villa,Trige,8380,11.4,2021,2021Q4,2021-10-14,56.255,10.154
2150000,123,4,1978,townhouse,Tranbjerg J,8310,8.1,2021,2021Q4,2021-10-15,56.098,10.133
4130000,164,5,2006,villa,Sabro,8471,11.9,2021,2021Q4,2021-10-17,56.208,10.042
750000,26,1,2023,villa,Malling,8340,13.5,2021,2021Q4,2021-10-17,56.036,10.237
2700000,101,4,1986,townhouse,Viby J,8260,6.7,2021,2021Q4,2021-10-17,56.127,10.115
6150000,156,5,1969,villa,Højbjerg,8270,3.5,2021,2021Q4,2021-10-17,56.128,10.187
4750000,122,4,1963,townhouse,Åbyhøj,8230,2.8,2021,2021Q4,2021-10-17,56.158,10.166
6450000,171,5,2015,villa,Åbyhøj,8230,4.0,2021,2021Q4,2021-10-17,56.16,10.147
6900000,221,6,2023,villa,Viby J,8260,2.7,2021,2021Q4,2021-10-17,56.137,10.185
7525000,220,7,1893,townhouse,Aarhus C,8000,0.7,2021,2021Q4,2021-10-17,56.16,10.202
6775000,177,6,1977,villa,Viby J,8260,6.0,2021,2021Q4,2021-10-17,56.137,10.12
2900000,93,4,1987,townhouse,Risskov,8240,4.7,2021,2021Q4,2021-10-17,56.199,10.213
1875000,80,3,1938,villa,Malling,8340,14.3,2021,2021Q4,2021-10-17,56.031,10.263
2640000,102,4,2008,townhouse,Tranbjerg J,8310,7.3,2021,2021Q4,2021-10-18,56.104,10.14
1500000,209,6,1927,townhouse,Sabro,8471,15.8,2021,2021Q4,2021-10-18,56.22,9.982
1500000,161,6,1927,townhouse,Sabro,8471,15.8,2021,2021Q4,2021-10-18,56.22,9.983
5200000,105,5,1955,townhouse,Højbjerg,8270,4.1,2021,2021Q4,2021-10-18,56.122,10.194
4640000,182,7,1956,villa,Risskov,8240,5.5,2021,2021Q4,2021-10-18,56.202,10.249
3650000,147,3,1971,villa,Tilst,8381,8.5,2021,2021Q4,2021-10-18,56.192,10.088
3735000,124,4,1959,villa,Højbjerg,8270,4.8,2021,2021Q4,2021-10-18,56.119,10.172
11250000,277,9,1968,villa,Solbjerg,8355,14.9,2021,2021Q4,2021-10-18,56.045,10.078
2800000,170,6,1977,villa,Trige,8380,11.1,2021,2021Q4,2021-10-19,56.246,10.132
2401000,139,4,1963,villa,Sabro,8471,13.1,2021,2021Q4,2021-10-19,56.214,10.025
7795000,178,5,2020,townhouse,Aarhus C,8000,1.0,2021,2021Q4,2021-10-19,56.159,10.195
4315000,155,5,1998,villa,Hasselager,8361,9.4,2021,2021Q4,2021-10-19,56.113,10.081
4998000,124,5,1962,villa,Højbjerg,8270,4.3,2021,2021Q4,2021-10-19,56.119,10.191
2795000,127,4,1979,villa,Solbjerg,8355,14.9,2021,2021Q4,2021-10-19,56.04,10.095
1775000,64,2,1989,townhouse,Lystrup,8520,9.8,2021,2021Q4,2021-10-19,56.242,10.244
2985000,158,6,1969,villa,Harlev J,8462,12.7,2021,2021Q4,2021-10-20,56.148,10.006
2350000,109,4,2005,townhouse,Aarhus N,8200,7.9,2021,2021Q4,2021-10-20,56.222,10.161
2998000,140,5,2013,townhouse,Hasselager,8361,8.7,2021,2021Q4,2021-10-20,56.112,10.096
2900000,116,4,1985,villa,Skødstrup,8541,13.6,2021,2021Q4,2021-10-20,56.267,10.307
5995000,154,5,1963,villa,Højbjerg,8270,4.6,2021,2021Q4,2021-10-20,56.117,10.187
2250000,92,4,1958,villa,Skødstrup,8541,14.4,2021,2021Q4,2021-10-20,56.273,10.314
2098000,80,4,1972,townhouse,Tilst,8381,7.0,2021,2021Q4,2021-10-21,56.174,10.102
2665000,139,5,1971,villa,Sabro,8471,13.8,2021,2021Q4,2021-10-21,56.224,10.024
4800000,95,4,1949,villa,Viby J,8260,3.8,2021,2021Q4,2021-10-21,56.133,10.166
3850000,126,5,1986,townhouse,Risskov,8240,5.3,2021,2021Q4,2021-10-21,56.204,10.21
4490000,121,6,1962,villa,Egå,8250,7.0,2021,2021Q4,2021-10-21,56.208,10.278
2150000,100,3,2005,townhouse,Trige,8380,11.4,2021,2021Q4,2021-10-22,56.25,10.136
3315000,109,4,2016,townhouse,Viby J,8260,7.1,2021,2021Q4,2021-10-23,56.129,10.108
6600000,210,7,1968,villa,Brabrand,8220,7.8,2021,2021Q4,2021-10-23,56.151,10.085
3140000,90,3,2021,townhouse,Aarhus N,8200,8.5,2021,2021Q4,2021-10-24,56.233,10.204
2000000,58,1,2021,townhouse,Aarhus N,8200,8.5,2021,2021Q4,2021-10-24,56.233,10.204
2745000,92,3,1984,townhouse,Risskov,8240,5.1,2021,2021Q4,2021-10-24,56.202,10.209
5200000,100,4,1955,villa,Viby J,8260,3.9,2021,2021Q4,2021-10-24,56.127,10.179
4495000,141,5,1971,villa,Risskov,8240,5.5,2021,2021Q4,2021-10-24,56.206,10.212
4195000,184,6,1968,villa,Lystrup,8520,8.0,2021,2021Q4,2021-10-24,56.228,10.226
4450000,120,4,1958,villa,Aarhus V,8210,3.3,2021,2021Q4,2021-10-24,56.172,10.166
3498000,114,4,2007,townhouse,Brabrand,8220,7.5,2021,2021Q4,2021-10-25,56.161,10.09
4575000,102,3,1929,villa,Åbyhøj,8230,3.6,2021,2021Q4,2021-10-25,56.146,10.157
3100000,111,3,1999,villa,Malling,8340,13.0,2021,2021Q4,2021-10-25,56.04,10.205
6050000,172,7,1949,villa,Højbjerg,8270,4.0,2021,2021Q4,2021-10-25,56.123,10.191
3450000,165,5,1969,villa,Aarhus V,8210,3.8,2021,2021Q4,2021-10-25,56.177,10.16
3035000,131,4,2022,townhouse,Solbjerg,8355,14.3,2021,2021Q4,2021-10-25,56.047,10.089
1995000,148,4,1966,villa,Tilst,8381,8.2,2021,2021Q4,2021-10-25,56.191,10.094
3750000,137,3,1950,villa,Højbjerg,8270,4.9,2021,2021Q4,2021-10-25,56.12,10.169
3295000,150,6,1970,villa,Viby J,8260,6.4,2021,2021Q4,2021-10-25,56.111,10.147
2300000,141,4,1962,villa,Trige,8380,11.7,2021,2021Q4,2021-10-26,56.255,10.142
13000000,266,5,2023,villa,Risskov,8240,6.6,2021,2021Q4,2021-10-26,56.201,10.281
9500000,198,4,1898,townhouse,Aarhus C,8000,1.2,2021,2021Q4,2021-10-26,56.166,10.218
4573000,240,6,1974,villa,Skødstrup,8541,15.2,2021,2021Q4,2021-10-26,56.281,10.314
13000000,230,6,1890,villa,Risskov,8240,3.3,2021,2021Q4,2021-10-26,56.183,10.236
6250000,205,6,1945,villa,Malling,8340,14.9,2021,2021Q4,2021-10-26,56.026,10.26
3498000,143,6,1973,villa,Tranbjerg J,8310,9.6,2021,2021Q4,2021-10-26,56.088,10.119
4795000,191,3,1934,villa,Viby J,8260,3.9,2021,2021Q4,2021-10-26,56.127,10.178
9137500,171,4,1979,villa,Risskov,8240,5.2,2021,2021Q4,2021-10-26,56.197,10.253
2995000,94,3,1986,townhouse,Risskov,8240,4.5,2021,2021Q4,2021-10-26,56.197,10.196
3100000,105,5,1965,villa,Åbyhøj,8230,3.9,2021,2021Q4,2021-10-27,56.149,10.15
2575000,150,5,1909,villa,Sabro,8471,14.2,2021,2021Q4,2021-10-27,56.211,10.002
2795000,101,4,1983,townhouse,Beder,8330,11.3,2021,2021Q4,2021-10-27,56.055,10.203
4915000,163,5,2008,townhouse,Mårslet,8320,10.6,2021,2021Q4,2021-10-27,56.067,10.151
5650000,183,5,1978,villa,Højbjerg,8270,6.2,2021,2021Q4,2021-10-27,56.102,10.2
3880000,229,7,1965,villa,Hasselager,8361,8.9,2021,2021Q4,2021-10-27,56.108,10.097
3800000,113,6,1927,villa,Aarhus V,8210,3.2,2021,2021Q4,2021-10-27,56.17,10.164
5995000,163,5,1909,villa,Brabrand,8220,6.1,2021,2021Q4,2021-10-27,56.156,10.112
4100000,133,5,1978,townhouse,Egå,8250,7.2,2021,2021Q4,2021-10-27,56.209,10.278
3975000,130,5,1967,villa,Mårslet,8320,10.6,2021,2021Q4,2021-10-27,56.066,10.157
2475000,153,6,1968,villa,Tilst,8381,8.2,2021,2021Q4,2021-10-28,56.192,10.094
4298000,132,4,2006,townhouse,Brabrand,8220,7.5,2021,2021Q4,2021-10-28,56.158,10.09
4100000,146,5,1971,townhouse,Højbjerg,8270,5.6,2021,2021Q4,2021-10-28,56.112,10.171
3150000,88,3,1992,townhouse,Aarhus V,8210,3.0,2021,2021Q4,2021-10-28,56.17,10.168
3045000,139,4,2015,townhouse,Sabro,8471,11.7,2021,2021Q4,2021-10-28,56.209,10.047
2095000,77,3,1980,townhouse,Tranbjerg J,8310,8.5,2021,2021Q4,2021-10-28,56.09,10.145
3603000,150,5,1967,villa,Åbyhøj,8230,3.8,2021,2021Q4,2021-10-28,56.148,10.151
10700000,215,5,2023,villa,Risskov,8240,5.5,2021,2021Q4,2021-10-28,56.197,10.262
3425000,128,4,1981,villa,Aarhus V,8210,5.4,2021,2021Q4,2021-10-28,56.178,10.133
11000000,217,9,1958,villa,Højbjerg,8270,5.4,2021,2021Q4,2021-10-28,56.109,10.216
11000000,150,5,1961,villa,Højbjerg,8270,5.4,2021,2021Q4,2021-10-28,56.109,10.226
12500000,200,5,2004,villa,Risskov,8240,5.2,2021,2021Q4,2021-10-28,56.195,10.257
6250000,140,6,1871,townhouse,Aarhus C,8000,0.5,2021,2021Q4,2021-10-29,56.153,10.207
2920000,125,4,2012,townhouse,Sabro,8471,11.6,2021,2021Q4,2021-10-30,56.207,10.047
3498000,117,4,2015,townhouse,Egå,8250,7.0,2021,2021Q4,2021-10-30,56.212,10.264
3820000,144,5,2004,villa,Tilst,8381,6.5,2021,2021Q4,2021-10-30,56.19,10.124
1750000,101,5,1887,villa,Malling,8340,13.2,2021,2021Q4,2021-10-30,56.039,10.193
5050000,145,5,2004,villa,Højbjerg,8270,6.5,2021,2021Q4,2021-10-31,56.102,10.174
4800000,205,6,1919,villa,Tranbjerg J,8310,8.3,2021,2021Q4,2021-10-31,56.095,10.135
3698000,130,3,2008,townhouse,Mårslet,8320,10.7,2021,2021Q4,2021-10-31,56.066,10.153
5498000,130,5,2022,townhouse,Brabrand,8220,5.7,2021,2021Q4,2021-10-31,56.155,10.119
4295000,165,5,1974,villa,Beder,8330,11.1,2021,2021Q4,2021-10-31,56.057,10.214
4575000,99,5,1944,villa,Åbyhøj,8230,3.7,2021,2021Q4,2021-10-31,56.148,10.154
3975000,100,3,2006,townhouse,Viby J,8260,6.4,2021,2021Q4,2021-10-31,56.136,10.115
3900000,260,7,1969,villa,Viby J,8260,6.5,2021,2021Q4,2021-10-31,56.111,10.147
3250000,185,8,1880,villa,Aarhus N,8200,2.3,2021,2021Q4,2021-10-31,56.177,10.202
2875000,180,5,1852,villa,Sabro,8471,17.4,2021,2021Q4,2021-10-31,56.224,9.957
2795000,150,5,1972,villa,Lystrup,8520,8.8,2021,2021Q4,2021-11-01,56.235,10.199
3973000,149,5,2018,villa,Malling,8340,13.5,2021,2021Q4,2021-11-01,56.036,10.184
6650000,147,4,1892,townhouse,Aarhus N,8200,2.3,2021,2021Q4,2021-11-01,56.177,10.202
3080000,143,5,2001,villa,Sabro,8471,16.8,2021,2021Q4,2021-11-01,56.227,9.97
5850000,185,5,2014,villa,Hasselager,8361,8.8,2021,2021Q4,2021-11-01,56.116,10.088
4600000,174,5,2017,villa,Skødstrup,8541,14.8,2021,2021Q4,2021-11-01,56.275,10.322
5498000,161,4,2011,villa,Egå,8250,10.5,2021,2021Q4,2021-11-01,56.234,10.308
8850000,178,5,2012,villa,Højbjerg,8270,3.9,2021,2021Q4,2021-11-01,56.123,10.191
7850000,140,6,1960,villa,Risskov,8240,4.3,2021,2021Q4,2021-11-01,56.194,10.229
3150000,87,4,1988,townhouse,Risskov,8240,5.4,2021,2021Q4,2021-11-01,56.205,10.211
3798000,139,4,2009,townhouse,Viby J,8260,6.4,2021,2021Q4,2021-11-02,56.12,10.131
2880000,120,4,2016,townhouse,Malling,8340,14.2,2021,2021Q4,2021-11-02,56.029,10.186
3005000,140,5,2014,townhouse,Hasselager,8361,8.7,2021,2021Q4,2021-11-02,56.113,10.095
3780000,120,4,1960,townhouse,Højbjerg,8270,4.8,2021,2021Q4,2021-11-02,56.121,10.168
3155000,120,4,2019,townhouse,Harlev J,8462,13.6,2021,2021Q4,2021-11-02,56.135,9.995
3475000,127,4,2019,townhouse,Hasselager,8361,9.1,2021,2021Q4,2021-11-02,56.112,10.087
5587500,173,6,2011,villa,Brabrand,8220,8.9,2021,2021Q4,2021-11-02,56.151,10.067
4399000,173,7,1987,villa,Lystrup,8520,9.5,2021,2021Q4,2021-11-02,56.24,10.243
6620000,160,5,1971,villa,Risskov,8240,5.4,2021,2021Q4,2021-11-03,56.2,10.251
3840000,146,5,1973,villa,Højbjerg,8270,4.1,2021,2021Q4,2021-11-03,56.122,10.188
3550000,150,6,1971,villa,Tilst,8381,7.1,2021,2021Q4,2021-11-03,56.177,10.103
2545000,110,4,1973,villa,Skødstrup,8541,13.2,2021,2021Q4,2021-11-03,56.264,10.303
3695000,129,5,2018,townhouse,Mårslet,8320,11.3,2021,2021Q4,2021-11-03,56.058,10.166
3300000,155,7,1800,villa,Malling,8340,14.9,2021,2021Q4,2021-11-03,56.029,10.14
2395000,94,3,1945,villa,Malling,8340,13.5,2021,2021Q4,2021-11-03,56.036,10.19
3025000,106,4,2005,townhouse,Brabrand,8220,7.3,2021,2021Q4,2021-11-03,56.162,10.093
1998000,85,4,1973,townhouse,Tranbjerg J,8310,9.2,2021,2021Q4,2021-11-03,56.09,10.124
3070000,137,5,1949,villa,Aarhus V,8210,3.1,2021,2021Q4,2021-11-04,56.166,10.164
5016000,132,5,1968,villa,Aarhus V,8210,3.6,2021,2021Q4,2021-11-04,56.163,10.153
5300000,130,6,1957,villa,Højbjerg,8270,3.7,2021,2021Q4,2021-11-04,56.127,10.186
4225000,160,5,2020,villa,Skødstrup,8541,15.2,2021,2021Q4,2021-11-06,56.28,10.318
2500000,109,4,1972,townhouse,Tranbjerg J,8310,9.2,2021,2021Q4,2021-11-06,56.09,10.123
4700000,170,6,1937,villa,Åbyhøj,8230,3.5,2021,2021Q4,2021-11-07,56.158,10.154
2595000,165,4,1970,villa,Solbjerg,8355,15.7,2021,2021Q4,2021-11-07,56.038,10.072
2700000,119,5,1981,villa,Aarhus V,8210,5.5,2021,2021Q4,2021-11-07,56.177,10.13
3548000,136,3,1968,villa,Hasselager,8361,9.0,2021,2021Q4,2021-11-07,56.11,10.092
6750000,201,7,1952,villa,Egå,8250,8.4,2021,2021Q4,2021-11-07,56.219,10.287
5175000,235,6,1934,villa,Viby J,8260,5.0,2021,2021Q4,2021-11-07,56.122,10.159
4800000,140,5,1949,villa,Højbjerg,8270,3.9,2021,2021Q4,2021-11-07,56.124,10.186
4750000,129,6,1942,villa,Åbyhøj,8230,3.6,2021,2021Q4,2021-11-07,56.152,10.153
3478000,148,5,2016,townhouse,Lystrup,8520,9.0,2021,2021Q4,2021-11-08,56.237,10.192
6400000,140,6,1983,villa,Viby J,8260,3.8,2021,2021Q4,2021-11-08,56.127,10.182
6750000,157,5,1968,villa,Egå,8250,7.2,2021,2021Q4,2021-11-08,56.209,10.28
5700000,140,5,1952,villa,Aarhus V,8210,3.2,2021,2021Q4,2021-11-08,56.172,10.168
4698000,145,4,1970,villa,Aarhus V,8210,4.0,2021,2021Q4,2021-11-08,56.175,10.155
4150000,135,4,1960,villa,Højbjerg,8270,4.5,2021,2021Q4,2021-11-09,56.117,10.198
5800000,114,3,1979,villa,Højbjerg,8270,6.1,2021,2021Q4,2021-11-09,56.102,10.202
4148000,166,6,1961,townhouse,Aarhus N,8200,2.4,2021,2021Q4,2021-11-09,56.178,10.218
5700000,158,6,1952,townhouse,Viby J,8260,3.2,2021,2021Q4,2021-11-09,56.132,10.185
5650000,159,5,1970,villa,Risskov,8240,5.2,2021,2021Q4,2021-11-09,56.204,10.215
2300000,164,5,1932,villa,Harlev J,8462,13.0,2021,2021Q4,2021-11-09,56.149,10.002
7075000,145,4,1981,villa,Højbjerg,8270,6.3,2021,2021Q4,2021-11-09,56.101,10.216
3699000,153,5,2016,townhouse,Lystrup,8520,9.0,2021,2021Q4,2021-11-09,56.237,10.192
6298000,161,6,1967,villa,Aarhus V,8210,3.8,2021,2021Q4,2021-11-09,56.163,10.151
3065000,157,6,1969,villa,Skødstrup,8541,12.5,2021,2021Q4,2021-11-09,56.258,10.299
2825000,108,4,2006,townhouse,Skødstrup,8541,15.6,2021,2021Q4,2021-11-09,56.281,10.327
4100000,112,5,1908,villa,Viby J,8260,3.0,2021,2021Q4,2021-11-09,56.139,10.175
4510000,164,7,1962,villa,Malling,8340,13.4,2021,2021Q4,2021-11-10,56.036,10.189
2800000,133,4,1973,villa,Lystrup,8520,8.9,2021,2021Q4,2021-11-10,56.236,10.199
2820000,103,4,2007,townhouse,Mårslet,8320,11.3,2021,2021Q4,2021-11-10,56.059,10.159
3700507,148,5,2017,townhouse,Lystrup,8520,9.0,2021,2021Q4,2021-11-10,56.238,10.197
4060000,101,4,1982,villa,Højbjerg,8270,5.2,2021,2021Q4,2021-11-10,56.118,10.163
2795000,122,4,1984,villa,Tilst,8381,6.6,2021,2021Q4,2021-11-10,56.175,10.11
2025000,100,4,1979,townhouse,Hasselager,8361,10.9,2021,2021Q4,2021-11-10,56.103,10.064
2075000,85,4,1972,townhouse,Tranbjerg J,8310,8.2,2021,2021Q4,2021-11-10,56.09,10.153
2848000,140,4,1972,villa,Skødstrup,8541,12.8,2021,2021Q4,2021-11-10,56.262,10.292
5100000,136,4,1952,villa,Aarhus V,8210,3.2,2021,2021Q4,2021-11-10,56.172,10.168
2920000,134,4,2008,townhouse,Solbjerg,8355,14.3,2021,2021Q4,2021-11-11,56.047,10.091
6550000,190,6,1970,villa,Risskov,8240,5.4,2021,2021Q4,2021-11-11,56.2,10.249
2550000,174,5,1777,townhouse,Tilst,8381,7.2,2021,2021Q4,2021-11-11,56.192,10.113
3705000,153,5,2016,villa,Lystrup,8520,9.0,2021,2021Q4,2021-11-11,56.237,10.191
4000000,180,5,2002,villa,Solbjerg,8355,17.7,2021,2021Q4,2021-11-11,56.017,10.072
5005000,100,5,1949,townhouse,Aarhus N,8200,2.3,2021,2021Q4,2021-11-11,56.176,10.197
3248000,150,4,1927,villa,Lystrup,8520,8.4,2021,2021Q4,2021-11-11,56.231,10.231
2611000,105,4,1989,townhouse,Hjortshøj,8530,10.9,2021,2021Q4,2021-11-11,56.25,10.266
3045000,178,6,1970,villa,Solbjerg,8355,15.6,2021,2021Q4,2021-11-11,56.04,10.072
6375000,164,9,1964,villa,Brabrand,8220,6.3,2021,2021Q4,2021-11-11,56.158,10.108
9325000,178,8,1943,villa,Højbjerg,8270,4.6,2021,2021Q4,2021-11-12,56.115,10.209
4875000,204,4,2000,villa,Skødstrup,8541,15.1,2021,2021Q4,2021-11-12,56.277,10.323
4425000,173,7,1978,villa,Hasselager,8361,9.6,2021,2021Q4,2021-11-12,56.107,10.084
9900000,196,7,1958,villa,Åbyhøj,8230,3.1,2021,2021Q4,2021-11-12,56.159,10.161
2175000,79,3,1985,townhouse,Hasselager,8361,9.9,2021,2021Q4,2021-11-13,56.106,10.08
3325000,87,3,1961,townhouse,Åbyhøj,8230,3.0,2021,2021Q4,2021-11-13,56.157,10.162
2525000,136,5,1983,villa,Hasselager,8361,10.0,2021,2021Q4,2021-11-13,56.104,10.079
5300000,204,5,1974,villa,Beder,8330,10.2,2021,2021Q4,2021-11-13,56.065,10.217
2100000,130,6,1985,townhouse,Lystrup,8520,9.9,2021,2021Q4,2021-11-14,56.245,10.232
3825000,130,3,1971,villa,Mårslet,8320,10.1,2021,2021Q4,2021-11-14,56.071,10.16
5060000,187,6,1953,villa,Risskov,8240,4.9,2021,2021Q4,2021-11-14,56.198,10.237
3750000,123,2,1977,villa,Tranbjerg J,8310,8.8,2021,2021Q4,2021-11-14,56.085,10.148
4250000,207,7,1967,villa,Malling,8340,12.7,2021,2021Q4,2021-11-14,56.042,10.199
5498000,175,5,1970,villa,Brabrand,8220,6.1,2021,2021Q4,2021-11-14,56.16,10.112
4058000,179,7,2016,villa,Sabro,8471,11.8,2021,2021Q4,2021-11-14,56.21,10.046
3600000,123,5,2015,townhouse,Viby J,8260,7.2,2021,2021Q4,2021-11-14,56.131,10.104
3750000,136,4,2021,townhouse,Hasselager,8361,9.8,2021,2021Q4,2021-11-14,56.104,10.083
2649000,108,4,2017,townhouse,Hasselager,8361,9.0,2021,2021Q4,2021-11-14,56.105,10.099
3450000,180,4,2022,villa,Egå,8250,10.8,2021,2021Q4,2021-11-14,56.233,10.32
2620000,113,5,2009,townhouse,Harlev J,8462,13.6,2021,2021Q4,2021-11-15,56.138,9.994
4385000,160,6,1977,villa,Hjortshøj,8530,10.8,2021,2021Q4,2021-11-15,56.249,10.266
3080000,102,4,2021,townhouse,Aarhus N,8200,8.5,2021,2021Q4,2021-11-15,56.233,10.206
2995000,124,3,2013,townhouse,Malling,8340,14.2,2021,2021Q4,2021-11-15,56.03,10.186
5225000,182,5,1964,villa,Beder,8330,10.6,2021,2021Q4,2021-11-15,56.062,10.209
4200000,155,5,2023,villa,Harlev J,8462,13.8,2021,2021Q4,2021-11-15,56.134,9.992
2300000,111,4,1977,villa,Trige,8380,11.4,2021,2021Q4,2021-11-15,56.25,10.133
3000000,76,4,1954,villa,Højbjerg,8270,5.3,2021,2021Q4,2021-11-15,56.116,10.166
2837500,92,3,1984,townhouse,Risskov,8240,5.1,2021,2021Q4,2021-11-15,56.202,10.208
4040000,148,5,1960,villa,Malling,8340,13.1,2021,2021Q4,2021-11-15,56.039,10.197
4100000,131,4,1953,villa,Højbjerg,8270,4.9,2021,2021Q4,2021-11-16,56.12,10.167
4000000,140,5,2018,townhouse,Egå,8250,7.1,2021,2021Q4,2021-11-16,56.213,10.264
5240000,168,5,2011,villa,Mårslet,8320,11.1,2021,2021Q4,2021-11-16,56.063,10.152
3635000,155,5,1972,villa,Skødstrup,8541,14.7,2021,2021Q4,2021-11-16,56.277,10.312
3495000,127,4,2020,townhouse,Hasselager,8361,9.1,2021,2021Q4,2021-11-16,56.113,10.086
3350000,133,5,1973,villa,Tilst,8381,6.6,2021,2021Q4,2021-11-16,56.18,10.112
4375000,139,3,2019,townhouse,Aarhus N,8200,8.7,2021,2021Q4,2021-11-16,56.235,10.206
2675000,117,4,1986,villa,Hasselager,8361,9.4,2021,2021Q4,2021-11-16,56.109,10.085
3199000,137,5,1971,villa,Tranbjerg J,8310,8.1,2021,2021Q4,2021-11-16,56.092,10.15
5200000,120,4,1936,villa,Viby J,8260,3.9,2021,2021Q4,2021-11-16,56.126,10.181
5900000,152,6,1968,villa,Egå,8250,7.3,2021,2021Q4,2021-11-16,56.209,10.281
2075000,209,8,1905,villa,Beder,8330,11.1,2021,2021Q4,2021-11-16,56.057,10.202
4250000,140,4,1976,villa,Malling,8340,12.4,2021,2021Q4,2021-11-16,56.045,10.197
3995000,142,5,1966,villa,Beder,8330,10.2,2021,2021Q4,2021-11-16,56.065,10.209
4250000,120,4,1950,villa,Aarhus N,8200,2.7,2021,2021Q4,2021-11-16,56.178,10.189
3005000,104,4,2001,townhouse,Brabrand,8220,4.8,2021,2021Q4,2021-11-16,56.149,10.135
2898000,103,3,2002,townhouse,Skødstrup,8541,13.4,2021,2021Q4,2021-11-17,56.265,10.305
4985000,171,5,1947,villa,Aarhus V,8210,2.8,2021,2021Q4,2021-11-17,56.167,10.169
3215000,140,5,2013,townhouse,Hasselager,8361,8.6,2021,2021Q4,2021-11-17,56.113,10.096
7295000,214,7,1956,villa,Risskov,8240,4.0,2021,2021Q4,2021-11-17,56.19,10.234
2775000,139,5,1980,villa,Sabro,8471,16.8,2021,2021Q4,2021-11-17,56.226,9.969
5400000,188,5,2022,villa,Højbjerg,8270,5.9,2021,2021Q4,2021-11-17,56.104,10.213
3431000,157,4,1976,villa,Tranbjerg J,8310,9.1,2021,2021Q4,2021-11-18,56.092,10.121
3150000,139,3,2015,townhouse,Sabro,8471,11.7,2021,2021Q4,2021-11-18,56.209,10.047
5775000,125,5,1852,townhouse,Aarhus C,8000,0.4,2021,2021Q4,2021-11-18,56.153,10.207
2650000,123,4,1969,villa,Viby J,8260,6.6,2021,2021Q4,2021-11-18,56.109,10.148
5448000,105,6,1956,townhouse,Højbjerg,8270,4.1,2021,2021Q4,2021-11-19,56.121,10.195
3350000,139,5,1964,villa,Lystrup,8520,8.6,2021,2021Q4,2021-11-19,56.234,10.223
5725000,118,4,1955,townhouse,Risskov,8240,4.0,2021,2021Q4,2021-11-20,56.192,10.221
1770000,72,3,1970,townhouse,Tranbjerg J,8310,8.1,2021,2021Q4,2021-11-20,56.093,10.146
7225000,217,8,1934,villa,Risskov,8240,3.9,2021,2021Q4,2021-11-20,56.19,10.234
4300000,82,3,1981,townhouse,Aarhus C,8000,0.3,2021,2021Q4,2021-11-20,56.16,10.21
4195000,130,4,2016,villa,Tranbjerg J,8310,9.9,2021,2021Q4,2021-11-21,56.083,10.119
4350000,114,3,1970,villa,Viby J,8260,4.5,2021,2021Q4,2021-11-21,56.126,10.164
6250000,121,5,1800,villa,Højbjerg,8270,8.2,2021,2021Q4,2021-11-21,56.084,10.236
2895000,94,3,1986,townhouse,Risskov,8240,4.5,2021,2021Q4,2021-11-21,56.197,10.196
4498000,117,4,2016,townhouse,Brabrand,8220,5.2,2021,2021Q4,2021-11-22,56.15,10.128
3620000,152,5,2014,townhouse,Lystrup,8520,9.0,2021,2021Q4,2021-11-22,56.237,10.194
2360000,110,3,1984,townhouse,Harlev J,8462,13.3,2021,2021Q4,2021-11-23,56.139,9.998
9072000,150,3,1927,villa,Viby J,8260,3.0,2021,2021Q4,2021-11-23,56.133,10.186
1675000,101,4,2003,townhouse,Hjortshøj,8530,14.1,2021,2021Q4,2021-11-23,56.283,10.218
7000000,222,8,1913,villa,Åbyhøj,8230,2.3,2021,2021Q4,2021-11-23,56.155,10.175
2399000,100,4,1970,townhouse,Tranbjerg J,8310,8.2,2021,2021Q4,2021-11-23,56.093,10.146
1110000,145,5,2022,villa,Hjortshøj,8530,15.2,2021,2021Q4,2021-11-23,56.293,10.214
6200000,183,6,1953,villa,Højbjerg,8270,4.5,2021,2021Q4,2021-11-23,56.118,10.19
3995000,165,5,2020,villa,Egå,8250,6.2,2021,2021Q4,2021-11-23,56.207,10.255
3034000,105,4,2003,townhouse,Lystrup,8520,8.5,2021,2021Q4,2021-11-23,56.233,10.218
8350000,158,6,1920,villa,Viby J,8260,3.2,2021,2021Q4,2021-11-23,56.133,10.18
3670000,111,5,1955,villa,Højbjerg,8270,5.1,2021,2021Q4,2021-11-24,56.119,10.166
2198000,85,4,1972,townhouse,Tranbjerg J,8310,9.4,2021,2021Q4,2021-11-24,56.088,10.122
3300000,174,6,1987,villa,Skødstrup,8541,15.8,2021,2021Q4,2021-11-24,56.297,10.253
2950000,95,3,1960,townhouse,Åbyhøj,8230,3.8,2021,2021Q4,2021-11-24,56.149,10.152
1900000,99,3,1900,villa,Sabro,8471,10.1,2021,2021Q4,2021-11-24,56.197,10.064
6750000,209,7,1968,villa,Risskov,8240,5.4,2021,2021Q4,2021-11-24,56.205,10.222
2995000,125,4,1965,villa,Beder,8330,10.4,2021,2021Q4,2021-11-24,56.063,10.205
6500000,168,5,1917,villa,Åbyhøj,8230,2.5,2021,2021Q4,2021-11-24,56.154,10.171
4300000,130,5,1981,townhouse,Brabrand,8220,5.5,2021,2021Q4,2021-11-25,56.159,10.123
7127000,132,5,1922,villa,Risskov,8240,3.4,2021,2021Q4,2021-11-25,56.187,10.224
8575000,126,4,1900,villa,Risskov,8240,3.2,2021,2021Q4,2021-11-25,56.183,10.234
5100000,176,5,2009,villa,Lystrup,8520,8.9,2021,2021Q4,2021-11-25,56.236,10.191
6100000,160,5,2017,townhouse,Åbyhøj,8230,3.7,2021,2021Q4,2021-11-25,56.158,10.151
5948000,128,5,1900,villa,Højbjerg,8270,5.7,2021,2021Q4,2021-11-25,56.106,10.205
3325000,128,5,1986,villa,Hasselager,8361,9.5,2021,2021Q4,2021-11-25,56.106,10.088
7995000,225,8,1969,villa,Risskov,8240,5.2,2021,2021Q4,2021-11-25,56.199,10.249
6150000,112,5,1930,villa,Højbjerg,8270,6.0,2021,2021Q4,2021-11-27,56.102,10.209
4900000,150,4,1961,villa,Egå,8250,11.1,2021,2021Q4,2021-11-27,56.233,10.326
4520000,145,5,2017,townhouse,Egå,8250,9.4,2021,2021Q4,2021-11-28,56.232,10.281
5700000,157,4,1964,villa,Højbjerg,8270,4.2,2021,2021Q4,2021-11-28,56.123,10.179
8600000,160,6,1962,villa,Risskov,8240,4.0,2021,2021Q4,2021-11-28,56.19,10.237
3695000,87,4,1983,townhouse,Højbjerg,8270,5.6,2021,2021Q4,2021-11-28,56.107,10.22
4275000,199,5,2008,villa,Skødstrup,8541,13.2,2021,2021Q4,2021-11-28,56.263,10.306
6350000,127,4,1963,villa,Brabrand,8220,4.6,2021,2021Q4,2021-11-28,56.146,10.138
6200000,136,6,1961,townhouse,Risskov,8240,4.9,2021,2021Q4,2021-11-28,56.2,10.232
3398000,131,5,1973,villa,Tilst,8381,6.7,2021,2021Q4,2021-11-28,56.18,10.111
4270000,131,4,1968,villa,Skødstrup,8541,14.1,2021,2021Q4,2021-11-28,56.26,10.342
3950000,133,5,1902,villa,Risskov,8240,5.0,2021,2021Q4,2021-11-28,56.201,10.195
4100000,133,4,1971,villa,Beder,8330,11.0,2021,2021Q4,2021-11-28,56.058,10.213
810000,27,1,1986,townhouse,Aarhus V,8210,3.4,2021,2021Q4,2021-11-29,56.166,10.159
3750000,136,4,2021,townhouse,Hasselager,8361,9.8,2021,2021Q4,2021-11-29,56.105,10.083
2250000,116,4,1900,villa,Sabro,8471,16.5,2021,2021Q4,2021-11-29,56.222,9.972
4285000,112,5,1953,villa,Viby J,8260,3.6,2021,2021Q4,2021-11-29,56.135,10.168
2945000,100,4,1979,villa,Tilst,8381,6.2,2021,2021Q4,2021-11-29,56.176,10.117
2795000,118,4,1978,villa,Harlev J,8462,13.2,2021,2021Q4,2021-11-29,56.14,10.0
2850000,120,4,2020,townhouse,Malling,8340,14.2,2021,2021Q4,2021-11-30,56.03,10.191
5998000,208,7,1972,villa,Viby J,8260,6.3,2021,2021Q4,2021-11-30,56.132,10.12
4500000,149,5,2008,villa,Lystrup,8520,8.8,2021,2021Q4,2021-11-30,56.235,10.194
4295000,124,4,1965,villa,Viby J,8260,4.8,2021,2021Q4,2021-11-30,56.128,10.153
3498000,165,5,1980,townhouse,Aarhus V,8210,5.4,2021,2021Q4,2021-11-30,56.176,10.13
2225000,85,3,1971,townhouse,Tranbjerg J,8310,8.2,2021,2021Q4,2021-11-30,56.091,10.153
3400000,138,4,1968,townhouse,Beder,8330,10.7,2021,2021Q4,2021-11-30,56.06,10.206
4300000,110,4,1957,townhouse,Risskov,8240,3.9,2021,2021Q4,2021-11-30,56.191,10.22
3298000,102,4,1953,villa,Brabrand,8220,4.3,2021,2021Q4,2021-11-30,56.155,10.141
3530000,116,3,1997,villa,Beder,8330,10.5,2021,2021Q4,2021-11-30,56.062,10.217
3950000,166,4,1878,townhouse,Brabrand,8220,7.9,2021,2021Q4,2021-12-01,56.153,10.083
3100000,210,7,1972,villa,Tilst,8381,6.9,2021,2021Q4,2021-12-01,56.178,10.106
6375000,249,6,2011,villa,Viby J,8260,7.3,2021,2021Q4,2021-12-01,56.127,10.105
5000000,180,5,2018,villa,Solbjerg,8355,15.0,2021,2021Q4,2021-12-01,56.037,10.098
5100000,174,6,1973,villa,Højbjerg,8270,4.7,2021,2021Q4,2021-12-01,56.118,10.18
3300000,112,4,2019,townhouse,Hasselager,8361,9.2,2021,2021Q4,2021-12-01,56.112,10.085
4350000,171,5,1936,villa,Brabrand,8220,5.0,2021,2021Q4,2021-12-01,56.153,10.13
4150000,141,5,1981,villa,Risskov,8240,4.3,2021,2021Q4,2021-12-01,56.196,10.214
3820000,98,5,1957,villa,Brabrand,8220,6.0,2021,2021Q4,2021-12-01,56.152,10.114
3900000,172,5,1969,villa,Skødstrup,8541,14.0,2021,2021Q4,2021-12-01,56.271,10.306
4900000,190,6,1986,townhouse,Aarhus N,8200,3.8,2021,2021Q4,2021-12-01,56.19,10.196
2700000,105,3,2011,townhouse,Mårslet,8320,11.3,2021,2021Q4,2021-12-02,56.06,10.157
9700000,223,6,1955,villa,Viby J,8260,2.7,2021,2021Q4,2021-12-02,56.136,10.187
6475000,202,8,1907,villa,Viby J,8260,4.8,2021,2021Q4,2021-12-02,56.122,10.162
5775000,192,5,2000,villa,Malling,8340,13.0,2021,2021Q4,2021-12-02,56.04,10.208
2500000,148,4,1968,villa,Trige,8380,11.3,2021,2021Q4,2021-12-02,56.253,10.152
2450000,111,4,1975,townhouse,Tranbjerg J,8310,9.2,2021,2021Q4,2021-12-03,56.091,10.122
3383000,116,5,2018,townhouse,Egå,8250,7.0,2021,2021Q4,2021-12-04,56.213,10.265
3000000,100,5,1969,villa,Tilst,8381,8.2,2021,2021Q4,2021-12-04,56.191,10.093
5620000,177,4,2016,villa,Viby J,8260,6.7,2021,2021Q4,2021-12-05,56.121,10.124
10750000,185,5,1985,villa,Højbjerg,8270,3.6,2021,2021Q4,2021-12-05,56.125,10.196
3150000,180,5,1964,villa,Lystrup,8520,9.2,2021,2021Q4,2021-12-05,56.239,10.227
3060000,373,11,1917,villa,Trige,8380,9.7,2021,2021Q4,2021-12-05,56.234,10.136
4150000,111,4,1954,villa,Risskov,8240,4.9,2021,2021Q4,2021-12-06,56.2,10.229
5198000,124,4,1972,villa,Viby J,8260,6.3,2021,2021Q4,2021-12-06,56.134,10.118
4100000,101,3,1962,villa,Højbjerg,8270,4.9,2021,2021Q4,2021-12-06,56.117,10.179
3055000,114,4,2008,townhouse,Mårslet,8320,11.3,2021,2021Q4,2021-12-06,56.059,10.16
3098000,114,4,2017,townhouse,Skødstrup,8541,13.6,2021,2021Q4,2021-12-06,56.265,10.31
3995000,164,6,1976,villa,Malling,8340,12.4,2021,2021Q4,2021-12-06,56.045,10.198
3737500,170,4,1966,villa,Tranbjerg J,8310,9.1,2021,2021Q4,2021-12-06,56.086,10.138
5800000,171,5,1950,villa,Aarhus N,8200,2.7,2021,2021Q4,2021-12-06,56.18,10.196
3735000,140,5,1981,townhouse,Mårslet,8320,10.1,2021,2021Q4,2021-12-06,56.069,10.167
6075000,139,6,1953,villa,Aarhus N,8200,2.9,2021,2021Q4,2021-12-06,56.183,10.208
3348000,122,4,1980,villa,Aarhus V,8210,5.4,2021,2021Q4,2021-12-07,56.176,10.131
2098000,95,3,1962,villa,Malling,8340,13.4,2021,2021Q4,2021-12-08,56.037,10.238
3950000,91,4,1956,villa,Risskov,8240,5.3,2021,2021Q4,2021-12-08,56.202,10.239
3300000,184,6,1971,villa,Hasselager,8361,8.3,2021,2021Q4,2021-12-08,56.12,10.094
2900000,122,4,1953,villa,Brabrand,8220,4.4,2021,2021Q4,2021-12-08,56.154,10.14
5650000,178,5,2011,villa,Viby J,8260,7.3,2021,2021Q4,2021-12-08,56.127,10.107
2975000,106,3,2019,townhouse,Brabrand,8220,6.9,2021,2021Q4,2021-12-08,56.156,10.099
3765000,150,5,2019,villa,Trige,8380,11.4,2021,2021Q4,2021-12-08,56.256,10.161
2050000,106,3,1956,villa,Tilst,8381,9.1,2021,2021Q4,2021-12-08,56.208,10.095
3698000,167,5,1975,villa,Tranbjerg J,8310,12.1,2021,2021Q4,2021-12-08,56.065,10.106
3600000,142,3,1962,villa,Malling,8340,14.0,2021,2021Q4,2021-12-08,56.032,10.238
2495000,172,5,1972,villa,Trige,8380,11.9,2021,2021Q4,2021-12-08,56.256,10.14
2500000,200,5,1970,villa,Egå,8250,7.2,2021,2021Q4,2021-12-08,56.215,10.265
5900000,189,5,2010,villa,Viby J,8260,7.1,2021,2021Q4,2021-12-09,56.126,10.11
7998000,159,4,2020,townhouse,Risskov,8240,3.7,2021,2021Q4,2021-12-10,56.187,10.235
3770000,155,4,2020,townhouse,Solbjerg,8355,14.2,2021,2021Q4,2021-12-10,56.048,10.092
3000000,203,6,1964,villa,Aarhus N,8200,6.9,2021,2021Q4,2021-12-10,56.214,10.171
9300000,168,5,1898,townhouse,Aarhus C,8000,0.9,2021,2021Q4,2021-12-11,56.161,10.199
2544000,155,5,2012,villa,Viby J,8260,10.9,2021,2021Q4,2021-12-12,56.131,10.041
2595000,110,4,2020,townhouse,Trige,8380,15.4,2021,2021Q4,2021-12-12,56.291,10.151
7000000,182,5,1969,villa,Højbjerg,8270,4.4,2021,2021Q4,2021-12-12,56.118,10.202
3039000,104,3,1961,villa,Egå,8250,8.2,2021,2021Q4,2021-12-12,56.218,10.284
2930000,104,4,2007,townhouse,Mårslet,8320,10.9,2021,2021Q4,2021-12-12,56.065,10.149
3051000,89,3,1984,townhouse,Risskov,8240,5.1,2021,2021Q4,2021-12-12,56.202,10.209
2227500,151,6,1977,townhouse,Hasselager,8361,10.2,2021,2021Q4,2021-12-12,56.107,10.074
2116000,116,5,1969,villa,Sabro,8471,12.2,2021,2021Q4,2021-12-12,56.209,10.037
2900000,117,4,1969,villa,Aarhus V,8210,3.5,2021,2021Q4,2021-12-12,56.173,10.163
4050000,169,5,1911,villa,Åbyhøj,8230,3.3,2021,2021Q4,2021-12-12,56.145,10.162
5400000,200,4,2020,villa,Skødstrup,8541,13.5,2021,2021Q4,2021-12-13,56.264,10.316
4200000,113,4,1924,villa,Viby J,8260,2.9,2021,2021Q4,2021-12-13,56.139,10.176
2675000,160,5,1947,villa,Tilst,8381,7.2,2021,2021Q4,2021-12-13,56.19,10.111
2445000,130,5,1979,villa,Tilst,8381,6.3,2021,2021Q4,2021-12-13,56.178,10.117
2675000,108,4,1964,villa,Åbyhøj,8230,4.0,2021,2021Q4,2021-12-13,56.153,10.146
4400000,123,5,1965,townhouse,Højbjerg,8270,4.7,2021,2021Q4,2021-12-13,56.117,10.187
9650000,214,8,1930,villa,Viby J,8260,3.0,2021,2021Q4,2021-12-13,56.135,10.182
2670000,113,3,1965,villa,Skødstrup,8541,14.9,2021,2021Q4,2021-12-13,56.278,10.314
7550000,184,7,1966,villa,Risskov,8240,4.2,2021,2021Q4,2021-12-13,56.191,10.238
4810000,122,5,1959,villa,Aarhus N,8200,2.5,2021,2021Q4,2021-12-14,56.175,10.188
2375000,144,5,1966,villa,Hjortshøj,8530,14.4,2021,2021Q4,2021-12-14,56.286,10.22
3298000,120,4,1953,villa,Højbjerg,8270,4.9,2021,2021Q4,2021-12-14,56.12,10.167
4900000,130,4,2020,townhouse,Egå,8250,6.7,2021,2021Q4,2021-12-14,56.206,10.274
2968000,135,5,2014,townhouse,Hasselager,8361,8.6,2021,2021Q4,2021-12-14,56.114,10.095
3495000,130,4,2018,townhouse,Mårslet,8320,11.2,2021,2021Q4,2021-12-14,56.061,10.154
3795000,149,5,1963,villa,Malling,8340,13.0,2021,2021Q4,2021-12-14,56.04,10.197
2000000,152,5,1978,villa,Solbjerg,8355,15.8,2021,2021Q4,2021-12-14,56.038,10.07
5000000,221,7,1978,villa,Beder,8330,10.4,2021,2021Q4,2021-12-14,56.063,10.201
5000000,126,4,1977,villa,Mårslet,8320,10.6,2021,2021Q4,2021-12-14,56.065,10.166
714000,37,2,1949,townhouse,Aarhus N,8200,2.3,2021,2021Q4,2021-12-14,56.176,10.196
3325000,96,3,2002,townhouse,Højbjerg,8270,6.7,2021,2021Q4,2021-12-14,56.097,10.217
3320000,157,6,1978,villa,Tilst,8381,6.2,2021,2021Q4,2021-12-14,56.176,10.117
4333333,120,5,1959,townhouse,Aarhus V,8210,3.2,2021,2021Q4,2021-12-14,56.172,10.166
2740000,88,3,2021,townhouse,Aarhus N,8200,8.5,2021,2021Q4,2021-12-15,56.233,10.204
833000,160,5,2022,villa,Hjortshøj,8530,15.1,2021,2021Q4,2021-12-15,56.292,10.214
5400000,240,8,1970,villa,Aarhus V,8210,3.5,2021,2021Q4,2021-12-15,56.175,10.165
3600000,148,5,1970,villa,Tilst,8381,7.0,2021,2021Q4,2021-12-15,56.19,10.114
4595000,146,6,2000,villa,Lystrup,8520,9.8,2021,2021Q4,2021-12-16,56.243,10.247
2895000,104,4,2007,townhouse,Mårslet,8320,10.9,2021,2021Q4,2021-12-16,56.065,10.149
6598000,220,7,1927,villa,Brabrand,8220,6.3,2021,2021Q4,2021-12-16,56.156,10.11
2995000,93,4,2001,townhouse,Aarhus N,8200,4.8,2021,2021Q4,2021-12-16,56.198,10.19
4175000,130,5,1962,villa,Viby J,8260,6.1,2021,2021Q4,2021-12-16,56.13,10.124
1900000,200,6,1904,villa,Solbjerg,8355,15.5,2021,2021Q4,2021-12-16,56.028,10.116
5365000,151,5,2020,villa,Viby J,8260,4.2,2021,2021Q4,2021-12-16,56.132,10.161
1860000,137,4,1899,villa,Harlev J,8462,14.4,2021,2021Q4,2021-12-16,56.147,9.979
2100000,151,5,1977,townhouse,Hasselager,8361,10.1,2021,2021Q4,2021-12-17,56.106,10.075
3445000,128,4,2005,townhouse,Egå,8250,9.4,2021,2021Q4,2021-12-18,56.227,10.294
2375000,100,3,1972,townhouse,Mårslet,8320,10.1,2021,2021Q4,2021-12-18,56.07,10.158
4550000,73,2,1951,townhouse,Aarhus V,8210,2.1,2021,2021Q4,2021-12-19,56.168,10.184
3495000,135,6,2016,townhouse,Mårslet,8320,9.4,2021,2021Q4,2021-12-19,56.076,10.163
2650000,126,5,1969,villa,Harlev J,8462,12.8,2021,2021Q4,2021-12-19,56.147,10.005
6500000,198,6,2008,villa,Viby J,8260,7.1,2021,2021Q4,2021-12-19,56.129,10.107
3525000,110,4,2012,townhouse,Viby J,8260,7.4,2021,2021Q4,2021-12-19,56.128,10.103
3100000,136,4,2012,townhouse,Viby J,8260,6.2,2021,2021Q4,2021-12-19,56.128,10.126
3210000,127,4,1988,villa,Skødstrup,8541,13.9,2021,2021Q4,2021-12-19,56.26,10.338
3950000,121,4,1915,villa,Viby J,8260,4.5,2021,2021Q4,2021-12-19,56.125,10.166
3700000,120,4,1990,villa,Tranbjerg J,8310,8.6,2021,2021Q4,2021-12-19,56.098,10.121
2805000,112,4,2002,townhouse,Beder,8330,11.5,2021,2021Q4,2021-12-19,56.053,10.216
2695000,84,3,1991,townhouse,Viby J,8260,5.8,2021,2021Q4,2021-12-20,56.133,10.128
4850000,181,5,2023,villa,Højbjerg,8270,4.7,2021,2021Q4,2021-12-20,56.115,10.21
4360000,146,4,1971,townhouse,Højbjerg,8270,5.6,2021,2021Q4,2021-12-20,56.112,10.171
2550000,84,3,2003,townhouse,Lystrup,8520,8.6,2021,2021Q4,2021-12-20,56.234,10.22
2750000,108,4,1985,villa,Sabro,8471,12.8,2021,2021Q4,2021-12-20,56.214,10.031
3348000,117,4,1984,townhouse,Brabrand,8220,5.4,2021,2021Q4,2021-12-20,56.153,10.124
7145000,188,6,1934,villa,Aarhus V,8210,2.9,2021,2021Q4,2021-12-20,56.168,10.169
6117500,173,5,1943,villa,Åbyhøj,8230,3.7,2021,2021Q4,2021-12-20,56.15,10.152
3500000,118,4,1962,villa,Egå,8250,11.5,2021,2021Q4,2021-12-20,56.237,10.329
760000,26,1,1986,townhouse,Aarhus V,8210,3.3,2021,2021Q4,2021-12-21,56.166,10.159
4249000,163,7,1983,villa,Tranbjerg J,8310,8.4,2021,2021Q4,2021-12-21,56.096,10.129
2795000,92,4,2014,townhouse,Mårslet,8320,9.5,2021,2021Q4,2021-12-21,56.076,10.161
4100000,124,4,1959,villa,Aarhus V,8210,2.3,2021,2021Q4,2021-12-21,56.167,10.18
3240000,113,4,1963,townhouse,Højbjerg,8270,4.7,2021,2021Q4,2021-12-21,56.121,10.17
6275000,218,5,2015,villa,Skødstrup,8541,13.4,2021,2021Q4,2021-12-21,56.268,10.296
4595000,174,6,2021,villa,Malling,8340,14.5,2021,2021Q4,2021-12-21,56.027,10.187
3150000,100,4,2017,townhouse,Lystrup,8520,8.1,2021,2021Q4,2021-12-21,56.229,10.226
4298000,200,7,2012,villa,Trige,8380,11.9,2021,2021Q4,2021-12-21,56.257,10.144
3825000,163,6,2012,villa,Viby J,8260,10.1,2021,2021Q4,2021-12-21,56.123,10.059
4540000,95,3,1927,villa,Aarhus V,8210,3.1,2021,2021Q4,2021-12-21,56.168,10.165
6800000,172,6,1926,villa,Åbyhøj,8230,2.6,2021,2021Q4,2021-12-21,56.158,10.168
3425000,127,6,1966,villa,Risskov,8240,5.7,2021,2021Q4,2021-12-21,56.205,10.242
5500000,168,5,1938,villa,Brabrand,8220,5.6,2021,2021Q4,2021-12-22,56.155,10.12
3350000,126,4,2007,townhouse,Mårslet,8320,11.2,2021,2021Q4,2021-12-22,56.06,10.156
1600000,133,3,1932,villa,Sabro,8471,10.1,2021,2021Q4,2021-12-22,56.198,10.066
4535000,149,5,2015,townhouse,Viby J,8260,7.0,2021,2021Q4,2021-12-22,56.131,10.107
4150000,155,4,1971,villa,Risskov,8240,5.7,2021,2021Q4,2021-12-22,56.205,10.245
3950000,188,5,1963,villa,Tranbjerg J,8310,8.4,2021,2021Q4,2021-12-22,56.096,10.131
4725000,114,5,1950,villa,Viby J,8260,3.3,2021,2021Q4,2021-12-22,56.134,10.176
3850000,118,5,1948,villa,Viby J,8260,4.8,2021,2021Q4,2021-12-23,56.123,10.163
5590000,211,6,1959,villa,Lystrup,8520,9.6,2021,2021Q4,2021-12-26,56.243,10.227
4970000,173,5,2021,villa,Malling,8340,14.6,2021,2021Q4,2021-12-26,56.026,10.185
5300000,205,5,2023,villa,Højbjerg,8270,4.6,2021,2021Q4,2021-12-26,56.116,10.204
3600000,199,3,1987,villa,Sabro,8471,11.2,2021,2021Q4,2021-12-26,56.204,10.051
3750000,194,7,1970,villa,Harlev J,8462,13.0,2021,2021Q4,2021-12-27,56.146,10.002
3225000,126,5,2018,townhouse,Sabro,8471,11.4,2021,2021Q4,2021-12-27,56.208,10.052
4698000,141,4,2018,townhouse,Aarhus N,8200,8.7,2021,2021Q4,2021-12-27,56.235,10.203
7100000,215,8,1885,townhouse,Aarhus C,8000,1.5,2021,2021Q4,2021-12-27,56.146,10.196
4225000,108,3,1960,townhouse,Højbjerg,8270,4.8,2021,2021Q4,2021-12-27,56.119,10.173
3300000,119,5,1905,villa,Beder,8330,11.2,2021,2021Q4,2021-12-27,56.056,10.202
2950000,198,5,1853,villa,Sabro,8471,12.6,2021,2021Q4,2021-12-28,56.217,10.04
3675000,116,4,1985,townhouse,Højbjerg,8270,6.0,2021,2021Q4,2021-12-28,56.106,10.176
5298000,162,5,2005,villa,Brabrand,8220,7.0,2021,2021Q4,2021-12-28,56.159,10.097
12250000,225,6,2003,villa,Højbjerg,8270,6.2,2021,2021Q4,2021-12-28,56.101,10.224
2640000,110,4,2020,townhouse,Trige,8380,15.4,2021,2021Q4,2021-12-28,56.291,10.151
2645000,110,4,2020,townhouse,Trige,8380,15.4,2021,2021Q4,2021-12-28,56.292,10.151
3350000,155,5,1969,villa,Skødstrup,8541,14.8,2021,2021Q4,2021-12-28,56.277,10.313
7350000,214,5,1969,villa,Højbjerg,8270,5.8,2021,2021Q4,2021-12-29,56.106,10.225
5275000,172,7,1965,villa,Egå,8250,6.8,2021,2021Q4,2021-12-29,56.206,10.277
1600000,152,4,2022,villa,Malling,8340,14.9,2021,2021Q4,2021-12-29,56.023,10.182
4300000,171,6,1970,villa,Brabrand,8220,5.5,2021,2021Q4,2021-12-29,56.162,10.122
1995000,87,4,1987,townhouse,Lystrup,8520,9.7,2021,2021Q4,2021-12-29,56.242,10.241
5400000,167,4,2009,villa,Skødstrup,8541,13.2,2021,2021Q4,2021-12-30,56.265,10.299
3900000,137,4,1973,villa,Egå,8250,10.9,2021,2021Q4,2021-12-30,56.234,10.319
10400000,215,10,1971,villa,Højbjerg,8270,5.0,2021,2021Q4,2021-12-31,56.112,10.215
5700000,145,4,1965,villa,Højbjerg,8270,4.2,2021,2021Q4,2021-12-31,56.123,10.178
2300000,226,5,2023,villa,Harlev J,8462,13.8,2022,2022Q1,2022-01-02,56.135,9.992
4150000,166,8,1947,villa,Højbjerg,8270,4.4,2022,2022Q1,2022-01-02,56.117,10.198
2300000,220,5,2023,villa,Harlev J,8462,13.8,2022,2022Q1,2022-01-02,56.135,9.991
3700000,108,4,1956,villa,Egå,8250,11.8,2022,2022Q1,2022-01-02,56.239,10.33
2450000,118,3,1949,villa,Harlev J,8462,13.2,2022,2022Q1,2022-01-02,56.141,10.0
3375000,140,5,2014,villa,Skødstrup,8541,13.3,2022,2022Q1,2022-01-03,56.266,10.297
2620000,117,4,1979,townhouse,Hasselager,8361,10.2,2022,2022Q1,2022-01-03,56.107,10.073
5000000,176,6,1962,villa,Højbjerg,8270,4.8,2022,2022Q1,2022-01-03,56.117,10.182
2455000,109,4,2014,townhouse,Hasselager,8361,10.7,2022,2022Q1,2022-01-04,56.106,10.063
6650000,132,4,1942,villa,Viby J,8260,3.9,2022,2022Q1,2022-01-04,56.126,10.181
3950000,110,5,1967,villa,Aarhus N,8200,2.8,2022,2022Q1,2022-01-04,56.181,10.199
3440000,153,5,1971,villa,Harlev J,8462,12.7,2022,2022Q1,2022-01-04,56.147,10.006
3750000,150,5,1953,villa,Sabro,8471,13.0,2022,2022Q1,2022-01-05,56.19,10.01
4200000,184,7,1974,villa,Egå,8250,9.8,2022,2022Q1,2022-01-05,56.231,10.298
2300000,117,6,1927,villa,Lystrup,8520,8.5,2022,2022Q1,2022-01-05,56.232,10.235
3495000,127,3,2006,villa,Malling,8340,13.5,2022,2022Q1,2022-01-05,56.036,10.191
3875000,215,9,1900,villa,Mårslet,8320,9.8,2022,2022Q1,2022-01-05,56.071,10.17
3120000,120,4,2019,townhouse,Harlev J,8462,13.6,2022,2022Q1,2022-01-05,56.135,9.995
2200000,100,4,1985,townhouse,Viby J,8260,6.1,2022,2022Q1,2022-01-05,56.125,10.13
8800000,187,7,1951,villa,Risskov,8240,3.8,2022,2022Q1,2022-01-06,56.19,10.227
3750000,120,4,1966,villa,Egå,8250,8.2,2022,2022Q1,2022-01-06,56.217,10.285
4000000,82,3,1927,townhouse,Aarhus V,8210,3.1,2022,2022Q1,2022-01-06,56.168,10.165
2095000,111,4,1976,villa,Trige,8380,11.4,2022,2022Q1,2022-01-07,56.249,10.132
6050000,162,6,1976,villa,Brabrand,8220,6.2,2022,2022Q1,2022-01-07,56.16,10.111
3050000,93,3,1985,townhouse,Risskov,8240,4.5,2022,2022Q1,2022-01-08,56.197,10.195
4498000,73,3,1954,townhouse,Aarhus V,8210,2.1,2022,2022Q1,2022-01-09,56.168,10.183
2620000,116,5,1972,townhouse,Tranbjerg J,8310,9.6,2022,2022Q1,2022-01-09,56.086,10.12
2500000,126,5,1909,villa,Viby J,8260,2.9,2022,2022Q1,2022-01-09,56.139,10.177
2600000,160,6,1964,villa,Lystrup,8520,8.8,2022,2022Q1,2022-01-10,56.236,10.222
3145000,97,3,2003,villa,Tilst,8381,6.8,2022,2022Q1,2022-01-10,56.193,10.123
5500000,186,7,1972,villa,Egå,8250,6.8,2022,2022Q1,2022-01-10,56.206,10.276
8498000,258,7,1964,villa,Højbjerg,8270,4.8,2022,2022Q1,2022-01-10,56.116,10.185
2995000,146,4,1980,villa,Lystrup,8520,10.4,2022,2022Q1,2022-01-10,56.249,10.236
3398000,145,5,1930,villa,Viby J,8260,4.6,2022,2022Q1,2022-01-10,56.131,10.153
2912500,143,5,1974,villa,Harlev J,8462,13.3,2022,2022Q1,2022-01-11,56.149,9.997
3725000,134,5,1995,villa,Tranbjerg J,8310,9.3,2022,2022Q1,2022-01-11,56.084,10.137
5098000,90,5,1948,townhouse,Højbjerg,8270,4.8,2022,2022Q1,2022-01-11,56.114,10.197
2150000,187,5,2023,villa,Egå,8250,9.5,2022,2022Q1,2022-01-11,56.231,10.284
2395000,129,4,1970,villa,Harlev J,8462,13.5,2022,2022Q1,2022-01-11,56.142,9.994
2199000,100,4,1961,townhouse,Lystrup,8520,8.4,2022,2022Q1,2022-01-11,56.232,10.229
3148000,98,5,1987,townhouse,Aarhus N,8200,3.8,2022,2022Q1,2022-01-11,56.19,10.193
5600000,130,5,1910,villa,Viby J,8260,4.4,2022,2022Q1,2022-01-11,56.125,10.168
3495000,120,5,1986,townhouse,Risskov,8240,5.3,2022,2022Q1,2022-01-12,56.204,10.207
5545000,180,5,2020,villa,Egå,8250,10.5,2022,2022Q1,2022-01-12,56.237,10.3
3275000,238,5,2023,villa,Egå,8250,10.1,2022,2022Q1,2022-01-12,56.229,10.31
5335000,118,4,1962,villa,Højbjerg,8270,4.7,2022,2022Q1,2022-01-12,56.118,10.179
1900000,130,4,1942,villa,Tilst,8381,7.5,2022,2022Q1,2022-01-13,56.194,10.111
30100000,433,12,1907,villa,Aarhus C,8000,2.6,2022,2022Q1,2022-01-13,56.133,10.209
3400000,145,4,2017,townhouse,Lystrup,8520,9.2,2022,2022Q1,2022-01-13,56.239,10.197
6600000,215,5,2023,villa,Risskov,8240,3.1,2022,2022Q1,2022-01-13,56.183,10.227
5200000,178,6,1994,villa,Mårslet,8320,10.1,2022,2022Q1,2022-01-13,56.068,10.172
3900000,133,5,1978,villa,Viby J,8260,6.0,2022,2022Q1,2022-01-13,56.13,10.126
4200000,139,6,1967,villa,Hasselager,8361,9.1,2022,2022Q1,2022-01-13,56.108,10.093
6138000,114,4,1945,villa,Aarhus N,8200,2.6,2022,2022Q1,2022-01-14,56.18,10.216
4250000,88,3,1948,villa,Aarhus V,8210,3.2,2022,2022Q1,2022-01-14,56.177,10.175
3700000,119,4,1978,townhouse,Aarhus V,8210,2.6,2022,2022Q1,2022-01-14,56.165,10.172
5125000,182,6,2003,villa,Aarhus N,8200,7.8,2022,2022Q1,2022-01-14,56.223,10.172
5200000,183,5,2017,villa,Egå,8250,9.4,2022,2022Q1,2022-01-14,56.23,10.287
4250000,98,4,1940,townhouse,Aarhus V,8210,2.5,2022,2022Q1,2022-01-15,56.163,10.172
3326000,121,3,2012,townhouse,Malling,8340,14.3,2022,2022Q1,2022-01-15,56.029,10.186
3025000,140,5,2014,townhouse,Malling,8340,14.2,2022,2022Q1,2022-01-15,56.03,10.185
2998000,134,5,1971,villa,Tilst,8381,8.6,2022,2022Q1,2022-01-15,56.19,10.085
2995000,150,5,1965,villa,Lystrup,8520,7.8,2022,2022Q1,2022-01-16,56.226,10.231
4650000,235,8,2003,villa,Tilst,8381,10.4,2022,2022Q1,2022-01-16,56.186,10.051
2050000,130,4,1953,villa,Sabro,8471,10.4,2022,2022Q1,2022-01-16,56.2,10.061
3710000,131,4,1981,villa,Tranbjerg J,8310,9.3,2022,2022Q1,2022-01-16,56.092,10.116
2598000,104,4,2012,townhouse,Viby J,8260,10.1,2022,2022Q1,2022-01-16,56.124,10.058
2800000,124,5,1967,villa,Solbjerg,8355,14.8,2022,2022Q1,2022-01-16,56.043,10.087
3373000,109,4,1987,townhouse,Risskov,8240,4.5,2022,2022Q1,2022-01-16,56.197,10.197
1898000,85,4,1972,townhouse,Tranbjerg J,8310,8.2,2022,2022Q1,2022-01-16,56.091,10.152
3000000,129,4,1976,villa,Tranbjerg J,8310,9.0,2022,2022Q1,2022-01-17,56.091,10.128
4750000,145,6,1969,townhouse,Risskov,8240,4.9,2022,2022Q1,2022-01-17,56.201,10.223
3295000,166,5,1999,villa,Sabro,8471,16.7,2022,2022Q1,2022-01-17,56.226,9.971
2400000,76,2,1985,townhouse,Aarhus N,8200,3.4,2022,2022Q1,2022-01-17,56.179,10.173
3225000,207,8,1962,villa,Hasselager,8361,9.7,2022,2022Q1,2022-01-17,56.113,10.075
2050000,72,3,1971,townhouse,Tranbjerg J,8310,8.3,2022,2022Q1,2022-01-17,56.091,10.146
9800000,172,6,1959,villa,Højbjerg,8270,4.0,2022,2022Q1,2022-01-18,56.121,10.206
2998000,114,4,2008,townhouse,Mårslet,8320,11.3,2022,2022Q1,2022-01-18,56.059,10.16
2470000,138,5,2008,villa,Trige,8380,15.9,2022,2022Q1,2022-01-18,56.296,10.151
5230000,124,4,2022,townhouse,Aarhus N,8200,2.7,2022,2022Q1,2022-01-18,56.179,10.198
3275000,120,4,2019,townhouse,Harlev J,8462,13.6,2022,2022Q1,2022-01-18,56.136,9.995
3725000,118,5,1958,villa,Viby J,8260,5.2,2022,2022Q1,2022-01-18,56.121,10.155
5725000,141,4,1956,townhouse,Højbjerg,8270,4.3,2022,2022Q1,2022-01-18,56.119,10.199
2423000,110,5,1972,townhouse,Tranbjerg J,8310,8.3,2022,2022Q1,2022-01-18,56.091,10.15
4025000,270,7,1850,villa,Malling,8340,13.4,2022,2022Q1,2022-01-18,56.037,10.189
3395000,112,4,1986,townhouse,Risskov,8240,5.3,2022,2022Q1,2022-01-18,56.205,10.209
2837500,95,4,1982,townhouse,Aarhus V,8210,5.4,2022,2022Q1,2022-01-19,56.175,10.13
6198000,104,5,1927,villa,Aarhus N,8200,2.3,2022,2022Q1,2022-01-19,56.178,10.212
3698000,139,5,1999,villa,Hasselager,8361,9.3,2022,2022Q1,2022-01-19,56.096,10.108
2945000,134,5,1986,villa,Lystrup,8520,8.7,2022,2022Q1,2022-01-19,56.235,10.198
2950000,41,1,2019,villa,Aarhus C,8000,1.3,2022,2022Q1,2022-01-19,56.163,10.228
2940000,140,5,2014,townhouse,Hasselager,8361,8.6,2022,2022Q1,2022-01-19,56.114,10.095
5395000,164,5,1998,villa,Højbjerg,8270,5.7,2022,2022Q1,2022-01-19,56.107,10.184
5258000,109,4,1920,villa,Brabrand,8220,6.2,2022,2022Q1,2022-01-19,56.157,10.11
4070000,127,4,2005,townhouse,Brabrand,8220,6.4,2022,2022Q1,2022-01-19,56.156,10.107
2100000,74,3,2006,townhouse,Brabrand,8220,7.5,2022,2022Q1,2022-01-19,56.159,10.089
6100000,152,5,1947,villa,Risskov,8240,5.1,2022,2022Q1,2022-01-19,56.198,10.248
2515000,317,10,1910,villa,Solbjerg,8355,18.6,2022,2022Q1,2022-01-19,56.01,10.07
3898000,165,5,1973,townhouse,Beder,8330,10.2,2022,2022Q1,2022-01-19,56.065,10.216
2500000,150,5,1960,villa,Tilst,8381,6.8,2022,2022Q1,2022-01-19,56.189,10.117
3750000,120,4,1978,villa,Aarhus V,8210,4.3,2022,2022Q1,2022-01-20,56.18,10.156
6495000,196,7,1999,villa,Viby J,8260,7.0,2022,2022Q1,2022-01-20,56.132,10.107
3400000,136,5,1980,villa,Malling,8340,12.5,2022,2022Q1,2022-01-20,56.044,10.201
4175000,166,6,1961,townhouse,Aarhus N,8200,2.4,2022,2022Q1,2022-01-20,56.178,10.218
2898000,110,4,1999,townhouse,Hjortshøj,8530,10.3,2022,2022Q1,2022-01-20,56.244,10.265
7525000,199,7,1990,villa,Højbjerg,8270,4.4,2022,2022Q1,2022-01-21,56.118,10.199
9700000,176,5,1995,villa,Risskov,8240,5.0,2022,2022Q1,2022-01-21,56.195,10.253
2465000,92,4,1982,townhouse,Beder,8330,11.3,2022,2022Q1,2022-01-21,56.055,10.204
4100000,89,3,1827,townhouse,Aarhus C,8000,0.3,2022,2022Q1,2022-01-21,56.16,10.212
3200000,130,5,2020,townhouse,Malling,8340,14.2,2022,2022Q1,2022-01-22,56.029,10.19
3125000,133,4,1981,villa,Tilst,8381,6.6,2022,2022Q1,2022-01-22,56.189,10.12
5450000,226,8,1974,villa,Egå,8250,10.1,2022,2022Q1,2022-01-23,56.23,10.306
10400000,205,8,1941,villa,Viby J,8260,2.8,2022,2022Q1,2022-01-23,56.135,10.189
4800000,151,5,1967,villa,Aarhus V,8210,3.6,2022,2022Q1,2022-01-23,56.164,10.153
4495000,142,4,2023,townhouse,Viby J,8260,6.6,2022,2022Q1,2022-01-23,56.129,10.117
4299000,83,3,1960,villa,Risskov,8240,4.9,2022,2022Q1,2022-01-23,56.199,10.231
3900000,161,6,1970,villa,Beder,8330,10.9,2022,2022Q1,2022-01-23,56.059,10.212
3998000,129,5,2015,townhouse,Viby J,8260,7.1,2022,2022Q1,2022-01-24,56.131,10.106
4380000,140,5,2016,townhouse,Egå,8250,9.4,2022,2022Q1,2022-01-24,56.231,10.282
2498000,120,4,1975,villa,Harlev J,8462,13.3,2022,2022Q1,2022-01-24,56.139,9.999
1600000,90,3,1968,villa,Hjortshøj,8530,14.3,2022,2022Q1,2022-01-24,56.284,10.247
3170000,180,6,1964,villa,Malling,8340,12.7,2022,2022Q1,2022-01-24,56.042,10.2
4300000,176,4,2015,villa,Malling,8340,13.9,2022,2022Q1,2022-01-24,56.033,10.183
5700000,122,4,1982,townhouse,Højbjerg,8270,5.4,2022,2022Q1,2022-01-24,56.108,10.224
13400000,246,6,1979,villa,Skødstrup,8541,12.5,2022,2022Q1,2022-01-24,56.245,10.336
4749000,161,7,1969,villa,Hasselager,8361,9.2,2022,2022Q1,2022-01-25,56.108,10.091
8550000,205,5,2012,villa,Højbjerg,8270,5.7,2022,2022Q1,2022-01-25,56.107,10.186
3196500,179,4,2023,villa,Højbjerg,8270,5.6,2022,2022Q1,2022-01-25,56.107,10.192
1600000,177,5,2022,villa,Malling,8340,15.0,2022,2022Q1,2022-01-25,56.023,10.183
6050000,144,5,1952,townhouse,Viby J,8260,3.2,2022,2022Q1,2022-01-25,56.132,10.184
3598000,138,4,1974,villa,Lystrup,8520,9.1,2022,2022Q1,2022-01-25,56.238,10.203
3698000,155,5,1971,townhouse,Beder,8330,10.4,2022,2022Q1,2022-01-25,56.063,10.215
3255000,169,5,1976,villa,Trige,8380,11.2,2022,2022Q1,2022-01-25,56.248,10.132
3998000,169,6,1996,villa,Tranbjerg J,8310,8.6,2022,2022Q1,2022-01-25,56.087,10.153
4700000,152,4,1973,villa,Skødstrup,8541,13.1,2022,2022Q1,2022-01-26,56.264,10.298
6350000,150,5,1935,villa,Åbyhøj,8230,2.6,2022,2022Q1,2022-01-26,56.159,10.168
5311500,174,7,1959,villa,Højbjerg,8270,4.3,2022,2022Q1,2022-01-26,56.122,10.18
3250000,126,4,2018,townhouse,Tranbjerg J,8310,10.1,2022,2022Q1,2022-01-26,56.082,10.119
800000,130,4,1979,villa,Harlev J,8462,13.6,2022,2022Q1,2022-01-26,56.148,9.992
3775000,145,4,1850,villa,Harlev J,8462,12.9,2022,2022Q1,2022-01-26,56.159,10.003
2148000,113,5,1932,villa,Sabro,8471,13.2,2022,2022Q1,2022-01-27,56.211,10.022
4695000,242,8,1974,villa,Brabrand,8220,10.5,2022,2022Q1,2022-01-27,56.172,10.043
3350000,184,8,1965,villa,Skødstrup,8541,12.5,2022,2022Q1,2022-01-27,56.259,10.295
4885023,93,4,1947,villa,Højbjerg,8270,4.1,2022,2022Q1,2022-01-27,56.122,10.187
3498000,101,4,1978,villa,Viby J,8260,6.0,2022,2022Q1,2022-01-27,56.12,10.141
9875000,180,5,1952,villa,Risskov,8240,4.9,2022,2022Q1,2022-01-27,56.196,10.249
4895000,240,5,2019,villa,Sabro,8471,16.4,2022,2022Q1,2022-01-27,56.224,9.974
4695000,130,4,2016,townhouse,Højbjerg,8270,4.8,2022,2022Q1,2022-01-27,56.121,10.165
4815000,133,7,1953,townhouse,Åbyhøj,8230,3.1,2022,2022Q1,2022-01-27,56.149,10.162
4195000,138,5,1965,townhouse,Egå,8250,7.1,2022,2022Q1,2022-01-27,56.208,10.277
4298000,98,4,1940,townhouse,Aarhus V,8210,2.5,2022,2022Q1,2022-01-27,56.163,10.173
3798000,188,6,1981,villa,Sabro,8471,12.7,2022,2022Q1,2022-01-28,56.211,10.03
4100000,166,5,1978,villa,Lystrup,8520,9.2,2022,2022Q1,2022-01-29,56.238,10.237
2251000,93,3,2006,townhouse,Skødstrup,8541,15.5,2022,2022Q1,2022-01-29,56.281,10.326
3100000,102,3,1956,villa,Risskov,8240,4.6,2022,2022Q1,2022-01-29,56.197,10.228
3498000,114,4,2007,townhouse,Brabrand,8220,7.4,2022,2022Q1,2022-01-30,56.161,10.092
2860000,114,3,1982,townhouse,Aarhus V,8210,5.3,2022,2022Q1,2022-01-30,56.175,10.131
4930000,141,5,2017,villa,Egå,8250,10.1,2022,2022Q1,2022-01-30,56.229,10.31
800000,145,5,1979,villa,Harlev J,8462,13.6,2022,2022Q1,2022-01-30,56.148,9.992
4450000,146,6,1980,villa,Højbjerg,8270,5.2,2022,2022Q1,2022-01-30,56.118,10.163
3850000,140,4,2023,villa,Harlev J,8462,13.7,2022,2022Q1,2022-01-30,56.135,9.994
3685000,121,4,2016,villa,Hasselager,8361,9.0,2022,2022Q1,2022-01-30,56.115,10.087
4000000,182,6,2014,townhouse,Hasselager,8361,8.6,2022,2022Q1,2022-01-30,56.114,10.095
2450000,123,4,1977,townhouse,Tranbjerg J,8310,8.3,2022,2022Q1,2022-01-30,56.097,10.13
7600000,209,8,1932,villa,Højbjerg,8270,4.6,2022,2022Q1,2022-01-30,56.115,10.206
3648000,126,4,1973,villa,Aarhus V,8210,3.7,2022,2022Q1,2022-01-30,56.174,10.161
2885000,92,3,1986,townhouse,Risskov,8240,5.1,2022,2022Q1,2022-01-30,56.203,10.21
2970000,159,4,1967,villa,Solbjerg,8355,15.7,2022,2022Q1,2022-01-30,56.039,10.069
5525000,136,5,1930,villa,Åbyhøj,8230,2.5,2022,2022Q1,2022-01-30,56.155,10.171
5865000,179,5,1978,villa,Brabrand,8220,5.5,2022,2022Q1,2022-01-30,56.149,10.124
1725000,69,3,2004,townhouse,Tilst,8381,6.9,2022,2022Q1,2022-01-31,56.184,10.111
4198000,128,6,1966,villa,Hjortshøj,8530,11.3,2022,2022Q1,2022-01-31,56.252,10.272
2948000,100,4,2011,townhouse,Egå,8250,7.0,2022,2022Q1,2022-01-31,56.211,10.265
3750000,201,8,1962,villa,Hjortshøj,8530,10.1,2022,2022Q1,2022-01-31,56.243,10.26
5000000,282,8,1948,villa,Risskov,8240,6.3,2022,2022Q1,2022-01-31,56.202,10.271
3175000,102,4,1964,villa,Harlev J,8462,12.5,2022,2022Q1,2022-01-31,56.156,10.009
4220000,174,7,1977,villa,Skødstrup,8541,13.8,2022,2022Q1,2022-01-31,56.258,10.34
3425000,125,5,1975,villa,Hasselager,8361,10.1,2022,2022Q1,2022-01-31,56.108,10.073
1860000,166,6,1892,villa,Sabro,8471,14.8,2022,2022Q1,2022-01-31,56.23,10.011
3960000,145,6,1965,villa,Brabrand,8220,5.3,2022,2022Q1,2022-01-31,56.161,10.126
3730000,154,5,1970,villa,Mårslet,8320,10.2,2022,2022Q1,2022-01-31,56.07,10.157
4650000,217,7,2011,villa,Trige,8380,12.0,2022,2022Q1,2022-02-01,56.258,10.142
3880000,194,5,1972,villa,Lystrup,8520,8.9,2022,2022Q1,2022-02-01,56.237,10.217
2865000,150,5,1962,villa,Skødstrup,8541,12.6,2022,2022Q1,2022-02-01,56.26,10.294
3820000,111,4,1978,villa,Viby J,8260,6.0,2022,2022Q1,2022-02-01,56.13,10.128
6200000,197,4,2009,villa,Skødstrup,8541,13.1,2022,2022Q1,2022-02-01,56.265,10.296
1250000,177,5,2022,villa,Hjortshøj,8530,15.3,2022,2022Q1,2022-02-01,56.294,10.213
2109000,72,3,1974,townhouse,Tranbjerg J,8310,9.3,2022,2022Q1,2022-02-01,56.091,10.118
6000000,216,9,1972,villa,Skødstrup,8541,14.0,2022,2022Q1,2022-02-01,56.264,10.33
5995000,209,6,1977,villa,Højbjerg,8270,6.2,2022,2022Q1,2022-02-01,56.101,10.203
2450000,127,5,1981,townhouse,Hasselager,8361,8.6,2022,2022Q1,2022-02-02,56.11,10.1
3125000,138,4,2000,townhouse,Lystrup,8520,9.5,2022,2022Q1,2022-02-02,56.24,10.247
3450000,145,5,1961,villa,Malling,8340,12.9,2022,2022Q1,2022-02-02,56.041,10.196
3499000,124,4,1985,villa,Lystrup,8520,10.5,2022,2022Q1,2022-02-02,56.249,10.241
4450000,90,5,1932,villa,Aarhus V,8210,2.4,2022,2022Q1,2022-02-02,56.17,10.18
5500000,155,7,1958,villa,Beder,8330,9.2,2022,2022Q1,2022-02-03,56.074,10.212
2500000,113,5,1983,villa,Tilst,8381,8.2,2022,2022Q1,2022-02-03,56.193,10.095
4998000,185,5,1969,villa,Højbjerg,8270,4.8,2022,2022Q1,2022-02-03,56.12,10.171
1200000,114,5,1945,villa,Tranbjerg J,8310,12.3,2022,2022Q1,2022-02-03,56.063,10.105
4900000,167,5,1972,villa,Solbjerg,8355,15.4,2022,2022Q1,2022-02-03,56.04,10.075
4750000,118,4,1967,villa,Aarhus N,8200,2.8,2022,2022Q1,2022-02-03,56.179,10.19
3110000,150,5,1969,villa,Viby J,8260,6.3,2022,2022Q1,2022-02-03,56.114,10.144
5000000,178,5,1973,villa,Aarhus V,8210,4.1,2022,2022Q1,2022-02-03,56.175,10.153
7475000,143,5,1927,villa,Aarhus V,8210,2.2,2022,2022Q1,2022-02-03,56.165,10.179
3950000,99,4,1987,townhouse,Åbyhøj,8230,3.6,2022,2022Q1,2022-02-03,56.152,10.153
2998000,134,5,1997,villa,Trige,8380,11.6,2022,2022Q1,2022-02-04,56.256,10.152
3409000,165,5,1872,villa,Trige,8380,11.6,2022,2022Q1,2022-02-04,56.255,10.144
2600000,87,3,1983,townhouse,Højbjerg,8270,3.6,2022,2022Q1,2022-02-05,56.127,10.185
825000,63,3,1918,townhouse,Skødstrup,8541,13.2,2022,2022Q1,2022-02-05,56.263,10.307
3425000,130,4,1986,townhouse,Aarhus N,8200,3.9,2022,2022Q1,2022-02-05,56.19,10.192
6000000,183,6,1980,villa,Brabrand,8220,7.5,2022,2022Q1,2022-02-06,56.15,10.091
2999000,119,4,1976,villa,Hasselager,8361,10.5,2022,2022Q1,2022-02-06,56.104,10.071
3495000,103,3,1999,townhouse,Egå,8250,10.3,2022,2022Q1,2022-02-06,56.234,10.303
3005000,112,4,2002,townhouse,Beder,8330,11.5,2022,2022Q1,2022-02-06,56.053,10.216
2149000,82,3,2008,townhouse,Brabrand,8220,7.6,2022,2022Q1,2022-02-07,56.159,10.089
2800000,132,5,1977,townhouse,Tranbjerg J,8310,8.4,2022,2022Q1,2022-02-07,56.094,10.133
3495000,150,5,1971,townhouse,Beder,8330,10.4,2022,2022Q1,2022-02-07,56.063,10.215
3800000,180,5,2023,villa,Risskov,8240,5.8,2022,2022Q1,2022-02-07,56.206,10.24
2900000,93,3,1987,townhouse,Risskov,8240,4.5,2022,2022Q1,2022-02-07,56.196,10.197
3350000,101,4,2003,townhouse,Lystrup,8520,8.5,2022,2022Q1,2022-02-08,56.233,10.22
7400000,200,6,1959,villa,Aarhus V,8210,3.0,2022,2022Q1,2022-02-08,56.171,10.169
3300000,120,4,1972,villa,Tilst,8381,6.9,2022,2022Q1,2022-02-08,56.178,10.107
5795000,193,4,2023,villa,Højbjerg,8270,5.9,2022,2022Q1,2022-02-08,56.104,10.218
3525000,142,4,2015,townhouse,Hjortshøj,8530,10.1,2022,2022Q1,2022-02-08,56.241,10.269
6175000,205,5,2019,villa,Viby J,8260,7.5,2022,2022Q1,2022-02-08,56.129,10.1
4250000,106,3,1956,villa,Risskov,8240,5.4,2022,2022Q1,2022-02-08,56.201,10.247
4498000,192,5,1959,villa,Beder,8330,10.7,2022,2022Q1,2022-02-08,56.061,10.205
12150000,251,8,2002,villa,Højbjerg,8270,6.6,2022,2022Q1,2022-02-08,56.098,10.201
5300000,133,7,1934,villa,Aarhus N,8200,2.2,2022,2022Q1,2022-02-08,56.174,10.193
3335000,123,4,1947,villa,Viby J,8260,10.7,2022,2022Q1,2022-02-08,56.119,10.052
3700000,201,8,1973,villa,Mårslet,8320,9.9,2022,2022Q1,2022-02-08,56.074,10.155
5050000,133,5,1978,villa,Risskov,8240,5.1,2022,2022Q1,2022-02-09,56.197,10.25
3970000,135,5,2015,townhouse,Viby J,8260,7.0,2022,2022Q1,2022-02-09,56.131,10.108
4750000,153,6,1982,villa,Egå,8250,9.5,2022,2022Q1,2022-02-09,56.228,10.296
3425000,140,5,2014,townhouse,Skødstrup,8541,13.2,2022,2022Q1,2022-02-09,56.266,10.297
5750000,105,4,1956,townhouse,Højbjerg,8270,4.1,2022,2022Q1,2022-02-09,56.121,10.194
3150000,183,7,1972,villa,Tilst,8381,7.3,2022,2022Q1,2022-02-09,56.177,10.098
5425000,201,5,2002,villa,Skødstrup,8541,15.0,2022,2022Q1,2022-02-10,56.277,10.322
2298000,203,4,2023,villa,Egå,8250,9.5,2022,2022Q1,2022-02-10,56.23,10.29
3298000,96,4,1986,townhouse,Risskov,8240,4.7,2022,2022Q1,2022-02-10,56.198,10.197
4700000,96,4,1981,townhouse,Aarhus C,8000,0.3,2022,2022Q1,2022-02-10,56.16,10.21
3500000,56,3,1948,villa,Aarhus V,8210,3.2,2022,2022Q1,2022-02-10,56.178,10.175
8150000,140,5,1937,villa,Højbjerg,8270,3.6,2022,2022Q1,2022-02-10,56.128,10.187
4298000,150,6,1969,villa,Viby J,8260,6.5,2022,2022Q1,2022-02-10,56.112,10.144
4280000,71,2,1936,villa,Åbyhøj,8230,4.0,2022,2022Q1,2022-02-10,56.158,10.145
2298000,85,3,1972,townhouse,Tranbjerg J,8310,9.6,2022,2022Q1,2022-02-11,56.086,10.12
2000000,166,5,2023,villa,Harlev J,8462,13.8,2022,2022Q1,2022-02-12,56.134,9.992
5295000,112,5,1949,townhouse,Aarhus V,8210,2.1,2022,2022Q1,2022-02-12,56.167,10.183
2900000,183,9,1930,villa,Viby J,8260,3.8,2022,2022Q1,2022-02-12,56.132,10.169
5600000,207,7,1952,villa,Aarhus V,8210,3.1,2022,2022Q1,2022-02-12,56.173,10.169
4830000,163,5,2015,villa,Skødstrup,8541,14.0,2022,2022Q1,2022-02-12,56.269,10.314
5750000,173,6,1920,villa,Højbjerg,8270,5.3,2022,2022Q1,2022-02-13,56.115,10.171
4953000,150,5,1971,villa,Viby J,8260,6.1,2022,2022Q1,2022-02-13,56.133,10.122
4175000,128,4,2011,villa,Lystrup,8520,10.5,2022,2022Q1,2022-02-13,56.249,10.245
1662735,114,3,1958,villa,Tranbjerg J,8310,12.1,2022,2022Q1,2022-02-13,56.068,10.099
4350000,114,4,2003,townhouse,Højbjerg,8270,6.5,2022,2022Q1,2022-02-13,56.102,10.174
2850000,176,5,1964,villa,Aarhus N,8200,7.5,2022,2022Q1,2022-02-13,56.207,10.129
6575000,100,4,1947,townhouse,Højbjerg,8270,4.2,2022,2022Q1,2022-02-13,56.119,10.201
5650000,171,6,1970,villa,Risskov,8240,5.4,2022,2022Q1,2022-02-13,56.205,10.222
5850000,123,4,1948,villa,Højbjerg,8270,3.8,2022,2022Q1,2022-02-13,56.124,10.193
3300000,156,4,1966,villa,Sabro,8471,13.1,2022,2022Q1,2022-02-13,56.215,10.027
3498000,103,3,1999,townhouse,Egå,8250,10.3,2022,2022Q1,2022-02-14,56.235,10.302
11500000,246,8,1973,villa,Risskov,8240,5.5,2022,2022Q1,2022-02-14,56.198,10.259
4700000,143,7,1949,villa,Aarhus V,8210,2.3,2022,2022Q1,2022-02-14,56.168,10.179
1600000,183,5,2023,villa,Malling,8340,14.8,2022,2022Q1,2022-02-14,56.024,10.182
4095000,147,4,2008,townhouse,Mårslet,8320,10.7,2022,2022Q1,2022-02-14,56.066,10.151
4950000,181,5,1960,villa,Tilst,8381,6.8,2022,2022Q1,2022-02-14,56.188,10.116
8350000,150,6,1898,townhouse,Aarhus C,8000,1.4,2022,2022Q1,2022-02-14,56.148,10.194
9998000,178,5,1923,villa,Viby J,8260,2.8,2022,2022Q1,2022-02-14,56.138,10.182
2245000,85,4,1972,townhouse,Tranbjerg J,8310,9.2,2022,2022Q1,2022-02-14,56.09,10.124
2100000,168,7,1965,villa,Trige,8380,16.6,2022,2022Q1,2022-02-14,56.301,10.146
2240000,81,3,1991,townhouse,Lystrup,8520,8.6,2022,2022Q1,2022-02-14,56.233,10.228
2800000,187,6,2007,villa,Sabro,8471,15.5,2022,2022Q1,2022-02-15,56.219,9.987
6545000,243,9,1965,villa,Egå,8250,8.1,2022,2022Q1,2022-02-15,56.215,10.287
12300000,224,7,1992,villa,Risskov,8240,5.7,2022,2022Q1,2022-02-15,56.199,10.264
4299000,140,5,2015,villa,Hasselager,8361,8.8,2022,2022Q1,2022-02-15,56.116,10.089
4565000,151,5,2019,townhouse,Aarhus N,8200,8.7,2022,2022Q1,2022-02-15,56.235,10.205
7350000,165,4,1909,villa,Højbjerg,8270,5.0,2022,2022Q1,2022-02-15,56.121,10.162
5900000,202,6,2017,villa,Egå,8250,9.5,2022,2022Q1,2022-02-15,56.231,10.286
5250000,186,4,2007,villa,Mårslet,8320,11.1,2022,2022Q1,2022-02-15,56.062,10.157
3610000,149,5,2018,villa,Harlev J,8462,14.3,2022,2022Q1,2022-02-15,56.148,9.981
3640000,145,4,2017,townhouse,Mårslet,8320,8.9,2022,2022Q1,2022-02-15,56.084,10.149
5150000,174,7,1972,villa,Solbjerg,8355,15.5,2022,2022Q1,2022-02-15,56.041,10.072
7945000,231,9,1959,villa,Risskov,8240,4.6,2022,2022Q1,2022-02-15,56.197,10.229
6200000,138,3,1953,villa,Viby J,8260,3.7,2022,2022Q1,2022-02-15,56.131,10.171
2700000,98,4,2003,townhouse,Beder,8330,11.5,2022,2022Q1,2022-02-15,56.054,10.216
3565000,145,3,1996,villa,Beder,8330,10.3,2022,2022Q1,2022-02-16,56.064,10.221
3007500,95,3,2001,townhouse,Højbjerg,8270,4.6,2022,2022Q1,2022-02-16,56.121,10.174
2550000,109,4,2015,townhouse,Hasselager,8361,10.7,2022,2022Q1,2022-02-16,56.106,10.063
575000,192,6,2022,villa,Sabro,8471,14.8,2022,2022Q1,2022-02-16,56.23,10.012
2995000,136,5,1980,townhouse,Lystrup,8520,8.1,2022,2022Q1,2022-02-16,56.229,10.235
4995000,170,5,2012,villa,Hjortshøj,8530,11.5,2022,2022Q1,2022-02-16,56.254,10.274
2649000,112,4,2005,townhouse,Aarhus N,8200,7.9,2022,2022Q1,2022-02-16,56.222,10.16
3500000,156,5,1884,villa,Egå,8250,7.4,2022,2022Q1,2022-02-16,56.215,10.27
3310000,113,4,1972,villa,Skødstrup,8541,13.7,2022,2022Q1,2022-02-16,56.258,10.336
3750000,140,4,1952,villa,Skødstrup,8541,13.4,2022,2022Q1,2022-02-16,56.264,10.311
3125000,132,6,1964,villa,Solbjerg,8355,15.6,2022,2022Q1,2022-02-16,56.039,10.073
7498000,148,4,1999,villa,Højbjerg,8270,3.9,2022,2022Q1,2022-02-16,56.123,10.191
4600000,154,5,1947,villa,Aarhus V,8210,2.9,2022,2022Q1,2022-02-16,56.168,10.17
2600000,100,4,1971,villa,Skødstrup,8541,12.7,2022,2022Q1,2022-02-16,56.26,10.296
5500000,122,2,2019,villa,Egå,8250,10.9,2022,2022Q1,2022-02-16,56.233,10.321
4100000,128,5,2001,villa,Egå,8250,6.2,2022,2022Q1,2022-02-16,56.206,10.258
2995000,197,6,1972,villa,Skødstrup,8541,12.7,2022,2022Q1,2022-02-16,56.261,10.294
5100000,335,9,1930,villa,Hasselager,8361,9.1,2022,2022Q1,2022-02-17,56.108,10.093
3900000,104,5,2011,townhouse,Risskov,8240,5.7,2022,2022Q1,2022-02-17,56.205,10.24
5298000,222,7,1967,villa,Lystrup,8520,9.1,2022,2022Q1,2022-02-17,56.238,10.225
5350000,105,4,1956,townhouse,Højbjerg,8270,4.1,2022,2022Q1,2022-02-17,56.121,10.195
3000000,148,4,1971,townhouse,Hasselager,8361,8.8,2022,2022Q1,2022-02-17,56.107,10.099
4300000,110,4,1964,townhouse,Egå,8250,7.0,2022,2022Q1,2022-02-17,56.208,10.277
2625000,133,4,1977,villa,Hasselager,8361,10.5,2022,2022Q1,2022-02-17,56.104,10.071
2421000,87,3,2003,townhouse,Lystrup,8520,8.5,2022,2022Q1,2022-02-17,56.233,10.218
3050000,152,6,1969,villa,Tilst,8381,7.4,2022,2022Q1,2022-02-17,56.185,10.102
1775000,171,4,1907,villa,Sabro,8471,14.8,2022,2022Q1,2022-02-18,56.215,9.996
2099000,67,2,1961,townhouse,Lystrup,8520,8.5,2022,2022Q1,2022-02-18,56.232,10.228
2950000,130,4,1977,villa,Malling,8340,12.5,2022,2022Q1,2022-02-18,56.045,10.2
6240000,150,5,1962,villa,Højbjerg,8270,4.6,2022,2022Q1,2022-02-19,56.118,10.184
3850000,139,4,2009,townhouse,Viby J,8260,6.4,2022,2022Q1,2022-02-20,56.12,10.131
2915000,106,3,2019,townhouse,Brabrand,8220,6.9,2022,2022Q1,2022-02-20,56.156,10.1
2650000,199,6,1965,villa,Trige,8380,11.6,2022,2022Q1,2022-02-20,56.255,10.144
3500000,149,5,1980,villa,Aarhus N,8200,7.4,2022,2022Q1,2022-02-20,56.219,10.168
4500000,202,7,1974,villa,Lystrup,8520,9.3,2022,2022Q1,2022-02-20,56.238,10.242
2660000,135,5,2022,villa,Sabro,8471,15.9,2022,2022Q1,2022-02-20,56.22,9.98
3050000,136,4,1976,villa,Hasselager,8361,10.0,2022,2022Q1,2022-02-20,56.108,10.075
3500000,134,4,2018,townhouse,Mårslet,8320,11.2,2022,2022Q1,2022-02-20,56.061,10.154
3350000,126,4,2017,townhouse,Mårslet,8320,8.9,2022,2022Q1,2022-02-20,56.084,10.15
2400000,129,4,1956,villa,Brabrand,8220,5.1,2022,2022Q1,2022-02-20,56.153,10.129
4400000,148,6,1971,townhouse,Brabrand,8220,5.8,2022,2022Q1,2022-02-20,56.161,10.118
10000000,240,5,2023,villa,Risskov,8240,6.1,2022,2022Q1,2022-02-20,56.2,10.271
2900000,117,4,1952,villa,Brabrand,8220,5.3,2022,2022Q1,2022-02-20,56.15,10.127
3749000,129,4,1996,villa,Lystrup,8520,9.5,2022,2022Q1,2022-02-21,56.241,10.237
6400000,216,6,2005,villa,Lystrup,8520,10.2,2022,2022Q1,2022-02-21,56.246,10.243
2798000,115,4,1982,townhouse,Aarhus V,8210,5.3,2022,2022Q1,2022-02-21,56.175,10.131
2895000,123,4,1974,villa,Tranbjerg J,8310,8.5,2022,2022Q1,2022-02-21,56.094,10.132
3850000,140,4,2023,villa,Harlev J,8462,13.7,2022,2022Q1,2022-02-21,56.135,9.993
7998000,181,5,1972,villa,Risskov,8240,6.1,2022,2022Q1,2022-02-21,56.201,10.269
2795000,94,4,1983,townhouse,Aarhus N,8200,5.2,2022,2022Q1,2022-02-21,56.2,10.179
3575000,148,5,2016,townhouse,Lystrup,8520,9.0,2022,2022Q1,2022-02-21,56.237,10.193
5129999,202,4,2017,villa,Solbjerg,8355,14.7,2022,2022Q1,2022-02-21,56.041,10.098
3075000,114,4,2018,townhouse,Mårslet,8320,11.3,2022,2022Q1,2022-02-21,56.058,10.166
4200000,175,7,1965,villa,Lystrup,8520,8.8,2022,2022Q1,2022-02-21,56.236,10.221
7425000,106,4,1981,townhouse,Aarhus C,8000,0.5,2022,2022Q1,2022-02-21,56.157,10.203
3995000,157,5,1971,villa,Lystrup,8520,8.9,2022,2022Q1,2022-02-21,56.235,10.241
3780000,140,5,1948,villa,Aarhus N,8200,3.1,2022,2022Q1,2022-02-22,56.185,10.206
3650000,96,3,1942,villa,Aarhus V,8210,2.2,2022,2022Q1,2022-02-22,56.168,10.182
9750000,140,3,1980,villa,Risskov,8240,5.9,2022,2022Q1,2022-02-22,56.2,10.268
2575000,105,4,2013,townhouse,Solbjerg,8355,15.2,2022,2022Q1,2022-02-22,56.041,10.082
3248000,120,4,2019,townhouse,Hasselager,8361,8.9,2022,2022Q1,2022-02-22,56.107,10.098
3400000,123,4,1976,townhouse,Brabrand,8220,7.6,2022,2022Q1,2022-02-22,56.152,10.088
2700000,100,3,1974,townhouse,Tranbjerg J,8310,9.4,2022,2022Q1,2022-02-22,56.089,10.121
5500000,214,7,1920,villa,Brabrand,8220,7.8,2022,2022Q1,2022-02-22,56.149,10.086
2903000,135,4,1969,villa,Hasselager,8361,8.8,2022,2022Q1,2022-02-23,56.109,10.097
1375000,83,2,2000,townhouse,Trige,8380,16.1,2022,2022Q1,2022-02-23,56.297,10.149
12055000,220,8,1933,villa,Aarhus C,8000,2.3,2022,2022Q1,2022-02-23,56.138,10.195
3198000,156,6,1965,villa,Sabro,8471,10.4,2022,2022Q1,2022-02-23,56.196,10.059
2519000,109,4,2014,townhouse,Hasselager,8361,10.7,2022,2022Q1,2022-02-23,56.106,10.063
1555008,189,5,2022,villa,Malling,8340,14.8,2022,2022Q1,2022-02-23,56.024,10.182
3400000,144,3,1957,townhouse,Egå,8250,11.4,2022,2022Q1,2022-02-23,56.235,10.33
2995000,93,4,2001,townhouse,Aarhus N,8200,4.8,2022,2022Q1,2022-02-23,56.198,10.19
4498000,129,6,1985,villa,Risskov,8240,6.1,2022,2022Q1,2022-02-23,56.208,10.244
3045000,107,5,1986,townhouse,Egå,8250,7.6,2022,2022Q1,2022-02-23,56.217,10.267
4700000,176,5,1979,villa,Skødstrup,8541,14.9,2022,2022Q1,2022-02-23,56.279,10.31
3505000,101,4,2000,townhouse,Egå,8250,6.2,2022,2022Q1,2022-02-24,56.206,10.257
3250000,117,4,2015,townhouse,Mårslet,8320,9.0,2022,2022Q1,2022-02-24,56.083,10.148
2930000,108,4,1983,townhouse,Tilst,8381,7.2,2022,2022Q1,2022-02-24,56.194,10.115
3420000,130,4,1990,villa,Tranbjerg J,8310,8.6,2022,2022Q1,2022-02-24,56.098,10.119
3150000,114,4,1910,villa,Viby J,8260,5.3,2022,2022Q1,2022-02-24,56.129,10.141
3925000,121,4,2012,townhouse,Aarhus N,8200,5.3,2022,2022Q1,2022-02-26,56.199,10.172
3550000,125,4,1999,villa,Tranbjerg J,8310,9.2,2022,2022Q1,2022-02-26,56.084,10.138
3595000,110,4,1968,villa,Aarhus V,8210,3.6,2022,2022Q1,2022-02-26,56.174,10.162
2550000,100,4,1973,townhouse,Lystrup,8520,9.3,2022,2022Q1,2022-02-27,56.239,10.238
5350000,90,3,1936,villa,Åbyhøj,8230,3.7,2022,2022Q1,2022-02-27,56.161,10.152
4998000,100,4,1910,townhouse,Åbyhøj,8230,2.8,2022,2022Q1,2022-02-27,56.153,10.167
3505000,116,5,1962,villa,Skødstrup,8541,14.3,2022,2022Q1,2022-02-27,56.273,10.307
2700000,79,3,1980,townhouse,Egå,8250,6.7,2022,2022Q1,2022-02-27,56.206,10.271
2950000,241,6,1906,villa,Tilst,8381,7.2,2022,2022Q1,2022-02-27,56.192,10.114
2730000,141,5,1969,villa,Solbjerg,8355,15.8,2022,2022Q1,2022-02-27,56.04,10.067
2550000,85,4,1973,townhouse,Tranbjerg J,8310,9.3,2022,2022Q1,2022-02-27,56.089,10.124
3899000,183,8,1964,villa,Hjortshøj,8530,10.1,2022,2022Q1,2022-02-27,56.243,10.259
4400000,106,4,1985,townhouse,Risskov,8240,5.4,2022,2022Q1,2022-02-28,56.199,10.254
3748000,107,3,1960,villa,Brabrand,8220,6.1,2022,2022Q1,2022-02-28,56.154,10.112
2925000,95,4,1984,townhouse,Beder,8330,10.3,2022,2022Q1,2022-02-28,56.064,10.205
3250000,134,4,2019,townhouse,Harlev J,8462,13.7,2022,2022Q1,2022-02-28,56.141,9.992
5150000,172,5,2010,villa,Tilst,8381,6.2,2022,2022Q1,2022-02-28,56.189,10.129
2000000,170,5,2023,villa,Harlev J,8462,13.7,2022,2022Q1,2022-02-28,56.134,9.993
2295000,113,4,1984,townhouse,Lystrup,8520,8.6,2022,2022Q1,2022-02-28,56.233,10.237
2770000,100,4,1959,villa,Hjortshøj,8530,11.2,2022,2022Q1,2022-02-28,56.252,10.268
3100000,136,4,1969,villa,Sabro,8471,12.8,2022,2022Q1,2022-02-28,56.216,10.033
3000000,113,4,1928,villa,Skødstrup,8541,14.7,2022,2022Q1,2022-03-01,56.275,10.315
4930000,206,9,1969,villa,Risskov,8240,5.9,2022,2022Q1,2022-03-01,56.203,10.257
1975000,85,4,1960,villa,Harlev J,8462,12.7,2022,2022Q1,2022-03-01,56.158,10.005
13850000,231,4,1930,villa,Risskov,8240,5.8,2022,2022Q1,2022-03-01,56.199,10.267
2680000,177,5,1964,villa,Sabro,8471,13.2,2022,2022Q1,2022-03-01,56.215,10.026
6750000,188,6,1968,villa,Aarhus V,8210,3.4,2022,2022Q1,2022-03-02,56.163,10.158
2150000,148,4,1995,villa,Trige,8380,15.8,2022,2022Q1,2022-03-02,56.295,10.15
2825000,105,4,1981,villa,Lystrup,8520,10.2,2022,2022Q1,2022-03-02,56.247,10.235
3700000,102,4,2000,townhouse,Højbjerg,8270,4.8,2022,2022Q1,2022-03-02,56.115,10.188
2145000,132,4,1848,villa,Malling,8340,14.3,2022,2022Q1,2022-03-02,56.03,10.243
4250000,215,6,1973,villa,Lystrup,8520,8.8,2022,2022Q1,2022-03-03,56.236,10.197
5375000,189,6,2004,villa,Mårslet,8320,9.7,2022,2022Q1,2022-03-03,56.075,10.156
7250000,178,5,1896,townhouse,Aarhus C,8000,0.3,2022,2022Q1,2022-03-03,56.159,10.213
2100000,146,7,1905,villa,Skødstrup,8541,15.3,2022,2022Q1,2022-03-03,56.28,10.32
3300000,138,5,2002,villa,Solbjerg,8355,14.5,2022,2022Q1,2022-03-03,56.043,10.097
3698000,141,4,1979,villa,Tilst,8381,6.2,2022,2022Q1,2022-03-03,56.177,10.118
6500000,135,5,1964,villa,Højbjerg,8270,4.1,2022,2022Q1,2022-03-03,56.124,10.181
3895000,155,5,2009,villa,Harlev J,8462,13.7,2022,2022Q1,2022-03-04,56.138,9.992
6998000,263,13,1970,villa,Højbjerg,8270,5.6,2022,2022Q1,2022-03-04,56.107,10.217
1595000,75,3,1978,townhouse,Hasselager,8361,10.3,2022,2022Q1,2022-03-04,56.107,10.069
4200000,155,5,2023,villa,Harlev J,8462,13.8,2022,2022Q1,2022-03-05,56.135,9.992
10500000,240,5,1994,villa,Risskov,8240,6.1,2022,2022Q1,2022-03-05,56.2,10.272
2625000,69,2,1987,townhouse,Risskov,8240,4.7,2022,2022Q1,2022-03-05,56.198,10.196
4098000,139,4,2009,townhouse,Viby J,8260,6.4,2022,2022Q1,2022-03-06,56.12,10.131
4625000,120,4,1958,townhouse,Risskov,8240,3.9,2022,2022Q1,2022-03-06,56.191,10.221
2675000,110,4,2006,townhouse,Brabrand,8220,7.6,2022,2022Q1,2022-03-06,56.159,10.089
2900000,130,4,2023,villa,Egå,8250,11.8,2022,2022Q1,2022-03-06,56.239,10.331
2998000,123,4,1973,townhouse,Malling,8340,12.7,2022,2022Q1,2022-03-07,56.043,10.202
2550000,145,4,1967,villa,Solbjerg,8355,15.4,2022,2022Q1,2022-03-07,56.036,10.089
2950000,108,3,2012,townhouse,Hasselager,8361,8.9,2022,2022Q1,2022-03-07,56.115,10.088
6900000,124,5,1935,villa,Risskov,8240,3.6,2022,2022Q1,2022-03-07,56.188,10.224
2500000,190,5,1967,villa,Harlev J,8462,13.0,2022,2022Q1,2022-03-07,56.145,10.002
1599000,54,2,1971,townhouse,Tranbjerg J,8310,8.3,2022,2022Q1,2022-03-07,56.091,10.146
3975000,164,5,1998,villa,Mårslet,8320,9.8,2022,2022Q1,2022-03-08,56.075,10.149
2900000,105,4,2018,townhouse,Malling,8340,14.4,2022,2022Q1,2022-03-08,56.027,10.19
2750000,200,7,2023,villa,Viby J,8260,6.6,2022,2022Q1,2022-03-08,56.123,10.123
5095000,128,4,2022,townhouse,Aarhus N,8200,2.6,2022,2022Q1,2022-03-08,56.179,10.199
6407000,172,5,1979,villa,Egå,8250,6.8,2022,2022Q1,2022-03-08,56.205,10.277
2500000,124,3,1930,villa,Hasselager,8361,10.1,2022,2022Q1,2022-03-08,56.109,10.072
7611114,138,4,2011,villa,Højbjerg,8270,4.4,2022,2022Q1,2022-03-08,56.119,10.188
7200000,278,10,1974,villa,Egå,8250,10.2,2022,2022Q1,2022-03-09,56.231,10.307
5311000,178,6,2009,villa,Mårslet,8320,9.6,2022,2022Q1,2022-03-09,56.075,10.164
1900000,80,3,1952,villa,Åbyhøj,8230,3.5,2022,2022Q1,2022-03-09,56.157,10.154
1798000,91,3,1987,townhouse,Trige,8380,11.7,2022,2022Q1,2022-03-09,56.254,10.138
2995000,142,4,2012,townhouse,Hasselager,8361,10.8,2022,2022Q1,2022-03-09,56.105,10.063
1200000,159,4,2023,villa,Hjortshøj,8530,15.3,2022,2022Q1,2022-03-09,56.294,10.213
4965000,169,5,2019,villa,Skødstrup,8541,13.3,2022,2022Q1,2022-03-09,56.261,10.314
2860000,133,3,2018,townhouse,Malling,8340,14.4,2022,2022Q1,2022-03-09,56.028,10.19
4350000,130,4,2019,townhouse,Aarhus N,8200,5.4,2022,2022Q1,2022-03-09,56.2,10.172
2700000,112,5,1978,villa,Trige,8380,11.6,2022,2022Q1,2022-03-09,56.252,10.133
3700000,115,5,1986,townhouse,Højbjerg,8270,5.8,2022,2022Q1,2022-03-09,56.105,10.205
3820000,126,4,1969,townhouse,Risskov,8240,4.9,2022,2022Q1,2022-03-09,56.201,10.224
5400000,152,5,2000,villa,Beder,8330,10.9,2022,2022Q1,2022-03-09,56.059,10.219
2600000,91,4,2015,townhouse,Mårslet,8320,9.6,2022,2022Q1,2022-03-10,56.075,10.162
2475000,130,4,1877,villa,Solbjerg,8355,15.3,2022,2022Q1,2022-03-10,56.034,10.099
1600000,199,5,2023,villa,Malling,8340,14.8,2022,2022Q1,2022-03-10,56.024,10.184
7600000,150,4,1975,villa,Risskov,8240,6.4,2022,2022Q1,2022-03-10,56.201,10.277
6500000,186,4,1968,villa,Risskov,8240,6.2,2022,2022Q1,2022-03-11,56.202,10.271
3820000,126,4,2016,townhouse,Egå,8250,6.4,2022,2022Q1,2022-03-12,56.207,10.261
4350000,137,4,2014,townhouse,Viby J,8260,7.2,2022,2022Q1,2022-03-13,56.13,10.104
3475000,112,4,2016,townhouse,Hjortshøj,8530,10.4,2022,2022Q1,2022-03-13,56.245,10.265
2150000,91,4,1982,townhouse,Viby J,8260,6.0,2022,2022Q1,2022-03-13,56.125,10.133
6150000,168,5,2021,villa,Viby J,8260,4.4,2022,2022Q1,2022-03-13,56.127,10.163
2650000,107,4,1971,townhouse,Tranbjerg J,8310,8.2,2022,2022Q1,2022-03-13,56.092,10.148
3695000,150,7,2017,townhouse,Mårslet,8320,9.4,2022,2022Q1,2022-03-14,56.076,10.162
2900000,110,4,2005,townhouse,Brabrand,8220,7.2,2022,2022Q1,2022-03-14,56.162,10.094
1600000,154,5,2022,villa,Malling,8340,14.8,2022,2022Q1,2022-03-14,56.025,10.182
3385000,140,5,2014,townhouse,Hasselager,8361,8.7,2022,2022Q1,2022-03-14,56.112,10.096
4400000,111,4,1967,townhouse,Åbyhøj,8230,3.9,2022,2022Q1,2022-03-14,56.151,10.148
10900000,367,10,1970,villa,Risskov,8240,6.1,2022,2022Q1,2022-03-14,56.201,10.269
4800000,192,7,1971,villa,Risskov,8240,5.5,2022,2022Q1,2022-03-15,56.206,10.223
5325000,141,3,2015,townhouse,Viby J,8260,3.6,2022,2022Q1,2022-03-15,56.128,10.184
3698000,125,5,2018,townhouse,Mårslet,8320,11.3,2022,2022Q1,2022-03-15,56.058,10.167
2500000,114,5,1973,villa,Tranbjerg J,8310,9.1,2022,2022Q1,2022-03-15,56.09,10.127
4000000,182,6,2023,villa,Åbyhøj,8230,3.8,2022,2022Q1,2022-03-15,56.153,10.15
2983000,110,3,1999,townhouse,Hjortshøj,8530,10.3,2022,2022Q1,2022-03-15,56.244,10.265
3900000,164,5,1971,villa,Tilst,8381,7.2,2022,2022Q1,2022-03-15,56.181,10.102
3300000,110,4,1966,townhouse,Egå,8250,6.8,2022,2022Q1,2022-03-15,56.208,10.272
4800000,127,5,1968,townhouse,Egå,8250,6.8,2022,2022Q1,2022-03-15,56.207,10.272
7500000,236,7,1964,villa,Risskov,8240,5.9,2022,2022Q1,2022-03-16,56.201,10.265
3010000,124,5,2006,townhouse,Skødstrup,8541,15.5,2022,2022Q1,2022-03-16,56.281,10.326
6530000,185,4,2009,villa,Skødstrup,8541,13.1,2022,2022Q1,2022-03-16,56.264,10.298
850000,31,1,1986,townhouse,Aarhus V,8210,3.4,2022,2022Q1,2022-03-16,56.166,10.159
3295000,54,2,1927,townhouse,Aarhus C,8000,1.2,2022,2022Q1,2022-03-16,56.151,10.195
3300000,200,7,1989,villa,Sabro,8471,10.4,2022,2022Q1,2022-03-16,56.2,10.062
2925000,127,4,1998,villa,Solbjerg,8355,14.5,2022,2022Q1,2022-03-17,56.043,10.095
3450000,118,3,2000,townhouse,Højbjerg,8270,6.4,2022,2022Q1,2022-03-17,56.099,10.22
3300000,92,3,1985,townhouse,Aarhus N,8200,3.4,2022,2022Q1,2022-03-17,56.179,10.174
3750000,148,5,1984,villa,Aarhus V,8210,5.8,2022,2022Q1,2022-03-17,56.176,10.124
5095000,122,4,2022,townhouse,Aarhus N,8200,2.6,2022,2022Q1,2022-03-17,56.179,10.198
10198000,252,6,2014,villa,Risskov,8240,4.4,2022,2022Q1,2022-03-17,56.195,10.228
4700000,137,5,1954,villa,Brabrand,8220,5.4,2022,2022Q1,2022-03-17,56.15,10.125
3695000,120,5,1986,townhouse,Risskov,8240,5.3,2022,2022Q1,2022-03-17,56.204,10.206
3300000,159,4,1970,villa,Tranbjerg J,8310,9.1,2022,2022Q1,2022-03-17,56.089,10.13
3375000,116,4,1987,townhouse,Højbjerg,8270,5.8,2022,2022Q1,2022-03-17,56.108,10.177
5725000,140,6,1949,villa,Aarhus N,8200,2.8,2022,2022Q1,2022-03-18,56.182,10.201
6100000,143,5,2012,townhouse,Højbjerg,8270,5.6,2022,2022Q1,2022-03-19,56.106,10.209
5207000,168,5,1950,villa,Risskov,8240,5.0,2022,2022Q1,2022-03-19,56.198,10.239
3099000,128,5,2002,villa,Skødstrup,8541,12.9,2022,2022Q1,2022-03-19,56.259,10.309
3675000,157,6,2000,villa,Solbjerg,8355,14.5,2022,2022Q1,2022-03-19,56.043,10.097
5875000,170,6,1999,villa,Risskov,8240,5.7,2022,2022Q1,2022-03-19,56.208,10.206
2000000,183,8,1966,villa,Harlev J,8462,14.4,2022,2022Q1,2022-03-20,56.153,9.978
6000000,232,11,1952,villa,Viby J,8260,4.6,2022,2022Q1,2022-03-20,56.125,10.164
4998000,134,4,2001,townhouse,Højbjerg,8270,6.7,2022,2022Q1,2022-03-20,56.097,10.217
3755000,140,6,1961,villa,Højbjerg,8270,5.3,2022,2022Q1,2022-03-20,56.117,10.166
2805000,144,4,1965,villa,Harlev J,8462,12.9,2022,2022Q1,2022-03-20,56.15,10.002
4098000,142,5,1947,villa,Lystrup,8520,8.5,2022,2022Q1,2022-03-20,56.232,10.231
3500000,138,5,1976,villa,Egå,8250,6.0,2022,2022Q1,2022-03-21,56.205,10.256
3300000,139,4,1878,townhouse,Brabrand,8220,7.9,2022,2022Q1,2022-03-21,56.153,10.083
3500000,121,4,2017,townhouse,Hasselager,8361,9.0,2022,2022Q1,2022-03-21,56.114,10.086
2880000,120,5,2013,townhouse,Hasselager,8361,8.7,2022,2022Q1,2022-03-21,56.112,10.096
4400000,152,5,1981,villa,Risskov,8240,5.9,2022,2022Q1,2022-03-21,56.206,10.246
3598000,120,4,1972,villa,Aarhus V,8210,3.6,2022,2022Q1,2022-03-21,56.175,10.163
4550000,165,5,1970,villa,Egå,8250,11.9,2022,2022Q1,2022-03-21,56.241,10.329
3600000,145,5,1965,villa,Solbjerg,8355,15.3,2022,2022Q1,2022-03-21,56.037,10.09
4998000,110,4,1965,townhouse,Egå,8250,7.1,2022,2022Q1,2022-03-21,56.209,10.277
5048000,200,6,2008,villa,Solbjerg,8355,14.1,2022,2022Q1,2022-03-22,56.046,10.099
3600000,334,7,1907,villa,Hjortshøj,8530,16.0,2022,2022Q1,2022-03-22,56.3,10.175
2702500,107,3,1885,townhouse,Viby J,8260,4.4,2022,2022Q1,2022-03-22,56.126,10.167
3310000,141,4,2015,villa,Trige,8380,15.5,2022,2022Q1,2022-03-22,56.292,10.152
5195000,122,4,2022,townhouse,Aarhus N,8200,2.6,2022,2022Q1,2022-03-22,56.179,10.199
3410000,140,4,1972,villa,Sabro,8471,16.8,2022,2022Q1,2022-03-22,56.225,9.968
3070000,136,5,1978,villa,Hasselager,8361,10.4,2022,2022Q1,2022-03-22,56.103,10.073
2900000,112,4,1969,villa,Viby J,8260,6.5,2022,2022Q1,2022-03-22,56.111,10.145
3350000,173,5,1978,villa,Skødstrup,8541,13.7,2022,2022Q1,2022-03-22,56.267,10.308
4650000,157,5,1938,villa,Højbjerg,8270,4.2,2022,2022Q1,2022-03-23,56.12,10.191
2778000,104,4,1986,townhouse,Beder,8330,11.5,2022,2022Q1,2022-03-23,56.054,10.201
2295000,92,3,1978,townhouse,Hasselager,8361,10.4,2022,2022Q1,2022-03-23,56.107,10.069
3100000,139,5,1980,townhouse,Tranbjerg J,8310,8.5,2022,2022Q1,2022-03-23,56.09,10.144
3495000,116,4,1980,villa,Viby J,8260,5.2,2022,2022Q1,2022-03-23,56.122,10.155
2875000,103,4,1965,villa,Brabrand,8220,4.3,2022,2022Q1,2022-03-23,56.154,10.141
3932500,195,6,1974,villa,Lystrup,8520,9.2,2022,2022Q1,2022-03-24,56.239,10.222
4415500,96,4,1981,townhouse,Risskov,8240,3.8,2022,2022Q1,2022-03-24,56.19,10.224
2500000,112,4,1975,villa,Tilst,8381,7.1,2022,2022Q1,2022-03-24,56.175,10.102
3525000,136,5,1973,villa,Lystrup,8520,9.5,2022,2022Q1,2022-03-24,56.242,10.223
6048000,160,5,2017,townhouse,Åbyhøj,8230,3.7,2022,2022Q1,2022-03-24,56.158,10.151
2700000,120,4,2013,townhouse,Malling,8340,14.2,2022,2022Q1,2022-03-24,56.03,10.186
5650000,209,4,2015,villa,Lystrup,8520,8.4,2022,2022Q1,2022-03-24,56.231,10.229
4495000,145,5,2016,townhouse,Egå,8250,9.4,2022,2022Q1,2022-03-24,56.232,10.283
2040000,92,4,1978,townhouse,Hasselager,8361,10.3,2022,2022Q1,2022-03-24,56.107,10.07
4520001,147,5,1998,villa,Tilst,8381,6.9,2022,2022Q1,2022-03-24,56.191,10.119
2795000,116,4,1981,villa,Skødstrup,8541,12.8,2022,2022Q1,2022-03-25,56.26,10.3
2950000,105,4,1930,villa,Aarhus N,8200,7.6,2022,2022Q1,2022-03-26,56.22,10.166
5050000,200,6,1979,villa,Mårslet,8320,10.8,2022,2022Q1,2022-03-26,56.065,10.153
2165000,88,3,1986,townhouse,Lystrup,8520,8.5,2022,2022Q1,2022-03-26,56.232,10.23
3200000,103,4,1985,townhouse,Egå,8250,7.4,2022,2022Q1,2022-03-27,56.215,10.269
3925000,140,5,1969,townhouse,Egå,8250,7.3,2022,2022Q1,2022-03-27,56.21,10.281
4700000,141,5,1998,townhouse,Risskov,8240,5.7,2022,2022Q1,2022-03-27,56.208,10.21
6500005,162,5,1965,villa,Egå,8250,7.8,2022,2022Q1,2022-03-27,56.213,10.287
2498000,85,3,1969,townhouse,Tranbjerg J,8310,9.6,2022,2022Q1,2022-03-27,56.084,10.127
4848000,164,6,1948,villa,Aarhus V,8210,3.1,2022,2022Q1,2022-03-27,56.176,10.174
5275000,144,5,1974,villa,Højbjerg,8270,5.4,2022,2022Q1,2022-03-27,56.111,10.183
2298000,151,5,1977,townhouse,Hasselager,8361,10.2,2022,2022Q1,2022-03-28,56.107,10.073
4350000,148,4,2017,villa,Solbjerg,8355,14.6,2022,2022Q1,2022-03-28,56.041,10.101
2950000,133,5,1968,villa,Beder,8330,11.0,2022,2022Q1,2022-03-28,56.058,10.211
2526000,116,4,1978,villa,Harlev J,8462,13.2,2022,2022Q1,2022-03-28,56.139,10.0
9400000,188,5,2016,villa,Risskov,8240,4.6,2022,2022Q1,2022-03-28,56.194,10.241
4050000,148,3,1974,villa,Risskov,8240,6.0,2022,2022Q1,2022-03-28,56.207,10.248
2770000,87,3,1991,townhouse,Viby J,8260,5.7,2022,2022Q1,2022-03-28,56.133,10.13
3749000,91,3,2003,townhouse,Risskov,8240,3.1,2022,2022Q1,2022-03-28,56.184,10.217
4400000,130,4,1934,villa,Risskov,8240,4.2,2022,2022Q1,2022-03-28,56.194,10.221
4250000,162,5,2006,villa,Mårslet,8320,11.0,2022,2022Q1,2022-03-29,56.064,10.152
2300000,70,5,1900,townhouse,Aarhus V,8210,3.2,2022,2022Q1,2022-03-29,56.167,10.163
5000000,143,6,1974,townhouse,Risskov,8240,5.0,2022,2022Q1,2022-03-29,56.201,10.22
4700000,339,10,1900,villa,Sabro,8471,17.5,2022,2022Q1,2022-03-29,56.228,9.959
3175000,164,7,2014,villa,Egå,8250,8.7,2022,2022Q1,2022-03-29,56.23,10.264
3995000,125,4,2017,townhouse,Egå,8250,9.5,2022,2022Q1,2022-03-29,56.232,10.282
7150000,201,5,2007,villa,Højbjerg,8270,5.0,2022,2022Q1,2022-03-29,56.112,10.205
2300000,90,4,1973,villa,Tranbjerg J,8310,9.5,2022,2022Q1,2022-03-29,56.089,10.117
2675000,107,4,1958,villa,Aarhus V,8210,5.5,2022,2022Q1,2022-03-29,56.179,10.131
4998000,148,7,1961,villa,Brabrand,8220,5.3,2022,2022Q1,2022-03-29,56.153,10.125
5195000,190,7,2007,villa,Brabrand,8220,7.6,2022,2022Q1,2022-03-30,56.162,10.089
5970000,106,5,1950,townhouse,Højbjerg,8270,3.9,2022,2022Q1,2022-03-30,56.123,10.193
2250000,75,3,1900,townhouse,Aarhus V,8210,3.2,2022,2022Q1,2022-03-30,56.167,10.163
4600000,148,4,2006,villa,Brabrand,8220,7.0,2022,2022Q1,2022-03-30,56.161,10.098
4000000,104,4,1959,villa,Viby J,8260,4.0,2022,2022Q1,2022-03-30,56.124,10.181
3200000,180,4,1969,villa,Brabrand,8220,6.6,2022,2022Q1,2022-03-30,56.157,10.104
8825000,278,6,2012,villa,Højbjerg,8270,5.8,2022,2022Q1,2022-03-30,56.107,10.185
3895000,182,5,1997,villa,Harlev J,8462,13.8,2022,2022Q1,2022-03-30,56.148,9.988
3250000,131,4,2013,townhouse,Hasselager,8361,8.9,2022,2022Q1,2022-03-30,56.114,10.089
3249000,116,4,2002,townhouse,Lystrup,8520,9.5,2022,2022Q1,2022-03-30,56.24,10.249
2585000,122,4,1972,townhouse,Mårslet,8320,10.1,2022,2022Q1,2022-03-30,56.071,10.157
5800000,160,5,1954,villa,Åbyhøj,8230,3.9,2022,2022Q1,2022-03-30,56.159,10.148
3000000,86,4,1952,villa,Beder,8330,11.6,2022,2022Q1,2022-03-30,56.053,10.226
3600000,129,5,2004,villa,Skødstrup,8541,12.8,2022,2022Q1,2022-03-30,56.259,10.307
4800000,102,4,1960,villa,Højbjerg,8270,4.5,2022,2022Q1,2022-03-30,56.117,10.203
5800000,150,6,1953,villa,Aarhus N,8200,2.8,2022,2022Q1,2022-03-30,56.181,10.201
2948000,94,4,1992,townhouse,Viby J,8260,5.7,2022,2022Q1,2022-03-30,56.134,10.129
4035000,152,7,2015,townhouse,Mårslet,8320,9.5,2022,2022Q1,2022-03-31,56.076,10.163
3750000,100,5,2011,townhouse,Risskov,8240,5.6,2022,2022Q1,2022-03-31,56.205,10.24
1970000,130,4,1971,villa,Hjortshøj,8530,14.4,2022,2022Q1,2022-03-31,56.286,10.221
5950000,163,6,2003,villa,Egå,8250,10.6,2022,2022Q1,2022-03-31,56.235,10.309
3825000,170,4,1970,villa,Skødstrup,8541,14.0,2022,2022Q1,2022-03-31,56.26,10.341
4998000,145,7,1946,villa,Åbyhøj,8230,3.7,2022,2022Q1,2022-03-31,56.154,10.151
6998000,188,6,1963,villa,Egå,8250,8.3,2022,2022Q2,2022-04-01,56.219,10.286
8250000,135,4,1932,villa,Risskov,8240,4.2,2022,2022Q2,2022-04-02,56.192,10.238
2998000,100,6,1967,villa,Sabro,8471,10.6,2022,2022Q2,2022-04-02,56.201,10.06
2795000,91,4,2017,townhouse,Mårslet,8320,9.6,2022,2022Q2,2022-04-03,56.075,10.161
2400000,128,5,1914,villa,Brabrand,8220,7.5,2022,2022Q2,2022-04-03,56.153,10.091
4200000,198,7,1980,villa,Lystrup,8520,10.0,2022,2022Q2,2022-04-03,56.246,10.238
7050000,141,5,1947,villa,Risskov,8240,4.2,2022,2022Q2,2022-04-03,56.194,10.227
4225000,190,5,2021,villa,Sabro,8471,16.5,2022,2022Q2,2022-04-03,56.225,9.974
3450000,157,5,1972,villa,Aarhus V,8210,4.3,2022,2022Q2,2022-04-03,56.174,10.149
3649000,124,4,1998,villa,Hasselager,8361,9.2,2022,2022Q2,2022-04-03,56.096,10.11
8400000,192,6,1998,villa,Brabrand,8220,5.2,2022,2022Q2,2022-04-03,56.149,10.128
6601000,136,5,1961,villa,Højbjerg,8270,5.2,2022,2022Q2,2022-04-03,56.117,10.168
4475000,190,5,1950,villa,Aarhus N,8200,2.9,2022,2022Q2,2022-04-04,56.179,10.188
1210000,138,6,1959,villa,Trige,8380,16.1,2022,2022Q2,2022-04-04,56.297,10.149
2598000,119,4,1975,villa,Aarhus V,8210,3.2,2022,2022Q2,2022-04-04,56.173,10.169
5973000,101,5,1953,townhouse,Risskov,8240,4.0,2022,2022Q2,2022-04-04,56.192,10.224
5560000,200,5,2018,villa,Solbjerg,8355,15.1,2022,2022Q2,2022-04-04,56.037,10.098
4595000,88,4,1924,villa,Højbjerg,8270,6.0,2022,2022Q2,2022-04-04,56.103,10.209
4400000,165,5,2023,villa,Harlev J,8462,13.8,2022,2022Q2,2022-04-04,56.135,9.992
3250000,120,4,2017,townhouse,Mårslet,8320,8.9,2022,2022Q2,2022-04-04,56.084,10.15
4075000,140,5,1929,villa,Brabrand,8220,5.7,2022,2022Q2,2022-04-04,56.157,10.12
3500000,238,9,1972,villa,Harlev J,8462,12.9,2022,2022Q2,2022-04-04,56.141,10.004
5900000,157,5,1969,villa,Egå,8250,6.1,2022,2022Q2,2022-04-04,56.203,10.263
3250000,131,5,1921,villa,Hjortshøj,8530,10.5,2022,2022Q2,2022-04-04,56.245,10.268
4725000,168,6,1969,villa,Hjortshøj,8530,10.4,2022,2022Q2,2022-04-04,56.245,10.265
5650000,142,7,1935,villa,Viby J,8260,3.1,2022,2022Q2,2022-04-04,56.136,10.179
6073000,135,5,1963,villa,Åbyhøj,8230,2.9,2022,2022Q2,2022-04-04,56.162,10.164
3520000,110,4,1969,villa,Aarhus V,8210,3.5,2022,2022Q2,2022-04-05,56.172,10.161
2788500,95,4,1983,townhouse,Aarhus V,8210,5.4,2022,2022Q2,2022-04-05,56.176,10.131
2355000,92,4,1981,townhouse,Viby J,8260,5.9,2022,2022Q2,2022-04-05,56.126,10.134
4550000,120,3,2008,villa,Egå,8250,11.4,2022,2022Q2,2022-04-06,56.235,10.328
3550000,150,6,1968,villa,Skødstrup,8541,13.9,2022,2022Q2,2022-04-06,56.271,10.302
3300000,140,5,2013,townhouse,Hasselager,8361,8.7,2022,2022Q2,2022-04-06,56.112,10.096
7125000,156,7,1952,townhouse,Risskov,8240,4.1,2022,2022Q2,2022-04-06,56.193,10.228
4578000,149,5,2003,villa,Tilst,8381,7.0,2022,2022Q2,2022-04-06,56.194,10.121
2728000,160,6,1964,villa,Hjortshøj,8530,14.4,2022,2022Q2,2022-04-06,56.287,10.219
3695000,161,6,1957,townhouse,Egå,8250,11.4,2022,2022Q2,2022-04-06,56.235,10.33
3455000,126,5,1986,villa,Hasselager,8361,9.6,2022,2022Q2,2022-04-06,56.106,10.087
4798000,201,8,1955,villa,Viby J,8260,4.2,2022,2022Q2,2022-04-06,56.132,10.16
3940000,126,4,1986,townhouse,Risskov,8240,5.3,2022,2022Q2,2022-04-06,56.205,10.21
4495000,173,6,1850,villa,Tranbjerg J,8310,8.5,2022,2022Q2,2022-04-07,56.098,10.124
4050000,220,8,1971,villa,Tilst,8381,7.9,2022,2022Q2,2022-04-07,56.177,10.088
3000000,137,6,1980,villa,Aarhus V,8210,5.5,2022,2022Q2,2022-04-07,56.177,10.13
5385000,185,6,2001,villa,Lystrup,8520,9.8,2022,2022Q2,2022-04-07,56.242,10.246
4750000,149,4,1960,villa,Egå,8250,6.0,2022,2022Q2,2022-04-07,56.205,10.255
6450000,193,4,2012,villa,Mårslet,8320,11.3,2022,2022Q2,2022-04-07,56.058,10.164
3850000,140,4,2023,villa,Harlev J,8462,13.7,2022,2022Q2,2022-04-07,56.134,9.993
5650000,175,3,1924,villa,Viby J,8260,3.9,2022,2022Q2,2022-04-07,56.132,10.167
3800000,89,5,1988,villa,Risskov,8240,5.8,2022,2022Q2,2022-04-07,56.206,10.24
3620000,127,4,1996,villa,Mårslet,8320,10.1,2022,2022Q2,2022-04-07,56.068,10.171
7920000,203,6,1978,villa,Højbjerg,8270,6.2,2022,2022Q2,2022-04-07,56.101,10.217
2900000,176,6,1890,villa,Hjortshøj,8530,13.6,2022,2022Q2,2022-04-07,56.278,10.235
3363000,119,4,1976,villa,Lystrup,8520,10.0,2022,2022Q2,2022-04-07,56.245,10.237
4100000,136,5,1981,villa,Tranbjerg J,8310,8.6,2022,2022Q2,2022-04-07,56.097,10.124
3700000,155,5,1977,villa,Egå,8250,10.0,2022,2022Q2,2022-04-08,56.232,10.298
2300000,92,4,1982,townhouse,Viby J,8260,5.9,2022,2022Q2,2022-04-08,56.126,10.134
2998000,153,5,1973,townhouse,Tilst,8381,7.6,2022,2022Q2,2022-04-08,56.192,10.106
4850000,128,3,2019,townhouse,Lystrup,8520,10.0,2022,2022Q2,2022-04-09,56.246,10.232
4995000,154,6,1969,townhouse,Egå,8250,7.3,2022,2022Q2,2022-04-09,56.21,10.28
4655000,113,4,1952,villa,Aarhus V,8210,3.1,2022,2022Q2,2022-04-10,56.17,10.167
2459000,132,4,1962,villa,Hasselager,8361,9.7,2022,2022Q2,2022-04-10,56.113,10.075
3400000,158,6,1937,villa,Harlev J,8462,13.2,2022,2022Q2,2022-04-10,56.141,9.999
3850000,83,3,1988,townhouse,Egå,8250,7.0,2022,2022Q2,2022-04-10,56.206,10.28
3100000,169,6,1976,townhouse,Tilst,8381,7.2,2022,2022Q2,2022-04-10,56.174,10.099
9200000,256,6,1979,villa,Højbjerg,8270,5.4,2022,2022Q2,2022-04-10,56.108,10.218
3500000,145,5,1953,villa,Viby J,8260,4.7,2022,2022Q2,2022-04-10,56.131,10.15
3850000,102,4,1954,villa,Aarhus V,8210,3.1,2022,2022Q2,2022-04-11,56.171,10.167
1000000,159,6,2023,villa,Hjortshøj,8530,15.2,2022,2022Q2,2022-04-11,56.293,10.215
5450000,112,6,1957,townhouse,Risskov,8240,3.9,2022,2022Q2,2022-04-11,56.191,10.221
4295000,140,5,1979,villa,Lystrup,8520,10.1,2022,2022Q2,2022-04-11,56.246,10.24
2498000,133,6,1948,villa,Brabrand,8220,4.5,2022,2022Q2,2022-04-11,56.154,10.139
2595000,120,5,1967,villa,Solbjerg,8355,15.6,2022,2022Q2,2022-04-11,56.04,10.07
4450000,93,4,1963,villa,Viby J,8260,5.1,2022,2022Q2,2022-04-11,56.13,10.144
6275000,147,6,1966,villa,Højbjerg,8270,4.7,2022,2022Q2,2022-04-11,56.117,10.185
3200000,244,7,1870,villa,Hjortshøj,8530,16.6,2022,2022Q2,2022-04-11,56.305,10.191
2525000,107,4,1986,townhouse,Lystrup,8520,9.7,2022,2022Q2,2022-04-11,56.242,10.241
5498000,173,7,1979,villa,Aarhus V,8210,3.2,2022,2022Q2,2022-04-11,56.172,10.167
5998000,104,4,1929,villa,Åbyhøj,8230,3.4,2022,2022Q2,2022-04-12,56.152,10.157
2900000,183,8,1909,villa,Tranbjerg J,8310,8.3,2022,2022Q2,2022-04-12,56.095,10.136
5540000,185,5,2017,villa,Solbjerg,8355,14.7,2022,2022Q2,2022-04-12,56.041,10.098
4300000,210,4,2021,villa,Solbjerg,8355,15.7,2022,2022Q2,2022-04-12,56.038,10.074
2000000,165,5,2023,villa,Harlev J,8462,13.7,2022,2022Q2,2022-04-12,56.134,9.993
2800000,117,4,2011,townhouse,Mårslet,8320,11.3,2022,2022Q2,2022-04-12,56.06,10.158
7645000,198,5,2016,villa,Solbjerg,8355,14.7,2022,2022Q2,2022-04-12,56.047,10.078
4900000,180,5,1960,villa,Åbyhøj,8230,3.0,2022,2022Q2,2022-04-12,56.153,10.163
8725000,281,8,1907,villa,Brabrand,8220,6.8,2022,2022Q2,2022-04-12,56.158,10.101
2125000,83,4,1984,townhouse,Viby J,8260,5.9,2022,2022Q2,2022-04-12,56.126,10.133
2310000,151,5,1977,townhouse,Hasselager,8361,10.0,2022,2022Q2,2022-04-12,56.107,10.076
6025000,125,5,1933,villa,Åbyhøj,8230,3.5,2022,2022Q2,2022-04-12,56.153,10.155
13100000,236,6,2021,villa,Risskov,8240,6.2,2022,2022Q2,2022-04-12,56.201,10.271
2545000,136,5,1972,townhouse,Sabro,8471,12.5,2022,2022Q2,2022-04-12,56.211,10.034
3395000,132,4,1973,villa,Tilst,8381,6.5,2022,2022Q2,2022-04-12,56.179,10.113
5700000,147,5,1961,villa,Risskov,8240,4.4,2022,2022Q2,2022-04-12,56.194,10.234
2698000,181,8,1979,villa,Trige,8380,11.3,2022,2022Q2,2022-04-12,56.25,10.136
1483000,30,1,1935,townhouse,Åbyhøj,8230,3.8,2022,2022Q2,2022-04-12,56.155,10.15
4625000,166,5,1979,villa,Lystrup,8520,10.2,2022,2022Q2,2022-04-13,56.247,10.24
2000000,53,1,2017,townhouse,Risskov,8240,4.4,2022,2022Q2,2022-04-13,56.196,10.216
6400000,193,4,2011,villa,Egå,8250,10.5,2022,2022Q2,2022-04-13,56.234,10.308
4200000,130,4,2019,townhouse,Aarhus N,8200,5.3,2022,2022Q2,2022-04-13,56.2,10.172
4250000,172,6,1922,villa,Brabrand,8220,5.5,2022,2022Q2,2022-04-13,56.155,10.122
3125000,142,5,1958,villa,Brabrand,8220,4.4,2022,2022Q2,2022-04-13,56.154,10.141
3298000,112,4,2005,villa,Beder,8330,11.4,2022,2022Q2,2022-04-15,56.055,10.216
9950000,171,6,1969,villa,Højbjerg,8270,5.5,2022,2022Q2,2022-04-15,56.108,10.227
4475000,145,5,2016,townhouse,Egå,8250,9.4,2022,2022Q2,2022-04-16,56.231,10.282
2325000,100,5,1928,townhouse,Viby J,8260,5.5,2022,2022Q2,2022-04-17,56.12,10.152
3650000,142,5,1981,townhouse,Skødstrup,8541,13.9,2022,2022Q2,2022-04-18,56.261,10.334
5950000,195,5,2015,villa,Mårslet,8320,9.2,2022,2022Q2,2022-04-18,56.082,10.146
2695000,111,3,2013,villa,Trige,8380,15.6,2022,2022Q2,2022-04-18,56.293,10.152
4150000,135,4,1992,villa,Viby J,8260,6.8,2022,2022Q2,2022-04-18,56.132,10.11
2675000,114,5,1970,villa,Malling,8340,13.3,2022,2022Q2,2022-04-18,56.037,10.203
7000000,138,5,1891,townhouse,Aarhus C,8000,0.6,2022,2022Q2,2022-04-18,56.161,10.208
1398000,251,5,2023,villa,Sabro,8471,13.4,2022,2022Q2,2022-04-18,56.218,10.025
4475000,110,5,1956,townhouse,Risskov,8240,3.9,2022,2022Q2,2022-04-18,56.191,10.22
4720000,117,4,1965,villa,Risskov,8240,5.3,2022,2022Q2,2022-04-18,56.203,10.223
3995000,222,10,1930,villa,Harlev J,8462,13.2,2022,2022Q2,2022-04-18,56.141,10.0
4450000,189,6,2007,villa,Solbjerg,8355,14.3,2022,2022Q2,2022-04-19,56.045,10.099
4100000,86,3,1927,villa,Aarhus N,8200,2.7,2022,2022Q2,2022-04-19,56.18,10.197
3610000,117,4,2016,townhouse,Egå,8250,7.0,2022,2022Q2,2022-04-19,56.212,10.265
3895000,130,4,2015,villa,Tranbjerg J,8310,9.8,2022,2022Q2,2022-04-19,56.086,10.116
4650000,159,5,2019,villa,Solbjerg,8355,15.1,2022,2022Q2,2022-04-19,56.036,10.097
4000000,152,5,1972,villa,Egå,8250,8.4,2022,2022Q2,2022-04-19,56.217,10.291
3995000,182,5,1964,villa,Lystrup,8520,9.0,2022,2022Q2,2022-04-20,56.237,10.221
5150000,146,6,1936,villa,Viby J,8260,3.6,2022,2022Q2,2022-04-20,56.134,10.17
2800000,126,4,1985,villa,Tilst,8381,6.6,2022,2022Q2,2022-04-20,56.175,10.11
4398000,183,6,2012,villa,Trige,8380,12.0,2022,2022Q2,2022-04-20,56.258,10.141
6800000,217,8,1968,villa,Aarhus V,8210,3.6,2022,2022Q2,2022-04-20,56.163,10.155
18900000,264,8,1909,villa,Aarhus C,8000,2.0,2022,2022Q2,2022-04-20,56.14,10.202
2700000,98,4,1956,townhouse,Viby J,8260,5.3,2022,2022Q2,2022-04-20,56.12,10.156
5375000,152,4,1999,villa,Højbjerg,8270,5.7,2022,2022Q2,2022-04-20,56.108,10.182
2825000,123,4,1976,townhouse,Brabrand,8220,7.6,2022,2022Q2,2022-04-20,56.151,10.088
2975000,128,4,1967,villa,Skødstrup,8541,13.9,2022,2022Q2,2022-04-21,56.26,10.337
7250000,227,7,2009,villa,Viby J,8260,6.6,2022,2022Q2,2022-04-21,56.121,10.125
2800000,108,4,1963,villa,Skødstrup,8541,13.9,2022,2022Q2,2022-04-21,56.26,10.338
4000000,141,4,2015,villa,Trige,8380,12.0,2022,2022Q2,2022-04-21,56.257,10.139
4995000,152,4,1949,villa,Højbjerg,8270,4.8,2022,2022Q2,2022-04-21,56.118,10.177
3198000,91,4,1932,villa,Malling,8340,13.5,2022,2022Q2,2022-04-21,56.036,10.19
2198000,75,3,1976,townhouse,Tilst,8381,7.3,2022,2022Q2,2022-04-21,56.174,10.097
5550000,118,6,1951,villa,Risskov,8240,4.1,2022,2022Q2,2022-04-21,56.193,10.226
3848000,156,6,1933,villa,Tilst,8381,9.3,2022,2022Q2,2022-04-22,56.193,10.076
1850000,168,6,1906,villa,Harlev J,8462,13.6,2022,2022Q2,2022-04-23,56.166,9.991
2575000,127,4,2008,villa,Sabro,8471,10.7,2022,2022Q2,2022-04-24,56.201,10.057
5358000,124,5,1962,villa,Højbjerg,8270,4.9,2022,2022Q2,2022-04-24,56.119,10.17
4395000,180,5,1970,villa,Lystrup,8520,9.0,2022,2022Q2,2022-04-24,56.235,10.245
6000000,104,4,1921,villa,Viby J,8260,3.5,2022,2022Q2,2022-04-24,56.128,10.185
2750000,111,4,2013,townhouse,Hasselager,8361,10.7,2022,2022Q2,2022-04-24,56.106,10.064
3250000,190,6,2023,villa,Egå,8250,11.3,2022,2022Q2,2022-04-24,56.234,10.329
1825000,41,1,1960,townhouse,Åbyhøj,8230,3.0,2022,2022Q2,2022-04-24,56.157,10.162
3400000,186,5,1940,villa,Aarhus N,8200,7.5,2022,2022Q2,2022-04-24,56.22,10.166
3998000,189,8,1967,villa,Egå,8250,8.8,2022,2022Q2,2022-04-24,56.222,10.293
3200000,93,5,1959,townhouse,Højbjerg,8270,5.1,2022,2022Q2,2022-04-24,56.118,10.167
6800000,149,5,1885,townhouse,Aarhus C,8000,1.2,2022,2022Q2,2022-04-25,56.147,10.202
2560000,120,4,2021,villa,Sabro,8471,16.0,2022,2022Q2,2022-04-25,56.221,9.98
4595000,120,4,2003,villa,Egå,8250,11.7,2022,2022Q2,2022-04-25,56.239,10.328
2810000,211,7,1974,villa,Sabro,8471,16.7,2022,2022Q2,2022-04-25,56.225,9.971
2900000,114,4,1973,villa,Tilst,8381,6.8,2022,2022Q2,2022-04-25,56.178,10.108
3050000,73,3,1982,townhouse,Højbjerg,8270,5.4,2022,2022Q2,2022-04-25,56.109,10.218
4098000,130,4,2016,villa,Tranbjerg J,8310,9.8,2022,2022Q2,2022-04-26,56.086,10.117
2750000,133,5,1970,villa,Brabrand,8220,5.1,2022,2022Q2,2022-04-26,56.162,10.129
2498000,85,4,1973,townhouse,Tranbjerg J,8310,9.6,2022,2022Q2,2022-04-26,56.087,10.118
7195000,169,6,1983,townhouse,Højbjerg,8270,5.4,2022,2022Q2,2022-04-26,56.108,10.216
5407100,123,4,1969,townhouse,Aarhus N,8200,2.6,2022,2022Q2,2022-04-26,56.18,10.209
2195000,93,4,1979,villa,Trige,8380,11.7,2022,2022Q2,2022-04-26,56.253,10.134
5059000,160,5,1975,villa,Egå,8250,11.8,2022,2022Q2,2022-04-26,56.241,10.328
6100000,141,4,1954,villa,Højbjerg,8270,4.2,2022,2022Q2,2022-04-26,56.119,10.203
6695000,176,6,1972,villa,Egå,8250,6.7,2022,2022Q2,2022-04-26,56.205,10.277
4500000,138,5,1968,townhouse,Egå,8250,6.8,2022,2022Q2,2022-04-26,56.207,10.274
3925000,96,3,1965,townhouse,Viby J,8260,3.5,2022,2022Q2,2022-04-27,56.131,10.177
2850000,116,4,1982,townhouse,Aarhus V,8210,5.3,2022,2022Q2,2022-04-27,56.175,10.132
6250000,196,6,2003,villa,Egå,8250,10.5,2022,2022Q2,2022-04-27,56.234,10.309
5560000,167,5,2013,villa,Hasselager,8361,8.9,2022,2022Q2,2022-04-27,56.116,10.088
1650000,195,5,2023,villa,Malling,8340,14.9,2022,2022Q2,2022-04-27,56.023,10.182
6170575,200,5,2023,villa,Mårslet,8320,9.4,2022,2022Q2,2022-04-27,56.076,10.166
3700000,121,4,2017,townhouse,Hasselager,8361,9.1,2022,2022Q2,2022-04-27,56.114,10.086
2400000,137,4,1988,townhouse,Hasselager,8361,8.6,2022,2022Q2,2022-04-27,56.11,10.1
3500000,120,4,2006,townhouse,Brabrand,8220,7.5,2022,2022Q2,2022-04-27,56.158,10.09
4220000,146,5,1996,villa,Tilst,8381,6.8,2022,2022Q2,2022-04-27,56.19,10.119
4950000,162,4,2007,townhouse,Højbjerg,8270,5.1,2022,2022Q2,2022-04-27,56.117,10.167
5178000,140,4,1926,villa,Åbyhøj,8230,3.9,2022,2022Q2,2022-04-28,56.157,10.149
5012000,185,6,2019,villa,Trige,8380,11.4,2022,2022Q2,2022-04-28,56.256,10.162
3098000,114,4,1983,villa,Aarhus V,8210,5.8,2022,2022Q2,2022-04-28,56.176,10.125
3399000,116,4,2016,townhouse,Skødstrup,8541,13.6,2022,2022Q2,2022-04-28,56.265,10.311
3598000,143,5,1971,villa,Mårslet,8320,10.2,2022,2022Q2,2022-04-28,56.07,10.158
3500000,90,4,1940,villa,Aarhus V,8210,3.1,2022,2022Q2,2022-04-28,56.165,10.163
11365000,207,6,2021,villa,Højbjerg,8270,4.3,2022,2022Q2,2022-04-28,56.119,10.2
3965000,149,5,1997,villa,Tilst,8381,6.8,2022,2022Q2,2022-04-28,56.192,10.122
7300000,159,6,1967,villa,Egå,8250,6.8,2022,2022Q2,2022-04-28,56.205,10.277
1575000,72,3,1971,townhouse,Tranbjerg J,8310,8.3,2022,2022Q2,2022-04-28,56.091,10.148
3725000,121,4,2017,villa,Hasselager,8361,9.1,2022,2022Q2,2022-04-29,56.113,10.085
5050000,113,6,1961,villa,Egå,8250,8.6,2022,2022Q2,2022-04-30,56.219,10.294
3195000,131,5,1994,villa,Solbjerg,8355,15.1,2022,2022Q2,2022-04-30,56.041,10.084
4100000,88,4,1958,townhouse,Aarhus N,8200,2.3,2022,2022Q2,2022-05-01,56.174,10.191
3500000,140,5,2020,townhouse,Hasselager,8361,9.1,2022,2022Q2,2022-05-01,56.113,10.086
4765000,113,5,1952,villa,Højbjerg,8270,5.0,2022,2022Q2,2022-05-01,56.118,10.17
4335000,132,4,1970,townhouse,Risskov,8240,4.9,2022,2022Q2,2022-05-01,56.2,10.221
5300000,215,5,1967,villa,Skødstrup,8541,14.4,2022,2022Q2,2022-05-01,56.273,10.313
892500,97,4,1981,townhouse,Tilst,8381,6.7,2022,2022Q2,2022-05-01,56.189,10.12
6200000,84,4,1982,townhouse,Risskov,8240,4.2,2022,2022Q2,2022-05-01,56.19,10.244
2865000,144,5,1969,villa,Sabro,8471,12.2,2022,2022Q2,2022-05-01,56.209,10.037
4750000,108,4,1965,villa,Aarhus N,8200,2.8,2022,2022Q2,2022-05-02,56.178,10.186
3495000,144,5,1969,villa,Tranbjerg J,8310,9.5,2022,2022Q2,2022-05-02,56.084,10.13
5430000,130,5,2022,townhouse,Brabrand,8220,5.7,2022,2022Q2,2022-05-02,56.155,10.119
4250000,164,4,2019,villa,Trige,8380,11.6,2022,2022Q2,2022-05-02,56.257,10.16
3100000,119,4,1969,villa,Tranbjerg J,8310,9.5,2022,2022Q2,2022-05-02,56.085,10.128
5598000,114,5,1952,villa,Aarhus V,8210,2.3,2022,2022Q2,2022-05-02,56.165,10.178
2400000,140,7,1956,villa,Aarhus N,8200,5.2,2022,2022Q2,2022-05-03,56.201,10.18
3810000,119,4,1978,townhouse,Aarhus V,8210,2.6,2022,2022Q2,2022-05-03,56.165,10.172
5048000,124,4,2017,townhouse,Egå,8250,8.4,2022,2022Q2,2022-05-03,56.219,10.287
3125000,130,5,2019,townhouse,Malling,8340,14.3,2022,2022Q2,2022-05-03,56.029,10.19
4100000,160,5,1921,villa,Viby J,8260,4.4,2022,2022Q2,2022-05-03,56.127,10.163
9000000,196,6,1980,villa,Risskov,8240,6.6,2022,2022Q2,2022-05-03,56.201,10.28
2999000,106,5,1976,townhouse,Tranbjerg J,8310,8.4,2022,2022Q2,2022-05-04,56.091,10.146
6495000,181,4,1964,villa,Viby J,8260,6.5,2022,2022Q2,2022-05-04,56.14,10.111
4599000,174,4,2023,villa,Aarhus N,8200,7.8,2022,2022Q2,2022-05-04,56.224,10.178
2998000,125,5,1964,villa,Harlev J,8462,13.2,2022,2022Q2,2022-05-04,56.15,9.997
6361000,208,4,2019,villa,Egå,8250,9.6,2022,2022Q2,2022-05-04,56.233,10.282
4750000,177,4,2016,villa,Harlev J,8462,10.8,2022,2022Q2,2022-05-04,56.135,10.041
4700000,147,6,1973,townhouse,Brabrand,8220,5.8,2022,2022Q2,2022-05-04,56.159,10.117
2295000,74,3,2006,townhouse,Brabrand,8220,7.5,2022,2022Q2,2022-05-04,56.159,10.09
3995000,118,4,1987,townhouse,Aarhus N,8200,4.1,2022,2022Q2,2022-05-04,56.192,10.192
2825000,125,3,1947,villa,Malling,8340,12.8,2022,2022Q2,2022-05-04,56.042,10.195
2800000,179,5,1966,villa,Skødstrup,8541,12.6,2022,2022Q2,2022-05-04,56.261,10.293
3210000,124,5,2006,townhouse,Skødstrup,8541,15.5,2022,2022Q2,2022-05-04,56.281,10.326
2325000,105,3,1978,villa,Hasselager,8361,10.4,2022,2022Q2,2022-05-04,56.106,10.07
3600000,172,5,1877,villa,Viby J,8260,11.6,2022,2022Q2,2022-05-04,56.114,10.04
3850000,146,5,1997,villa,Tilst,8381,6.8,2022,2022Q2,2022-05-04,56.192,10.122
3237500,98,4,1987,townhouse,Aarhus N,8200,3.9,2022,2022Q2,2022-05-04,56.19,10.194
2950000,106,3,2019,townhouse,Brabrand,8220,6.9,2022,2022Q2,2022-05-05,56.156,10.1
7450000,187,7,1936,villa,Risskov,8240,4.0,2022,2022Q2,2022-05-05,56.191,10.226
2000000,166,5,2023,villa,Harlev J,8462,13.7,2022,2022Q2,2022-05-05,56.134,9.994
2500000,134,4,1940,villa,Skødstrup,8541,15.6,2022,2022Q2,2022-05-05,56.283,10.323
3250000,86,3,1983,villa,Risskov,8240,6.0,2022,2022Q2,2022-05-05,56.207,10.247
3998000,165,6,1897,villa,Egå,8250,7.5,2022,2022Q2,2022-05-05,56.216,10.266
2580000,149,5,1963,villa,Sabro,8471,12.5,2022,2022Q2,2022-05-05,56.212,10.035
10450000,185,7,1938,villa,Viby J,8260,2.7,2022,2022Q2,2022-05-05,56.136,10.188
4750000,64,2,1937,villa,Aarhus N,8200,2.6,2022,2022Q2,2022-05-05,56.178,10.192
3900000,132,6,1953,villa,Skødstrup,8541,13.4,2022,2022Q2,2022-05-05,56.264,10.311
8700000,185,5,1966,villa,Risskov,8240,6.4,2022,2022Q2,2022-05-05,56.201,10.278
4600000,128,4,1904,villa,Viby J,8260,3.2,2022,2022Q2,2022-05-05,56.133,10.18
4695000,170,5,1971,villa,Tilst,8381,7.2,2022,2022Q2,2022-05-06,56.18,10.102
3348000,140,5,1972,villa,Tilst,8381,7.1,2022,2022Q2,2022-05-06,56.181,10.105
6425000,160,5,1976,villa,Risskov,8240,6.4,2022,2022Q2,2022-05-07,56.202,10.274
5400000,150,5,2005,villa,Brabrand,8220,7.0,2022,2022Q2,2022-05-08,56.159,10.098
2795000,92,4,2014,townhouse,Mårslet,8320,9.5,2022,2022Q2,2022-05-08,56.076,10.161
4600000,152,5,2019,villa,Skødstrup,8541,15.0,2022,2022Q2,2022-05-08,56.278,10.317
1550000,180,5,2023,villa,Malling,8340,14.9,2022,2022Q2,2022-05-08,56.024,10.182
7750000,180,5,2014,villa,Viby J,8260,6.7,2022,2022Q2,2022-05-08,56.122,10.122
2998000,148,4,1965,villa,Tilst,8381,8.4,2022,2022Q2,2022-05-08,56.192,10.09
2368000,83,4,1984,townhouse,Viby J,8260,5.9,2022,2022Q2,2022-05-08,56.126,10.134
3100000,125,5,1984,townhouse,Aarhus V,8210,4.4,2022,2022Q2,2022-05-08,56.175,10.147
3450000,140,5,1998,villa,Hasselager,8361,9.4,2022,2022Q2,2022-05-08,56.113,10.082
4098000,155,5,1967,villa,Hjortshøj,8530,11.3,2022,2022Q2,2022-05-08,56.253,10.268
7200000,166,5,1948,villa,Viby J,8260,4.0,2022,2022Q2,2022-05-08,56.125,10.179
4600000,153,6,2011,villa,Viby J,8260,6.7,2022,2022Q2,2022-05-09,56.122,10.122
3200000,136,5,1967,villa,Aarhus N,8200,3.0,2022,2022Q2,2022-05-09,56.179,10.185
2750000,134,5,1969,villa,Solbjerg,8355,15.5,2022,2022Q2,2022-05-09,56.04,10.073
1154000,64,2,1957,townhouse,Risskov,8240,5.0,2022,2022Q2,2022-05-10,56.199,10.237
3200000,127,4,1986,villa,Hasselager,8361,9.5,2022,2022Q2,2022-05-10,56.106,10.086
1731000,96,4,1957,townhouse,Risskov,8240,5.0,2022,2022Q2,2022-05-10,56.199,10.237
4795000,174,5,2004,villa,Tilst,8381,7.0,2022,2022Q2,2022-05-10,56.193,10.118
2525000,103,4,2008,townhouse,Hasselager,8361,10.9,2022,2022Q2,2022-05-10,56.106,10.061
5600000,121,4,2007,villa,Højbjerg,8270,4.6,2022,2022Q2,2022-05-10,56.115,10.212
3100000,138,6,1966,villa,Brabrand,8220,5.2,2022,2022Q2,2022-05-10,56.16,10.128
4365000,196,7,1986,villa,Skødstrup,8541,13.9,2022,2022Q2,2022-05-11,56.262,10.334
5200000,188,5,2017,villa,Tilst,8381,6.7,2022,2022Q2,2022-05-11,56.188,10.119
3600000,181,7,1973,villa,Aarhus V,8210,4.4,2022,2022Q2,2022-05-11,56.174,10.148
1800000,160,6,1953,villa,Trige,8380,16.1,2022,2022Q2,2022-05-11,56.297,10.145
3225000,112,3,2019,townhouse,Brabrand,8220,6.9,2022,2022Q2,2022-05-11,56.156,10.099
6550000,189,5,2016,villa,Mårslet,8320,9.1,2022,2022Q2,2022-05-11,56.082,10.148
4000000,124,4,2001,townhouse,Højbjerg,8270,6.6,2022,2022Q2,2022-05-11,56.097,10.216
2300000,135,5,1870,villa,Lystrup,8520,10.5,2022,2022Q2,2022-05-11,56.25,10.184
3050000,166,6,1958,villa,Malling,8340,12.8,2022,2022Q2,2022-05-11,56.041,10.196
2850000,155,5,1962,villa,Hjortshøj,8530,11.8,2022,2022Q2,2022-05-11,56.257,10.274
7236000,137,6,1973,villa,Egå,8250,7.1,2022,2022Q2,2022-05-12,56.213,10.264
2887000,185,6,1935,villa,Lystrup,8520,8.4,2022,2022Q2,2022-05-12,56.232,10.231
5150000,167,5,1971,villa,Viby J,8260,6.0,2022,2022Q2,2022-05-12,56.133,10.124
4400000,137,6,1970,villa,Egå,8250,9.0,2022,2022Q2,2022-05-12,56.224,10.291
2195000,87,4,1987,townhouse,Lystrup,8520,9.7,2022,2022Q2,2022-05-14,56.243,10.241
2350000,216,6,1970,villa,Trige,8380,14.7,2022,2022Q2,2022-05-14,56.284,10.146
5375000,135,7,1947,villa,Risskov,8240,4.7,2022,2022Q2,2022-05-14,56.195,10.244
2395000,76,3,1977,townhouse,Tranbjerg J,8310,8.3,2022,2022Q2,2022-05-14,56.09,10.153
2875000,87,4,1987,townhouse,Risskov,8240,5.4,2022,2022Q2,2022-05-15,56.205,10.211
2900000,130,4,2018,townhouse,Malling,8340,14.2,2022,2022Q2,2022-05-15,56.03,10.185
3180000,97,4,2017,townhouse,Egå,8250,6.9,2022,2022Q2,2022-05-15,56.211,10.264
2620000,122,4,1928,villa,Hasselager,8361,11.0,2022,2022Q2,2022-05-15,56.083,10.094
6499000,188,5,1978,villa,Risskov,8240,5.7,2022,2022Q2,2022-05-15,56.202,10.256
7798000,265,8,2002,villa,Egå,8250,7.8,2022,2022Q2,2022-05-16,56.219,10.269
1301000,78,4,1862,villa,Sabro,8471,10.1,2022,2022Q2,2022-05-16,56.201,10.069
4498000,163,5,2000,villa,Tilst,8381,6.9,2022,2022Q2,2022-05-16,56.193,10.12
2660000,105,4,2013,townhouse,Sabro,8471,11.5,2022,2022Q2,2022-05-16,56.207,10.049
5330000,110,5,1910,villa,Viby J,8260,3.1,2022,2022Q2,2022-05-16,56.137,10.175
3900000,178,7,1972,villa,Aarhus V,8210,4.1,2022,2022Q2,2022-05-16,56.174,10.153
11410000,197,6,1995,villa,Risskov,8240,5.1,2022,2022Q2,2022-05-16,56.195,10.255
4250000,152,7,2015,townhouse,Mårslet,8320,9.5,2022,2022Q2,2022-05-17,56.076,10.163
2575000,108,4,2013,townhouse,Sabro,8471,11.6,2022,2022Q2,2022-05-17,56.207,10.047
3295000,127,4,1986,townhouse,Højbjerg,8270,5.8,2022,2022Q2,2022-05-17,56.108,10.178
2610000,128,5,2012,townhouse,Sabro,8471,11.6,2022,2022Q2,2022-05-17,56.209,10.048
4250000,86,4,1958,villa,Højbjerg,8270,5.4,2022,2022Q2,2022-05-17,56.116,10.163
7050000,186,5,1935,townhouse,Aarhus C,8000,0.6,2022,2022Q2,2022-05-17,56.161,10.206
1600000,185,6,2023,villa,Malling,8340,14.8,2022,2022Q2,2022-05-17,56.024,10.184
2350000,83,3,1991,townhouse,Lystrup,8520,8.5,2022,2022Q2,2022-05-17,56.233,10.226
4350000,172,6,1990,villa,Tranbjerg J,8310,8.8,2022,2022Q2,2022-05-17,56.097,10.117
2612500,136,5,1930,villa,Harlev J,8462,12.8,2022,2022Q2,2022-05-17,56.158,10.004
3615000,199,6,1974,villa,Skødstrup,8541,13.6,2022,2022Q2,2022-05-17,56.268,10.304
3400000,128,5,1974,villa,Lystrup,8520,9.1,2022,2022Q2,2022-05-17,56.239,10.216
2625000,137,4,1966,villa,Harlev J,8462,13.3,2022,2022Q2,2022-05-17,56.138,9.999
4460000,155,5,2004,villa,Tilst,8381,6.7,2022,2022Q2,2022-05-17,56.193,10.125
3400000,196,5,1972,villa,Skødstrup,8541,13.5,2022,2022Q2,2022-05-18,56.267,10.305
3095000,96,3,2003,townhouse,Viby J,8260,5.7,2022,2022Q2,2022-05-18,56.134,10.129
2250000,121,5,1925,villa,Brabrand,8220,8.9,2022,2022Q2,2022-05-18,56.152,10.067
2498000,40,1,2019,villa,Aarhus C,8000,1.3,2022,2022Q2,2022-05-18,56.163,10.228
3750000,168,4,1930,townhouse,Aarhus N,8200,4.9,2022,2022Q2,2022-05-18,56.189,10.158
3025000,124,4,1974,villa,Solbjerg,8355,15.8,2022,2022Q2,2022-05-18,56.038,10.068
984500,174,5,2023,villa,Sabro,8471,16.4,2022,2022Q2,2022-05-18,56.225,9.975
2525000,132,3,1962,villa,Harlev J,8462,12.2,2022,2022Q2,2022-05-18,56.156,10.014
5800000,165,7,1950,villa,Højbjerg,8270,5.0,2022,2022Q2,2022-05-18,56.112,10.209
1650000,132,4,1962,villa,Sabro,8471,17.5,2022,2022Q2,2022-05-19,56.229,9.959
5850000,149,5,1978,townhouse,Brabrand,8220,5.4,2022,2022Q2,2022-05-19,56.158,10.123
3650000,191,7,1940,villa,Skødstrup,8541,14.3,2022,2022Q2,2022-05-19,56.272,10.31
3375000,129,5,1987,villa,Mårslet,8320,10.0,2022,2022Q2,2022-05-19,56.073,10.153
11000000,156,4,1986,villa,Risskov,8240,5.7,2022,2022Q2,2022-05-19,56.198,10.265
8295000,245,6,1974,villa,Højbjerg,8270,6.0,2022,2022Q2,2022-05-19,56.102,10.213
2800101,114,5,1884,villa,Tilst,8381,7.8,2022,2022Q2,2022-05-19,56.176,10.09
2045000,74,2,1985,townhouse,Risskov,8240,4.8,2022,2022Q2,2022-05-19,56.199,10.198
5448000,156,5,1956,villa,Højbjerg,8270,4.9,2022,2022Q2,2022-05-19,56.119,10.168
5450000,177,5,2008,villa,Beder,8330,10.8,2022,2022Q2,2022-05-20,56.059,10.214
3810000,114,5,1987,townhouse,Risskov,8240,5.5,2022,2022Q2,2022-05-20,56.206,10.209
4950000,122,4,1954,villa,Brabrand,8220,6.1,2022,2022Q2,2022-05-21,56.155,10.113
2350000,88,3,1987,townhouse,Skødstrup,8541,14.5,2022,2022Q2,2022-05-21,56.274,10.313
3325000,140,5,2014,townhouse,Hasselager,8361,8.7,2022,2022Q2,2022-05-21,56.112,10.096
4250000,130,5,1964,villa,Aarhus N,8200,2.5,2022,2022Q2,2022-05-21,56.175,10.185
4260000,116,3,1959,villa,Egå,8250,11.5,2022,2022Q2,2022-05-21,56.236,10.328
7900000,145,5,1973,villa,Højbjerg,8270,5.0,2022,2022Q2,2022-05-22,56.112,10.2
2248000,72,3,1974,townhouse,Tranbjerg J,8310,9.2,2022,2022Q2,2022-05-22,56.09,10.122
3570000,132,5,1931,villa,Tranbjerg J,8310,11.8,2022,2022Q2,2022-05-22,56.065,10.114
3900000,150,5,2016,villa,Malling,8340,12.4,2022,2022Q2,2022-05-22,56.046,10.19
3800000,124,4,1931,villa,Viby J,8260,4.8,2022,2022Q2,2022-05-22,56.123,10.161
2998000,96,5,1965,townhouse,Viby J,8260,5.3,2022,2022Q2,2022-05-22,56.122,10.153
2225000,112,4,1979,villa,Hasselager,8361,10.6,2022,2022Q2,2022-05-22,56.104,10.069
3798000,164,6,1980,villa,Hasselager,8361,10.6,2022,2022Q2,2022-05-22,56.107,10.065
3698000,169,5,1964,villa,Hasselager,8361,9.0,2022,2022Q2,2022-05-23,56.109,10.094
4100000,150,5,2011,villa,Viby J,8260,6.8,2022,2022Q2,2022-05-23,56.122,10.122
3275000,85,2,1962,townhouse,Højbjerg,8270,5.0,2022,2022Q2,2022-05-23,56.12,10.165
3499000,206,6,1970,villa,Skødstrup,8541,13.9,2022,2022Q2,2022-05-24,56.27,10.306
2655000,104,3,1982,townhouse,Lystrup,8520,8.4,2022,2022Q2,2022-05-24,56.231,10.234
3100000,97,3,2001,townhouse,Aarhus V,8210,4.6,2022,2022Q2,2022-05-24,56.17,10.141
4595000,151,5,2015,villa,Mårslet,8320,9.0,2022,2022Q2,2022-05-24,56.084,10.146
8995000,175,5,1973,villa,Risskov,8240,4.8,2022,2022Q2,2022-05-24,56.193,10.251
2075000,102,4,2005,townhouse,Trige,8380,11.4,2022,2022Q2,2022-05-24,56.251,10.139
4275000,265,8,1971,villa,Tilst,8381,8.6,2022,2022Q2,2022-05-24,56.193,10.088
3175000,102,4,1990,townhouse,Risskov,8240,4.5,2022,2022Q2,2022-05-24,56.196,10.197
5375000,185,6,2006,villa,Brabrand,8220,7.2,2022,2022Q2,2022-05-25,56.159,10.094
3395000,114,4,2007,townhouse,Aarhus N,8200,7.9,2022,2022Q2,2022-05-25,56.223,10.162
4200000,103,3,1935,villa,Åbyhøj,8230,3.5,2022,2022Q2,2022-05-26,56.158,10.154
2855000,89,3,1934,villa,Aarhus V,8210,2.2,2022,2022Q2,2022-05-26,56.163,10.178
4800000,203,7,1877,villa,Skødstrup,8541,12.5,2022,2022Q2,2022-05-26,56.245,10.335
2700000,116,4,1984,villa,Aarhus V,8210,5.6,2022,2022Q2,2022-05-27,56.176,10.128
2650000,120,4,2007,villa,Sabro,8471,15.5,2022,2022Q2,2022-05-28,56.22,9.987
4010000,170,5,1973,villa,Lystrup,8520,9.1,2022,2022Q2,2022-05-28,56.236,10.247
3100000,92,4,2000,townhouse,Egå,8250,10.6,2022,2022Q2,2022-05-29,56.235,10.307
4750000,148,5,1972,townhouse,Brabrand,8220,6.2,2022,2022Q2,2022-05-29,56.159,10.111
5050000,178,4,2016,villa,Skødstrup,8541,14.3,2022,2022Q2,2022-05-29,56.271,10.314
2275000,116,5,1971,townhouse,Tranbjerg J,8310,8.1,2022,2022Q2,2022-05-29,56.092,10.151
6225000,143,5,1944,villa,Risskov,8240,3.8,2022,2022Q2,2022-05-29,56.189,10.228
3250000,111,5,1984,villa,Tranbjerg J,8310,8.6,2022,2022Q2,2022-05-30,56.095,10.126
6450000,129,5,1961,villa,Højbjerg,8270,4.5,2022,2022Q2,2022-05-30,56.117,10.213
5900000,160,5,1966,townhouse,Egå,8250,7.4,2022,2022Q2,2022-05-30,56.21,10.282
5100000,176,6,1975,villa,Tranbjerg J,8310,8.5,2022,2022Q2,2022-05-30,56.095,10.131
2825000,112,4,2007,townhouse,Malling,8340,12.4,2022,2022Q2,2022-05-30,56.045,10.207
6750000,161,5,1973,villa,Risskov,8240,6.4,2022,2022Q2,2022-05-30,56.202,10.275
5250000,174,5,1974,villa,Risskov,8240,5.2,2022,2022Q2,2022-05-30,56.203,10.214
2800000,85,3,1991,townhouse,Viby J,8260,5.7,2022,2022Q2,2022-05-30,56.133,10.13
5250000,95,4,1860,townhouse,Aarhus C,8000,1.4,2022,2022Q2,2022-05-30,56.168,10.218
3940000,153,6,1981,villa,Lystrup,8520,10.4,2022,2022Q2,2022-05-30,56.249,10.239
5350000,188,4,1995,villa,Skødstrup,8541,12.9,2022,2022Q2,2022-05-31,56.263,10.295
2760000,110,4,1966,townhouse,Egå,8250,6.9,2022,2022Q2,2022-05-31,56.208,10.272
5300000,114,4,1909,townhouse,Aarhus N,8200,2.1,2022,2022Q2,2022-05-31,56.175,10.201
6900000,142,4,1965,villa,Egå,8250,9.7,2022,2022Q2,2022-05-31,56.227,10.304
4425000,180,5,2018,villa,Malling,8340,13.2,2022,2022Q2,2022-05-31,56.038,10.195
3500000,120,3,2012,townhouse,Malling,8340,14.4,2022,2022Q2,2022-05-31,56.028,10.187
3600000,145,6,1981,villa,Lystrup,8520,10.3,2022,2022Q2,2022-05-31,56.248,10.234
2650000,106,4,1962,villa,Tilst,8381,8.1,2022,2022Q2,2022-05-31,56.19,10.095
2225000,86,2,2001,townhouse,Tilst,8381,6.9,2022,2022Q2,2022-05-31,56.185,10.112
2700000,115,4,1996,townhouse,Tilst,8381,8.1,2022,2022Q2,2022-05-31,56.189,10.093
5050000,156,5,1977,villa,Viby J,8260,5.7,2022,2022Q2,2022-06-01,56.139,10.125
4105000,62,2,1937,villa,Aarhus V,8210,2.3,2022,2022Q2,2022-06-01,56.168,10.18
3200000,93,4,1987,townhouse,Risskov,8240,4.7,2022,2022Q2,2022-06-01,56.199,10.213
3062500,136,4,2008,townhouse,Hasselager,8361,10.7,2022,2022Q2,2022-06-01,56.107,10.062
1425000,58,2,1961,townhouse,Lystrup,8520,8.5,2022,2022Q2,2022-06-01,56.232,10.229
3700000,135,4,1976,villa,Hjortshøj,8530,10.7,2022,2022Q2,2022-06-01,56.249,10.265
4550000,115,5,1927,villa,Viby J,8260,4.9,2022,2022Q2,2022-06-01,56.124,10.157
3520000,125,4,1975,villa,Lystrup,8520,9.2,2022,2022Q2,2022-06-01,56.239,10.199
4500000,140,4,1980,villa,Tranbjerg J,8310,9.2,2022,2022Q2,2022-06-02,56.093,10.116
2548000,114,4,1966,villa,Malling,8340,13.9,2022,2022Q2,2022-06-02,56.032,10.189
3698000,113,4,1962,townhouse,Højbjerg,8270,4.7,2022,2022Q2,2022-06-02,56.121,10.17
3000000,121,4,1900,townhouse,Aarhus N,8200,7.8,2022,2022Q2,2022-06-02,56.222,10.165
5050000,155,4,1979,villa,Lystrup,8520,9.3,2022,2022Q2,2022-06-02,56.238,10.242
3850000,130,5,2015,townhouse,Viby J,8260,7.0,2022,2022Q2,2022-06-02,56.131,10.107
3160000,133,3,1969,villa,Viby J,8260,6.4,2022,2022Q2,2022-06-02,56.112,10.144
5050000,152,5,1967,villa,Risskov,8240,5.4,2022,2022Q2,2022-06-02,56.205,10.224
5250000,236,9,1940,villa,Højbjerg,8270,4.6,2022,2022Q2,2022-06-02,56.121,10.173
2983000,92,3,1984,townhouse,Risskov,8240,5.0,2022,2022Q2,2022-06-02,56.202,10.209
3475000,126,3,2000,townhouse,Højbjerg,8270,6.4,2022,2022Q2,2022-06-03,56.099,10.219
3998000,139,5,1900,villa,Hasselager,8361,10.6,2022,2022Q2,2022-06-03,56.096,10.08
4999000,160,5,2019,villa,Solbjerg,8355,15.1,2022,2022Q2,2022-06-03,56.037,10.096
3749000,169,4,2022,villa,Hjortshøj,8530,14.9,2022,2022Q2,2022-06-03,56.291,10.213
2565000,116,4,1999,townhouse,Skødstrup,8541,15.1,2022,2022Q2,2022-06-03,56.28,10.311
9350000,210,5,1957,villa,Risskov,8240,5.8,2022,2022Q2,2022-06-05,56.199,10.264
4395000,127,4,1961,villa,Risskov,8240,4.9,2022,2022Q2,2022-06-05,56.199,10.23
2750000,184,5,1969,villa,Harlev J,8462,12.7,2022,2022Q2,2022-06-05,56.149,10.007
5795000,155,5,1907,villa,Højbjerg,8270,4.5,2022,2022Q2,2022-06-06,56.116,10.205
4815000,175,5,1962,villa,Viby J,8260,6.2,2022,2022Q2,2022-06-06,56.13,10.124
4500000,103,5,1956,villa,Højbjerg,8270,4.8,2022,2022Q2,2022-06-06,56.121,10.167
3995000,92,3,1984,villa,Egå,8250,12.1,2022,2022Q2,2022-06-06,56.242,10.33
3795000,134,5,1981,villa,Lystrup,8520,10.3,2022,2022Q2,2022-06-07,56.248,10.236
4450000,110,4,1936,townhouse,Viby J,8260,5.0,2022,2022Q2,2022-06-07,56.122,10.159
5025001,163,5,2008,villa,Malling,8340,14.1,2022,2022Q2,2022-06-07,56.031,10.185
6845000,185,5,2023,villa,Mårslet,8320,9.3,2022,2022Q2,2022-06-07,56.076,10.168
4125000,150,5,2023,townhouse,Hasselager,8361,8.9,2022,2022Q2,2022-06-07,56.114,10.09
5035000,164,5,1976,villa,Viby J,8260,6.0,2022,2022Q2,2022-06-07,56.137,10.12
2050000,99,4,1979,townhouse,Hasselager,8361,10.6,2022,2022Q2,2022-06-08,56.106,10.066
2300000,141,4,1962,villa,Tranbjerg J,8310,7.2,2022,2022Q2,2022-06-08,56.104,10.143
2898000,136,5,1974,villa,Malling,8340,14.0,2022,2022Q2,2022-06-08,56.031,10.188
2340000,85,4,1972,townhouse,Tranbjerg J,8310,9.2,2022,2022Q2,2022-06-08,56.089,10.126
3450000,103,4,1954,villa,Aarhus V,8210,3.1,2022,2022Q2,2022-06-09,56.177,10.176
15275000,250,7,1974,villa,Risskov,8240,5.4,2022,2022Q2,2022-06-09,56.197,10.258
3098000,125,4,1968,villa,Sabro,8471,12.5,2022,2022Q2,2022-06-09,56.214,10.037
6800000,140,4,1953,villa,Højbjerg,8270,3.9,2022,2022Q2,2022-06-09,56.124,10.189
3775000,147,4,2015,townhouse,Mårslet,8320,9.0,2022,2022Q2,2022-06-09,56.084,10.148
4600000,120,6,1920,villa,Højbjerg,8270,6.6,2022,2022Q2,2022-06-09,56.097,10.209
4600000,100,6,2005,villa,Højbjerg,8270,6.6,2022,2022Q2,2022-06-09,56.097,10.209
7648000,146,5,2022,townhouse,Hjortshøj,8530,11.2,2022,2022Q2,2022-06-10,56.252,10.268
7648000,146,5,2022,townhouse,Hjortshøj,8530,11.2,2022,2022Q2,2022-06-10,56.252,10.268
9900000,135,4,1982,villa,Risskov,8240,5.6,2022,2022Q2,2022-06-11,56.198,10.263
3198000,110,5,1974,townhouse,Tilst,8381,7.1,2022,2022Q2,2022-06-12,56.174,10.101
2225000,72,3,1973,townhouse,Tranbjerg J,8310,9.5,2022,2022Q2,2022-06-12,56.089,10.117
5375000,219,7,1978,villa,Brabrand,8220,6.3,2022,2022Q2,2022-06-12,56.161,10.109
5350000,138,6,1950,villa,Viby J,8260,3.9,2022,2022Q2,2022-06-12,56.132,10.166
2500000,151,5,1978,townhouse,Hasselager,8361,10.0,2022,2022Q2,2022-06-12,56.107,10.076
1500000,106,3,1875,villa,Harlev J,8462,12.9,2022,2022Q2,2022-06-12,56.158,10.003
3000000,148,4,1975,townhouse,Viby J,8260,6.2,2022,2022Q2,2022-06-12,56.122,10.133
4250000,108,4,1950,villa,Viby J,8260,3.9,2022,2022Q2,2022-06-12,56.132,10.166
3150000,138,4,1980,townhouse,Egå,8250,6.1,2022,2022Q2,2022-06-13,56.204,10.259
4000000,107,4,1965,villa,Viby J,8260,6.3,2022,2022Q2,2022-06-13,56.129,10.122
3800000,165,5,1971,townhouse,Beder,8330,10.4,2022,2022Q2,2022-06-13,56.063,10.215
3350000,222,6,1976,villa,Trige,8380,9.6,2022,2022Q2,2022-06-13,56.233,10.139
2876000,130,4,1973,villa,Lystrup,8520,9.2,2022,2022Q2,2022-06-14,56.239,10.222
3400000,172,4,1970,villa,Beder,8330,11.3,2022,2022Q2,2022-06-14,56.055,10.198
3400000,89,4,1984,townhouse,Brabrand,8220,6.1,2022,2022Q2,2022-06-14,56.156,10.112
3200000,113,4,1967,townhouse,Egå,8250,8.8,2022,2022Q2,2022-06-14,56.222,10.291
3875000,162,5,1998,villa,Harlev J,8462,13.8,2022,2022Q2,2022-06-14,56.147,9.988
4660000,130,4,2016,townhouse,Højbjerg,8270,4.8,2022,2022Q2,2022-06-14,56.121,10.165
2950000,103,3,2018,townhouse,Trige,8380,11.5,2022,2022Q2,2022-06-14,56.256,10.158
3800000,154,5,2006,townhouse,Hjortshøj,8530,10.8,2022,2022Q2,2022-06-14,56.248,10.271
3950000,134,5,1955,villa,Hjortshøj,8530,10.0,2022,2022Q2,2022-06-14,56.242,10.263
3775000,140,5,1973,villa,Mårslet,8320,10.0,2022,2022Q2,2022-06-14,56.072,10.159
4025000,75,3,1981,townhouse,Aarhus C,8000,1.4,2022,2022Q2,2022-06-14,56.148,10.195
1450000,68,3,1910,villa,Sabro,8471,10.5,2022,2022Q2,2022-06-14,56.2,10.06
5900000,112,4,1929,villa,Risskov,8240,5.6,2022,2022Q2,2022-06-15,56.201,10.256
5700000,188,5,1987,villa,Højbjerg,8270,6.1,2022,2022Q2,2022-06-15,56.102,10.209
2500000,183,6,1974,villa,Trige,8380,11.8,2022,2022Q2,2022-06-15,56.255,10.139
4950000,142,5,1995,villa,Egå,8250,10.3,2022,2022Q2,2022-06-15,56.231,10.311
43300000,594,8,2006,villa,Risskov,8240,5.8,2022,2022Q2,2022-06-15,56.198,10.268
10250000,225,7,1912,villa,Brabrand,8220,6.9,2022,2022Q2,2022-06-16,56.153,10.1
3400000,156,6,1969,villa,Hasselager,8361,8.8,2022,2022Q2,2022-06-16,56.109,10.097
2350000,85,4,1982,townhouse,Hasselager,8361,10.2,2022,2022Q2,2022-06-16,56.105,10.075
4325000,157,5,2012,villa,Tilst,8381,6.2,2022,2022Q2,2022-06-16,56.189,10.13
3598000,158,6,1970,villa,Viby J,8260,6.7,2022,2022Q2,2022-06-16,56.111,10.142
4425000,76,3,1930,villa,Aarhus V,8210,2.0,2022,2022Q2,2022-06-16,56.165,10.181
3450000,155,5,1974,townhouse,Beder,8330,10.2,2022,2022Q2,2022-06-16,56.065,10.215
6600000,114,4,1930,villa,Aarhus V,8210,2.1,2022,2022Q2,2022-06-16,56.164,10.18
4900000,141,5,1987,villa,Højbjerg,8270,5.3,2022,2022Q2,2022-06-17,56.114,10.172
3250000,131,4,1983,villa,Tilst,8381,6.2,2022,2022Q2,2022-06-18,56.18,10.121
1730000,77,3,1980,townhouse,Tranbjerg J,8310,8.5,2022,2022Q2,2022-06-18,56.09,10.145
2550000,108,4,1991,townhouse,Lystrup,8520,8.6,2022,2022Q2,2022-06-18,56.234,10.226
2281000,72,3,1973,townhouse,Tranbjerg J,8310,9.5,2022,2022Q2,2022-06-19,56.088,10.119
3425000,146,5,1972,villa,Tilst,8381,7.0,2022,2022Q2,2022-06-19,56.18,10.107
3000000,214,6,1960,villa,Harlev J,8462,13.0,2022,2022Q2,2022-06-19,56.159,10.001
3600000,118,4,1971,villa,Tilst,8381,7.3,2022,2022Q2,2022-06-19,56.178,10.099
4950000,190,5,1954,villa,Åbyhøj,8230,4.0,2022,2022Q2,2022-06-19,56.16,10.147
4700000,110,4,1960,townhouse,Risskov,8240,3.9,2022,2022Q2,2022-06-19,56.191,10.22
2180000,100,4,1949,villa,Sabro,8471,12.2,2022,2022Q2,2022-06-20,56.187,10.021
6750000,225,6,2014,villa,Skødstrup,8541,13.4,2022,2022Q2,2022-06-20,56.267,10.296
4550000,155,4,2009,villa,Skødstrup,8541,13.4,2022,2022Q2,2022-06-20,56.267,10.299
5250000,176,6,2007,villa,Lystrup,8520,9.8,2022,2022Q2,2022-06-21,56.242,10.252
3525000,158,5,2003,villa,Tilst,8381,6.4,2022,2022Q2,2022-06-21,56.189,10.125
5095000,102,5,1953,villa,Aarhus N,8200,2.7,2022,2022Q2,2022-06-21,56.18,10.196
4995000,191,5,2015,villa,Sabro,8471,11.9,2022,2022Q2,2022-06-22,56.211,10.046
6000000,127,4,1976,villa,Risskov,8240,5.2,2022,2022Q2,2022-06-22,56.198,10.253
4000000,149,5,1990,villa,Harlev J,8462,13.0,2022,2022Q2,2022-06-22,56.16,10.002
5000000,210,6,2004,villa,Lystrup,8520,10.3,2022,2022Q2,2022-06-23,56.247,10.247
3130000,148,4,1971,townhouse,Viby J,8260,6.0,2022,2022Q2,2022-06-23,56.121,10.139
2000000,90,3,1956,villa,Solbjerg,8355,15.9,2022,2022Q2,2022-06-23,56.026,10.109
2925000,80,4,1957,villa,Brabrand,8220,8.9,2022,2022Q2,2022-06-23,56.15,10.067
7035000,140,5,1971,villa,Egå,8250,6.2,2022,2022Q2,2022-06-24,56.203,10.265
2498000,149,7,1997,townhouse,Sabro,8471,12.7,2022,2022Q2,2022-06-25,56.187,10.013
2848000,83,3,1988,townhouse,Aarhus N,8200,3.9,2022,2022Q2,2022-06-26,56.19,10.193
2150000,146,5,1962,villa,Sabro,8471,15.6,2022,2022Q2,2022-06-26,56.219,9.986
4295000,140,5,1969,villa,Beder,8330,10.1,2022,2022Q2,2022-06-26,56.066,10.214
6700000,137,5,1923,villa,Viby J,8260,3.1,2022,2022Q2,2022-06-26,56.133,10.183
3348000,128,4,2014,townhouse,Tranbjerg J,8310,9.8,2022,2022Q2,2022-06-26,56.082,10.126
3250000,126,4,2017,townhouse,Mårslet,8320,9.0,2022,2022Q2,2022-06-26,56.084,10.149
4425000,150,5,2015,townhouse,Viby J,8260,7.1,2022,2022Q2,2022-06-26,56.131,10.107
2550000,168,5,1965,villa,Hjortshøj,8530,14.2,2022,2022Q2,2022-06-26,56.284,10.219
3775000,114,4,1952,villa,Mårslet,8320,10.1,2022,2022Q2,2022-06-26,56.07,10.165
3125000,103,3,1927,villa,Egå,8250,9.8,2022,2022Q2,2022-06-26,56.231,10.296
3298000,105,3,1962,villa,Aarhus V,8210,3.2,2022,2022Q2,2022-06-26,56.17,10.165
4350000,192,8,1986,villa,Skødstrup,8541,13.8,2022,2022Q2,2022-06-27,56.258,10.34
3400000,120,3,1960,townhouse,Højbjerg,8270,4.7,2022,2022Q2,2022-06-27,56.122,10.169
3598000,132,3,1970,villa,Beder,8330,10.9,2022,2022Q2,2022-06-27,56.059,10.213
2165000,72,3,1971,townhouse,Tranbjerg J,8310,8.3,2022,2022Q2,2022-06-27,56.091,10.145
3200000,110,4,2000,townhouse,Lystrup,8520,8.7,2022,2022Q2,2022-06-27,56.235,10.218
2700000,106,3,2016,townhouse,Malling,8340,14.4,2022,2022Q2,2022-06-28,56.028,10.189
4435000,145,4,1986,villa,Lystrup,8520,8.9,2022,2022Q2,2022-06-28,56.236,10.2
2525000,105,4,2012,townhouse,Sabro,8471,11.5,2022,2022Q2,2022-06-28,56.207,10.048
4900000,124,4,2022,townhouse,Aarhus N,8200,2.7,2022,2022Q2,2022-06-28,56.18,10.198
2400000,86,3,2013,townhouse,Egå,8250,7.0,2022,2022Q2,2022-06-28,56.212,10.265
3550000,150,5,2019,villa,Trige,8380,15.6,2022,2022Q2,2022-06-28,56.293,10.151
2850000,120,4,1972,villa,Tranbjerg J,8310,9.0,2022,2022Q2,2022-06-28,56.088,10.133
2575000,95,5,1975,townhouse,Tilst,8381,6.9,2022,2022Q2,2022-06-28,56.175,10.104
3387500,117,4,2000,villa,Hasselager,8361,9.3,2022,2022Q2,2022-06-28,56.096,10.107
2950000,130,5,1968,villa,Egå,8250,9.6,2022,2022Q2,2022-06-28,56.233,10.285
3250000,111,2,1939,villa,Hasselager,8361,9.0,2022,2022Q2,2022-06-29,56.104,10.1
3220000,135,6,2010,townhouse,Mårslet,8320,9.5,2022,2022Q2,2022-06-29,56.076,10.163
6350000,166,5,2011,villa,Viby J,8260,7.3,2022,2022Q2,2022-06-29,56.132,10.102
3100000,100,4,2003,townhouse,Lystrup,8520,8.6,2022,2022Q2,2022-06-29,56.234,10.219
2648000,106,3,1933,villa,Malling,8340,13.4,2022,2022Q2,2022-06-29,56.036,10.198
4350000,152,6,1971,villa,Aarhus V,8210,3.6,2022,2022Q2,2022-06-29,56.175,10.162
5700000,170,6,1984,villa,Højbjerg,8270,6.5,2022,2022Q2,2022-06-29,56.099,10.201
7595000,168,6,1935,townhouse,Risskov,8240,4.0,2022,2022Q2,2022-06-29,56.19,10.236
4800000,170,6,2011,townhouse,Lystrup,8520,10.1,2022,2022Q2,2022-06-30,56.247,10.23
2598000,90,2,1981,townhouse,Tilst,8381,6.6,2022,2022Q2,2022-06-30,56.189,10.121
3975000,136,4,1932,villa,Åbyhøj,8230,3.2,2022,2022Q2,2022-06-30,56.149,10.161
4100000,158,5,1999,villa,Tilst,8381,6.9,2022,2022Q2,2022-06-30,56.193,10.121
2035000,120,5,1916,villa,Trige,8380,16.3,2022,2022Q2,2022-06-30,56.298,10.144
3265000,133,5,2018,villa,Solbjerg,8355,15.4,2022,2022Q3,2022-07-01,56.035,10.095
3599000,115,4,2016,townhouse,Hjortshøj,8530,10.3,2022,2022Q3,2022-07-02,56.245,10.264
2962500,142,6,1969,villa,Tilst,8381,8.4,2022,2022Q3,2022-07-02,56.192,10.091
3350000,140,5,2013,townhouse,Hasselager,8361,8.6,2022,2022Q3,2022-07-03,56.112,10.097
3350000,158,5,1976,townhouse,Viby J,8260,6.1,2022,2022Q3,2022-07-03,56.122,10.135
1225000,95,2,1927,villa,Sabro,8471,16.2,2022,2022Q3,2022-07-03,56.221,9.976
2325000,87,3,1983,townhouse,Hjortshøj,8530,11.1,2022,2022Q3,2022-07-03,56.252,10.265
1350000,157,6,1960,villa,Tranbjerg J,8310,8.5,2022,2022Q3,2022-07-04,56.093,10.135
3998000,136,5,1974,villa,Aarhus V,8210,3.9,2022,2022Q3,2022-07-04,56.172,10.154
4900000,159,5,1987,villa,Egå,8250,10.5,2022,2022Q3,2022-07-05,56.232,10.311
6500000,176,9,1957,villa,Højbjerg,8270,3.1,2022,2022Q3,2022-07-05,56.132,10.19
2800000,121,4,1969,villa,Sabro,8471,12.3,2022,2022Q3,2022-07-05,56.21,10.036
5400000,194,6,1973,villa,Egå,8250,10.1,2022,2022Q3,2022-07-06,56.23,10.306
1098000,240,7,2023,villa,Tilst,8381,8.8,2022,2022Q3,2022-07-06,56.192,10.084
5225000,195,6,2021,villa,Malling,8340,14.5,2022,2022Q3,2022-07-06,56.027,10.185
5930000,183,7,2011,villa,Viby J,8260,7.0,2022,2022Q3,2022-07-06,56.127,10.111
4000000,175,5,2023,villa,Risskov,8240,3.8,2022,2022Q3,2022-07-06,56.191,10.224
2450000,110,5,1972,townhouse,Tranbjerg J,8310,9.2,2022,2022Q3,2022-07-06,56.089,10.126
4600000,148,5,1970,townhouse,Brabrand,8220,5.7,2022,2022Q3,2022-07-06,56.161,10.119
8250000,185,6,1976,villa,Risskov,8240,4.9,2022,2022Q3,2022-07-06,56.194,10.252
3200000,100,4,1973,townhouse,Brabrand,8220,6.6,2022,2022Q3,2022-07-07,56.159,10.104
2775000,103,4,2016,townhouse,Malling,8340,14.4,2022,2022Q3,2022-07-07,56.028,10.189
4998000,168,5,2006,villa,Brabrand,8220,7.0,2022,2022Q3,2022-07-07,56.161,10.098
4225000,171,5,2007,villa,Sabro,8471,11.8,2022,2022Q3,2022-07-07,56.209,10.044
2798000,115,4,2012,townhouse,Harlev J,8462,13.6,2022,2022Q3,2022-07-07,56.141,9.993
3978000,108,3,1962,townhouse,Åbyhøj,8230,2.9,2022,2022Q3,2022-07-07,56.157,10.164
2200000,96,3,1962,villa,Skødstrup,8541,15.2,2022,2022Q3,2022-07-07,56.279,10.318
2370000,200,6,1971,villa,Aarhus V,8210,3.9,2022,2022Q3,2022-07-07,56.178,10.16
4450000,134,4,1957,villa,Åbyhøj,8230,3.7,2022,2022Q3,2022-07-07,56.15,10.152
6200000,199,3,2014,villa,Brabrand,8220,8.9,2022,2022Q3,2022-07-08,56.151,10.068
2900000,105,3,2018,townhouse,Trige,8380,11.5,2022,2022Q3,2022-07-09,56.256,10.158
1960000,96,4,1987,townhouse,Trige,8380,11.8,2022,2022Q3,2022-07-10,56.254,10.138
4350000,155,4,1964,villa,Aarhus N,8200,5.2,2022,2022Q3,2022-07-10,56.199,10.175
6500000,244,6,2017,villa,Aarhus V,8210,3.8,2022,2022Q3,2022-07-10,56.175,10.159
2600000,124,5,1900,villa,Tranbjerg J,8310,7.2,2022,2022Q3,2022-07-10,56.104,10.144
4498000,129,4,1935,villa,Viby J,8260,5.0,2022,2022Q3,2022-07-10,56.123,10.159
2925000,124,4,2008,townhouse,Sabro,8471,12.6,2022,2022Q3,2022-07-10,56.215,10.035
2550000,194,6,2023,villa,Mårslet,8320,11.4,2022,2022Q3,2022-07-10,56.058,10.164
4150000,136,4,1968,villa,Risskov,8240,5.7,2022,2022Q3,2022-07-10,56.207,10.221
5100000,185,6,1969,villa,Risskov,8240,5.6,2022,2022Q3,2022-07-10,56.207,10.219
4010000,126,4,1969,townhouse,Risskov,8240,4.9,2022,2022Q3,2022-07-10,56.201,10.224
2750000,107,3,1984,villa,Skødstrup,8541,12.8,2022,2022Q3,2022-07-11,56.261,10.3
3995000,132,5,1969,townhouse,Risskov,8240,4.9,2022,2022Q3,2022-07-11,56.2,10.221
4315000,165,6,1969,villa,Mårslet,8320,10.7,2022,2022Q3,2022-07-11,56.066,10.155
5750000,196,4,1966,villa,Risskov,8240,5.4,2022,2022Q3,2022-07-11,56.205,10.225
4000000,156,4,1988,villa,Tranbjerg J,8310,8.8,2022,2022Q3,2022-07-11,56.098,10.116
3000000,122,4,1982,villa,Tilst,8381,6.3,2022,2022Q3,2022-07-11,56.18,10.118
1075000,165,8,1907,villa,Solbjerg,8355,19.2,2022,2022Q3,2022-07-11,56.008,10.055
2498000,106,5,1976,townhouse,Tranbjerg J,8310,8.4,2022,2022Q3,2022-07-11,56.091,10.144
4450000,199,6,2007,villa,Sabro,8471,11.7,2022,2022Q3,2022-07-12,56.207,10.045
2498000,145,5,1893,villa,Malling,8340,12.9,2022,2022Q3,2022-07-12,56.041,10.193
5200000,112,5,1952,townhouse,Risskov,8240,4.5,2022,2022Q3,2022-07-12,56.196,10.226
14300000,341,6,1895,villa,Tranbjerg J,8310,12.5,2022,2022Q3,2022-07-12,56.059,10.112
1845000,60,2,1986,townhouse,Lystrup,8520,9.7,2022,2022Q3,2022-07-12,56.242,10.24
4650000,224,6,1973,villa,Lystrup,8520,8.9,2022,2022Q3,2022-07-13,56.236,10.197
2200000,104,4,1980,townhouse,Hasselager,8361,8.8,2022,2022Q3,2022-07-13,56.105,10.103
3983000,130,4,1987,villa,Højbjerg,8270,6.1,2022,2022Q3,2022-07-13,56.106,10.173
6500000,176,5,1967,villa,Aarhus V,8210,3.3,2022,2022Q3,2022-07-13,56.163,10.158
3850000,104,3,2003,townhouse,Højbjerg,8270,6.5,2022,2022Q3,2022-07-13,56.102,10.174
7650000,171,7,1953,villa,Risskov,8240,4.2,2022,2022Q3,2022-07-13,56.194,10.223
1900000,205,8,1863,villa,Trige,8380,16.1,2022,2022Q3,2022-07-14,56.297,10.148
6500000,104,4,1997,villa,Egå,8250,11.9,2022,2022Q3,2022-07-14,56.238,10.334
3750000,140,4,1974,villa,Tranbjerg J,8310,9.3,2022,2022Q3,2022-07-15,56.091,10.118
6500000,180,5,2014,villa,Risskov,8240,6.1,2022,2022Q3,2022-07-15,56.208,10.243
2495000,87,3,1954,villa,Hasselager,8361,9.1,2022,2022Q3,2022-07-15,56.105,10.097
2325000,100,4,1900,villa,Skødstrup,8541,13.9,2022,2022Q3,2022-07-16,56.26,10.335
3810000,134,4,1965,villa,Lystrup,8520,9.0,2022,2022Q3,2022-07-17,56.237,10.22
4900000,174,6,1917,villa,Viby J,8260,5.1,2022,2022Q3,2022-07-17,56.123,10.154
5150000,187,4,1987,villa,Mårslet,8320,7.6,2022,2022Q3,2022-07-17,56.088,10.206
5300000,207,5,1875,villa,Malling,8340,14.3,2022,2022Q3,2022-07-17,56.03,10.256
1850000,131,5,1872,villa,Sabro,8471,12.8,2022,2022Q3,2022-07-18,56.188,10.013
1850000,91,3,1872,villa,Sabro,8471,12.8,2022,2022Q3,2022-07-18,56.188,10.013
3700000,135,5,1965,villa,Mårslet,8320,10.0,2022,2022Q3,2022-07-18,56.071,10.167
3800000,132,5,1972,villa,Viby J,8260,6.6,2022,2022Q3,2022-07-18,56.11,10.146
3725000,110,5,1960,villa,Risskov,8240,5.3,2022,2022Q3,2022-07-18,56.202,10.237
3245000,158,5,1970,villa,Mårslet,8320,10.0,2022,2022Q3,2022-07-19,56.071,10.16
3900000,134,5,2018,townhouse,Egå,8250,7.1,2022,2022Q3,2022-07-19,56.213,10.265
3492000,128,4,2016,townhouse,Mårslet,8320,9.3,2022,2022Q3,2022-07-19,56.081,10.144
4050000,85,3,1972,townhouse,Risskov,8240,3.2,2022,2022Q3,2022-07-19,56.183,10.23
550000,75,3,1850,townhouse,Sabro,8471,12.9,2022,2022Q3,2022-07-19,56.189,10.011
3500000,168,5,1977,villa,Tranbjerg J,8310,8.9,2022,2022Q3,2022-07-20,56.085,10.147
5850000,210,7,1984,villa,Risskov,8240,6.1,2022,2022Q3,2022-07-20,56.208,10.246
3300000,133,5,1969,villa,Beder,8330,11.1,2022,2022Q3,2022-07-20,56.057,10.212
4300000,209,5,2023,villa,Højbjerg,8270,6.1,2022,2022Q3,2022-07-20,56.101,10.209
5400000,125,5,1930,villa,Viby J,8260,3.7,2022,2022Q3,2022-07-20,56.127,10.183
5998000,174,6,1967,villa,Aarhus V,8210,3.4,2022,2022Q3,2022-07-21,56.161,10.156
3300000,147,5,1976,townhouse,Åbyhøj,8230,3.4,2022,2022Q3,2022-07-21,56.145,10.16
6500000,270,7,2005,villa,Solbjerg,8355,13.7,2022,2022Q3,2022-07-21,56.044,10.124
2350000,91,4,1977,townhouse,Tranbjerg J,8310,8.3,2022,2022Q3,2022-07-21,56.091,10.147
2625000,186,5,1969,villa,Sabro,8471,12.4,2022,2022Q3,2022-07-23,56.211,10.036
2495000,98,4,1963,villa,Malling,8340,13.5,2022,2022Q3,2022-07-23,56.036,10.188
3400000,120,4,1987,villa,Beder,8330,11.2,2022,2022Q3,2022-07-23,56.056,10.207
4950000,190,7,1977,villa,Aarhus V,8210,4.0,2022,2022Q3,2022-07-24,56.178,10.159
3000000,190,8,1971,villa,Lystrup,8520,9.0,2022,2022Q3,2022-07-24,56.237,10.216
2000000,150,7,1920,villa,Hjortshøj,8530,16.0,2022,2022Q3,2022-07-25,56.301,10.213
2900000,138,4,1969,villa,Skødstrup,8541,12.8,2022,2022Q3,2022-07-25,56.262,10.294
3345000,105,4,1986,townhouse,Risskov,8240,5.3,2022,2022Q3,2022-07-25,56.204,10.206
3050000,95,2,1948,villa,Viby J,8260,5.2,2022,2022Q3,2022-07-25,56.122,10.156
6150000,184,7,1999,villa,Egå,8250,10.7,2022,2022Q3,2022-07-25,56.238,10.306
2300000,176,6,1800,villa,Harlev J,8462,12.3,2022,2022Q3,2022-07-25,56.157,10.012
3998000,139,5,1972,townhouse,Egå,8250,7.1,2022,2022Q3,2022-07-25,56.209,10.279
2490000,108,4,1991,townhouse,Lystrup,8520,8.6,2022,2022Q3,2022-07-25,56.234,10.226
2500000,92,3,2011,townhouse,Mårslet,8320,11.3,2022,2022Q3,2022-07-26,56.06,10.158
750000,88,3,1959,villa,Tranbjerg J,8310,12.3,2022,2022Q3,2022-07-26,56.063,10.105
3498000,136,5,2017,townhouse,Skødstrup,8541,15.5,2022,2022Q3,2022-07-26,56.282,10.32
2812500,153,3,1973,villa,Sabro,8471,13.2,2022,2022Q3,2022-07-26,56.213,10.024
4325000,140,6,1978,villa,Aarhus V,8210,4.2,2022,2022Q3,2022-07-26,56.179,10.155
8400000,214,7,2020,villa,Risskov,8240,5.4,2022,2022Q3,2022-07-26,56.201,10.246
4550000,176,5,2002,villa,Solbjerg,8355,14.5,2022,2022Q3,2022-07-26,56.042,10.099
4687500,169,5,2017,villa,Solbjerg,8355,14.7,2022,2022Q3,2022-07-27,56.04,10.099
2245000,123,4,1965,villa,Harlev J,8462,13.1,2022,2022Q3,2022-07-27,56.142,10.0
3100000,105,4,1986,townhouse,Risskov,8240,5.4,2022,2022Q3,2022-07-28,56.205,10.206
4350000,175,4,1973,villa,Viby J,8260,6.0,2022,2022Q3,2022-07-28,56.132,10.124
3400000,101,4,1973,villa,Hjortshøj,8530,11.0,2022,2022Q3,2022-07-28,56.251,10.265
3220000,121,4,2017,townhouse,Skødstrup,8541,13.1,2022,2022Q3,2022-07-28,56.262,10.306
5350000,185,6,1961,villa,Risskov,8240,5.3,2022,2022Q3,2022-07-28,56.199,10.248
1700000,218,6,1888,villa,Hasselager,8361,9.4,2022,2022Q3,2022-07-28,56.105,10.092
1525000,85,3,1962,villa,Skødstrup,8541,15.4,2022,2022Q3,2022-07-28,56.281,10.32
5800000,129,5,1964,townhouse,Risskov,8240,3.3,2022,2022Q3,2022-07-31,56.185,10.227
2500000,104,5,1957,villa,Viby J,8260,4.3,2022,2022Q3,2022-07-31,56.126,10.169
4175000,163,5,2023,villa,Trige,8380,11.3,2022,2022Q3,2022-07-31,56.254,10.16
4175000,163,5,2023,villa,Trige,8380,11.3,2022,2022Q3,2022-07-31,56.254,10.16
6275000,162,4,1960,villa,Højbjerg,8270,3.8,2022,2022Q3,2022-07-31,56.125,10.187
3695000,150,7,2017,townhouse,Mårslet,8320,9.5,2022,2022Q3,2022-08-01,56.076,10.161
2200000,101,3,1908,villa,Malling,8340,13.5,2022,2022Q3,2022-08-01,56.036,10.239
3150000,172,5,1975,villa,Lystrup,8520,7.9,2022,2022Q3,2022-08-01,56.226,10.234
2800000,86,3,1985,townhouse,Aarhus N,8200,3.9,2022,2022Q3,2022-08-01,56.191,10.198
4350000,172,7,2007,villa,Mårslet,8320,11.0,2022,2022Q3,2022-08-01,56.063,10.154
3495000,123,4,2017,townhouse,Skødstrup,8541,14.5,2022,2022Q3,2022-08-01,56.274,10.314
8500000,193,7,1940,villa,Aarhus C,8000,2.4,2022,2022Q3,2022-08-01,56.139,10.191
6385000,133,5,1963,villa,Brabrand,8220,4.7,2022,2022Q3,2022-08-02,56.147,10.138
2900000,83,3,1991,townhouse,Viby J,8260,5.7,2022,2022Q3,2022-08-02,56.133,10.13
2530000,114,4,1900,villa,Tilst,8381,7.2,2022,2022Q3,2022-08-02,56.193,10.114
4100000,144,5,1978,villa,Hasselager,8361,10.4,2022,2022Q3,2022-08-02,56.106,10.069
3050000,124,4,1985,villa,Hasselager,8361,9.4,2022,2022Q3,2022-08-02,56.109,10.086
3100000,122,5,1965,villa,Risskov,8240,5.3,2022,2022Q3,2022-08-02,56.203,10.226
3675000,160,6,1972,villa,Viby J,8260,6.0,2022,2022Q3,2022-08-02,56.134,10.123
6550000,135,5,1964,villa,Risskov,8240,6.7,2022,2022Q3,2022-08-03,56.204,10.279
3875000,145,4,2007,townhouse,Mårslet,8320,11.1,2022,2022Q3,2022-08-03,56.061,10.16
8300000,137,5,1958,villa,Risskov,8240,3.8,2022,2022Q3,2022-08-03,56.19,10.226
2655000,107,4,1985,townhouse,Beder,8330,11.5,2022,2022Q3,2022-08-03,56.053,10.204
4075000,145,5,2020,villa,Viby J,8260,10.2,2022,2022Q3,2022-08-03,56.124,10.057
3345000,116,4,1980,villa,Skødstrup,8541,13.9,2022,2022Q3,2022-08-04,56.258,10.342
3200000,145,4,2018,townhouse,Lystrup,8520,9.1,2022,2022Q3,2022-08-06,56.238,10.197
3350000,200,5,2023,villa,Aarhus V,8210,3.9,2022,2022Q3,2022-08-07,56.161,10.149
2698000,101,4,1979,townhouse,Hasselager,8361,10.7,2022,2022Q3,2022-08-07,56.104,10.066
5500000,153,4,2004,villa,Egå,8250,10.2,2022,2022Q3,2022-08-07,56.229,10.311
3800000,154,5,1938,villa,Brabrand,8220,5.7,2022,2022Q3,2022-08-07,56.156,10.119
6350000,230,4,1968,villa,Egå,8250,7.2,2022,2022Q3,2022-08-07,56.208,10.282
4800000,132,5,1969,townhouse,Risskov,8240,3.4,2022,2022Q3,2022-08-08,56.187,10.22
4900000,209,5,2021,villa,Sabro,8471,16.4,2022,2022Q3,2022-08-08,56.225,9.976
3945000,163,5,1998,villa,Beder,8330,10.6,2022,2022Q3,2022-08-08,56.062,10.221
8445000,136,7,1935,villa,Aarhus N,8200,2.3,2022,2022Q3,2022-08-08,56.177,10.213
8300000,163,7,1948,villa,Risskov,8240,3.9,2022,2022Q3,2022-08-08,56.191,10.229
3300000,142,5,1972,villa,Tilst,8381,7.1,2022,2022Q3,2022-08-09,56.176,10.102
2849500,124,4,2023,townhouse,Aarhus N,8200,7.9,2022,2022Q3,2022-08-09,56.221,10.159
2849500,124,4,2023,townhouse,Aarhus N,8200,7.9,2022,2022Q3,2022-08-09,56.221,10.159
2850000,130,4,1972,villa,Brabrand,8220,5.8,2022,2022Q3,2022-08-09,56.167,10.12
4950000,134,5,1927,townhouse,Aarhus V,8210,3.5,2022,2022Q3,2022-08-09,56.17,10.16
1298000,54,2,1971,townhouse,Tranbjerg J,8310,8.2,2022,2022Q3,2022-08-09,56.09,10.153
3250000,127,4,1971,villa,Skødstrup,8541,15.1,2022,2022Q3,2022-08-10,56.28,10.313
3775000,91,3,1939,townhouse,Højbjerg,8270,4.1,2022,2022Q3,2022-08-10,56.121,10.197
3000000,120,4,2020,townhouse,Malling,8340,14.2,2022,2022Q3,2022-08-10,56.03,10.191
3925000,131,5,2017,villa,Solbjerg,8355,14.7,2022,2022Q3,2022-08-10,56.04,10.1
3850000,160,5,2021,villa,Solbjerg,8355,15.3,2022,2022Q3,2022-08-10,56.034,10.097
3485000,139,4,1997,villa,Tilst,8381,6.9,2022,2022Q3,2022-08-10,56.192,10.119
7450000,126,6,1936,villa,Viby J,8260,2.9,2022,2022Q3,2022-08-10,56.133,10.189
4175000,163,5,2023,villa,Trige,8380,11.3,2022,2022Q3,2022-08-11,56.255,10.16
2700000,92,3,1976,villa,Tilst,8381,7.2,2022,2022Q3,2022-08-11,56.176,10.1
5050000,130,4,1967,villa,Aarhus V,8210,3.4,2022,2022Q3,2022-08-11,56.164,10.158
4000000,147,5,1974,townhouse,Åbyhøj,8230,3.3,2022,2022Q3,2022-08-12,56.144,10.162
8495000,288,7,2023,villa,Risskov,8240,6.0,2022,2022Q3,2022-08-13,56.201,10.268
1780000,84,3,1985,townhouse,Tilst,8381,7.5,2022,2022Q3,2022-08-13,56.193,10.109
5162500,134,5,1968,townhouse,Risskov,8240,3.4,2022,2022Q3,2022-08-14,56.186,10.224
13300000,215,8,2017,villa,Risskov,8240,5.6,2022,2022Q3,2022-08-14,56.199,10.26
3200000,188,5,1900,townhouse,Malling,8340,13.5,2022,2022Q3,2022-08-14,56.036,10.24
4800000,150,4,1969,villa,Brabrand,8220,5.9,2022,2022Q3,2022-08-14,56.159,10.115
3350000,124,4,1978,villa,Mårslet,8320,11.0,2022,2022Q3,2022-08-14,56.063,10.156
3625000,159,6,1967,villa,Risskov,8240,5.2,2022,2022Q3,2022-08-14,56.202,10.227
5350000,127,5,1948,townhouse,Aarhus V,8210,2.0,2022,2022Q3,2022-08-15,56.166,10.183
2750000,135,5,1966,villa,Malling,8340,12.8,2022,2022Q3,2022-08-15,56.042,10.199
7407501,204,6,2021,villa,Risskov,8240,5.4,2022,2022Q3,2022-08-15,56.203,10.242
4595000,142,4,1975,villa,Lystrup,8520,9.0,2022,2022Q3,2022-08-15,56.235,10.246
2795000,135,4,1983,villa,Tilst,8381,6.1,2022,2022Q3,2022-08-16,56.177,10.119
2565000,97,4,1983,townhouse,Beder,8330,11.3,2022,2022Q3,2022-08-16,56.055,10.204
5925000,166,5,1980,villa,Højbjerg,8270,6.1,2022,2022Q3,2022-08-16,56.102,10.202
3285000,150,5,1971,villa,Skødstrup,8541,15.2,2022,2022Q3,2022-08-16,56.281,10.314
1340000,95,4,1862,townhouse,Sabro,8471,12.7,2022,2022Q3,2022-08-16,56.188,10.014
2900000,113,4,1983,villa,Viby J,8260,6.3,2022,2022Q3,2022-08-17,56.127,10.124
7400000,182,4,1962,villa,Åbyhøj,8230,3.1,2022,2022Q3,2022-08-17,56.152,10.161
3095000,113,4,2005,townhouse,Skødstrup,8541,13.8,2022,2022Q3,2022-08-17,56.26,10.334
4250000,151,5,2018,villa,Skødstrup,8541,14.8,2022,2022Q3,2022-08-17,56.275,10.322
8300000,184,6,2011,villa,Højbjerg,8270,4.0,2022,2022Q3,2022-08-17,56.122,10.194
2030000,103,4,1985,townhouse,Viby J,8260,6.1,2022,2022Q3,2022-08-17,56.126,10.13
7800000,165,6,1951,villa,Højbjerg,8270,3.9,2022,2022Q3,2022-08-17,56.124,10.19
5025000,90,5,1948,townhouse,Højbjerg,8270,4.7,2022,2022Q3,2022-08-17,56.115,10.198
2700000,92,3,2015,villa,Aarhus N,8200,7.7,2022,2022Q3,2022-08-18,56.221,10.168
2650000,96,3,1961,villa,Egå,8250,9.6,2022,2022Q3,2022-08-18,56.231,10.288
2075000,130,4,1963,villa,Tilst,8381,7.4,2022,2022Q3,2022-08-18,56.194,10.112
2636309,107,4,1991,townhouse,Lystrup,8520,8.6,2022,2022Q3,2022-08-18,56.233,10.229
2636309,107,4,1991,townhouse,Lystrup,8520,8.6,2022,2022Q3,2022-08-18,56.234,10.229
2587032,105,4,1991,townhouse,Lystrup,8520,8.6,2022,2022Q3,2022-08-18,56.233,10.23
2562394,104,4,1991,townhouse,Lystrup,8520,8.6,2022,2022Q3,2022-08-18,56.234,10.229
2902000,132,6,1978,villa,Hasselager,8361,10.4,2022,2022Q3,2022-08-18,56.103,10.072
2025000,210,7,1870,villa,Viby J,8260,10.1,2022,2022Q3,2022-08-18,56.125,10.058
4160000,168,4,1959,villa,Højbjerg,8270,4.4,2022,2022Q3,2022-08-19,56.117,10.2
2587032,105,4,1991,townhouse,Lystrup,8520,8.6,2022,2022Q3,2022-08-19,56.233,10.229
2587032,105,4,1991,townhouse,Lystrup,8520,8.6,2022,2022Q3,2022-08-19,56.233,10.229
3900000,203,6,1969,villa,Brabrand,8220,5.2,2022,2022Q3,2022-08-19,56.159,10.127
2587032,105,4,1991,townhouse,Lystrup,8520,8.6,2022,2022Q3,2022-08-20,56.233,10.23
2648000,123,4,1969,villa,Viby J,8260,6.7,2022,2022Q3,2022-08-20,56.11,10.144
2562394,104,4,1991,townhouse,Lystrup,8520,8.6,2022,2022Q3,2022-08-20,56.233,10.229
2636309,107,4,1991,townhouse,Lystrup,8520,8.6,2022,2022Q3,2022-08-20,56.233,10.229
2636309,107,4,1991,townhouse,Lystrup,8520,8.6,2022,2022Q3,2022-08-20,56.234,10.229
2587032,105,4,1991,townhouse,Lystrup,8520,8.6,2022,2022Q3,2022-08-20,56.234,10.229
2562394,104,4,1991,townhouse,Lystrup,8520,8.6,2022,2022Q3,2022-08-20,56.234,10.229
6050000,257,7,2022,villa,Skødstrup,8541,15.5,2022,2022Q3,2022-08-20,56.283,10.314
2450000,108,4,1964,villa,Mårslet,8320,7.5,2022,2022Q3,2022-08-20,56.09,10.19
5400000,171,7,1969,villa,Aarhus V,8210,3.3,2022,2022Q3,2022-08-21,56.164,10.159
3170000,91,3,1954,villa,Hasselager,8361,9.0,2022,2022Q3,2022-08-21,56.104,10.1
2636309,107,4,1991,townhouse,Lystrup,8520,8.6,2022,2022Q3,2022-08-21,56.234,10.228
3575000,111,5,1964,villa,Brabrand,8220,7.9,2022,2022Q3,2022-08-21,56.149,10.084
4200000,156,5,2008,villa,Harlev J,8462,13.5,2022,2022Q3,2022-08-22,56.141,9.994
5750000,214,6,2011,villa,Tilst,8381,6.4,2022,2022Q3,2022-08-22,56.191,10.128
2562394,104,4,1991,townhouse,Lystrup,8520,8.6,2022,2022Q3,2022-08-22,56.233,10.229
2636309,107,4,1991,townhouse,Lystrup,8520,8.6,2022,2022Q3,2022-08-22,56.233,10.23
3273000,132,3,2015,townhouse,Hjortshøj,8530,10.0,2022,2022Q3,2022-08-22,56.241,10.267
2587032,105,4,1991,townhouse,Lystrup,8520,8.6,2022,2022Q3,2022-08-22,56.234,10.229
1695000,110,4,1900,villa,Malling,8340,13.2,2022,2022Q3,2022-08-22,56.039,10.196
3010000,112,4,2006,townhouse,Skødstrup,8541,15.6,2022,2022Q3,2022-08-22,56.281,10.327
2636309,107,4,1991,townhouse,Lystrup,8520,8.6,2022,2022Q3,2022-08-22,56.233,10.229
2998000,134,4,1872,townhouse,Skødstrup,8541,13.0,2022,2022Q3,2022-08-22,56.261,10.307
5750000,167,6,2018,villa,Egå,8250,11.7,2022,2022Q3,2022-08-23,56.24,10.326
2435000,100,4,1980,townhouse,Hasselager,8361,10.8,2022,2022Q3,2022-08-23,56.103,10.066
5300000,136,4,1970,villa,Risskov,8240,3.7,2022,2022Q3,2022-08-23,56.188,10.229
5200000,195,5,2004,villa,Brabrand,8220,6.9,2022,2022Q3,2022-08-23,56.16,10.099
3500000,143,5,1957,villa,Risskov,8240,4.9,2022,2022Q3,2022-08-23,56.198,10.237
3850000,163,7,1962,villa,Skødstrup,8541,14.3,2022,2022Q3,2022-08-23,56.273,10.307
6479306,191,5,2023,villa,Mårslet,8320,9.4,2022,2022Q3,2022-08-23,56.076,10.166
3750000,127,5,2000,villa,Tilst,8381,6.7,2022,2022Q3,2022-08-23,56.191,10.122
2995000,40,1,2019,villa,Aarhus C,8000,1.3,2022,2022Q3,2022-08-23,56.163,10.228
5900000,132,5,1903,townhouse,Åbyhøj,8230,2.4,2022,2022Q3,2022-08-23,56.155,10.171
6450000,121,3,1940,villa,Åbyhøj,8230,3.4,2022,2022Q3,2022-08-23,56.15,10.158
1325000,97,6,1928,villa,Solbjerg,8355,15.7,2022,2022Q3,2022-08-23,56.026,10.115
12800000,246,7,1926,villa,Aarhus C,8000,3.4,2022,2022Q3,2022-08-23,56.126,10.21
4900000,115,5,1957,townhouse,Aarhus V,8210,3.1,2022,2022Q3,2022-08-23,56.165,10.163
3125000,131,5,2008,townhouse,Skødstrup,8541,13.0,2022,2022Q3,2022-08-24,56.261,10.305
2795000,146,4,1984,villa,Hjortshøj,8530,15.0,2022,2022Q3,2022-08-24,56.291,10.215
4150000,125,5,1964,townhouse,Brabrand,8220,5.4,2022,2022Q3,2022-08-24,56.156,10.123
1400000,100,3,1965,villa,Trige,8380,15.4,2022,2022Q3,2022-08-25,56.291,10.152
2950000,88,3,1985,townhouse,Lystrup,8520,9.9,2022,2022Q3,2022-08-25,56.245,10.231
2100000,112,8,1973,villa,Hasselager,8361,9.1,2022,2022Q3,2022-08-25,56.104,10.097
7400000,172,6,1999,villa,Risskov,8240,5.1,2022,2022Q3,2022-08-25,56.198,10.248
2525000,178,6,1906,villa,Harlev J,8462,13.1,2022,2022Q3,2022-08-25,56.143,10.0
4100000,132,5,1984,villa,Lystrup,8520,10.5,2022,2022Q3,2022-08-25,56.25,10.241
3450000,114,4,1981,villa,Lystrup,8520,10.3,2022,2022Q3,2022-08-25,56.248,10.242
6800000,123,5,1934,villa,Åbyhøj,8230,3.2,2022,2022Q3,2022-08-25,56.151,10.16
3050000,100,3,1969,villa,Viby J,8260,4.4,2022,2022Q3,2022-08-25,56.125,10.17
2900000,92,3,1985,townhouse,Aarhus N,8200,3.4,2022,2022Q3,2022-08-27,56.179,10.174
1550000,100,4,1984,townhouse,Solbjerg,8355,15.2,2022,2022Q3,2022-08-27,56.04,10.084
2998000,144,5,1981,townhouse,Tranbjerg J,8310,8.3,2022,2022Q3,2022-08-27,56.089,10.154
4350000,83,3,1939,villa,Aarhus N,8200,2.2,2022,2022Q3,2022-08-28,56.176,10.213
3700000,140,5,1986,villa,Hasselager,8361,9.4,2022,2022Q3,2022-08-28,56.108,10.087
3960000,145,4,2007,townhouse,Mårslet,8320,11.1,2022,2022Q3,2022-08-28,56.06,10.16
2035000,116,4,1912,villa,Malling,8340,13.0,2022,2022Q3,2022-08-28,56.04,10.194
2925000,130,5,2016,townhouse,Hasselager,8361,10.8,2022,2022Q3,2022-08-28,56.107,10.061
4250000,126,5,2018,townhouse,Risskov,8240,5.5,2022,2022Q3,2022-08-28,56.205,10.234
2290000,97,4,1986,townhouse,Lystrup,8520,9.5,2022,2022Q3,2022-08-29,56.241,10.241
4900000,157,6,1961,villa,Egå,8250,8.6,2022,2022Q3,2022-08-29,56.219,10.294
3798000,123,5,2014,townhouse,Viby J,8260,7.2,2022,2022Q3,2022-08-29,56.131,10.104
7625000,140,5,1927,villa,Åbyhøj,8230,3.5,2022,2022Q3,2022-08-29,56.153,10.154
4400000,162,6,1969,villa,Aarhus N,8200,2.8,2022,2022Q3,2022-08-29,56.178,10.185
3400000,130,4,2019,townhouse,Mårslet,8320,11.2,2022,2022Q3,2022-08-29,56.061,10.154
6000000,193,11,1944,villa,Aarhus C,8000,2.6,2022,2022Q3,2022-08-29,56.137,10.19
4395000,126,5,1949,villa,Aarhus V,8210,3.3,2022,2022Q3,2022-08-29,56.178,10.175
1995000,95,3,1961,townhouse,Lystrup,8520,8.5,2022,2022Q3,2022-08-29,56.233,10.229
4700000,152,6,1977,villa,Aarhus V,8210,2.2,2022,2022Q3,2022-08-29,56.168,10.181
4180000,147,5,1977,townhouse,Åbyhøj,8230,3.5,2022,2022Q3,2022-08-29,56.145,10.159
3900000,209,6,1973,villa,Lystrup,8520,9.2,2022,2022Q3,2022-08-29,56.24,10.214
2795000,103,4,1986,townhouse,Aarhus N,8200,2.9,2022,2022Q3,2022-08-29,56.178,10.186
2375000,92,4,1976,townhouse,Tilst,8381,7.2,2022,2022Q3,2022-08-29,56.175,10.099
6095000,112,4,1965,villa,Aarhus N,8200,2.3,2022,2022Q3,2022-08-30,56.178,10.212
2420000,115,4,1983,townhouse,Harlev J,8462,13.3,2022,2022Q3,2022-08-30,56.139,9.998
3700000,169,4,1930,townhouse,Aarhus N,8200,4.8,2022,2022Q3,2022-08-30,56.189,10.158
3750000,155,6,1965,villa,Brabrand,8220,5.3,2022,2022Q3,2022-08-30,56.161,10.125
5300000,192,5,2019,villa,Solbjerg,8355,15.0,2022,2022Q3,2022-08-30,56.038,10.097
3690000,199,9,1964,villa,Hasselager,8361,8.9,2022,2022Q3,2022-08-30,56.108,10.096
2695000,102,4,1987,townhouse,Beder,8330,11.2,2022,2022Q3,2022-08-30,56.056,10.208
3198000,119,4,1800,villa,Tilst,8381,7.2,2022,2022Q3,2022-08-31,56.192,10.113
3150000,107,4,1986,townhouse,Aarhus N,8200,3.9,2022,2022Q3,2022-08-31,56.19,10.192
6750000,167,5,2011,villa,Viby J,8260,7.3,2022,2022Q3,2022-08-31,56.132,10.102
1950000,91,3,1987,townhouse,Trige,8380,11.6,2022,2022Q3,2022-08-31,56.253,10.139
3000000,211,8,1796,villa,Trige,8380,16.2,2022,2022Q3,2022-09-01,56.298,10.147
4800000,156,5,1969,villa,Åbyhøj,8230,3.5,2022,2022Q3,2022-09-01,56.158,10.154
3195000,141,5,1985,villa,Harlev J,8462,13.6,2022,2022Q3,2022-09-01,56.147,9.992
1595000,100,4,2003,townhouse,Hjortshøj,8530,14.1,2022,2022Q3,2022-09-01,56.283,10.218
3000000,76,3,2010,townhouse,Åbyhøj,8230,3.8,2022,2022Q3,2022-09-01,56.159,10.15
3998000,153,5,1975,townhouse,Åbyhøj,8230,3.4,2022,2022Q3,2022-09-01,56.145,10.161
6900000,178,6,1933,villa,Åbyhøj,8230,2.7,2022,2022Q3,2022-09-01,56.157,10.168
2775000,100,4,1972,villa,Tilst,8381,6.8,2022,2022Q3,2022-09-01,56.177,10.107
9600000,220,11,1929,villa,Aarhus N,8200,1.8,2022,2022Q3,2022-09-01,56.172,10.22
3895000,145,5,2001,villa,Hasselager,8361,9.4,2022,2022Q3,2022-09-02,56.11,10.084
6595000,180,6,1958,villa,Risskov,8240,5.5,2022,2022Q3,2022-09-02,56.203,10.241
2200000,110,4,1965,villa,Malling,8340,13.9,2022,2022Q3,2022-09-02,56.032,10.191
5400000,129,5,2014,townhouse,Risskov,8240,3.2,2022,2022Q3,2022-09-03,56.185,10.224
7200000,158,6,1908,villa,Viby J,8260,3.5,2022,2022Q3,2022-09-03,56.132,10.176
4100000,143,5,1976,villa,Egå,8250,10.2,2022,2022Q3,2022-09-04,56.233,10.3
4175000,163,6,2023,villa,Trige,8380,11.3,2022,2022Q3,2022-09-04,56.255,10.162
4595000,118,4,2002,townhouse,Højbjerg,8270,6.6,2022,2022Q3,2022-09-04,56.097,10.217
2895000,89,3,1984,townhouse,Risskov,8240,5.0,2022,2022Q3,2022-09-04,56.202,10.209
4950000,132,6,1927,villa,Aarhus V,8210,2.1,2022,2022Q3,2022-09-04,56.165,10.18
2340000,130,5,1961,villa,Tranbjerg J,8310,7.2,2022,2022Q3,2022-09-05,56.104,10.142
2535000,104,3,1964,villa,Lystrup,8520,9.4,2022,2022Q3,2022-09-05,56.241,10.199
4175000,163,5,2023,villa,Trige,8380,11.4,2022,2022Q3,2022-09-05,56.255,10.16
5950000,200,6,2022,villa,Mårslet,8320,11.4,2022,2022Q3,2022-09-05,56.058,10.163
4450000,133,4,1963,villa,Åbyhøj,8230,3.8,2022,2022Q3,2022-09-05,56.152,10.149
3950000,112,4,1971,villa,Aarhus N,8200,3.0,2022,2022Q3,2022-09-06,56.179,10.183
3400000,127,4,1986,townhouse,Aarhus N,8200,3.9,2022,2022Q3,2022-09-06,56.19,10.192
2850000,113,5,1936,villa,Hjortshøj,8530,10.2,2022,2022Q3,2022-09-06,56.243,10.264
11350000,189,5,1938,villa,Højbjerg,8270,4.0,2022,2022Q3,2022-09-06,56.122,10.195
5240000,157,5,1970,villa,Brabrand,8220,7.9,2022,2022Q3,2022-09-06,56.151,10.084
2900000,134,4,2010,townhouse,Solbjerg,8355,14.3,2022,2022Q3,2022-09-07,56.047,10.091
3330000,185,7,1900,villa,Skødstrup,8541,16.0,2022,2022Q3,2022-09-07,56.299,10.247
2750000,117,4,1981,townhouse,Malling,8340,12.9,2022,2022Q3,2022-09-07,56.041,10.202
3475000,110,3,2008,townhouse,Egå,8250,6.9,2022,2022Q3,2022-09-08,56.211,10.264
3100000,107,4,1961,villa,Åbyhøj,8230,3.4,2022,2022Q3,2022-09-08,56.146,10.16
3300000,190,5,2023,villa,Egå,8250,11.0,2022,2022Q3,2022-09-08,56.234,10.321
4895000,155,6,1969,villa,Brabrand,8220,5.6,2022,2022Q3,2022-09-08,56.16,10.12
7420000,148,4,1926,villa,Viby J,8260,3.3,2022,2022Q3,2022-09-08,56.133,10.179
4400000,159,5,2004,villa,Mårslet,8320,9.6,2022,2022Q3,2022-09-09,56.074,10.162
9350000,171,4,1936,villa,Viby J,8260,2.7,2022,2022Q3,2022-09-10,56.135,10.189
5025000,146,6,1932,villa,Viby J,8260,4.8,2022,2022Q3,2022-09-10,56.124,10.161
4398000,124,4,2002,townhouse,Højbjerg,8270,6.7,2022,2022Q3,2022-09-10,56.097,10.216
4150000,166,5,2016,villa,Trige,8380,15.4,2022,2022Q3,2022-09-11,56.292,10.153
2200000,202,7,1927,villa,Hasselager,8361,8.0,2022,2022Q3,2022-09-11,56.111,10.11
4900000,154,4,1960,villa,Højbjerg,8270,4.0,2022,2022Q3,2022-09-11,56.123,10.188
4000000,230,6,2023,villa,Aarhus V,8210,2.9,2022,2022Q3,2022-09-11,56.162,10.164
7000000,143,5,1988,villa,Højbjerg,8270,4.7,2022,2022Q3,2022-09-11,56.114,10.22
4200000,161,7,1938,villa,Aarhus V,8210,3.0,2022,2022Q3,2022-09-12,56.169,10.167
2925000,109,5,1956,villa,Brabrand,8220,5.1,2022,2022Q3,2022-09-12,56.153,10.128
3040000,97,4,2001,townhouse,Aarhus V,8210,4.6,2022,2022Q3,2022-09-12,56.17,10.141
2900000,109,3,2012,townhouse,Malling,8340,14.2,2022,2022Q3,2022-09-12,56.029,10.188
6850000,107,4,1887,townhouse,Aarhus C,8000,1.2,2022,2022Q3,2022-09-13,56.147,10.201
2800000,130,4,1962,villa,Viby J,8260,6.4,2022,2022Q3,2022-09-13,56.128,10.121
2470000,110,4,1962,villa,Risskov,8240,3.1,2022,2022Q3,2022-09-13,56.184,10.217
2800000,105,4,1991,townhouse,Lystrup,8520,8.6,2022,2022Q3,2022-09-14,56.233,10.229
5100000,130,8,1964,villa,Højbjerg,8270,4.4,2022,2022Q3,2022-09-14,56.117,10.209
6325000,156,6,1971,villa,Egå,8250,7.8,2022,2022Q3,2022-09-14,56.213,10.286
2500000,86,6,1900,villa,Brabrand,8220,6.9,2022,2022Q3,2022-09-14,56.154,10.1
8430000,188,5,1955,villa,Højbjerg,8270,5.0,2022,2022Q3,2022-09-15,56.112,10.208
4570000,163,5,2015,villa,Malling,8340,12.5,2022,2022Q3,2022-09-15,56.045,10.193
3975000,176,5,1978,villa,Lystrup,8520,9.7,2022,2022Q3,2022-09-15,56.243,10.236
4250000,196,7,1995,villa,Beder,8330,10.4,2022,2022Q3,2022-09-15,56.064,10.22
4877500,162,5,1962,villa,Højbjerg,8270,4.6,2022,2022Q3,2022-09-15,56.119,10.183
2345000,130,4,1970,villa,Solbjerg,8355,15.6,2022,2022Q3,2022-09-16,56.041,10.07
3100000,120,4,2003,townhouse,Skødstrup,8541,13.4,2022,2022Q3,2022-09-17,56.266,10.303
3000000,135,5,1980,villa,Tranbjerg J,8310,9.6,2022,2022Q3,2022-09-18,56.09,10.114
3600000,127,4,1969,villa,Risskov,8240,5.6,2022,2022Q3,2022-09-18,56.207,10.22
3800000,80,3,1950,villa,Aarhus V,8210,2.8,2022,2022Q3,2022-09-18,56.164,10.167
3600000,157,6,2022,villa,Sabro,8471,10.3,2022,2022Q3,2022-09-19,56.203,10.067
3250000,73,2,1950,townhouse,Aarhus V,8210,2.1,2022,2022Q3,2022-09-19,56.168,10.184
2600000,120,5,2013,townhouse,Hasselager,8361,8.6,2022,2022Q3,2022-09-19,56.113,10.096
1733333,107,4,1991,townhouse,Lystrup,8520,8.6,2022,2022Q3,2022-09-19,56.234,10.229
4460000,216,5,1920,villa,Sabro,8471,18.4,2022,2022Q3,2022-09-19,56.241,9.956
5900000,130,5,1956,villa,Højbjerg,8270,4.7,2022,2022Q3,2022-09-19,56.115,10.219
2885000,140,5,1974,villa,Skødstrup,8541,13.7,2022,2022Q3,2022-09-19,56.267,10.308
13200000,210,7,1927,villa,Risskov,8240,5.7,2022,2022Q3,2022-09-19,56.199,10.262
2125000,100,3,2005,townhouse,Trige,8380,11.4,2022,2022Q3,2022-09-19,56.251,10.136
1000000,375,11,1881,villa,Viby J,8260,4.2,2022,2022Q3,2022-09-19,56.129,10.165
2900000,110,4,1975,villa,Mårslet,8320,9.6,2022,2022Q3,2022-09-20,56.077,10.151
1675000,69,3,2004,townhouse,Tilst,8381,6.9,2022,2022Q3,2022-09-20,56.184,10.111
3100000,95,3,1985,townhouse,Aarhus N,8200,3.4,2022,2022Q3,2022-09-20,56.179,10.174
1825000,84,3,1985,townhouse,Tilst,8381,7.5,2022,2022Q3,2022-09-20,56.193,10.109
5080000,119,5,1949,townhouse,Aarhus N,8200,2.3,2022,2022Q3,2022-09-20,56.176,10.196
2350000,123,4,1900,villa,Skødstrup,8541,13.1,2022,2022Q3,2022-09-20,56.263,10.303
4495000,189,4,2009,villa,Solbjerg,8355,14.3,2022,2022Q3,2022-09-20,56.045,10.098
2998000,115,4,1978,villa,Tilst,8381,7.2,2022,2022Q3,2022-09-21,56.179,10.102
2750000,133,5,1969,villa,Brabrand,8220,5.0,2022,2022Q3,2022-09-21,56.162,10.13
1500000,162,5,1860,villa,Sabro,8471,15.7,2022,2022Q3,2022-09-21,56.22,9.984
5935000,109,4,1934,townhouse,Højbjerg,8270,4.9,2022,2022Q3,2022-09-21,56.113,10.205
6500000,145,5,1939,villa,Aarhus C,8000,1.7,2022,2022Q3,2022-09-21,56.167,10.192
4200000,240,6,1972,villa,Brabrand,8220,5.5,2022,2022Q3,2022-09-21,56.163,10.122
3100000,130,4,1972,villa,Skødstrup,8541,13.4,2022,2022Q3,2022-09-22,56.265,10.305
4850000,132,5,1969,townhouse,Risskov,8240,3.3,2022,2022Q3,2022-09-22,56.186,10.22
4325000,140,5,2017,townhouse,Egå,8250,7.0,2022,2022Q3,2022-09-22,56.213,10.264
3900000,130,3,1987,villa,Tranbjerg J,8310,8.8,2022,2022Q3,2022-09-22,56.097,10.117
2200000,97,4,1985,townhouse,Beder,8330,11.2,2022,2022Q3,2022-09-23,56.056,10.206
4540000,68,4,1874,townhouse,Aarhus C,8000,1.3,2022,2022Q3,2022-09-23,56.148,10.197
3862500,137,5,2001,villa,Tilst,8381,6.7,2022,2022Q3,2022-09-25,56.191,10.122
3800000,153,5,1997,villa,Beder,8330,10.6,2022,2022Q3,2022-09-25,56.062,10.217
2675000,104,4,1927,villa,Malling,8340,13.4,2022,2022Q3,2022-09-25,56.037,10.196
2250000,61,3,1990,townhouse,Aarhus N,8200,3.4,2022,2022Q3,2022-09-25,56.18,10.174
5200000,144,6,1960,villa,Risskov,8240,4.7,2022,2022Q3,2022-09-25,56.197,10.232
3000000,170,7,1968,villa,Tilst,8381,7.6,2022,2022Q3,2022-09-25,56.194,10.108
6350000,135,4,1979,villa,Højbjerg,8270,5.9,2022,2022Q3,2022-09-25,56.103,10.212
6950000,110,5,1936,villa,Viby J,8260,2.8,2022,2022Q3,2022-09-25,56.136,10.184
3660000,119,4,1978,townhouse,Aarhus V,8210,2.5,2022,2022Q3,2022-09-26,56.165,10.172
5800000,182,5,2007,villa,Brabrand,8220,7.3,2022,2022Q3,2022-09-26,56.158,10.094
3735000,129,4,2002,villa,Malling,8340,13.1,2022,2022Q3,2022-09-26,56.039,10.205
4000000,120,4,1971,villa,Aarhus V,8210,3.5,2022,2022Q3,2022-09-26,56.175,10.165
3450000,148,5,2016,townhouse,Lystrup,8520,9.0,2022,2022Q3,2022-09-27,56.237,10.193
4925000,116,5,1933,villa,Åbyhøj,8230,3.5,2022,2022Q3,2022-09-27,56.153,10.154
3350000,123,4,1969,villa,Aarhus V,8210,3.6,2022,2022Q3,2022-09-27,56.176,10.164
3515000,148,5,2016,townhouse,Lystrup,8520,8.9,2022,2022Q3,2022-09-28,56.236,10.192
2995000,105,4,2018,townhouse,Mårslet,8320,11.3,2022,2022Q3,2022-09-28,56.058,10.166
3695000,143,5,1986,villa,Hasselager,8361,9.3,2022,2022Q3,2022-09-28,56.109,10.087
3100000,157,5,1970,villa,Hjortshøj,8530,10.7,2022,2022Q3,2022-09-28,56.248,10.264
17300000,337,10,1912,villa,Aarhus C,8000,1.9,2022,2022Q3,2022-09-28,56.14,10.202
2225000,63,3,1990,townhouse,Aarhus N,8200,3.4,2022,2022Q3,2022-09-28,56.179,10.173
4750000,168,5,1912,villa,Brabrand,8220,6.3,2022,2022Q3,2022-09-28,56.158,10.108
3475000,125,4,1966,villa,Mårslet,8320,10.7,2022,2022Q3,2022-09-29,56.065,10.158
1500000,165,4,1962,villa,Solbjerg,8355,15.6,2022,2022Q3,2022-09-29,56.038,10.079
2865000,136,5,1972,villa,Tranbjerg J,8310,9.0,2022,2022Q3,2022-09-29,56.089,10.131
3333333,119,5,1926,villa,Åbyhøj,8230,3.0,2022,2022Q3,2022-09-29,56.162,10.164
5150000,131,6,1953,villa,Åbyhøj,8230,3.1,2022,2022Q3,2022-09-30,56.157,10.16
3900000,116,4,1981,townhouse,Åbyhøj,8230,4.1,2022,2022Q4,2022-10-02,56.162,10.146
10600000,184,8,1938,villa,Aarhus N,8200,2.6,2022,2022Q4,2022-10-02,56.18,10.216
4460000,174,6,1969,villa,Aarhus V,8210,3.5,2022,2022Q4,2022-10-02,56.176,10.165
2775000,146,5,1971,villa,Tranbjerg J,8310,9.3,2022,2022Q4,2022-10-02,56.088,10.126
2900000,196,7,1935,villa,Aarhus V,8210,2.9,2022,2022Q4,2022-10-02,56.168,10.168
3900000,159,5,1979,villa,Mårslet,8320,10.9,2022,2022Q4,2022-10-03,56.063,10.154
6100000,177,5,2010,villa,Skødstrup,8541,13.3,2022,2022Q4,2022-10-03,56.267,10.294
4400000,173,5,1975,villa,Lystrup,8520,8.8,2022,2022Q4,2022-10-03,56.235,10.199
3100000,147,5,1971,villa,Skødstrup,8541,12.6,2022,2022Q4,2022-10-03,56.26,10.296
3640000,130,4,1999,villa,Tilst,8381,7.0,2022,2022Q4,2022-10-04,56.194,10.119
1300000,80,3,1970,townhouse,Lystrup,8520,8.8,2022,2022Q4,2022-10-04,56.233,10.251
4095000,163,5,2023,villa,Trige,8380,11.3,2022,2022Q4,2022-10-04,56.255,10.161
6150000,181,6,2011,villa,Lystrup,8520,10.5,2022,2022Q4,2022-10-04,56.249,10.245
5550000,149,6,1954,villa,Risskov,8240,4.1,2022,2022Q4,2022-10-04,56.193,10.224
2600000,107,4,1987,townhouse,Beder,8330,11.5,2022,2022Q4,2022-10-04,56.054,10.203
3495000,110,4,1966,villa,Aarhus N,8200,3.1,2022,2022Q4,2022-10-04,56.18,10.182
1950000,92,4,2003,townhouse,Trige,8380,11.8,2022,2022Q4,2022-10-05,56.255,10.138
5050000,157,5,1965,villa,Egå,8250,7.9,2022,2022Q4,2022-10-05,56.214,10.286
3150000,114,4,2016,townhouse,Skødstrup,8541,13.5,2022,2022Q4,2022-10-05,56.265,10.311
3935000,130,4,1972,townhouse,Risskov,8240,5.1,2022,2022Q4,2022-10-05,56.202,10.22
2575000,97,4,1989,townhouse,Lystrup,8520,9.7,2022,2022Q4,2022-10-05,56.242,10.243
3075000,144,4,1942,villa,Harlev J,8462,12.5,2022,2022Q4,2022-10-05,56.155,10.009
4750000,113,4,1958,townhouse,Åbyhøj,8230,2.9,2022,2022Q4,2022-10-06,56.16,10.165
4550000,73,3,1951,townhouse,Aarhus V,8210,2.1,2022,2022Q4,2022-10-06,56.168,10.184
2020000,130,5,1965,villa,Skødstrup,8541,14.8,2022,2022Q4,2022-10-06,56.277,10.311
1835000,98,4,1982,townhouse,Tranbjerg J,8310,8.4,2022,2022Q4,2022-10-06,56.089,10.148
5020000,166,4,2013,villa,Hjortshøj,8530,11.6,2022,2022Q4,2022-10-06,56.254,10.277
2080000,108,5,1987,townhouse,Tranbjerg J,8310,8.0,2022,2022Q4,2022-10-06,56.098,10.136
4150000,164,6,2003,villa,Skødstrup,8541,15.4,2022,2022Q4,2022-10-06,56.28,10.325
3195000,95,3,1985,townhouse,Aarhus N,8200,3.4,2022,2022Q4,2022-10-07,56.179,10.174
5295000,157,5,1965,villa,Risskov,8240,5.1,2022,2022Q4,2022-10-07,56.202,10.225
3739000,165,6,1904,villa,Malling,8340,13.3,2022,2022Q4,2022-10-07,56.038,10.187
4150000,142,5,1973,villa,Skødstrup,8541,12.9,2022,2022Q4,2022-10-08,56.263,10.296
2000000,116,4,1982,townhouse,Åbyhøj,8230,4.1,2022,2022Q4,2022-10-08,56.162,10.145
3200000,145,5,1971,villa,Harlev J,8462,13.4,2022,2022Q4,2022-10-08,56.144,9.996
6000000,170,5,1961,villa,Højbjerg,8270,4.1,2022,2022Q4,2022-10-08,56.124,10.182
6300000,178,5,2007,villa,Egå,8250,12.1,2022,2022Q4,2022-10-09,56.241,10.334
4800000,149,5,1948,villa,Risskov,8240,5.6,2022,2022Q4,2022-10-09,56.202,10.25
3620000,113,3,2003,townhouse,Viby J,8260,5.7,2022,2022Q4,2022-10-09,56.134,10.129
2120000,87,3,1991,townhouse,Tilst,8381,6.3,2022,2022Q4,2022-10-09,56.185,10.123
4350000,152,6,1969,villa,Lystrup,8520,8.9,2022,2022Q4,2022-10-10,56.235,10.24
5495000,176,6,1967,villa,Brabrand,8220,5.3,2022,2022Q4,2022-10-10,56.158,10.125
2050000,93,3,2006,townhouse,Skødstrup,8541,15.6,2022,2022Q4,2022-10-10,56.281,10.326
3398000,127,5,1971,villa,Hjortshøj,8530,10.7,2022,2022Q4,2022-10-10,56.248,10.263
2425000,100,4,1975,villa,Tranbjerg J,8310,8.5,2022,2022Q4,2022-10-10,56.094,10.131
2900000,119,3,1778,villa,Solbjerg,8355,17.0,2022,2022Q4,2022-10-11,56.022,10.081
3275000,141,5,1970,villa,Viby J,8260,5.8,2022,2022Q4,2022-10-11,56.12,10.144
4420000,134,5,2017,townhouse,Egå,8250,7.0,2022,2022Q4,2022-10-11,56.213,10.264
6195000,227,6,1975,villa,Lystrup,8520,9.8,2022,2022Q4,2022-10-11,56.243,10.238
4750000,151,6,1961,villa,Aarhus N,8200,2.9,2022,2022Q4,2022-10-11,56.181,10.193
5450000,166,6,1963,townhouse,Brabrand,8220,5.5,2022,2022Q4,2022-10-11,56.157,10.122
4350000,175,5,2018,villa,Skødstrup,8541,15.2,2022,2022Q4,2022-10-12,56.28,10.318
2800000,124,5,2005,townhouse,Skødstrup,8541,15.5,2022,2022Q4,2022-10-12,56.281,10.325
2300000,166,6,1965,villa,Sabro,8471,13.1,2022,2022Q4,2022-10-12,56.214,10.026
5000000,199,6,1907,villa,Sabro,8471,14.1,2022,2022Q4,2022-10-12,56.197,9.995
3930000,107,4,1962,villa,Brabrand,8220,5.5,2022,2022Q4,2022-10-12,56.159,10.122
4700000,162,5,1961,villa,Risskov,8240,4.9,2022,2022Q4,2022-10-13,56.2,10.227
6200000,209,7,1980,villa,Risskov,8240,4.9,2022,2022Q4,2022-10-13,56.196,10.245
3250000,141,5,1977,villa,Aarhus V,8210,4.3,2022,2022Q4,2022-10-13,56.179,10.153
2735000,117,4,2011,townhouse,Mårslet,8320,11.2,2022,2022Q4,2022-10-14,56.06,10.158
5100000,188,5,2013,villa,Skødstrup,8541,13.6,2022,2022Q4,2022-10-14,56.264,10.316
2550000,124,4,1984,villa,Skødstrup,8541,12.9,2022,2022Q4,2022-10-15,56.262,10.3
4300000,160,8,1956,villa,Risskov,8240,5.0,2022,2022Q4,2022-10-16,56.2,10.23
7700000,120,4,1961,villa,Højbjerg,8270,3.2,2022,2022Q4,2022-10-16,56.131,10.189
13500000,247,6,1927,villa,Risskov,8240,5.3,2022,2022Q4,2022-10-16,56.197,10.256
3045000,120,4,2020,townhouse,Malling,8340,14.2,2022,2022Q4,2022-10-17,56.029,10.19
2402000,98,4,1981,townhouse,Aarhus V,8210,3.6,2022,2022Q4,2022-10-17,56.171,10.158
2400000,158,5,1877,villa,Brabrand,8220,8.2,2022,2022Q4,2022-10-17,56.162,10.079
4800000,184,5,1978,villa,Brabrand,8220,6.8,2022,2022Q4,2022-10-17,56.161,10.102
4113000,120,3,1932,villa,Viby J,8260,4.8,2022,2022Q4,2022-10-18,56.125,10.159
3050000,126,4,1977,villa,Egå,8250,9.7,2022,2022Q4,2022-10-18,56.231,10.292
2249000,240,7,1920,villa,Hjortshøj,8530,14.9,2022,2022Q4,2022-10-18,56.289,10.247
3900000,148,6,1970,townhouse,Brabrand,8220,5.8,2022,2022Q4,2022-10-18,56.161,10.118
2550000,89,3,1962,townhouse,Højbjerg,8270,4.7,2022,2022Q4,2022-10-18,56.12,10.174
3350000,98,4,1987,townhouse,Aarhus N,8200,3.8,2022,2022Q4,2022-10-18,56.189,10.193
2460000,118,4,1980,villa,Hasselager,8361,10.6,2022,2022Q4,2022-10-18,56.107,10.064
5300000,110,5,1964,villa,Højbjerg,8270,4.2,2022,2022Q4,2022-10-19,56.121,10.185
8100000,197,5,1979,villa,Risskov,8240,5.8,2022,2022Q4,2022-10-19,56.2,10.264
5150000,112,5,1924,villa,Højbjerg,8270,4.7,2022,2022Q4,2022-10-19,56.12,10.172
2190000,82,3,2008,townhouse,Brabrand,8220,7.6,2022,2022Q4,2022-10-19,56.159,10.088
3950000,110,4,1976,villa,Egå,8250,9.1,2022,2022Q4,2022-10-19,56.225,10.292
14500000,226,6,1990,villa,Egå,8250,9.5,2022,2022Q4,2022-10-20,56.225,10.303
1600000,85,4,1974,townhouse,Tranbjerg J,8310,9.3,2022,2022Q4,2022-10-20,56.09,10.12
2500000,170,5,2023,villa,Egå,8250,12.2,2022,2022Q4,2022-10-20,56.242,10.334
4600000,130,4,2016,townhouse,Højbjerg,8270,4.8,2022,2022Q4,2022-10-20,56.122,10.165
4100000,145,5,1973,villa,Lystrup,8520,9.1,2022,2022Q4,2022-10-20,56.235,10.25
2775000,123,4,1977,townhouse,Tranbjerg J,8310,8.3,2022,2022Q4,2022-10-20,56.097,10.131
3598000,89,4,1934,villa,Viby J,8260,4.8,2022,2022Q4,2022-10-21,56.124,10.162
1673000,84,3,1985,townhouse,Tilst,8381,7.5,2022,2022Q4,2022-10-21,56.193,10.109
1750000,69,3,2004,townhouse,Tilst,8381,6.9,2022,2022Q4,2022-10-22,56.184,10.111
2550000,104,4,1988,townhouse,Hjortshøj,8530,10.9,2022,2022Q4,2022-10-23,56.25,10.266
1900000,130,4,1925,villa,Hasselager,8361,9.8,2022,2022Q4,2022-10-23,56.113,10.074
3698000,79,3,1981,townhouse,Højbjerg,8270,4.4,2022,2022Q4,2022-10-23,56.117,10.203
2100000,142,5,1980,townhouse,Lystrup,8520,8.1,2022,2022Q4,2022-10-23,56.229,10.235
4820000,204,6,2005,villa,Lystrup,8520,10.2,2022,2022Q4,2022-10-23,56.246,10.246
2700000,111,3,1999,villa,Malling,8340,12.9,2022,2022Q4,2022-10-23,56.041,10.207
10700000,174,6,1960,villa,Højbjerg,8270,5.5,2022,2022Q4,2022-10-24,56.107,10.22
2300000,78,3,1890,villa,Tilst,8381,7.2,2022,2022Q4,2022-10-25,56.192,10.113
3350000,116,4,1974,villa,Beder,8330,10.2,2022,2022Q4,2022-10-25,56.065,10.22
5080000,120,5,1954,villa,Risskov,8240,4.1,2022,2022Q4,2022-10-26,56.193,10.222
4360000,132,5,1943,villa,Åbyhøj,8230,3.7,2022,2022Q4,2022-10-26,56.149,10.153
2850000,122,4,1985,villa,Hasselager,8361,9.5,2022,2022Q4,2022-10-26,56.109,10.084
4535000,124,6,1924,villa,Brabrand,8220,7.0,2022,2022Q4,2022-10-26,56.153,10.098
3050000,96,3,2002,townhouse,Højbjerg,8270,6.7,2022,2022Q4,2022-10-26,56.097,10.216
6850000,239,5,2016,villa,Risskov,8240,5.9,2022,2022Q4,2022-10-27,56.207,10.241
5150000,170,5,2023,villa,Risskov,8240,5.2,2022,2022Q4,2022-10-27,56.198,10.249
2350000,98,4,1963,townhouse,Højbjerg,8270,5.1,2022,2022Q4,2022-10-28,56.119,10.165
7500000,204,6,1968,villa,Højbjerg,8270,5.6,2022,2022Q4,2022-10-29,56.107,10.223
3995000,160,4,1964,villa,Lystrup,8520,8.8,2022,2022Q4,2022-10-29,56.235,10.224
5150000,180,6,1955,villa,Højbjerg,8270,3.1,2022,2022Q4,2022-10-30,56.131,10.19
2700000,77,3,1989,townhouse,Risskov,8240,5.2,2022,2022Q4,2022-10-30,56.203,10.209
800000,137,4,1980,villa,Harlev J,8462,13.5,2022,2022Q4,2022-10-30,56.148,9.993
1700000,120,4,1967,villa,Hjortshøj,8530,14.3,2022,2022Q4,2022-10-30,56.285,10.218
3700000,142,5,1975,villa,Lystrup,8520,9.1,2022,2022Q4,2022-10-30,56.238,10.214
7025000,154,5,1954,villa,Risskov,8240,3.9,2022,2022Q4,2022-10-30,56.191,10.227
2525000,148,6,1979,villa,Trige,8380,11.7,2022,2022Q4,2022-10-30,56.253,10.135
5100000,105,4,1960,villa,Højbjerg,8270,4.0,2022,2022Q4,2022-10-30,56.124,10.184
2675000,116,4,2013,townhouse,Solbjerg,8355,14.3,2022,2022Q4,2022-10-31,56.047,10.092
2000000,116,4,1997,villa,Harlev J,8462,13.7,2022,2022Q4,2022-10-31,56.148,9.99
5495000,130,4,2020,townhouse,Egå,8250,6.7,2022,2022Q4,2022-11-01,56.206,10.274
4900000,137,5,1974,villa,Åbyhøj,8230,2.5,2022,2022Q4,2022-11-01,56.157,10.171
9000000,155,6,1880,villa,Risskov,8240,3.1,2022,2022Q4,2022-11-01,56.183,10.226
3150000,163,4,1966,villa,Mårslet,8320,10.7,2022,2022Q4,2022-11-01,56.065,10.157
5650000,120,5,1952,villa,Højbjerg,8270,4.6,2022,2022Q4,2022-11-01,56.118,10.186
3225000,133,4,1972,villa,Harlev J,8462,12.9,2022,2022Q4,2022-11-01,56.148,10.002
13500000,192,7,1912,villa,Risskov,8240,3.1,2022,2022Q4,2022-11-01,56.182,10.229
2555000,170,7,1972,townhouse,Tranbjerg J,8310,9.7,2022,2022Q4,2022-11-01,56.086,10.12
4650000,182,6,1969,villa,Beder,8330,10.2,2022,2022Q4,2022-11-02,56.065,10.212
2700000,118,4,2003,townhouse,Skødstrup,8541,13.3,2022,2022Q4,2022-11-02,56.265,10.303
2800000,70,3,1900,townhouse,Aarhus V,8210,3.2,2022,2022Q4,2022-11-02,56.167,10.163
2845000,110,4,2020,townhouse,Hasselager,8361,9.2,2022,2022Q4,2022-11-02,56.112,10.086
4303000,99,4,1961,townhouse,Åbyhøj,8230,3.1,2022,2022Q4,2022-11-02,56.158,10.161
3950000,114,4,2008,townhouse,Risskov,8240,4.8,2022,2022Q4,2022-11-02,56.2,10.211
9517000,243,7,1966,villa,Mårslet,8320,8.3,2022,2022Q4,2022-11-02,56.084,10.18
5850000,210,6,2011,villa,Lystrup,8520,10.6,2022,2022Q4,2022-11-03,56.249,10.249
3445000,115,4,2015,townhouse,Hjortshøj,8530,11.4,2022,2022Q4,2022-11-03,56.253,10.276
4950000,172,6,2000,villa,Hjortshøj,8530,10.6,2022,2022Q4,2022-11-04,56.245,10.274
2400000,123,4,1974,townhouse,Malling,8340,12.8,2022,2022Q4,2022-11-05,56.042,10.202
4750000,122,4,1958,villa,Højbjerg,8270,5.0,2022,2022Q4,2022-11-06,56.112,10.199
5200000,182,5,1997,villa,Hjortshøj,8530,10.6,2022,2022Q4,2022-11-06,56.245,10.273
2500000,122,4,1965,villa,Beder,8330,10.5,2022,2022Q4,2022-11-06,56.063,10.204
3300000,140,5,2014,townhouse,Skødstrup,8541,13.3,2022,2022Q4,2022-11-06,56.266,10.298
3230000,149,6,1958,villa,Viby J,8260,3.8,2022,2022Q4,2022-11-06,56.126,10.184
4725000,137,5,2005,villa,Højbjerg,8270,6.4,2022,2022Q4,2022-11-06,56.103,10.175
3300000,160,4,1967,villa,Harlev J,8462,13.4,2022,2022Q4,2022-11-06,56.138,9.997
5550000,180,6,1951,villa,Risskov,8240,4.1,2022,2022Q4,2022-11-06,56.193,10.215
4000000,115,4,1992,villa,Hjortshøj,8530,10.7,2022,2022Q4,2022-11-07,56.248,10.269
5550000,151,6,1907,villa,Højbjerg,8270,4.5,2022,2022Q4,2022-11-07,56.116,10.21
3200000,74,3,1936,villa,Højbjerg,8270,5.1,2022,2022Q4,2022-11-07,56.12,10.161
2895000,130,5,1907,villa,Lystrup,8520,9.9,2022,2022Q4,2022-11-08,56.245,10.231
6065000,110,5,1925,villa,Risskov,8240,4.3,2022,2022Q4,2022-11-08,56.192,10.239
3999000,150,5,2023,townhouse,Hasselager,8361,8.8,2022,2022Q4,2022-11-08,56.114,10.091
3150000,135,4,1969,villa,Harlev J,8462,13.1,2022,2022Q4,2022-11-08,56.144,10.001
1550000,85,4,1971,townhouse,Tranbjerg J,8310,8.2,2022,2022Q4,2022-11-08,56.091,10.153
4000000,147,5,1980,villa,Viby J,8260,5.9,2022,2022Q4,2022-11-08,56.13,10.129
3250000,124,5,1969,villa,Hasselager,8361,8.9,2022,2022Q4,2022-11-09,56.11,10.093
6050000,160,5,2017,townhouse,Åbyhøj,8230,3.7,2022,2022Q4,2022-11-09,56.158,10.151
4400000,175,7,1965,villa,Beder,8330,10.6,2022,2022Q4,2022-11-09,56.061,10.209
2850000,140,4,1928,villa,Hjortshøj,8530,10.4,2022,2022Q4,2022-11-09,56.245,10.27
2498000,150,4,1877,villa,Sabro,8471,11.5,2022,2022Q4,2022-11-10,56.205,10.046
3100000,199,7,1976,villa,Tilst,8381,7.2,2022,2022Q4,2022-11-10,56.176,10.1
8900000,215,4,1979,villa,Risskov,8240,5.3,2022,2022Q4,2022-11-11,56.198,10.255
2250000,100,2,1967,villa,Mårslet,8320,9.0,2022,2022Q4,2022-11-12,56.075,10.204
4950000,210,5,2014,villa,Skødstrup,8541,12.4,2022,2022Q4,2022-11-13,56.255,10.305
5100000,181,6,2016,villa,Mårslet,8320,10.7,2022,2022Q4,2022-11-13,56.065,10.159
3800000,121,4,1904,townhouse,Aarhus N,8200,2.2,2022,2022Q4,2022-11-13,56.176,10.204
3195000,144,5,1980,villa,Lystrup,8520,10.2,2022,2022Q4,2022-11-14,56.248,10.238
3650000,142,5,1986,villa,Højbjerg,8270,5.9,2022,2022Q4,2022-11-14,56.108,10.173
4200000,171,4,2016,villa,Sabro,8471,10.2,2022,2022Q4,2022-11-14,56.199,10.064
3750000,158,5,1976,villa,Lystrup,8520,9.6,2022,2022Q4,2022-11-14,56.243,10.225
3350000,85,4,1949,villa,Aarhus V,8210,3.9,2022,2022Q4,2022-11-14,56.163,10.149
4100000,130,5,1964,villa,Malling,8340,12.8,2022,2022Q4,2022-11-14,56.042,10.198
5450000,167,8,1935,villa,Risskov,8240,4.9,2022,2022Q4,2022-11-15,56.197,10.243
6250000,192,5,2015,villa,Skødstrup,8541,14.4,2022,2022Q4,2022-11-15,56.272,10.318
2800000,155,5,1972,villa,Tilst,8381,6.8,2022,2022Q4,2022-11-15,56.181,10.11
4900000,148,4,1973,townhouse,Egå,8250,8.6,2022,2022Q4,2022-11-15,56.22,10.29
3685000,100,4,1929,villa,Højbjerg,8270,4.4,2022,2022Q4,2022-11-16,56.117,10.202
2150000,100,4,1972,townhouse,Tranbjerg J,8310,9.5,2022,2022Q4,2022-11-16,56.087,10.121
6325000,133,4,1990,villa,Risskov,8240,3.4,2022,2022Q4,2022-11-16,56.186,10.224
17000000,396,10,1926,villa,Viby J,8260,2.9,2022,2022Q4,2022-11-17,56.136,10.183
4595000,138,5,2008,villa,Lystrup,8520,8.9,2022,2022Q4,2022-11-17,56.236,10.193
2375000,69,2,1960,townhouse,Åbyhøj,8230,2.9,2022,2022Q4,2022-11-17,56.158,10.163
2578000,85,3,1974,townhouse,Tranbjerg J,8310,9.3,2022,2022Q4,2022-11-17,56.09,10.121
4525000,136,6,1956,villa,Risskov,8240,3.8,2022,2022Q4,2022-11-17,56.191,10.223
2775000,103,3,2010,townhouse,Tilst,8381,8.7,2022,2022Q4,2022-11-17,56.192,10.085
10060000,144,6,1932,villa,Aarhus N,8200,8.3,2022,2022Q4,2022-11-17,56.227,10.163
2795000,96,4,2005,townhouse,Beder,8330,11.3,2022,2022Q4,2022-11-17,56.055,10.216
2900000,137,6,1974,villa,Solbjerg,8355,15.5,2022,2022Q4,2022-11-17,56.039,10.077
4300000,152,5,2017,villa,Solbjerg,8355,14.6,2022,2022Q4,2022-11-18,56.04,10.103
10600000,252,6,1933,villa,Risskov,8240,5.4,2022,2022Q4,2022-11-19,56.197,10.258
12150000,220,3,2011,villa,Egå,8250,11.6,2022,2022Q4,2022-11-19,56.235,10.336
3685000,145,4,2007,townhouse,Mårslet,8320,11.1,2022,2022Q4,2022-11-20,56.061,10.16
4198000,130,4,1965,villa,Malling,8340,13.0,2022,2022Q4,2022-11-20,56.04,10.198
3900000,150,5,2001,villa,Tilst,8381,7.0,2022,2022Q4,2022-11-20,56.193,10.119
2800000,127,5,1966,villa,Beder,8330,10.3,2022,2022Q4,2022-11-21,56.064,10.21
3050000,112,3,2019,townhouse,Brabrand,8220,6.9,2022,2022Q4,2022-11-21,56.156,10.099
350000,102,5,1877,villa,Sabro,8471,17.0,2022,2022Q4,2022-11-21,56.224,9.965
3945000,146,6,1985,villa,Lystrup,8520,8.8,2022,2022Q4,2022-11-22,56.236,10.2
1600000,130,4,1877,villa,Solbjerg,8355,16.8,2022,2022Q4,2022-11-22,56.029,10.066
4150000,158,5,2019,villa,Trige,8380,11.4,2022,2022Q4,2022-11-22,56.256,10.161
2500000,83,3,2003,townhouse,Lystrup,8520,8.5,2022,2022Q4,2022-11-22,56.233,10.219
2300000,134,5,1962,villa,Brabrand,8220,4.9,2022,2022Q4,2022-11-22,56.156,10.131
3500000,164,5,1978,villa,Beder,8330,10.4,2022,2022Q4,2022-11-22,56.064,10.203
4000000,149,5,1963,villa,Egå,8250,7.7,2022,2022Q4,2022-11-22,56.219,10.265
2550000,141,6,1964,villa,Lystrup,8520,8.5,2022,2022Q4,2022-11-23,56.233,10.225
6400000,102,3,1986,townhouse,Højbjerg,8270,5.3,2022,2022Q4,2022-11-23,56.109,10.221
7650000,158,6,1980,villa,Viby J,8260,12.1,2022,2022Q4,2022-11-23,56.117,10.028
3795000,140,4,1972,townhouse,Egå,8250,7.2,2022,2022Q4,2022-11-23,56.209,10.279
2550000,209,5,1877,villa,Hasselager,8361,10.2,2022,2022Q4,2022-11-23,56.098,10.083
3695000,100,3,1953,villa,Tranbjerg J,8310,8.3,2022,2022Q4,2022-11-25,56.095,10.134
1800000,53,1,2017,townhouse,Risskov,8240,4.4,2022,2022Q4,2022-11-27,56.196,10.215
3330000,136,6,1961,villa,Malling,8340,13.5,2022,2022Q4,2022-11-27,56.036,10.188
1450000,166,5,2023,villa,Solbjerg,8355,15.2,2022,2022Q4,2022-11-27,56.038,10.09
4850000,158,6,1955,villa,Åbyhøj,8230,4.0,2022,2022Q4,2022-11-27,56.151,10.147
1050000,142,6,1947,villa,Solbjerg,8355,17.3,2022,2022Q4,2022-11-28,56.021,10.075
2750000,185,6,2023,villa,Risskov,8240,4.5,2022,2022Q4,2022-11-28,56.197,10.218
1125000,156,5,1887,villa,Hasselager,8361,10.5,2022,2022Q4,2022-11-28,56.096,10.081
4495000,94,4,1958,townhouse,Aarhus N,8200,2.5,2022,2022Q4,2022-11-28,56.177,10.193
4220000,120,4,1936,villa,Højbjerg,8270,4.4,2022,2022Q4,2022-11-28,56.118,10.197
3900000,208,5,2009,villa,Sabro,8471,17.6,2022,2022Q4,2022-11-29,56.24,9.969
4500000,131,4,1957,villa,Viby J,8260,3.6,2022,2022Q4,2022-11-29,56.135,10.168
3350000,101,4,2003,townhouse,Lystrup,8520,8.6,2022,2022Q4,2022-11-30,56.233,10.22
4500000,118,5,1948,townhouse,Aarhus V,8210,2.7,2022,2022Q4,2022-11-30,56.163,10.169
15250000,238,10,1908,villa,Risskov,8240,3.3,2022,2022Q4,2022-11-30,56.183,10.235
2625000,109,4,2015,townhouse,Hasselager,8361,10.7,2022,2022Q4,2022-11-30,56.107,10.063
3750000,101,3,1953,villa,Beder,8330,11.9,2022,2022Q4,2022-11-30,56.051,10.243
5998000,84,4,1900,townhouse,Aarhus C,8000,1.3,2022,2022Q4,2022-11-30,56.147,10.199
3150000,132,4,2014,townhouse,Tranbjerg J,8310,9.8,2022,2022Q4,2022-12-01,56.082,10.127
8600000,184,4,1920,villa,Højbjerg,8270,4.7,2022,2022Q4,2022-12-01,56.115,10.214
2400000,108,4,1973,villa,Tilst,8381,6.7,2022,2022Q4,2022-12-01,56.177,10.109
3575000,140,4,1999,villa,Hasselager,8361,9.5,2022,2022Q4,2022-12-01,56.093,10.109
2450000,130,4,1972,villa,Hjortshøj,8530,10.9,2022,2022Q4,2022-12-01,56.251,10.264
11500000,184,6,1984,villa,Risskov,8240,5.8,2022,2022Q4,2022-12-01,56.198,10.267
1850000,90,3,1959,villa,Lystrup,8520,9.7,2022,2022Q4,2022-12-02,56.243,10.227
3450000,132,5,2008,townhouse,Mårslet,8320,11.3,2022,2022Q4,2022-12-02,56.059,10.161
10800000,207,6,1957,villa,Risskov,8240,4.0,2022,2022Q4,2022-12-03,56.192,10.225
7050000,170,5,2017,villa,Risskov,8240,4.7,2022,2022Q4,2022-12-04,56.196,10.238
2900000,161,6,1969,villa,Viby J,8260,6.5,2022,2022Q4,2022-12-04,56.11,10.146
2245000,116,5,1954,villa,Tilst,8381,8.8,2022,2022Q4,2022-12-04,56.205,10.099
2975000,157,4,1907,villa,Hjortshøj,8530,12.8,2022,2022Q4,2022-12-04,56.272,10.219
1055000,79,2,1952,townhouse,Aarhus N,8200,6.8,2022,2022Q4,2022-12-04,56.214,10.171
5450000,157,5,1948,villa,Viby J,8260,5.8,2022,2022Q4,2022-12-05,56.139,10.123
3600000,150,6,1964,villa,Risskov,8240,5.5,2022,2022Q4,2022-12-05,56.203,10.241
2925000,149,4,2008,townhouse,Hasselager,8361,10.8,2022,2022Q4,2022-12-05,56.106,10.063
4350000,98,5,1950,townhouse,Åbyhøj,8230,3.3,2022,2022Q4,2022-12-06,56.158,10.158
2050000,86,2,2003,townhouse,Tilst,8381,6.9,2022,2022Q4,2022-12-06,56.185,10.112
3650000,111,4,1932,villa,Viby J,8260,5.1,2022,2022Q4,2022-12-06,56.123,10.155
2900000,117,4,1975,villa,Malling,8340,12.7,2022,2022Q4,2022-12-07,56.043,10.196
2200000,155,6,1970,villa,Sabro,8471,13.1,2022,2022Q4,2022-12-07,56.215,10.026
4250000,144,6,1966,villa,Risskov,8240,5.2,2022,2022Q4,2022-12-08,56.203,10.225
7700000,165,4,1973,villa,Højbjerg,8270,5.7,2022,2022Q4,2022-12-09,56.106,10.21
3300000,109,4,2016,townhouse,Viby J,8260,7.1,2022,2022Q4,2022-12-10,56.129,10.108
3700000,125,4,1937,villa,Viby J,8260,5.1,2022,2022Q4,2022-12-10,56.122,10.157
8800000,124,2,2019,villa,Egå,8250,10.6,2022,2022Q4,2022-12-11,56.23,10.318
6500000,223,6,2006,villa,Harlev J,8462,13.0,2022,2022Q4,2022-12-11,56.159,10.001
3350000,103,3,1916,townhouse,Åbyhøj,8230,2.6,2022,2022Q4,2022-12-11,56.154,10.169
3050000,137,6,1974,villa,Tranbjerg J,8310,9.4,2022,2022Q4,2022-12-11,56.089,10.12
2900000,136,4,2012,townhouse,Hasselager,8361,10.7,2022,2022Q4,2022-12-12,56.108,10.062
3298000,123,3,1999,villa,Viby J,8260,6.3,2022,2022Q4,2022-12-12,56.128,10.123
2450000,74,2,1877,townhouse,Aarhus V,8210,3.2,2022,2022Q4,2022-12-12,56.167,10.163
6250000,172,5,2022,villa,Egå,8250,11.8,2022,2022Q4,2022-12-12,56.241,10.327
6200000,138,6,1900,villa,Viby J,8260,3.1,2022,2022Q4,2022-12-12,56.133,10.184
4210000,142,6,1967,villa,Aarhus V,8210,3.3,2022,2022Q4,2022-12-13,56.162,10.158
6150000,98,3,1877,townhouse,Aarhus C,8000,0.6,2022,2022Q4,2022-12-13,56.162,10.213
3100000,134,6,1976,townhouse,Åbyhøj,8230,4.0,2022,2022Q4,2022-12-13,56.161,10.146
3500000,178,8,1979,villa,Tilst,8381,6.3,2022,2022Q4,2022-12-13,56.177,10.115
5600000,172,7,1947,villa,Risskov,8240,3.8,2022,2022Q4,2022-12-14,56.189,10.231
3850000,152,5,1957,villa,Risskov,8240,3.3,2022,2022Q4,2022-12-14,56.187,10.216
3050000,130,4,2023,villa,Egå,8250,11.0,2022,2022Q4,2022-12-14,56.233,10.324
3995000,149,5,2003,villa,Lystrup,8520,10.0,2022,2022Q4,2022-12-14,56.244,10.249
3600000,162,7,1966,villa,Tranbjerg J,8310,9.0,2022,2022Q4,2022-12-14,56.086,10.14
3400000,170,4,1970,villa,Viby J,8260,6.6,2022,2022Q4,2022-12-14,56.11,10.146
2400000,115,4,1985,townhouse,Brabrand,8220,5.5,2022,2022Q4,2022-12-14,56.153,10.122
2700000,112,4,1985,townhouse,Højbjerg,8270,6.0,2022,2022Q4,2022-12-15,56.103,10.205
7300000,181,5,2023,villa,Risskov,8240,5.0,2022,2022Q4,2022-12-15,56.195,10.252
3950000,121,4,1966,villa,Risskov,8240,4.7,2022,2022Q4,2022-12-17,56.197,10.237
300000,179,5,1870,villa,Egå,8250,9.6,2022,2022Q4,2022-12-18,56.228,10.3
4000000,158,5,1970,villa,Aarhus V,8210,3.6,2022,2022Q4,2022-12-18,56.174,10.162
7200000,160,6,1976,villa,Højbjerg,8270,6.0,2022,2022Q4,2022-12-19,56.103,10.219
3498000,239,6,1905,villa,Malling,8340,14.6,2022,2022Q4,2022-12-20,56.025,10.21
8650000,217,9,1937,villa,Aarhus C,8000,2.6,2022,2022Q4,2022-12-20,56.137,10.19
3000000,105,4,1986,townhouse,Lystrup,8520,8.3,2022,2022Q4,2022-12-21,56.231,10.228
4350000,145,5,2017,townhouse,Egå,8250,9.5,2022,2022Q4,2022-12-21,56.232,10.281
5450000,184,7,1998,villa,Viby J,8260,7.0,2022,2022Q4,2022-12-21,56.132,10.107
5800000,163,5,1974,villa,Højbjerg,8270,6.0,2022,2022Q4,2022-12-21,56.103,10.213
3865000,108,3,1953,villa,Højbjerg,8270,5.4,2022,2022Q4,2022-12-22,56.117,10.162
4087500,228,6,1907,villa,Tilst,8381,6.7,2022,2022Q4,2022-12-22,56.189,10.119
4350000,130,4,2015,villa,Brabrand,8220,7.9,2022,2022Q4,2022-12-22,56.153,10.083
1975000,95,3,1961,townhouse,Lystrup,8520,8.5,2022,2022Q4,2022-12-22,56.233,10.23
2525000,170,6,1967,villa,Harlev J,8462,13.2,2022,2022Q4,2022-12-22,56.144,9.999
3500000,118,4,1967,villa,Hjortshøj,8530,11.3,2022,2022Q4,2022-12-22,56.253,10.268
2500000,113,4,1990,townhouse,Højbjerg,8270,5.9,2022,2022Q4,2022-12-23,56.108,10.175
6100000,136,4,1971,townhouse,Risskov,8240,5.5,2022,2022Q4,2022-12-26,56.201,10.25
5800000,188,6,2022,villa,Malling,8340,14.9,2022,2022Q4,2022-12-26,56.023,10.184
2760000,106,3,2016,townhouse,Malling,8340,14.4,2022,2022Q4,2022-12-27,56.027,10.189
2900000,124,6,1785,townhouse,Aarhus N,8200,7.9,2022,2022Q4,2022-12-27,56.223,10.165
7500000,104,4,1964,villa,Sabro,8471,14.8,2022,2022Q4,2022-12-28,56.235,10.016
7500000,146,6,1967,villa,Sabro,8471,14.9,2022,2022Q4,2022-12-28,56.235,10.016
3650000,176,6,1962,villa,Højbjerg,8270,5.1,2022,2022Q4,2022-12-28,56.12,10.162
5300000,165,5,2011,villa,Viby J,8260,7.1,2022,2022Q4,2022-12-29,56.133,10.104
3600000,134,5,2016,townhouse,Viby J,8260,7.1,2022,2022Q4,2022-12-29,56.128,10.108
2895000,150,5,1912,villa,Tranbjerg J,8310,8.3,2022,2022Q4,2022-12-29,56.095,10.136
4995000,160,6,1972,villa,Risskov,8240,5.5,2022,2022Q4,2022-12-29,56.206,10.217
2650000,121,4,1965,villa,Trige,8380,11.6,2022,2022Q4,2022-12-29,56.254,10.145
6350000,133,5,1981,townhouse,Risskov,8240,5.9,2023,2023Q1,2023-01-01,56.2,10.265
2950000,110,4,2019,townhouse,Hasselager,8361,9.1,2023,2023Q1,2023-01-01,56.112,10.087
4300000,120,3,1914,villa,Viby J,8260,5.0,2023,2023Q1,2023-01-01,56.124,10.156
2320000,108,4,1976,townhouse,Tilst,8381,7.3,2023,2023Q1,2023-01-01,56.174,10.098
4430000,110,4,1966,townhouse,Aarhus N,8200,2.3,2023,2023Q1,2023-01-02,56.177,10.212
15600000,386,12,1910,villa,Risskov,8240,3.2,2023,2023Q1,2023-01-02,56.182,10.234
3375000,100,4,1984,townhouse,Brabrand,8220,6.3,2023,2023Q1,2023-01-02,56.159,10.109
1735000,118,4,1986,villa,Hjortshøj,8530,14.2,2023,2023Q1,2023-01-02,56.285,10.214
8000000,143,4,1948,villa,Aarhus C,8000,2.5,2023,2023Q1,2023-01-03,56.138,10.189
2925000,143,5,1974,villa,Tranbjerg J,8310,9.3,2023,2023Q1,2023-01-03,56.086,10.131
5025000,171,5,2018,villa,Skødstrup,8541,14.5,2023,2023Q1,2023-01-04,56.273,10.317
7850000,139,5,2020,townhouse,Risskov,8240,3.6,2023,2023Q1,2023-01-04,56.186,10.234
4475000,199,7,1971,villa,Egå,8250,8.2,2023,2023Q1,2023-01-04,56.216,10.288
2700000,83,4,1988,townhouse,Aarhus N,8200,3.9,2023,2023Q1,2023-01-05,56.19,10.193
5700000,151,5,2005,villa,Højbjerg,8270,5.2,2023,2023Q1,2023-01-06,56.119,10.161
8200000,143,4,1956,villa,Højbjerg,8270,4.6,2023,2023Q1,2023-01-07,56.116,10.214
2445000,123,4,1975,villa,Harlev J,8462,13.1,2023,2023Q1,2023-01-08,56.149,9.999
2850000,93,4,1983,townhouse,Risskov,8240,4.9,2023,2023Q1,2023-01-08,56.198,10.235
2700000,116,4,1970,villa,Hjortshøj,8530,11.3,2023,2023Q1,2023-01-08,56.253,10.266
7400000,156,5,1977,villa,Højbjerg,8270,4.5,2023,2023Q1,2023-01-08,56.116,10.214
2560000,97,4,1986,townhouse,Lystrup,8520,9.5,2023,2023Q1,2023-01-08,56.241,10.24
2650000,114,5,1962,villa,Skødstrup,8541,12.9,2023,2023Q1,2023-01-09,56.261,10.299
4300000,130,4,2019,townhouse,Aarhus N,8200,5.4,2023,2023Q1,2023-01-09,56.2,10.172
5800000,184,6,2018,villa,Tranbjerg J,8310,8.7,2023,2023Q1,2023-01-09,56.089,10.14
2600000,133,6,1904,villa,Viby J,8260,4.4,2023,2023Q1,2023-01-09,56.132,10.155
3950000,120,4,1974,villa,Åbyhøj,8230,4.1,2023,2023Q1,2023-01-09,56.141,10.152
2450000,54,2,1889,villa,Aarhus C,8000,0.8,2023,2023Q1,2023-01-10,56.163,10.205
2600000,91,4,1989,townhouse,Risskov,8240,5.2,2023,2023Q1,2023-01-10,56.204,10.208
3225000,126,4,2007,townhouse,Mårslet,8320,11.2,2023,2023Q1,2023-01-10,56.061,10.156
3635000,123,4,2014,townhouse,Viby J,8260,4.9,2023,2023Q1,2023-01-10,56.13,10.148
2560000,98,4,2003,townhouse,Hasselager,8361,9.7,2023,2023Q1,2023-01-10,56.092,10.106
3100000,146,4,1960,villa,Risskov,8240,5.5,2023,2023Q1,2023-01-11,56.203,10.241
7250000,133,5,1981,townhouse,Risskov,8240,5.9,2023,2023Q1,2023-01-11,56.2,10.265
4600000,108,5,1934,villa,Viby J,8260,3.9,2023,2023Q1,2023-01-11,56.126,10.181
6998000,150,4,1928,villa,Aarhus V,8210,2.2,2023,2023Q1,2023-01-11,56.164,10.178
4025000,109,3,1959,townhouse,Viby J,8260,3.2,2023,2023Q1,2023-01-11,56.132,10.187
4550000,100,4,1960,townhouse,Risskov,8240,3.9,2023,2023Q1,2023-01-12,56.191,10.221
4225000,174,5,2000,villa,Hasselager,8361,9.4,2023,2023Q1,2023-01-12,56.096,10.107
2100000,87,4,1978,townhouse,Hasselager,8361,10.3,2023,2023Q1,2023-01-12,56.108,10.069
2970000,127,4,2007,villa,Tilst,8381,7.2,2023,2023Q1,2023-01-12,56.193,10.116
6995000,162,4,1960,villa,Risskov,8240,3.9,2023,2023Q1,2023-01-12,56.191,10.223
5400000,160,6,1960,villa,Højbjerg,8270,4.2,2023,2023Q1,2023-01-12,56.122,10.183
9625000,243,7,1977,villa,Risskov,8240,3.1,2023,2023Q1,2023-01-13,56.183,10.225
3500000,112,5,2000,townhouse,Aarhus V,8210,4.7,2023,2023Q1,2023-01-13,56.17,10.14
4600000,158,6,1970,villa,Aarhus N,8200,2.6,2023,2023Q1,2023-01-13,56.18,10.206
2750000,133,4,1972,villa,Beder,8330,11.1,2023,2023Q1,2023-01-14,56.057,10.21
4205000,126,4,1969,townhouse,Risskov,8240,5.0,2023,2023Q1,2023-01-14,56.201,10.223
6475000,182,6,1964,villa,Egå,8250,8.7,2023,2023Q1,2023-01-15,56.219,10.296
4450000,130,5,1954,villa,Viby J,8260,3.7,2023,2023Q1,2023-01-15,56.128,10.183
2200000,120,4,1971,villa,Harlev J,8462,12.8,2023,2023Q1,2023-01-15,56.146,10.004
6550000,192,6,1976,villa,Højbjerg,8270,3.8,2023,2023Q1,2023-01-15,56.124,10.192
8625000,180,6,2020,villa,Risskov,8240,5.0,2023,2023Q1,2023-01-16,56.197,10.246
5375000,172,5,2022,villa,Malling,8340,14.9,2023,2023Q1,2023-01-16,56.024,10.185
5500000,110,5,1954,villa,Højbjerg,8270,3.8,2023,2023Q1,2023-01-16,56.126,10.186
2500000,107,4,1985,townhouse,Viby J,8260,6.0,2023,2023Q1,2023-01-16,56.126,10.131
2065000,74,3,2006,townhouse,Brabrand,8220,7.5,2023,2023Q1,2023-01-16,56.159,10.089
1350000,132,4,1877,villa,Hjortshøj,8530,12.5,2023,2023Q1,2023-01-17,56.269,10.21
1700000,89,3,1955,villa,Aarhus N,8200,7.5,2023,2023Q1,2023-01-18,56.219,10.167
1100000,83,3,1887,townhouse,Sabro,8471,10.0,2023,2023Q1,2023-01-18,56.197,10.066
1395000,95,3,1877,villa,Skødstrup,8541,14.5,2023,2023Q1,2023-01-18,56.279,10.294
3250000,101,4,1984,villa,Brabrand,8220,5.3,2023,2023Q1,2023-01-19,56.152,10.125
7825000,139,5,2020,townhouse,Risskov,8240,3.7,2023,2023Q1,2023-01-20,56.187,10.235
2200000,132,5,1977,townhouse,Tranbjerg J,8310,8.5,2023,2023Q1,2023-01-20,56.094,10.134
4695000,146,5,1964,villa,Mårslet,8320,7.6,2023,2023Q1,2023-01-21,56.09,10.19
3800000,191,6,1983,villa,Tilst,8381,6.2,2023,2023Q1,2023-01-22,56.179,10.12
1600000,145,5,1877,townhouse,Hjortshøj,8530,12.2,2023,2023Q1,2023-01-22,56.264,10.253
2610000,103,6,1912,villa,Egå,8250,9.6,2023,2023Q1,2023-01-22,56.231,10.291
1100000,127,5,1897,villa,Hjortshøj,8530,14.1,2023,2023Q1,2023-01-22,56.284,10.217
3935000,162,5,1992,villa,Tranbjerg J,8310,9.3,2023,2023Q1,2023-01-22,56.085,10.134
2425000,127,4,1985,townhouse,Brabrand,8220,7.6,2023,2023Q1,2023-01-22,56.152,10.089
4900000,181,5,1968,villa,Egå,8250,8.8,2023,2023Q1,2023-01-22,56.221,10.294
3500000,126,5,1974,townhouse,Risskov,8240,4.8,2023,2023Q1,2023-01-22,56.199,10.221
2075000,130,5,1882,villa,Sabro,8471,10.1,2023,2023Q1,2023-01-22,56.197,10.064
3100000,105,4,1986,townhouse,Risskov,8240,5.4,2023,2023Q1,2023-01-23,56.205,10.206
1950000,122,4,1948,villa,Trige,8380,16.1,2023,2023Q1,2023-01-23,56.296,10.146
6595000,171,5,1978,villa,Højbjerg,8270,6.2,2023,2023Q1,2023-01-23,56.101,10.2
4299000,133,5,2008,villa,Viby J,8260,6.6,2023,2023Q1,2023-01-23,56.12,10.126
3106900,136,5,1969,villa,Egå,8250,9.5,2023,2023Q1,2023-01-23,56.232,10.286
6675000,180,7,1966,villa,Højbjerg,8270,3.5,2023,2023Q1,2023-01-23,56.127,10.192
5000000,198,7,1970,villa,Solbjerg,8355,14.9,2023,2023Q1,2023-01-23,56.043,10.081
5500000,141,5,1962,villa,Åbyhøj,8230,3.0,2023,2023Q1,2023-01-23,56.162,10.164
4600000,162,5,2005,villa,Brabrand,8220,7.1,2023,2023Q1,2023-01-24,56.159,10.096
1675000,91,3,1987,townhouse,Trige,8380,11.7,2023,2023Q1,2023-01-24,56.254,10.138
2800000,130,4,2013,townhouse,Viby J,8260,6.2,2023,2023Q1,2023-01-24,56.128,10.125
2500000,105,4,1956,villa,Lystrup,8520,8.3,2023,2023Q1,2023-01-24,56.23,10.229
4000000,200,5,1973,villa,Tilst,8381,6.8,2023,2023Q1,2023-01-24,56.18,10.109
5950000,136,5,2003,villa,Viby J,8260,5.9,2023,2023Q1,2023-01-24,56.14,10.121
3650000,204,5,2023,villa,Viby J,8260,4.3,2023,2023Q1,2023-01-24,56.126,10.17
5150000,186,6,1971,villa,Viby J,8260,6.0,2023,2023Q1,2023-01-24,56.134,10.123
4800000,143,5,1993,villa,Risskov,8240,4.8,2023,2023Q1,2023-01-24,56.199,10.225
2600000,256,9,1900,villa,Lystrup,8520,8.7,2023,2023Q1,2023-01-24,56.232,10.249
3900000,160,5,2019,villa,Sabro,8471,16.4,2023,2023Q1,2023-01-25,56.223,9.974
2925000,126,4,2018,townhouse,Tranbjerg J,8310,10.1,2023,2023Q1,2023-01-25,56.082,10.119
6798000,197,8,1963,villa,Risskov,8240,4.6,2023,2023Q1,2023-01-25,56.196,10.23
4950000,131,6,1953,villa,Aarhus N,8200,2.9,2023,2023Q1,2023-01-25,56.183,10.206
2498000,124,4,1967,villa,Malling,8340,13.9,2023,2023Q1,2023-01-25,56.032,10.189
3250000,142,6,1961,villa,Trige,8380,11.3,2023,2023Q1,2023-01-25,56.254,10.157
5695000,150,4,1965,villa,Risskov,8240,4.9,2023,2023Q1,2023-01-26,56.196,10.248
3800000,155,4,2021,townhouse,Solbjerg,8355,14.1,2023,2023Q1,2023-01-26,56.048,10.093
2150000,82,4,1984,townhouse,Viby J,8260,5.9,2023,2023Q1,2023-01-26,56.126,10.134
6000000,203,8,1946,villa,Solbjerg,8355,15.0,2023,2023Q1,2023-01-26,56.043,10.081
4050000,98,4,1940,townhouse,Aarhus V,8210,2.6,2023,2023Q1,2023-01-26,56.163,10.171
7050000,131,6,1937,villa,Højbjerg,8270,3.6,2023,2023Q1,2023-01-27,56.127,10.187
4500000,153,5,1959,villa,Åbyhøj,8230,3.8,2023,2023Q1,2023-01-27,56.15,10.15
2775000,176,6,2023,villa,Viby J,8260,4.8,2023,2023Q1,2023-01-28,56.124,10.161
5200000,130,6,1955,villa,Højbjerg,8270,4.8,2023,2023Q1,2023-01-28,56.114,10.196
3800000,120,4,1932,villa,Brabrand,8220,8.0,2023,2023Q1,2023-01-29,56.153,10.082
3075000,128,4,2013,townhouse,Tranbjerg J,8310,9.8,2023,2023Q1,2023-01-29,56.082,10.126
5500000,132,5,1891,townhouse,Aarhus C,8000,0.9,2023,2023Q1,2023-01-29,56.164,10.203
2300000,102,4,2013,townhouse,Hasselager,8361,8.7,2023,2023Q1,2023-01-29,56.112,10.095
1860000,110,4,1964,villa,Hjortshøj,8530,14.4,2023,2023Q1,2023-01-29,56.286,10.218
2300000,122,4,1979,villa,Trige,8380,11.6,2023,2023Q1,2023-01-29,56.252,10.136
3570000,130,5,1954,villa,Åbyhøj,8230,3.7,2023,2023Q1,2023-01-29,56.148,10.153
2875000,107,3,1907,villa,Egå,8250,7.5,2023,2023Q1,2023-01-29,56.216,10.266
5300000,179,5,1969,villa,Beder,8330,10.1,2023,2023Q1,2023-01-30,56.065,10.213
6400000,179,6,1969,villa,Egå,8250,9.0,2023,2023Q1,2023-01-30,56.223,10.295
6125000,131,4,1952,villa,Brabrand,8220,7.2,2023,2023Q1,2023-01-30,56.151,10.094
3500000,114,4,2003,townhouse,Højbjerg,8270,6.5,2023,2023Q1,2023-01-30,56.102,10.174
2575000,104,4,2007,townhouse,Mårslet,8320,10.9,2023,2023Q1,2023-01-30,56.065,10.149
7300000,208,6,1994,villa,Højbjerg,8270,5.7,2023,2023Q1,2023-01-31,56.106,10.218
2500000,109,4,2015,townhouse,Hasselager,8361,10.7,2023,2023Q1,2023-01-31,56.106,10.063
2300000,96,4,1986,townhouse,Risskov,8240,4.7,2023,2023Q1,2023-01-31,56.198,10.197
3800000,123,4,1961,townhouse,Åbyhøj,8230,2.9,2023,2023Q1,2023-02-01,56.161,10.164
3500000,241,7,1971,villa,Egå,8250,9.0,2023,2023Q1,2023-02-01,56.224,10.293
1700000,116,3,1890,villa,Hjortshøj,8530,15.0,2023,2023Q1,2023-02-01,56.292,10.218
2850000,86,3,1985,townhouse,Aarhus N,8200,3.8,2023,2023Q1,2023-02-01,56.19,10.198
430000,70,3,1942,villa,Viby J,8260,6.7,2023,2023Q1,2023-02-01,56.128,10.115
4325000,118,5,1959,villa,Aarhus V,8210,2.8,2023,2023Q1,2023-02-02,56.17,10.172
3348000,115,3,1961,townhouse,Højbjerg,8270,4.8,2023,2023Q1,2023-02-02,56.119,10.173
9000000,214,7,1950,villa,Risskov,8240,6.5,2023,2023Q1,2023-02-02,56.202,10.277
2250000,148,6,1983,townhouse,Aarhus V,8210,4.8,2023,2023Q1,2023-02-03,56.173,10.139
3655000,161,5,1952,villa,Risskov,8240,5.2,2023,2023Q1,2023-02-03,56.201,10.239
4000000,141,5,1959,villa,Højbjerg,8270,6.1,2023,2023Q1,2023-02-04,56.102,10.21
3598000,120,6,1925,villa,Viby J,8260,6.2,2023,2023Q1,2023-02-04,56.121,10.133
3350000,116,4,1987,townhouse,Højbjerg,8270,5.8,2023,2023Q1,2023-02-06,56.108,10.177
1750000,84,5,1982,townhouse,Viby J,8260,5.9,2023,2023Q1,2023-02-06,56.125,10.134
1835000,84,5,1982,townhouse,Viby J,8260,5.9,2023,2023Q1,2023-02-06,56.125,10.134
3410000,121,4,2016,villa,Hasselager,8361,9.1,2023,2023Q1,2023-02-06,56.114,10.085
2510000,219,7,1966,villa,Solbjerg,8355,15.8,2023,2023Q1,2023-02-06,56.039,10.068
15000000,248,8,1968,villa,Risskov,8240,6.4,2023,2023Q1,2023-02-06,56.2,10.277
2525000,118,5,1948,villa,Brabrand,8220,4.3,2023,2023Q1,2023-02-06,56.155,10.141
5270000,181,7,2014,villa,Tranbjerg J,8310,8.2,2023,2023Q1,2023-02-07,56.099,10.129
2760000,100,4,1975,villa,Tilst,8381,6.4,2023,2023Q1,2023-02-07,56.177,10.114
2325000,80,3,1974,townhouse,Tilst,8381,7.1,2023,2023Q1,2023-02-07,56.174,10.101
2825000,130,4,2015,townhouse,Hjortshøj,8530,10.1,2023,2023Q1,2023-02-08,56.241,10.267
3887500,122,4,1960,villa,Risskov,8240,5.0,2023,2023Q1,2023-02-08,56.198,10.242
3050000,105,4,1950,villa,Aarhus N,8200,3.0,2023,2023Q1,2023-02-08,56.178,10.183
3800000,164,5,2022,villa,Hjortshøj,8530,15.2,2023,2023Q1,2023-02-08,56.294,10.214
4850000,162,5,1975,villa,Højbjerg,8270,5.3,2023,2023Q1,2023-02-08,56.113,10.178
2500000,92,3,1987,townhouse,Risskov,8240,4.5,2023,2023Q1,2023-02-08,56.197,10.197
2950000,116,4,1984,townhouse,Højbjerg,8270,6.0,2023,2023Q1,2023-02-09,56.107,10.177
2400000,157,5,1973,villa,Skødstrup,8541,13.2,2023,2023Q1,2023-02-09,56.264,10.304
4500000,197,5,2023,villa,Egå,8250,11.6,2023,2023Q1,2023-02-09,56.235,10.335
4900000,112,4,1963,villa,Risskov,8240,6.4,2023,2023Q1,2023-02-09,56.203,10.274
8245000,173,7,1924,villa,Åbyhøj,8230,2.6,2023,2023Q1,2023-02-09,56.156,10.169
3662500,171,5,2016,villa,Hjortshøj,8530,15.0,2023,2023Q1,2023-02-09,56.292,10.216
6624000,159,6,1957,villa,Aarhus V,8210,3.1,2023,2023Q1,2023-02-09,56.162,10.162
1725000,85,3,1974,townhouse,Tranbjerg J,8310,9.4,2023,2023Q1,2023-02-09,56.089,10.121
3995000,128,4,1975,townhouse,Risskov,8240,4.7,2023,2023Q1,2023-02-09,56.199,10.221
4000000,148,5,1969,villa,Aarhus V,8210,3.6,2023,2023Q1,2023-02-09,56.176,10.164
3220000,152,5,2014,townhouse,Lystrup,8520,9.0,2023,2023Q1,2023-02-10,56.237,10.194
4287500,188,6,1971,villa,Skødstrup,8541,12.6,2023,2023Q1,2023-02-11,56.259,10.298
6498000,134,6,1960,villa,Højbjerg,8270,4.8,2023,2023Q1,2023-02-12,56.115,10.195
2795000,116,4,1970,townhouse,Tranbjerg J,8310,9.6,2023,2023Q1,2023-02-12,56.085,10.126
2275000,102,4,2013,townhouse,Hasselager,8361,8.7,2023,2023Q1,2023-02-12,56.112,10.095
3900000,130,4,2016,villa,Tranbjerg J,8310,9.8,2023,2023Q1,2023-02-12,56.086,10.118
2495000,99,4,1968,villa,Harlev J,8462,12.9,2023,2023Q1,2023-02-12,56.148,10.003
2448000,99,4,1979,townhouse,Hasselager,8361,10.6,2023,2023Q1,2023-02-13,56.106,10.066
4995000,95,4,1936,villa,Brabrand,8220,7.8,2023,2023Q1,2023-02-13,56.148,10.085
2120000,96,4,1987,townhouse,Trige,8380,11.8,2023,2023Q1,2023-02-14,56.254,10.138
4448000,180,5,2016,villa,Sabro,8471,11.8,2023,2023Q1,2023-02-14,56.21,10.045
2800000,112,3,2019,townhouse,Brabrand,8220,6.9,2023,2023Q1,2023-02-14,56.156,10.1
3800000,186,6,2023,villa,Egå,8250,6.3,2023,2023Q1,2023-02-14,56.204,10.267
6075000,149,5,1958,villa,Højbjerg,8270,4.9,2023,2023Q1,2023-02-14,56.113,10.199
1950000,110,3,1945,villa,Aarhus N,8200,7.5,2023,2023Q1,2023-02-14,56.22,10.166
2775000,89,3,1984,townhouse,Risskov,8240,5.0,2023,2023Q1,2023-02-14,56.202,10.209
5350000,119,4,1924,villa,Risskov,8240,3.2,2023,2023Q1,2023-02-14,56.186,10.217
3910000,165,5,1974,villa,Beder,8330,10.1,2023,2023Q1,2023-02-15,56.066,10.213
5312000,109,4,1956,townhouse,Risskov,8240,4.0,2023,2023Q1,2023-02-15,56.192,10.221
2850000,114,4,2007,townhouse,Mårslet,8320,11.3,2023,2023Q1,2023-02-15,56.059,10.16
2975000,126,4,2022,townhouse,Solbjerg,8355,14.3,2023,2023Q1,2023-02-15,56.047,10.09
2000000,190,6,2023,villa,Harlev J,8462,13.7,2023,2023Q1,2023-02-15,56.134,9.994
3870000,168,5,1979,villa,Tilst,8381,6.4,2023,2023Q1,2023-02-15,56.179,10.116
4760000,109,4,1954,villa,Aarhus N,8200,2.8,2023,2023Q1,2023-02-15,56.182,10.206
3350000,168,5,1973,villa,Beder,8330,10.7,2023,2023Q1,2023-02-15,56.061,10.202
9600000,134,4,1983,villa,Egå,8250,8.3,2023,2023Q1,2023-02-16,56.216,10.292
2315000,161,4,1913,villa,Sabro,8471,17.8,2023,2023Q1,2023-02-16,56.249,9.975
7700000,152,5,1936,villa,Risskov,8240,3.8,2023,2023Q1,2023-02-16,56.19,10.224
2550000,116,4,1971,townhouse,Tranbjerg J,8310,8.4,2023,2023Q1,2023-02-16,56.091,10.144
6250000,213,6,2016,villa,Mårslet,8320,9.2,2023,2023Q1,2023-02-16,56.082,10.148
1100000,88,2,1827,townhouse,Tranbjerg J,8310,7.1,2023,2023Q1,2023-02-16,56.105,10.144
3645000,90,3,1981,townhouse,Aarhus N,8200,2.7,2023,2023Q1,2023-02-16,56.179,10.196
3100000,120,5,1985,villa,Lystrup,8520,10.2,2023,2023Q1,2023-02-16,56.247,10.24
4300000,181,4,1977,villa,Mårslet,8320,11.0,2023,2023Q1,2023-02-16,56.061,10.163
2798000,125,5,1963,villa,Skødstrup,8541,12.8,2023,2023Q1,2023-02-17,56.261,10.298
3200000,170,6,1966,villa,Beder,8330,10.3,2023,2023Q1,2023-02-18,56.064,10.212
2550000,148,4,1973,townhouse,Viby J,8260,6.1,2023,2023Q1,2023-02-19,56.122,10.136
5100000,124,4,2023,townhouse,Aarhus N,8200,2.6,2023,2023Q1,2023-02-19,56.179,10.198
4150000,229,7,1977,villa,Lystrup,8520,9.3,2023,2023Q1,2023-02-19,56.24,10.213
2650000,108,4,1961,villa,Lystrup,8520,8.3,2023,2023Q1,2023-02-19,56.231,10.23
3000000,114,4,1982,townhouse,Aarhus N,8200,2.1,2023,2023Q1,2023-02-19,56.175,10.203
2998000,157,5,1976,villa,Tranbjerg J,8310,8.8,2023,2023Q1,2023-02-20,56.086,10.146
2695000,112,4,2005,townhouse,Aarhus N,8200,7.9,2023,2023Q1,2023-02-20,56.223,10.161
3900000,113,5,1963,villa,Aarhus N,8200,2.6,2023,2023Q1,2023-02-20,56.175,10.185
3350000,125,5,1965,villa,Brabrand,8220,6.8,2023,2023Q1,2023-02-20,56.159,10.101
1360000,74,1,1877,villa,Egå,8250,7.6,2023,2023Q1,2023-02-20,56.218,10.266
3900000,123,3,1967,villa,Højbjerg,8270,5.1,2023,2023Q1,2023-02-20,56.119,10.164
4000000,123,5,1960,villa,Højbjerg,8270,4.8,2023,2023Q1,2023-02-21,56.114,10.195
1725000,85,4,1973,townhouse,Tranbjerg J,8310,9.6,2023,2023Q1,2023-02-21,56.087,10.12
2550000,130,4,1971,villa,Tilst,8381,8.1,2023,2023Q1,2023-02-21,56.192,10.097
3250000,142,5,1959,villa,Risskov,8240,5.5,2023,2023Q1,2023-02-21,56.203,10.239
3600000,151,4,1964,villa,Viby J,8260,6.5,2023,2023Q1,2023-02-21,56.129,10.118
7100000,181,5,2015,villa,Mårslet,8320,9.3,2023,2023Q1,2023-02-21,56.081,10.145
3500000,184,5,1965,villa,Viby J,8260,4.9,2023,2023Q1,2023-02-21,56.128,10.151
2349000,97,4,1987,townhouse,Lystrup,8520,9.6,2023,2023Q1,2023-02-21,56.241,10.241
6045000,251,6,1966,villa,Beder,8330,12.4,2023,2023Q1,2023-02-21,56.047,10.24
3500000,99,4,1956,townhouse,Risskov,8240,4.5,2023,2023Q1,2023-02-21,56.197,10.22
3225000,102,4,1982,townhouse,Åbyhøj,8230,4.0,2023,2023Q1,2023-02-22,56.156,10.145
1775000,163,5,1962,townhouse,Malling,8340,13.5,2023,2023Q1,2023-02-22,56.036,10.189
5398000,158,6,1988,villa,Risskov,8240,5.1,2023,2023Q1,2023-02-22,56.199,10.242
2800000,144,4,1967,townhouse,Beder,8330,10.8,2023,2023Q1,2023-02-22,56.06,10.206
3325000,124,5,1984,villa,Lystrup,8520,10.4,2023,2023Q1,2023-02-22,56.248,10.242
2475000,112,4,1979,townhouse,Hasselager,8361,10.6,2023,2023Q1,2023-02-22,56.104,10.068
3850000,105,4,1959,townhouse,Højbjerg,8270,5.1,2023,2023Q1,2023-02-22,56.118,10.166
5500000,134,4,1954,villa,Viby J,8260,3.1,2023,2023Q1,2023-02-22,56.132,10.188
4050000,124,4,1962,villa,Højbjerg,8270,4.7,2023,2023Q1,2023-02-23,56.118,10.181
6775000,238,8,1968,villa,Skødstrup,8541,14.4,2023,2023Q1,2023-02-23,56.275,10.309
2775000,116,4,1985,townhouse,Højbjerg,8270,5.9,2023,2023Q1,2023-02-23,56.107,10.178
3700000,113,4,1962,townhouse,Højbjerg,8270,4.7,2023,2023Q1,2023-02-23,56.121,10.17
3450000,160,6,1966,villa,Beder,8330,10.4,2023,2023Q1,2023-02-23,56.063,10.212
2775000,141,3,1929,villa,Beder,8330,10.9,2023,2023Q1,2023-02-23,56.059,10.203
9075000,179,6,1987,villa,Højbjerg,8270,4.4,2023,2023Q1,2023-02-24,56.117,10.213
4000000,119,3,1936,villa,Aarhus V,8210,2.4,2023,2023Q1,2023-02-24,56.168,10.179
4425000,146,4,1933,villa,Åbyhøj,8230,3.9,2023,2023Q1,2023-02-26,56.156,10.148
3650000,110,3,2008,townhouse,Egå,8250,6.9,2023,2023Q1,2023-02-26,56.211,10.263
1650000,132,5,1977,townhouse,Tranbjerg J,8310,8.5,2023,2023Q1,2023-02-26,56.094,10.134
3995000,130,5,2017,townhouse,Hjortshøj,8530,11.4,2023,2023Q1,2023-02-26,56.253,10.273
2450000,113,4,1976,villa,Malling,8340,12.6,2023,2023Q1,2023-02-26,56.044,10.197
1095000,90,3,1960,villa,Trige,8380,16.3,2023,2023Q1,2023-02-26,56.298,10.144
2750000,141,5,1969,villa,Solbjerg,8355,14.8,2023,2023Q1,2023-02-26,56.043,10.088
3450000,81,3,1954,townhouse,Aarhus V,8210,2.4,2023,2023Q1,2023-02-26,56.169,10.18
5200000,172,5,2018,villa,Skødstrup,8541,14.5,2023,2023Q1,2023-02-27,56.273,10.317
2830000,83,3,1991,townhouse,Viby J,8260,5.7,2023,2023Q1,2023-02-27,56.133,10.13
3850000,98,4,1982,townhouse,Risskov,8240,5.4,2023,2023Q1,2023-02-27,56.2,10.253
3525000,137,5,1981,villa,Lystrup,8520,10.2,2023,2023Q1,2023-02-27,56.247,10.237
1700000,85,4,1972,townhouse,Tranbjerg J,8310,9.5,2023,2023Q1,2023-02-27,56.087,10.121
2260000,86,4,1984,townhouse,Risskov,8240,5.2,2023,2023Q1,2023-02-27,56.204,10.211
3100000,144,5,1969,villa,Skødstrup,8541,13.7,2023,2023Q1,2023-02-27,56.269,10.302
4550000,120,4,1939,villa,Aarhus V,8210,3.0,2023,2023Q1,2023-02-28,56.169,10.168
2550000,140,4,1971,villa,Sabro,8471,12.3,2023,2023Q1,2023-02-28,56.21,10.037
9000000,174,8,1928,villa,Risskov,8240,3.7,2023,2023Q1,2023-02-28,56.19,10.223
4200000,170,3,2013,villa,Malling,8340,12.4,2023,2023Q1,2023-02-28,56.046,10.191
2150000,90,3,1999,townhouse,Skødstrup,8541,15.0,2023,2023Q1,2023-02-28,56.28,10.312
4747500,153,6,1918,villa,Viby J,8260,5.0,2023,2023Q1,2023-02-28,56.124,10.155
3225000,93,3,1947,townhouse,Åbyhøj,8230,4.1,2023,2023Q1,2023-02-28,56.153,10.145
1400000,102,2,1900,villa,Malling,8340,12.9,2023,2023Q1,2023-02-28,56.041,10.193
430000,74,3,1870,villa,Hjortshøj,8530,12.5,2023,2023Q1,2023-03-01,56.264,10.267
2375000,100,4,1971,villa,Skødstrup,8541,12.6,2023,2023Q1,2023-03-01,56.26,10.296
5700000,180,5,1951,villa,Højbjerg,8270,4.5,2023,2023Q1,2023-03-01,56.118,10.19
2350000,140,4,1971,villa,Sabro,8471,12.9,2023,2023Q1,2023-03-01,56.215,10.03
6298000,146,4,1976,villa,Højbjerg,8270,4.2,2023,2023Q1,2023-03-01,56.12,10.199
5275000,103,2,2000,villa,Egå,8250,10.9,2023,2023Q1,2023-03-01,56.232,10.325
1800000,120,4,1948,villa,Hjortshøj,8530,13.9,2023,2023Q1,2023-03-01,56.282,10.22
1500000,126,5,1961,villa,Tranbjerg J,8310,12.2,2023,2023Q1,2023-03-02,56.068,10.097
3385000,120,5,1986,townhouse,Risskov,8240,5.3,2023,2023Q1,2023-03-02,56.205,10.206
6500000,165,6,1951,villa,Risskov,8240,4.2,2023,2023Q1,2023-03-02,56.194,10.226
2098000,96,4,1971,villa,Hjortshøj,8530,10.9,2023,2023Q1,2023-03-02,56.25,10.263
5695000,129,5,2014,townhouse,Risskov,8240,3.2,2023,2023Q1,2023-03-03,56.184,10.223
5300000,145,5,1975,villa,Højbjerg,8270,5.2,2023,2023Q1,2023-03-03,56.113,10.181
3995000,194,6,1972,villa,Lystrup,8520,9.0,2023,2023Q1,2023-03-04,56.238,10.215
6625000,160,5,2018,townhouse,Aarhus V,8210,2.0,2023,2023Q1,2023-03-04,56.165,10.181
10700000,168,7,1920,villa,Viby J,8260,2.9,2023,2023Q1,2023-03-05,56.134,10.187
6300000,200,4,2008,villa,Skødstrup,8541,15.1,2023,2023Q1,2023-03-05,56.277,10.323
5605000,109,5,1957,townhouse,Risskov,8240,3.9,2023,2023Q1,2023-03-05,56.192,10.222
2225000,132,5,1972,villa,Lystrup,8520,8.7,2023,2023Q1,2023-03-05,56.232,10.247
2550000,146,6,1968,villa,Solbjerg,8355,14.8,2023,2023Q1,2023-03-05,56.043,10.085
2425000,96,4,1987,townhouse,Lystrup,8520,9.7,2023,2023Q1,2023-03-05,56.242,10.24
2855000,188,6,1961,villa,Trige,8380,11.4,2023,2023Q1,2023-03-05,56.254,10.157
4650000,135,4,1959,villa,Risskov,8240,5.0,2023,2023Q1,2023-03-06,56.198,10.241
2050000,114,5,1870,villa,Trige,8380,16.2,2023,2023Q1,2023-03-06,56.298,10.146
5900000,134,5,2012,townhouse,Åbyhøj,8230,2.5,2023,2023Q1,2023-03-06,56.158,10.171
2725000,120,5,2013,townhouse,Hasselager,8361,8.7,2023,2023Q1,2023-03-06,56.113,10.095
3995000,150,4,1976,villa,Skødstrup,8541,13.8,2023,2023Q1,2023-03-06,56.258,10.341
5500000,206,5,1971,villa,Viby J,8260,6.1,2023,2023Q1,2023-03-06,56.133,10.122
3750000,120,4,1971,villa,Skødstrup,8541,13.8,2023,2023Q1,2023-03-07,56.258,10.339
4500000,90,4,1948,townhouse,Højbjerg,8270,4.7,2023,2023Q1,2023-03-07,56.115,10.197
7495000,177,6,1972,villa,Risskov,8240,5.7,2023,2023Q1,2023-03-08,56.2,10.261
4600000,139,4,2014,townhouse,Viby J,8260,7.2,2023,2023Q1,2023-03-08,56.131,10.104
3123000,106,4,2013,townhouse,Egå,8250,7.0,2023,2023Q1,2023-03-08,56.212,10.265
3590000,146,5,1997,villa,Tilst,8381,6.8,2023,2023Q1,2023-03-08,56.192,10.121
4315000,150,5,2019,townhouse,Brabrand,8220,7.2,2023,2023Q1,2023-03-08,56.156,10.094
5925000,190,5,2011,villa,Viby J,8260,7.2,2023,2023Q1,2023-03-08,56.129,10.105
2125000,81,3,2003,townhouse,Hasselager,8361,9.7,2023,2023Q1,2023-03-08,56.093,10.106
3850000,187,6,1973,villa,Skødstrup,8541,12.7,2023,2023Q1,2023-03-08,56.261,10.296
3000000,118,3,1999,townhouse,Højbjerg,8270,6.4,2023,2023Q1,2023-03-08,56.099,10.219
2300000,113,4,1978,villa,Hasselager,8361,9.9,2023,2023Q1,2023-03-08,56.107,10.079
7005000,166,6,1970,villa,Højbjerg,8270,5.0,2023,2023Q1,2023-03-09,56.112,10.214
2495000,100,4,1980,townhouse,Hasselager,8361,10.8,2023,2023Q1,2023-03-09,56.103,10.066
2930000,93,4,1947,townhouse,Åbyhøj,8230,4.1,2023,2023Q1,2023-03-09,56.153,10.145
2050000,110,4,1976,villa,Tranbjerg J,8310,9.1,2023,2023Q1,2023-03-09,56.093,10.119
4895000,127,4,1978,villa,Højbjerg,8270,5.3,2023,2023Q1,2023-03-09,56.112,10.182
3100000,114,4,1972,villa,Tranbjerg J,8310,9.1,2023,2023Q1,2023-03-09,56.09,10.127
2875000,139,5,1973,villa,Skødstrup,8541,14.9,2023,2023Q1,2023-03-09,56.278,10.315
4820000,128,4,1975,townhouse,Risskov,8240,4.8,2023,2023Q1,2023-03-09,56.199,10.22
5000000,112,4,1954,villa,Risskov,8240,4.8,2023,2023Q1,2023-03-10,56.196,10.243
3837500,165,4,2020,villa,Trige,8380,11.5,2023,2023Q1,2023-03-11,56.256,10.161
3700000,175,5,2019,villa,Hjortshøj,8530,15.0,2023,2023Q1,2023-03-11,56.292,10.218
2150000,85,4,1971,townhouse,Tranbjerg J,8310,8.2,2023,2023Q1,2023-03-11,56.091,10.151
4250000,104,3,1939,villa,Højbjerg,8270,4.9,2023,2023Q1,2023-03-11,56.122,10.163
2520000,204,5,1957,villa,Tilst,8381,7.2,2023,2023Q1,2023-03-12,56.191,10.113
4195000,150,7,1927,villa,Aarhus V,8210,3.8,2023,2023Q1,2023-03-12,56.161,10.151
3625000,146,5,1967,villa,Skødstrup,8541,13.3,2023,2023Q1,2023-03-12,56.264,10.307
3185000,135,5,2014,townhouse,Lystrup,8520,9.1,2023,2023Q1,2023-03-12,56.238,10.195
1075000,82,4,1961,villa,Hjortshøj,8530,12.5,2023,2023Q1,2023-03-12,56.264,10.267
4600000,110,4,1956,townhouse,Risskov,8240,3.9,2023,2023Q1,2023-03-12,56.191,10.22
2750000,112,4,2004,villa,Beder,8330,11.3,2023,2023Q1,2023-03-12,56.055,10.215
2295000,134,5,1967,villa,Skødstrup,8541,14.9,2023,2023Q1,2023-03-13,56.278,10.312
4200000,174,5,2008,villa,Skødstrup,8541,13.5,2023,2023Q1,2023-03-13,56.268,10.3
1975000,208,5,1910,villa,Tilst,8381,10.1,2023,2023Q1,2023-03-13,56.184,10.056
2200000,97,3,2006,townhouse,Skødstrup,8541,15.6,2023,2023Q1,2023-03-13,56.281,10.326
2550000,132,4,1969,villa,Viby J,8260,5.7,2023,2023Q1,2023-03-13,56.121,10.146
5000000,128,4,2010,villa,Egå,8250,12.2,2023,2023Q1,2023-03-13,56.243,10.333
2690000,202,5,1979,villa,Trige,8380,11.8,2023,2023Q1,2023-03-13,56.254,10.134
3130000,172,10,1965,villa,Viby J,8260,4.2,2023,2023Q1,2023-03-13,56.132,10.16
6600000,106,3,1884,townhouse,Aarhus C,8000,1.5,2023,2023Q1,2023-03-14,56.147,10.194
3000000,140,5,2014,townhouse,Malling,8340,14.2,2023,2023Q1,2023-03-14,56.03,10.186
1300000,80,4,1955,villa,Brabrand,8220,5.0,2023,2023Q1,2023-03-14,56.153,10.13
3995000,148,5,1998,villa,Skødstrup,8541,12.7,2023,2023Q1,2023-03-16,56.26,10.299
2300000,200,6,1904,villa,Brabrand,8220,8.5,2023,2023Q1,2023-03-16,56.152,10.074
3700000,96,4,1960,townhouse,Risskov,8240,3.9,2023,2023Q1,2023-03-16,56.191,10.223
3600000,87,4,1960,townhouse,Åbyhøj,8230,2.9,2023,2023Q1,2023-03-16,56.158,10.164
6450000,151,6,1959,townhouse,Højbjerg,8270,4.9,2023,2023Q1,2023-03-16,56.114,10.195
5425000,141,4,1935,townhouse,Aarhus C,8000,0.6,2023,2023Q1,2023-03-16,56.161,10.205
4050000,166,5,1967,villa,Risskov,8240,5.0,2023,2023Q1,2023-03-16,56.201,10.225
1998000,75,3,2005,townhouse,Brabrand,8220,7.3,2023,2023Q1,2023-03-16,56.162,10.094
3500000,146,8,1977,townhouse,Tranbjerg J,8310,8.3,2023,2023Q1,2023-03-17,56.09,10.148
7450000,158,7,1965,villa,Risskov,8240,4.3,2023,2023Q1,2023-03-18,56.191,10.244
2605000,135,5,1967,villa,Hjortshøj,8530,11.2,2023,2023Q1,2023-03-19,56.252,10.268
5100000,117,5,1953,villa,Aarhus N,8200,2.8,2023,2023Q1,2023-03-19,56.182,10.201
8000000,225,6,1927,villa,Risskov,8240,6.1,2023,2023Q1,2023-03-19,56.201,10.267
2700000,133,4,1970,villa,Beder,8330,10.9,2023,2023Q1,2023-03-19,56.059,10.212
5500000,167,5,1978,villa,Højbjerg,8270,6.3,2023,2023Q1,2023-03-19,56.1,10.201
3780000,190,6,1967,villa,Mårslet,8320,10.6,2023,2023Q1,2023-03-19,56.066,10.157
6500000,156,4,1909,villa,Åbyhøj,8230,2.6,2023,2023Q1,2023-03-19,56.155,10.169
2948000,117,5,1968,villa,Egå,8250,8.0,2023,2023Q1,2023-03-19,56.217,10.283
2300000,105,3,1968,townhouse,Lystrup,8520,8.2,2023,2023Q1,2023-03-19,56.229,10.23
2665000,124,4,1984,townhouse,Beder,8330,10.3,2023,2023Q1,2023-03-20,56.064,10.205
4550000,138,6,1968,townhouse,Aarhus V,8210,2.1,2023,2023Q1,2023-03-20,56.165,10.181
3075000,99,3,1952,villa,Brabrand,8220,5.5,2023,2023Q1,2023-03-20,56.152,10.122
3700000,120,4,2015,townhouse,Viby J,8260,7.1,2023,2023Q1,2023-03-20,56.131,10.107
2925000,154,5,1973,townhouse,Viby J,8260,5.9,2023,2023Q1,2023-03-20,56.122,10.138
4395000,130,4,2016,townhouse,Højbjerg,8270,4.8,2023,2023Q1,2023-03-20,56.122,10.166
2650000,114,5,1972,villa,Tranbjerg J,8310,9.0,2023,2023Q1,2023-03-20,56.09,10.128
2580000,120,6,1982,townhouse,Aarhus V,8210,4.7,2023,2023Q1,2023-03-20,56.173,10.14
2200000,152,5,1972,villa,Lystrup,8520,8.0,2023,2023Q1,2023-03-20,56.227,10.235
5750000,100,4,2018,villa,Egå,8250,11.6,2023,2023Q1,2023-03-21,56.236,10.333
4500000,195,7,1965,villa,Skødstrup,8541,12.4,2023,2023Q1,2023-03-21,56.258,10.295
11500000,249,10,1968,villa,Højbjerg,8270,5.8,2023,2023Q1,2023-03-21,56.105,10.224
3575000,132,5,1983,villa,Risskov,8240,6.0,2023,2023Q1,2023-03-21,56.207,10.248
3795000,159,5,2008,villa,Solbjerg,8355,14.2,2023,2023Q1,2023-03-21,56.046,10.097
4250000,98,4,1940,townhouse,Aarhus V,8210,2.5,2023,2023Q1,2023-03-21,56.163,10.172
4900000,181,7,1969,villa,Beder,8330,10.2,2023,2023Q1,2023-03-21,56.065,10.211
3550000,92,4,1954,villa,Aarhus V,8210,2.8,2023,2023Q1,2023-03-21,56.166,10.17
2300000,110,4,1971,townhouse,Tranbjerg J,8310,8.3,2023,2023Q1,2023-03-21,56.091,10.149
3685000,148,5,2017,townhouse,Lystrup,8520,9.0,2023,2023Q1,2023-03-22,56.238,10.197
9200000,205,6,1955,villa,Højbjerg,8270,3.8,2023,2023Q1,2023-03-22,56.125,10.189
9300000,200,8,1939,villa,Aarhus N,8200,2.5,2023,2023Q1,2023-03-22,56.179,10.214
5000000,148,5,1852,townhouse,Aarhus C,8000,1.4,2023,2023Q1,2023-03-22,56.168,10.218
2295000,117,5,1967,villa,Tilst,8381,8.2,2023,2023Q1,2023-03-23,56.193,10.095
995000,182,5,2023,villa,Malling,8340,13.6,2023,2023Q1,2023-03-23,56.035,10.191
5200000,152,6,1951,villa,Aarhus V,8210,2.8,2023,2023Q1,2023-03-23,56.163,10.167
4125000,103,4,1963,townhouse,Risskov,8240,4.4,2023,2023Q1,2023-03-23,56.196,10.214
4500000,153,7,1965,townhouse,Højbjerg,8270,4.7,2023,2023Q1,2023-03-23,56.116,10.187
6385000,185,5,2022,villa,Skødstrup,8541,13.8,2023,2023Q1,2023-03-23,56.256,10.343
4498000,179,6,1991,villa,Risskov,8240,6.0,2023,2023Q1,2023-03-23,56.208,10.242
2512500,116,4,2000,townhouse,Skødstrup,8541,15.1,2023,2023Q1,2023-03-24,56.281,10.311
6320000,180,5,2013,villa,Højbjerg,8270,5.5,2023,2023Q1,2023-03-25,56.107,10.21
8595000,170,5,1971,villa,Risskov,8240,5.4,2023,2023Q1,2023-03-26,56.198,10.257
2315000,97,3,2001,townhouse,Aarhus V,8210,4.7,2023,2023Q1,2023-03-26,56.171,10.139
6350000,128,4,1942,villa,Aarhus V,8210,2.2,2023,2023Q1,2023-03-26,56.165,10.178
2895000,87,4,1987,townhouse,Risskov,8240,5.3,2023,2023Q1,2023-03-26,56.205,10.212
1700000,112,4,1979,villa,Hasselager,8361,10.6,2023,2023Q1,2023-03-26,56.104,10.068
2100000,90,4,1974,villa,Tranbjerg J,8310,9.4,2023,2023Q1,2023-03-26,56.09,10.119
3900000,152,5,1976,villa,Hasselager,8361,10.1,2023,2023Q1,2023-03-26,56.108,10.073
1725000,253,11,1927,villa,Malling,8340,13.2,2023,2023Q1,2023-03-26,56.038,10.194
8000000,157,6,1948,townhouse,Risskov,8240,5.6,2023,2023Q1,2023-03-27,56.2,10.257
2000000,89,3,2012,townhouse,Harlev J,8462,13.6,2023,2023Q1,2023-03-27,56.142,9.993
1650000,175,5,2023,villa,Malling,8340,14.8,2023,2023Q1,2023-03-27,56.025,10.188
4860000,151,5,1998,villa,Højbjerg,8270,5.6,2023,2023Q1,2023-03-27,56.108,10.183
18000000,268,11,1919,villa,Aarhus C,8000,3.4,2023,2023Q1,2023-03-28,56.126,10.213
4275000,115,4,1967,villa,Aarhus V,8210,3.6,2023,2023Q1,2023-03-28,56.164,10.154
2900000,119,5,1987,townhouse,Mårslet,8320,10.9,2023,2023Q1,2023-03-28,56.062,10.166
4200000,160,5,2006,villa,Mårslet,8320,10.9,2023,2023Q1,2023-03-28,56.064,10.154
5100000,155,4,2018,villa,Egå,8250,9.5,2023,2023Q1,2023-03-28,56.232,10.284
1850000,96,3,1971,townhouse,Tranbjerg J,8310,8.1,2023,2023Q1,2023-03-28,56.091,10.153
4600000,184,5,2008,villa,Skødstrup,8541,13.5,2023,2023Q1,2023-03-28,56.257,10.334
2932000,173,5,1973,villa,Tilst,8381,7.0,2023,2023Q1,2023-03-28,56.178,10.104
2300000,119,5,1977,townhouse,Tilst,8381,7.5,2023,2023Q1,2023-03-28,56.193,10.108
2550000,100,4,1971,townhouse,Tranbjerg J,8310,8.2,2023,2023Q1,2023-03-28,56.09,10.152
3495000,193,8,1965,villa,Beder,8330,10.4,2023,2023Q1,2023-03-29,56.063,10.204
2050000,85,3,1973,townhouse,Tranbjerg J,8310,9.3,2023,2023Q1,2023-03-29,56.089,10.124
2675000,116,4,2008,townhouse,Brabrand,8220,7.6,2023,2023Q1,2023-03-29,56.159,10.087
2130000,193,6,2023,villa,Viby J,8260,6.3,2023,2023Q1,2023-03-29,56.12,10.132
2750000,124,4,1976,villa,Lystrup,8520,9.5,2023,2023Q1,2023-03-29,56.242,10.226
3450000,140,9,1965,villa,Lystrup,8520,9.0,2023,2023Q1,2023-03-29,56.238,10.223
3075000,136,4,2008,townhouse,Hasselager,8361,10.7,2023,2023Q1,2023-03-30,56.107,10.062
3395000,125,5,1969,villa,Beder,8330,10.2,2023,2023Q1,2023-03-30,56.065,10.211
3095000,124,4,1984,villa,Beder,8330,10.5,2023,2023Q1,2023-03-30,56.062,10.2
2625000,101,4,1984,townhouse,Beder,8330,11.4,2023,2023Q1,2023-03-30,56.055,10.202
7600000,132,5,2020,townhouse,Risskov,8240,3.7,2023,2023Q1,2023-03-30,56.187,10.234
2950000,42,1,2019,villa,Aarhus C,8000,1.3,2023,2023Q1,2023-03-30,56.163,10.229
3556372,132,4,1969,villa,Viby J,8260,6.5,2023,2023Q1,2023-03-30,56.11,10.148
2700000,135,5,1976,villa,Sabro,8471,14.5,2023,2023Q1,2023-03-30,56.228,10.015
6350000,148,6,1932,villa,Risskov,8240,4.2,2023,2023Q1,2023-03-30,56.193,10.232
2550000,123,4,1977,townhouse,Tranbjerg J,8310,8.3,2023,2023Q1,2023-03-30,56.097,10.131
4950000,175,7,1971,villa,Brabrand,8220,5.3,2023,2023Q1,2023-03-30,56.16,10.126
1680000,107,3,1950,villa,Sabro,8471,16.5,2023,2023Q1,2023-03-30,56.223,9.971
4800000,114,3,1955,townhouse,Viby J,8260,3.2,2023,2023Q1,2023-03-30,56.133,10.181
1675000,41,1,1960,townhouse,Åbyhøj,8230,2.9,2023,2023Q1,2023-03-30,56.158,10.164
1025000,70,3,1875,villa,Aarhus N,8200,6.9,2023,2023Q1,2023-03-31,56.218,10.192
4350000,140,5,1966,townhouse,Egå,8250,7.4,2023,2023Q2,2023-04-01,56.21,10.282
2915000,185,6,1927,villa,Aarhus N,8200,2.4,2023,2023Q2,2023-04-01,56.174,10.188
2825000,100,4,1951,townhouse,Risskov,8240,5.2,2023,2023Q2,2023-04-01,56.201,10.237
3350000,162,5,1975,villa,Malling,8340,12.6,2023,2023Q2,2023-04-01,56.043,10.195
4650000,138,5,1959,villa,Åbyhøj,8230,2.7,2023,2023Q2,2023-04-01,56.162,10.168
3350000,98,3,1951,villa,Viby J,8260,3.6,2023,2023Q2,2023-04-02,56.132,10.173
3025000,98,3,1984,townhouse,Aarhus V,8210,3.9,2023,2023Q2,2023-04-02,56.177,10.16
6950000,169,5,1972,villa,Risskov,8240,5.5,2023,2023Q2,2023-04-02,56.2,10.253
2950000,104,4,2002,townhouse,Skødstrup,8541,13.4,2023,2023Q2,2023-04-03,56.265,10.304
3100000,74,2,1989,townhouse,Aarhus V,8210,2.6,2023,2023Q2,2023-04-03,56.165,10.171
2725000,104,4,2007,townhouse,Mårslet,8320,10.9,2023,2023Q2,2023-04-03,56.065,10.15
3050000,135,5,2014,townhouse,Hasselager,8361,8.6,2023,2023Q2,2023-04-03,56.114,10.095
2365000,95,4,1981,townhouse,Aarhus V,8210,5.0,2023,2023Q2,2023-04-03,56.174,10.137
1695000,123,4,1978,villa,Trige,8380,9.4,2023,2023Q2,2023-04-03,56.231,10.14
5800000,201,5,2008,villa,Mårslet,8320,10.8,2023,2023Q2,2023-04-04,56.066,10.151
2230000,117,4,1965,villa,Tilst,8381,8.2,2023,2023Q2,2023-04-04,56.191,10.093
2255000,93,3,2005,townhouse,Skødstrup,8541,15.5,2023,2023Q2,2023-04-04,56.281,10.325
3250000,98,4,2017,townhouse,Lystrup,8520,8.2,2023,2023Q2,2023-04-04,56.23,10.227
6400000,143,4,1975,villa,Højbjerg,8270,5.3,2023,2023Q2,2023-04-04,56.113,10.176
2900000,171,6,2003,villa,Harlev J,8462,13.9,2023,2023Q2,2023-04-04,56.129,9.991
9750000,298,11,1975,villa,Aarhus N,8200,2.2,2023,2023Q2,2023-04-04,56.175,10.194
2898000,137,4,1981,villa,Solbjerg,8355,14.9,2023,2023Q2,2023-04-04,56.04,10.093
7123300,167,4,1980,townhouse,Aarhus C,8000,2.7,2023,2023Q2,2023-04-04,56.133,10.211
2725000,94,3,1987,townhouse,Risskov,8240,4.6,2023,2023Q2,2023-04-04,56.197,10.196
7500000,187,8,1976,villa,Højbjerg,8270,5.9,2023,2023Q2,2023-04-05,56.103,10.204
4625000,155,5,1935,villa,Viby J,8260,3.5,2023,2023Q2,2023-04-05,56.134,10.173
6200000,160,6,1965,villa,Egå,8250,7.0,2023,2023Q2,2023-04-05,56.207,10.28
6500000,115,5,1885,townhouse,Aarhus C,8000,1.4,2023,2023Q2,2023-04-06,56.147,10.197
8350000,343,8,1978,villa,Højbjerg,8270,5.7,2023,2023Q2,2023-04-06,56.106,10.216
3750000,143,5,1966,villa,Risskov,8240,5.4,2023,2023Q2,2023-04-06,56.204,10.225
2499000,110,4,1962,villa,Solbjerg,8355,15.4,2023,2023Q2,2023-04-07,56.037,10.086
3895000,126,4,2016,townhouse,Egå,8250,6.4,2023,2023Q2,2023-04-08,56.207,10.261
4150000,144,4,2011,villa,Malling,8340,12.4,2023,2023Q2,2023-04-09,56.046,10.191
5600000,166,5,1961,townhouse,Aarhus N,8200,2.4,2023,2023Q2,2023-04-09,56.178,10.218
2050000,88,3,1979,townhouse,Tilst,8381,7.5,2023,2023Q2,2023-04-10,56.194,10.11
6700000,100,6,1888,townhouse,Aarhus C,8000,1.4,2023,2023Q2,2023-04-10,56.147,10.199
1755000,78,2,1955,villa,Hasselager,8361,8.4,2023,2023Q2,2023-04-10,56.107,10.11
4850000,123,4,2012,townhouse,Risskov,8240,3.3,2023,2023Q2,2023-04-10,56.185,10.224
3160000,140,4,2019,townhouse,Hasselager,8361,9.2,2023,2023Q2,2023-04-10,56.113,10.085
4995000,166,5,2000,villa,Beder,8330,10.9,2023,2023Q2,2023-04-10,56.059,10.221
5250000,202,6,1969,villa,Risskov,8240,5.3,2023,2023Q2,2023-04-10,56.204,10.221
6695000,149,4,1974,villa,Egå,8250,9.1,2023,2023Q2,2023-04-11,56.224,10.294
4750000,130,5,1965,villa,Højbjerg,8270,4.8,2023,2023Q2,2023-04-11,56.115,10.188
2750000,145,5,1877,villa,Egå,8250,11.8,2023,2023Q2,2023-04-11,56.24,10.329
3550000,145,6,1963,villa,Aarhus V,8210,3.1,2023,2023Q2,2023-04-11,56.169,10.165
2700000,140,5,1925,villa,Tranbjerg J,8310,8.0,2023,2023Q2,2023-04-11,56.098,10.137
6520000,172,5,1977,villa,Højbjerg,8270,5.9,2023,2023Q2,2023-04-11,56.104,10.211
5100000,152,5,1965,villa,Risskov,8240,5.1,2023,2023Q2,2023-04-11,56.199,10.243
4998000,174,5,2002,villa,Skødstrup,8541,15.1,2023,2023Q2,2023-04-12,56.277,10.322
3170000,116,4,1984,villa,Aarhus V,8210,5.8,2023,2023Q2,2023-04-12,56.176,10.124
3500000,76,2,1990,townhouse,Højbjerg,8270,5.9,2023,2023Q2,2023-04-12,56.104,10.205
2725000,95,4,1969,villa,Tilst,8381,7.0,2023,2023Q2,2023-04-12,56.19,10.114
4150000,95,4,1952,townhouse,Aarhus V,8210,3.2,2023,2023Q2,2023-04-13,56.165,10.162
4550000,175,6,1965,villa,Beder,8330,10.6,2023,2023Q2,2023-04-13,56.062,10.21
3475000,245,8,1977,villa,Lystrup,8520,9.2,2023,2023Q2,2023-04-13,56.238,10.238
2200000,80,3,2008,townhouse,Tilst,8381,6.4,2023,2023Q2,2023-04-14,56.175,10.112
2220000,100,4,1974,townhouse,Tranbjerg J,8310,9.3,2023,2023Q2,2023-04-14,56.09,10.121
8000000,194,7,1932,villa,Brabrand,8220,6.4,2023,2023Q2,2023-04-15,56.155,10.107
7808000,164,7,1972,villa,Risskov,8240,6.1,2023,2023Q2,2023-04-15,56.202,10.267
2995000,93,4,2001,townhouse,Aarhus N,8200,4.8,2023,2023Q2,2023-04-15,56.198,10.19
5150000,160,6,1985,townhouse,Højbjerg,8270,5.3,2023,2023Q2,2023-04-16,56.109,10.215
2925000,138,5,1962,villa,Tilst,8381,8.0,2023,2023Q2,2023-04-16,56.19,10.096
4800000,163,5,1973,villa,Egå,8250,10.0,2023,2023Q2,2023-04-16,56.23,10.303
3425000,110,4,1961,villa,Brabrand,8220,6.1,2023,2023Q2,2023-04-16,56.155,10.112
3325000,154,5,2018,villa,Sabro,8471,16.4,2023,2023Q2,2023-04-16,56.223,9.974
1350000,109,4,1970,villa,Hjortshøj,8530,15.8,2023,2023Q2,2023-04-16,56.299,10.216
4350000,125,4,1947,villa,Brabrand,8220,5.8,2023,2023Q2,2023-04-16,56.155,10.118
2400000,127,4,2006,townhouse,Trige,8380,11.6,2023,2023Q2,2023-04-16,56.253,10.14
5100000,176,8,1877,villa,Malling,8340,13.9,2023,2023Q2,2023-04-16,56.035,10.264
2800000,105,4,2012,townhouse,Sabro,8471,11.5,2023,2023Q2,2023-04-17,56.207,10.048
3950000,83,4,1946,villa,Aarhus V,8210,3.8,2023,2023Q2,2023-04-17,56.161,10.15
2000000,74,3,2006,townhouse,Brabrand,8220,7.5,2023,2023Q2,2023-04-17,56.159,10.09
3100000,125,5,1925,villa,Viby J,8260,5.6,2023,2023Q2,2023-04-17,56.116,10.156
3685000,94,4,1953,villa,Viby J,8260,3.7,2023,2023Q2,2023-04-17,56.135,10.167
3625000,164,7,1984,villa,Hasselager,8361,9.7,2023,2023Q2,2023-04-18,56.105,10.085
3675000,114,4,1966,villa,Viby J,8260,4.8,2023,2023Q2,2023-04-18,56.128,10.153
1400000,150,5,1930,villa,Sabro,8471,15.6,2023,2023Q2,2023-04-18,56.22,9.985
2950000,124,3,2012,townhouse,Malling,8340,14.2,2023,2023Q2,2023-04-18,56.03,10.188
16678888,247,7,1927,villa,Risskov,8240,3.2,2023,2023Q2,2023-04-18,56.184,10.228
2725000,105,3,1985,townhouse,Risskov,8240,4.5,2023,2023Q2,2023-04-18,56.196,10.196
2698000,83,4,1988,townhouse,Aarhus N,8200,3.8,2023,2023Q2,2023-04-18,56.19,10.193
3880000,150,6,1995,villa,Mårslet,8320,9.7,2023,2023Q2,2023-04-18,56.072,10.169
3000000,92,3,1985,townhouse,Risskov,8240,4.5,2023,2023Q2,2023-04-18,56.196,10.195
5950000,159,6,2004,villa,Højbjerg,8270,6.1,2023,2023Q2,2023-04-18,56.105,10.177
4750000,214,7,1937,villa,Brabrand,8220,5.9,2023,2023Q2,2023-04-19,56.155,10.116
5450000,148,6,1934,villa,Åbyhøj,8230,3.9,2023,2023Q2,2023-04-19,56.156,10.148
2820000,161,5,1975,villa,Tilst,8381,8.3,2023,2023Q2,2023-04-19,56.189,10.091
4800000,105,4,1965,villa,Højbjerg,8270,4.1,2023,2023Q2,2023-04-19,56.122,10.185
2250000,84,3,1972,townhouse,Beder,8330,12.1,2023,2023Q2,2023-04-19,56.05,10.243
2250000,96,2,1972,townhouse,Beder,8330,12.1,2023,2023Q2,2023-04-19,56.05,10.243
3950000,83,5,1960,villa,Højbjerg,8270,4.6,2023,2023Q2,2023-04-19,56.118,10.184
6195000,170,5,1962,villa,Risskov,8240,5.5,2023,2023Q2,2023-04-19,56.2,10.254
2550000,95,4,1970,villa,Hjortshøj,8530,10.4,2023,2023Q2,2023-04-19,56.246,10.261
6700000,175,3,1925,villa,Viby J,8260,3.7,2023,2023Q2,2023-04-19,56.133,10.17
2715000,176,6,1980,villa,Harlev J,8462,13.3,2023,2023Q2,2023-04-19,56.14,9.998
3595000,147,5,1966,villa,Beder,8330,10.3,2023,2023Q2,2023-04-20,56.064,10.211
2850000,92,4,1987,townhouse,Aarhus N,8200,3.9,2023,2023Q2,2023-04-20,56.191,10.194
5300000,107,5,1934,villa,Viby J,8260,3.9,2023,2023Q2,2023-04-20,56.127,10.179
6850000,118,5,1940,villa,Risskov,8240,4.3,2023,2023Q2,2023-04-21,56.193,10.233
1650000,88,3,1972,townhouse,Tranbjerg J,8310,9.2,2023,2023Q2,2023-04-22,56.088,10.127
2050000,93,3,1986,townhouse,Tranbjerg J,8310,8.4,2023,2023Q2,2023-04-22,56.095,10.133
7200000,155,6,1962,villa,Egå,8250,8.3,2023,2023Q2,2023-04-22,56.217,10.292
4150000,153,5,1971,townhouse,Aarhus V,8210,2.7,2023,2023Q2,2023-04-22,56.167,10.171
4020000,164,5,2006,villa,Skødstrup,8541,13.7,2023,2023Q2,2023-04-22,56.259,10.334
3187000,143,6,1983,villa,Viby J,8260,6.3,2023,2023Q2,2023-04-23,56.127,10.123
6000000,102,5,1950,townhouse,Højbjerg,8270,4.3,2023,2023Q2,2023-04-23,56.119,10.202
1750000,94,4,1982,townhouse,Viby J,8260,4.1,2023,2023Q2,2023-04-23,56.128,10.17
1750000,98,2,1965,villa,Brabrand,8220,10.5,2023,2023Q2,2023-04-23,56.172,10.043
3850000,147,6,1970,villa,Lystrup,8520,8.3,2023,2023Q2,2023-04-23,56.23,10.228
4850000,151,5,1977,villa,Højbjerg,8270,5.2,2023,2023Q2,2023-04-23,56.112,10.183
5400000,144,4,1951,villa,Højbjerg,8270,4.9,2023,2023Q2,2023-04-23,56.119,10.172
2300000,84,3,1973,townhouse,Aarhus V,8210,4.0,2023,2023Q2,2023-04-24,56.172,10.152
6150000,116,5,1965,villa,Risskov,8240,4.3,2023,2023Q2,2023-04-24,56.191,10.243
3000000,123,5,1986,townhouse,Lystrup,8520,9.8,2023,2023Q2,2023-04-25,56.243,10.239
4100000,143,5,1972,villa,Viby J,8260,6.0,2023,2023Q2,2023-04-25,56.134,10.122
6579000,199,5,2019,villa,Solbjerg,8355,14.7,2023,2023Q2,2023-04-25,56.041,10.096
4762500,225,6,1998,villa,Hasselager,8361,9.4,2023,2023Q2,2023-04-25,56.113,10.08
2800000,78,2,1982,villa,Risskov,8240,5.9,2023,2023Q2,2023-04-25,56.206,10.245
4213000,184,6,1967,villa,Brabrand,8220,5.2,2023,2023Q2,2023-04-25,56.159,10.127
3448000,134,4,1961,villa,Risskov,8240,4.8,2023,2023Q2,2023-04-25,56.198,10.228
8800000,207,8,1967,villa,Egå,8250,8.4,2023,2023Q2,2023-04-25,56.217,10.292
2900000,106,3,1951,villa,Viby J,8260,5.3,2023,2023Q2,2023-04-25,56.121,10.155
2250000,130,5,1986,villa,Sabro,8471,16.8,2023,2023Q2,2023-04-25,56.226,9.97
2650000,130,5,1979,villa,Hasselager,8361,10.6,2023,2023Q2,2023-04-25,56.105,10.066
1900000,106,5,1977,townhouse,Tranbjerg J,8310,8.3,2023,2023Q2,2023-04-25,56.089,10.153
2450000,111,5,1909,villa,Tilst,8381,8.2,2023,2023Q2,2023-04-26,56.189,10.092
4250000,106,4,1960,villa,Risskov,8240,5.1,2023,2023Q2,2023-04-26,56.199,10.24
5798000,142,5,1951,townhouse,Åbyhøj,8230,3.2,2023,2023Q2,2023-04-26,56.152,10.16
2895000,93,4,2001,townhouse,Aarhus N,8200,4.8,2023,2023Q2,2023-04-26,56.198,10.19
2725000,87,4,1988,townhouse,Risskov,8240,5.4,2023,2023Q2,2023-04-26,56.205,10.211
4150000,117,3,1955,townhouse,Risskov,8240,3.8,2023,2023Q2,2023-04-26,56.191,10.22
3975000,145,4,1978,villa,Aarhus V,8210,4.3,2023,2023Q2,2023-04-26,56.179,10.155
2350000,171,6,1979,villa,Hasselager,8361,10.5,2023,2023Q2,2023-04-27,56.103,10.071
11300000,200,6,2014,villa,Risskov,8240,4.8,2023,2023Q2,2023-04-27,56.194,10.25
3950000,133,5,2011,villa,Hjortshøj,8530,11.6,2023,2023Q2,2023-04-27,56.256,10.272
3125000,120,4,1960,townhouse,Højbjerg,8270,4.7,2023,2023Q2,2023-04-27,56.121,10.168
3190000,153,5,1890,villa,Aarhus N,8200,7.6,2023,2023Q2,2023-04-27,56.221,10.166
2495000,69,2,1987,townhouse,Risskov,8240,4.7,2023,2023Q2,2023-04-28,56.198,10.195
3575000,137,4,1973,villa,Lystrup,8520,9.0,2023,2023Q2,2023-04-28,56.237,10.198
6225000,221,6,2010,villa,Lystrup,8520,8.8,2023,2023Q2,2023-04-29,56.235,10.194
3000000,110,4,2019,townhouse,Hasselager,8361,9.1,2023,2023Q2,2023-04-29,56.112,10.087
5125000,174,5,2017,villa,Skødstrup,8541,14.8,2023,2023Q2,2023-04-29,56.274,10.322
3100000,149,6,1964,villa,Beder,8330,10.5,2023,2023Q2,2023-04-29,56.062,10.21
3075000,134,6,1968,villa,Tranbjerg J,8310,9.0,2023,2023Q2,2023-04-29,56.086,10.14
5360000,129,4,2016,villa,Egå,8250,12.0,2023,2023Q2,2023-04-30,56.242,10.33
6875000,232,8,2004,villa,Risskov,8240,6.0,2023,2023Q2,2023-04-30,56.208,10.242
4525000,156,5,2022,villa,Malling,8340,14.9,2023,2023Q2,2023-05-01,56.023,10.184
4950000,109,4,1951,townhouse,Aarhus V,8210,2.1,2023,2023Q2,2023-05-01,56.168,10.183
4900000,133,4,1957,villa,Højbjerg,8270,4.6,2023,2023Q2,2023-05-01,56.115,10.216
2500000,125,5,1972,villa,Aarhus V,8210,3.6,2023,2023Q2,2023-05-01,56.173,10.162
3949000,172,4,2023,villa,Hjortshøj,8530,15.2,2023,2023Q2,2023-05-01,56.294,10.215
2475000,190,7,1970,villa,Malling,8340,13.2,2023,2023Q2,2023-05-01,56.038,10.203
3200000,124,5,1964,villa,Højbjerg,8270,5.3,2023,2023Q2,2023-05-01,56.118,10.161
3998000,126,7,1961,villa,Brabrand,8220,6.2,2023,2023Q2,2023-05-01,56.158,10.112
2590000,88,4,1970,villa,Tranbjerg J,8310,8.3,2023,2023Q2,2023-05-02,56.091,10.147
1825000,171,5,1980,villa,Solbjerg,8355,12.5,2023,2023Q2,2023-05-02,56.063,10.099
9900000,226,5,2008,villa,Risskov,8240,5.6,2023,2023Q2,2023-05-02,56.197,10.263
4498000,152,4,2018,townhouse,Aarhus N,8200,8.8,2023,2023Q2,2023-05-02,56.235,10.204
6550000,118,5,1962,villa,Højbjerg,8270,4.0,2023,2023Q2,2023-05-02,56.124,10.184
3900000,151,6,1975,villa,Brabrand,8220,6.4,2023,2023Q2,2023-05-02,56.159,10.108
3750000,114,4,2003,townhouse,Højbjerg,8270,6.5,2023,2023Q2,2023-05-02,56.102,10.174
3995000,141,4,1969,villa,Tilst,8381,8.5,2023,2023Q2,2023-05-02,56.192,10.09
1850000,170,6,1850,villa,Hjortshøj,8530,12.0,2023,2023Q2,2023-05-02,56.264,10.208
5400000,181,5,2006,villa,Lystrup,8520,10.0,2023,2023Q2,2023-05-03,56.244,10.251
4900000,168,5,1974,villa,Egå,8250,9.9,2023,2023Q2,2023-05-03,56.23,10.302
4736000,127,5,1969,villa,Risskov,8240,3.4,2023,2023Q2,2023-05-03,56.187,10.221
4150000,160,4,2020,townhouse,Solbjerg,8355,14.1,2023,2023Q2,2023-05-03,56.048,10.093
2700000,105,3,1935,villa,Viby J,8260,4.9,2023,2023Q2,2023-05-03,56.123,10.16
9600000,184,7,1906,townhouse,Aarhus N,8200,1.9,2023,2023Q2,2023-05-03,56.173,10.22
2100000,78,4,1948,townhouse,Åbyhøj,8230,3.7,2023,2023Q2,2023-05-03,56.159,10.151
7600000,150,4,1961,villa,Brabrand,8220,6.2,2023,2023Q2,2023-05-03,56.151,10.111
8600000,273,8,1937,villa,Risskov,8240,4.9,2023,2023Q2,2023-05-03,56.196,10.245
2023000,93,4,1987,townhouse,Risskov,8240,4.7,2023,2023Q2,2023-05-03,56.199,10.213
2799000,160,5,1962,villa,Lystrup,8520,8.5,2023,2023Q2,2023-05-03,56.233,10.225
4550000,145,5,1973,townhouse,Risskov,8240,5.0,2023,2023Q2,2023-05-04,56.201,10.22
5300000,176,6,2005,villa,Brabrand,8220,7.0,2023,2023Q2,2023-05-06,56.161,10.098
5800000,85,3,1888,villa,Aarhus C,8000,1.1,2023,2023Q2,2023-05-06,56.148,10.203
4145000,90,3,1972,townhouse,Risskov,8240,3.2,2023,2023Q2,2023-05-07,56.183,10.23
6100000,135,5,2021,villa,Åbyhøj,8230,3.6,2023,2023Q2,2023-05-07,56.152,10.154
1537835,92,5,1877,townhouse,Aarhus N,8200,7.5,2023,2023Q2,2023-05-07,56.207,10.131
7198000,172,5,2019,villa,Højbjerg,8270,4.9,2023,2023Q2,2023-05-07,56.119,10.171
7398000,136,4,1964,villa,Risskov,8240,4.3,2023,2023Q2,2023-05-07,56.191,10.245
2850000,136,5,1979,villa,Tilst,8381,7.4,2023,2023Q2,2023-05-08,56.187,10.105
4100000,149,5,2009,villa,Harlev J,8462,13.8,2023,2023Q2,2023-05-08,56.138,9.991
2825000,107,4,2016,townhouse,Hasselager,8361,10.8,2023,2023Q2,2023-05-08,56.107,10.061
3500000,130,4,1976,villa,Brabrand,8220,6.3,2023,2023Q2,2023-05-08,56.16,10.11
2150000,112,4,1978,villa,Trige,8380,11.5,2023,2023Q2,2023-05-08,56.251,10.134
1525000,135,4,1937,villa,Sabro,8471,15.1,2023,2023Q2,2023-05-08,56.235,10.011
3150000,100,4,1987,townhouse,Aarhus N,8200,3.7,2023,2023Q2,2023-05-08,56.189,10.194
2500000,87,4,1990,townhouse,Risskov,8240,4.5,2023,2023Q2,2023-05-08,56.197,10.198
6250000,150,5,1955,villa,Højbjerg,8270,5.1,2023,2023Q2,2023-05-08,56.117,10.169
3500000,171,4,1930,townhouse,Aarhus N,8200,4.8,2023,2023Q2,2023-05-09,56.189,10.159
3050305,168,5,1966,villa,Beder,8330,10.3,2023,2023Q2,2023-05-09,56.064,10.212
1595000,85,3,1918,villa,Harlev J,8462,13.3,2023,2023Q2,2023-05-09,56.141,9.999
4850000,112,4,1940,villa,Åbyhøj,8230,3.7,2023,2023Q2,2023-05-09,56.16,10.151
2500000,123,4,1976,townhouse,Brabrand,8220,7.6,2023,2023Q2,2023-05-09,56.151,10.088
3625000,148,5,2016,townhouse,Lystrup,8520,9.1,2023,2023Q2,2023-05-09,56.238,10.197
5645000,180,6,2012,villa,Viby J,8260,7.4,2023,2023Q2,2023-05-09,56.127,10.103
5650000,129,5,2014,townhouse,Risskov,8240,3.2,2023,2023Q2,2023-05-09,56.184,10.223
2350000,96,3,1989,villa,Hasselager,8361,8.9,2023,2023Q2,2023-05-09,56.107,10.097
3500000,120,5,1962,villa,Aarhus V,8210,3.3,2023,2023Q2,2023-05-09,56.179,10.175
3200000,131,4,1996,villa,Mårslet,8320,9.8,2023,2023Q2,2023-05-09,56.072,10.167
15700000,255,6,2020,villa,Egå,8250,7.9,2023,2023Q2,2023-05-10,56.213,10.288
2600000,133,5,1920,villa,Sabro,8471,10.3,2023,2023Q2,2023-05-11,56.199,10.063
5200000,134,4,1986,townhouse,Egå,8250,9.7,2023,2023Q2,2023-05-11,56.229,10.299
4750000,142,6,1954,villa,Højbjerg,8270,5.1,2023,2023Q2,2023-05-11,56.119,10.162
5675000,200,5,2018,villa,Egå,8250,7.5,2023,2023Q2,2023-05-11,56.217,10.263
7900000,139,5,1978,villa,Risskov,8240,5.7,2023,2023Q2,2023-05-11,56.201,10.26
4495000,139,4,1979,villa,Aarhus N,8200,2.5,2023,2023Q2,2023-05-11,56.175,10.186
2635000,81,4,1982,townhouse,Aarhus N,8200,5.2,2023,2023Q2,2023-05-11,56.199,10.173
2430000,93,4,1983,townhouse,Aarhus V,8210,4.1,2023,2023Q2,2023-05-11,56.175,10.154
3900000,157,6,1984,villa,Tranbjerg J,8310,9.6,2023,2023Q2,2023-05-12,56.083,10.13
3700000,158,5,1982,townhouse,Aarhus V,8210,5.4,2023,2023Q2,2023-05-12,56.176,10.13
3875000,111,4,1965,townhouse,Egå,8250,7.0,2023,2023Q2,2023-05-12,56.208,10.277
8100000,145,5,1928,villa,Aarhus C,8000,1.4,2023,2023Q2,2023-05-13,56.16,10.189
9650000,150,5,1939,villa,Aarhus C,8000,2.4,2023,2023Q2,2023-05-13,56.138,10.191
3350000,118,4,1966,villa,Mårslet,8320,10.6,2023,2023Q2,2023-05-13,56.066,10.158
6200000,212,8,2016,villa,Mårslet,8320,11.2,2023,2023Q2,2023-05-13,56.059,10.165
2960000,175,6,1971,villa,Solbjerg,8355,15.5,2023,2023Q2,2023-05-13,56.04,10.074
5500000,124,5,1961,villa,Aarhus N,8200,2.4,2023,2023Q2,2023-05-13,56.178,10.21
4800000,221,6,1952,villa,Højbjerg,8270,4.4,2023,2023Q2,2023-05-13,56.119,10.186
2995000,139,5,1987,townhouse,Hasselager,8361,8.7,2023,2023Q2,2023-05-14,56.108,10.101
3250000,67,3,1955,villa,Egå,8250,11.1,2023,2023Q2,2023-05-14,56.233,10.326
3900000,130,4,2016,villa,Tranbjerg J,8310,9.8,2023,2023Q2,2023-05-14,56.086,10.117
3395000,132,4,2004,townhouse,Egå,8250,9.4,2023,2023Q2,2023-05-14,56.227,10.295
4300000,130,4,1973,villa,Risskov,8240,5.6,2023,2023Q2,2023-05-15,56.204,10.244
10000000,181,6,1876,townhouse,Aarhus C,8000,1.1,2023,2023Q2,2023-05-15,56.148,10.202
2200000,108,4,1946,villa,Lystrup,8520,8.4,2023,2023Q2,2023-05-15,56.232,10.23
3650000,190,6,1961,villa,Aarhus V,8210,3.4,2023,2023Q2,2023-05-15,56.17,10.161
4248000,98,3,1940,townhouse,Aarhus V,8210,2.5,2023,2023Q2,2023-05-15,56.163,10.172
2565000,122,4,1987,townhouse,Hasselager,8361,8.5,2023,2023Q2,2023-05-15,56.109,10.103
3350000,168,4,1969,villa,Tranbjerg J,8310,9.4,2023,2023Q2,2023-05-15,56.085,10.129
4350000,171,5,1974,villa,Skødstrup,8541,13.6,2023,2023Q2,2023-05-15,56.267,10.305
2630000,108,4,1982,townhouse,Tilst,8381,7.2,2023,2023Q2,2023-05-15,56.194,10.115
1475000,91,3,1987,townhouse,Trige,8380,11.7,2023,2023Q2,2023-05-15,56.254,10.139
4075000,236,6,1968,villa,Solbjerg,8355,14.8,2023,2023Q2,2023-05-16,56.043,10.087
2700000,111,3,1872,villa,Åbyhøj,8230,3.4,2023,2023Q2,2023-05-16,56.145,10.16
2980000,146,6,1966,villa,Trige,8380,11.6,2023,2023Q2,2023-05-16,56.255,10.144
5700000,191,6,1909,villa,Egå,8250,9.3,2023,2023Q2,2023-05-16,56.23,10.284
4000000,104,5,2011,townhouse,Risskov,8240,5.7,2023,2023Q2,2023-05-16,56.205,10.241
2590000,198,5,2023,villa,Mårslet,8320,9.4,2023,2023Q2,2023-05-16,56.076,10.165
3995000,118,5,2023,townhouse,Egå,8250,9.3,2023,2023Q2,2023-05-16,56.227,10.294
3695000,131,4,2015,townhouse,Mårslet,8320,9.3,2023,2023Q2,2023-05-16,56.082,10.144
2400000,87,4,1992,townhouse,Risskov,8240,4.5,2023,2023Q2,2023-05-16,56.196,10.198
5850000,132,3,1963,villa,Brabrand,8220,5.4,2023,2023Q2,2023-05-16,56.149,10.125
3050000,93,4,2001,townhouse,Aarhus N,8200,4.8,2023,2023Q2,2023-05-17,56.198,10.19
3330000,157,7,1983,villa,Sabro,8471,12.5,2023,2023Q2,2023-05-17,56.212,10.034
4500000,146,5,2005,villa,Brabrand,8220,7.1,2023,2023Q2,2023-05-18,56.159,10.096
2088000,138,3,1944,townhouse,Hjortshøj,8530,14.1,2023,2023Q2,2023-05-18,56.283,10.218
2350000,112,4,1978,villa,Trige,8380,11.2,2023,2023Q2,2023-05-18,56.249,10.136
3698000,87,3,1960,townhouse,Åbyhøj,8230,2.9,2023,2023Q2,2023-05-18,56.157,10.163
2475000,107,4,1985,townhouse,Viby J,8260,6.0,2023,2023Q2,2023-05-18,56.126,10.131
3650000,150,5,2004,villa,Skødstrup,8541,12.8,2023,2023Q2,2023-05-18,56.259,10.306
4600000,152,5,2004,villa,Lystrup,8520,10.3,2023,2023Q2,2023-05-19,56.247,10.247
5900000,141,5,1961,villa,Højbjerg,8270,4.8,2023,2023Q2,2023-05-19,56.114,10.192
3950000,133,3,1930,villa,Viby J,8260,4.9,2023,2023Q2,2023-05-19,56.13,10.149
2800000,136,5,1998,villa,Harlev J,8462,13.7,2023,2023Q2,2023-05-19,56.148,9.99
2798000,159,4,2007,villa,Sabro,8471,10.4,2023,2023Q2,2023-05-21,56.217,10.082
2795000,119,4,1963,villa,Beder,8330,10.5,2023,2023Q2,2023-05-21,56.062,10.203
5500000,197,8,2021,villa,Malling,8340,14.5,2023,2023Q2,2023-05-21,56.027,10.186
6000000,225,6,2011,villa,Lystrup,8520,9.9,2023,2023Q2,2023-05-21,56.243,10.25
2900000,113,4,1969,villa,Harlev J,8462,13.0,2023,2023Q2,2023-05-21,56.144,10.003
2450000,95,2,2000,townhouse,Beder,8330,10.8,2023,2023Q2,2023-05-21,56.06,10.219
5499000,86,2,2021,townhouse,Aarhus C,8000,0.7,2023,2023Q2,2023-05-21,56.162,10.207
5225000,182,5,1999,villa,Egå,8250,9.8,2023,2023Q2,2023-05-21,56.23,10.298
3500000,97,3,2008,townhouse,Egå,8250,6.9,2023,2023Q2,2023-05-22,56.211,10.263
4850000,151,4,2006,villa,Brabrand,8220,7.0,2023,2023Q2,2023-05-22,56.161,10.098
3850000,130,3,2008,townhouse,Mårslet,8320,10.7,2023,2023Q2,2023-05-22,56.066,10.152
2640000,150,5,2007,villa,Sabro,8471,10.4,2023,2023Q2,2023-05-22,56.199,10.061
2337500,109,5,1981,townhouse,Beder,8330,11.3,2023,2023Q2,2023-05-22,56.055,10.213
3800000,204,8,1987,villa,Tranbjerg J,8310,8.6,2023,2023Q2,2023-05-22,56.098,10.12
3350000,126,4,2007,townhouse,Mårslet,8320,11.2,2023,2023Q2,2023-05-23,56.06,10.157
5550000,187,5,2009,villa,Mårslet,8320,11.2,2023,2023Q2,2023-05-23,56.06,10.163
2827500,120,5,2013,townhouse,Hasselager,8361,8.6,2023,2023Q2,2023-05-23,56.113,10.096
4000000,180,6,1973,townhouse,Beder,8330,10.3,2023,2023Q2,2023-05-23,56.064,10.215
2000000,104,3,1984,townhouse,Aarhus V,8210,5.7,2023,2023Q2,2023-05-23,56.178,10.127
5025000,207,6,1967,villa,Egå,8250,9.1,2023,2023Q2,2023-05-24,56.224,10.295
2550000,114,4,1982,townhouse,Åbyhøj,8230,4.1,2023,2023Q2,2023-05-24,56.162,10.145
6150000,133,4,1951,villa,Aarhus N,8200,2.8,2023,2023Q2,2023-05-24,56.181,10.208
1855000,94,3,1900,villa,Tilst,8381,7.9,2023,2023Q2,2023-05-24,56.185,10.094
4030000,105,3,1955,villa,Aarhus V,8210,2.9,2023,2023Q2,2023-05-24,56.164,10.167
11000000,212,7,1978,villa,Risskov,8240,5.1,2023,2023Q2,2023-05-24,56.195,10.256
6500000,155,5,1994,villa,Højbjerg,8270,5.6,2023,2023Q2,2023-05-24,56.107,10.212
2100000,100,4,1998,townhouse,Sabro,8471,12.7,2023,2023Q2,2023-05-24,56.187,10.013
2900000,103,4,2007,townhouse,Brabrand,8220,7.3,2023,2023Q2,2023-05-25,56.16,10.093
3000000,60,2,1877,villa,Lystrup,8520,8.3,2023,2023Q2,2023-05-25,56.23,10.238
4650000,112,3,1958,townhouse,Åbyhøj,8230,3.0,2023,2023Q2,2023-05-25,56.152,10.163
4500000,133,4,1965,villa,Egå,8250,7.8,2023,2023Q2,2023-05-26,56.214,10.285
5400000,160,5,1978,villa,Højbjerg,8270,6.3,2023,2023Q2,2023-05-27,56.1,10.201
3450000,130,5,1995,villa,Tilst,8381,6.9,2023,2023Q2,2023-05-27,56.19,10.117
6655000,179,6,1924,villa,Viby J,8260,3.4,2023,2023Q2,2023-05-27,56.132,10.18
6575000,164,6,1973,villa,Højbjerg,8270,5.9,2023,2023Q2,2023-05-27,56.103,10.212
3240000,118,4,2002,villa,Lystrup,8520,8.3,2023,2023Q2,2023-05-28,56.231,10.224
6550000,193,7,1996,villa,Risskov,8240,5.6,2023,2023Q2,2023-05-28,56.207,10.209
4200000,154,6,1948,townhouse,Aarhus V,8210,2.1,2023,2023Q2,2023-05-29,56.167,10.183
1750000,67,2,1961,townhouse,Lystrup,8520,8.5,2023,2023Q2,2023-05-29,56.232,10.229
3985300,164,5,2022,villa,Hjortshøj,8530,15.2,2023,2023Q2,2023-05-29,56.293,10.214
2998000,130,4,2018,townhouse,Mårslet,8320,11.2,2023,2023Q2,2023-05-29,56.061,10.154
4175000,92,4,1927,villa,Aarhus V,8210,3.1,2023,2023Q2,2023-05-29,56.168,10.165
2100000,114,3,1985,villa,Hjortshøj,8530,12.3,2023,2023Q2,2023-05-30,56.268,10.208
4199000,75,3,1936,villa,Aarhus C,8000,1.5,2023,2023Q2,2023-05-30,56.166,10.193
3248000,136,4,2014,townhouse,Hasselager,8361,10.7,2023,2023Q2,2023-05-30,56.107,10.062
3925000,157,5,2017,villa,Trige,8380,12.0,2023,2023Q2,2023-05-30,56.257,10.139
2650000,106,4,2016,townhouse,Harlev J,8462,13.7,2023,2023Q2,2023-05-30,56.141,9.991
5100000,194,4,2018,villa,Solbjerg,8355,15.1,2023,2023Q2,2023-05-30,56.037,10.099
3650000,87,4,1960,townhouse,Åbyhøj,8230,3.0,2023,2023Q2,2023-05-30,56.158,10.162
3200000,136,5,1971,villa,Aarhus V,8210,3.5,2023,2023Q2,2023-05-30,56.175,10.166
3675000,87,3,1982,townhouse,Aarhus N,8200,2.5,2023,2023Q2,2023-05-30,56.179,10.209
4519000,217,5,1971,villa,Brabrand,8220,4.8,2023,2023Q2,2023-05-30,56.147,10.135
2850000,157,5,1978,villa,Harlev J,8462,13.1,2023,2023Q2,2023-05-30,56.146,10.0
2345000,85,4,1972,townhouse,Tranbjerg J,8310,9.6,2023,2023Q2,2023-05-30,56.086,10.12
5825000,134,6,1954,villa,Viby J,8260,3.4,2023,2023Q2,2023-05-30,56.136,10.17
2540000,120,4,1958,villa,Sabro,8471,10.0,2023,2023Q2,2023-05-30,56.196,10.066
3995000,118,4,1985,villa,Risskov,8240,6.1,2023,2023Q2,2023-05-30,56.208,10.247
2850000,112,4,2003,townhouse,Beder,8330,11.5,2023,2023Q2,2023-05-30,56.053,10.216
5447192,132,5,1957,villa,Højbjerg,8270,5.0,2023,2023Q2,2023-05-31,56.113,10.197
5380000,118,5,1952,villa,Aarhus N,8200,2.4,2023,2023Q2,2023-05-31,56.176,10.195
3530000,131,4,1980,villa,Mårslet,8320,10.8,2023,2023Q2,2023-05-31,56.065,10.154
2145000,85,4,1974,townhouse,Tranbjerg J,8310,9.3,2023,2023Q2,2023-05-31,56.091,10.119
3500000,125,4,1900,townhouse,Aarhus N,8200,2.3,2023,2023Q2,2023-05-31,56.177,10.203
2298000,102,7,1873,villa,Solbjerg,8355,13.7,2023,2023Q2,2023-05-31,56.056,10.084
4500000,136,5,1966,villa,Brabrand,8220,6.1,2023,2023Q2,2023-05-31,56.158,10.112
975000,80,4,1912,villa,Sabro,8471,10.2,2023,2023Q2,2023-06-01,56.198,10.064
4600000,149,4,1978,villa,Skødstrup,8541,13.6,2023,2023Q2,2023-06-01,56.268,10.303
2795000,171,8,1968,villa,Hasselager,8361,9.1,2023,2023Q2,2023-06-01,56.104,10.097
3995000,150,5,1990,villa,Tranbjerg J,8310,8.8,2023,2023Q2,2023-06-01,56.098,10.117
2770000,132,4,1972,villa,Harlev J,8462,13.5,2023,2023Q2,2023-06-01,56.142,9.995
4900000,166,4,1949,villa,Viby J,8260,3.8,2023,2023Q2,2023-06-01,56.133,10.166
2300000,95,4,1981,townhouse,Aarhus V,8210,5.0,2023,2023Q2,2023-06-01,56.175,10.138
2500000,124,4,1964,villa,Malling,8340,13.3,2023,2023Q2,2023-06-01,56.038,10.189
8995000,277,9,1915,villa,Aarhus V,8210,2.9,2023,2023Q2,2023-06-01,56.166,10.167
3600000,136,6,1972,villa,Tranbjerg J,8310,9.1,2023,2023Q2,2023-06-02,56.09,10.126
3015000,100,3,2001,townhouse,Egå,8250,9.8,2023,2023Q2,2023-06-02,56.23,10.298
4495000,119,4,2003,townhouse,Risskov,8240,3.1,2023,2023Q2,2023-06-03,56.184,10.217
8400000,205,8,1953,villa,Risskov,8240,3.1,2023,2023Q2,2023-06-03,56.184,10.227
2515000,101,4,1984,townhouse,Beder,8330,11.4,2023,2023Q2,2023-06-04,56.054,10.204
2950000,106,4,2006,townhouse,Brabrand,8220,7.3,2023,2023Q2,2023-06-04,56.162,10.093
3225000,111,4,1986,townhouse,Risskov,8240,5.3,2023,2023Q2,2023-06-04,56.204,10.207
5025000,180,6,2018,villa,Skødstrup,8541,15.4,2023,2023Q2,2023-06-04,56.282,10.319
3250000,115,4,2018,townhouse,Beder,8330,11.5,2023,2023Q2,2023-06-04,56.053,10.197
3200000,100,3,2001,townhouse,Egå,8250,9.8,2023,2023Q2,2023-06-04,56.23,10.298
2875000,78,4,1955,villa,Viby J,8260,5.1,2023,2023Q2,2023-06-04,56.13,10.143
4625000,149,6,1935,villa,Viby J,8260,4.6,2023,2023Q2,2023-06-04,56.126,10.161
5440000,168,4,2021,villa,Malling,8340,14.8,2023,2023Q2,2023-06-05,56.024,10.185
5400000,133,5,1978,villa,Brabrand,8220,5.4,2023,2023Q2,2023-06-05,56.157,10.123
2910000,169,6,1919,villa,Mårslet,8320,10.2,2023,2023Q2,2023-06-05,56.069,10.162
7400000,170,6,1972,villa,Risskov,8240,6.3,2023,2023Q2,2023-06-06,56.2,10.275
5900000,147,6,1967,villa,Egå,8250,8.1,2023,2023Q2,2023-06-06,56.216,10.287
6825000,138,6,1930,villa,Egå,8250,11.5,2023,2023Q2,2023-06-06,56.236,10.331
6770000,123,4,2020,townhouse,Risskov,8240,3.6,2023,2023Q2,2023-06-06,56.187,10.234
3525000,140,5,1972,villa,Hjortshøj,8530,11.3,2023,2023Q2,2023-06-06,56.253,10.272
890000,136,4,1882,villa,Sabro,8471,12.5,2023,2023Q2,2023-06-06,56.204,10.027
2100000,81,3,1991,townhouse,Lystrup,8520,8.6,2023,2023Q2,2023-06-06,56.234,10.227
6600000,139,7,1959,villa,Højbjerg,8270,4.4,2023,2023Q2,2023-06-06,56.117,10.21
3225000,215,6,1910,villa,Malling,8340,13.5,2023,2023Q2,2023-06-06,56.036,10.19
4900000,137,4,1927,villa,Åbyhøj,8230,3.0,2023,2023Q2,2023-06-06,56.156,10.162
2958000,130,4,1987,townhouse,Højbjerg,8270,5.8,2023,2023Q2,2023-06-07,56.108,10.178
2920000,233,5,1970,villa,Trige,8380,11.4,2023,2023Q2,2023-06-07,56.254,10.151
4595000,196,7,1968,villa,Risskov,8240,5.5,2023,2023Q2,2023-06-07,56.206,10.222
3850000,155,5,2022,villa,Hjortshøj,8530,15.2,2023,2023Q2,2023-06-07,56.293,10.214
3900000,135,5,1926,villa,Aarhus V,8210,3.2,2023,2023Q2,2023-06-07,56.17,10.164
6300000,212,8,1976,villa,Risskov,8240,5.9,2023,2023Q2,2023-06-07,56.203,10.257
4300000,97,3,1913,townhouse,Aarhus N,8200,2.3,2023,2023Q2,2023-06-07,56.176,10.197
6100000,150,5,1930,villa,Højbjerg,8270,4.7,2023,2023Q2,2023-06-07,56.114,10.206
3700000,147,5,1979,villa,Aarhus V,8210,4.2,2023,2023Q2,2023-06-07,56.179,10.156
1800000,100,4,1972,townhouse,Mårslet,8320,10.1,2023,2023Q2,2023-06-07,56.07,10.158
4505000,107,5,1954,townhouse,Risskov,8240,4.3,2023,2023Q2,2023-06-07,56.195,10.223
4498000,129,4,1964,townhouse,Aarhus N,8200,2.3,2023,2023Q2,2023-06-08,56.177,10.211
4900000,151,4,1963,townhouse,Aarhus N,8200,2.3,2023,2023Q2,2023-06-08,56.174,10.189
4950000,129,5,1996,villa,Aarhus N,8200,4.9,2023,2023Q2,2023-06-08,56.199,10.193
4125000,126,5,1970,townhouse,Egå,8250,7.4,2023,2023Q2,2023-06-08,56.211,10.281
3500000,148,5,1973,townhouse,Risskov,8240,4.6,2023,2023Q2,2023-06-08,56.198,10.22
5500000,173,4,2011,villa,Skødstrup,8541,13.2,2023,2023Q2,2023-06-08,56.265,10.301
5750000,185,6,2012,villa,Viby J,8260,7.3,2023,2023Q2,2023-06-08,56.13,10.104
2048000,107,4,1986,townhouse,Viby J,8260,6.0,2023,2023Q2,2023-06-08,56.125,10.132
4400000,200,8,1968,villa,Lystrup,8520,8.9,2023,2023Q2,2023-06-08,56.235,10.24
4250000,174,4,2004,villa,Hjortshøj,8530,10.7,2023,2023Q2,2023-06-08,56.247,10.268
8495000,128,3,1952,townhouse,Aarhus C,8000,2.6,2023,2023Q2,2023-06-08,56.137,10.187
3900000,130,4,1966,villa,Tilst,8381,7.6,2023,2023Q2,2023-06-08,56.194,10.108
3605000,120,3,1914,villa,Viby J,8260,4.5,2023,2023Q2,2023-06-08,56.127,10.162
2750000,164,6,1983,villa,Sabro,8471,12.4,2023,2023Q2,2023-06-09,56.187,10.018
1870000,104,4,1980,townhouse,Hasselager,8361,8.8,2023,2023Q2,2023-06-09,56.105,10.103
1850000,41,2,1949,townhouse,Aarhus N,8200,2.3,2023,2023Q2,2023-06-09,56.176,10.196
4750000,124,5,1968,villa,Åbyhøj,8230,3.1,2023,2023Q2,2023-06-09,56.16,10.161
2800000,168,7,1942,villa,Hjortshøj,8530,16.1,2023,2023Q2,2023-06-10,56.301,10.216
7150000,199,9,1904,villa,Højbjerg,8270,4.7,2023,2023Q2,2023-06-10,56.115,10.206
3895000,183,6,1980,villa,Skødstrup,8541,14.9,2023,2023Q2,2023-06-10,56.279,10.31
7400000,160,6,1926,villa,Åbyhøj,8230,3.3,2023,2023Q2,2023-06-10,56.153,10.158
7075000,163,5,1967,villa,Egå,8250,9.1,2023,2023Q2,2023-06-11,56.223,10.297
2680000,120,5,1970,townhouse,Tranbjerg J,8310,8.2,2023,2023Q2,2023-06-11,56.092,10.147
3912500,101,5,1951,townhouse,Højbjerg,8270,4.8,2023,2023Q2,2023-06-11,56.115,10.193
7225000,226,6,2008,villa,Lystrup,8520,9.8,2023,2023Q2,2023-06-11,56.241,10.253
2900000,140,5,2014,townhouse,Hasselager,8361,8.7,2023,2023Q2,2023-06-11,56.112,10.096
3050000,106,5,2018,townhouse,Mårslet,8320,11.3,2023,2023Q2,2023-06-11,56.058,10.166
7300000,161,6,1956,villa,Risskov,8240,4.3,2023,2023Q2,2023-06-11,56.194,10.232
2695000,115,4,1976,villa,Harlev J,8462,13.2,2023,2023Q2,2023-06-12,56.148,9.998
6550000,248,6,1973,villa,Risskov,8240,5.7,2023,2023Q2,2023-06-12,56.202,10.255
2500000,105,4,1971,villa,Skødstrup,8541,12.4,2023,2023Q2,2023-06-12,56.255,10.306
2200000,127,4,1818,villa,Solbjerg,8355,16.3,2023,2023Q2,2023-06-12,56.029,10.083
10450000,193,5,1885,townhouse,Aarhus C,8000,1.1,2023,2023Q2,2023-06-12,56.149,10.201
5898000,200,5,2019,villa,Skødstrup,8541,13.3,2023,2023Q2,2023-06-12,56.262,10.314
3300000,136,4,2014,townhouse,Hjortshøj,8530,10.0,2023,2023Q2,2023-06-12,56.242,10.267
3810000,132,5,1969,villa,Beder,8330,10.3,2023,2023Q2,2023-06-12,56.064,10.213
3550000,106,5,1948,townhouse,Risskov,8240,5.8,2023,2023Q2,2023-06-12,56.207,10.238
6800000,244,10,1901,villa,Egå,8250,6.4,2023,2023Q2,2023-06-12,56.204,10.27
4100000,240,8,1981,villa,Risskov,8240,5.8,2023,2023Q2,2023-06-12,56.206,10.243
2200000,132,5,1880,villa,Malling,8340,13.9,2023,2023Q2,2023-06-13,56.033,10.235
2598000,123,4,2006,townhouse,Skødstrup,8541,13.5,2023,2023Q2,2023-06-13,56.266,10.308
3550000,135,5,2017,townhouse,Lystrup,8520,8.2,2023,2023Q2,2023-06-13,56.23,10.228
2200000,102,4,1997,villa,Malling,8340,13.9,2023,2023Q2,2023-06-13,56.033,10.235
2030000,90,4,1964,villa,Skødstrup,8541,14.7,2023,2023Q2,2023-06-13,56.276,10.311
5300000,137,6,1959,villa,Højbjerg,8270,4.0,2023,2023Q2,2023-06-13,56.124,10.185
2475000,138,5,1967,villa,Hasselager,8361,8.9,2023,2023Q2,2023-06-13,56.108,10.097
3030000,133,6,1967,villa,Hjortshøj,8530,11.3,2023,2023Q2,2023-06-14,56.253,10.269
3050000,110,4,1961,villa,Hjortshøj,8530,11.0,2023,2023Q2,2023-06-14,56.25,10.266
2175000,95,3,1961,townhouse,Lystrup,8520,8.5,2023,2023Q2,2023-06-14,56.233,10.23
2685000,106,4,1981,villa,Beder,8330,11.3,2023,2023Q2,2023-06-14,56.055,10.214
8250000,138,5,1922,villa,Viby J,8260,3.3,2023,2023Q2,2023-06-14,56.134,10.178
3530000,142,4,1966,villa,Åbyhøj,8230,4.0,2023,2023Q2,2023-06-15,56.151,10.147
6850000,247,6,1969,villa,Åbyhøj,8230,3.1,2023,2023Q2,2023-06-15,56.161,10.162
3650000,118,3,2003,townhouse,Viby J,8260,5.7,2023,2023Q2,2023-06-15,56.134,10.128
2885000,165,5,2007,villa,Trige,8380,15.9,2023,2023Q2,2023-06-15,56.296,10.152
2895000,123,5,1974,townhouse,Malling,8340,12.8,2023,2023Q2,2023-06-15,56.042,10.201
2550000,133,5,1961,villa,Sabro,8471,13.2,2023,2023Q2,2023-06-15,56.212,10.021
2232500,218,8,1876,villa,Trige,8380,15.0,2023,2023Q2,2023-06-15,56.288,10.154
2150000,136,5,1969,villa,Tranbjerg J,8310,7.9,2023,2023Q2,2023-06-15,56.098,10.139
2400000,148,5,1970,townhouse,Viby J,8260,6.0,2023,2023Q2,2023-06-15,56.121,10.138
3400000,157,8,1954,villa,Aarhus N,8200,2.9,2023,2023Q2,2023-06-15,56.18,10.191
2000000,85,4,1972,townhouse,Tranbjerg J,8310,9.2,2023,2023Q2,2023-06-15,56.09,10.125
3600000,168,5,1988,villa,Tranbjerg J,8310,8.8,2023,2023Q2,2023-06-16,56.096,10.119
2375000,95,4,2014,townhouse,Skødstrup,8541,13.3,2023,2023Q2,2023-06-16,56.264,10.308
3295000,114,4,1985,villa,Beder,8330,11.2,2023,2023Q2,2023-06-16,56.056,10.208
4600000,260,9,1973,villa,Risskov,8240,5.7,2023,2023Q2,2023-06-16,56.202,10.253
2760000,120,5,2013,townhouse,Hasselager,8361,8.6,2023,2023Q2,2023-06-17,56.113,10.097
2200000,148,4,1971,townhouse,Viby J,8260,6.0,2023,2023Q2,2023-06-17,56.122,10.137
3715000,156,4,1905,villa,Mårslet,8320,10.2,2023,2023Q2,2023-06-17,56.068,10.163
9900000,246,6,2023,villa,Egå,8250,8.2,2023,2023Q2,2023-06-17,56.216,10.288
5398000,146,5,1967,villa,Egå,8250,8.0,2023,2023Q2,2023-06-17,56.216,10.285
6195000,148,4,1968,villa,Egå,8250,8.9,2023,2023Q2,2023-06-17,56.222,10.294
3000000,86,4,1948,villa,Aarhus V,8210,2.9,2023,2023Q2,2023-06-18,56.176,10.178
4550000,86,3,1977,townhouse,Aarhus C,8000,0.4,2023,2023Q2,2023-06-18,56.16,10.211
3250000,126,4,2017,townhouse,Mårslet,8320,9.0,2023,2023Q2,2023-06-18,56.084,10.149
5500000,197,6,1978,villa,Højbjerg,8270,6.3,2023,2023Q2,2023-06-18,56.101,10.201
1950000,63,3,1990,townhouse,Aarhus N,8200,3.4,2023,2023Q2,2023-06-18,56.18,10.173
4650000,271,5,1900,villa,Harlev J,8462,12.9,2023,2023Q2,2023-06-18,56.161,10.002
5100000,128,5,1966,villa,Egå,8250,8.0,2023,2023Q2,2023-06-19,56.215,10.287
4900000,159,5,2018,villa,Egå,8250,7.4,2023,2023Q2,2023-06-19,56.217,10.264
2698000,39,1,2019,villa,Aarhus C,8000,1.3,2023,2023Q2,2023-06-19,56.163,10.228
3300000,180,6,1973,villa,Tilst,8381,6.8,2023,2023Q2,2023-06-19,56.181,10.111
2700000,176,5,1969,villa,Malling,8340,13.3,2023,2023Q2,2023-06-19,56.037,10.201
2925000,97,4,1985,townhouse,Risskov,8240,4.6,2023,2023Q2,2023-06-19,56.197,10.197
2225000,105,3,1978,villa,Hasselager,8361,10.3,2023,2023Q2,2023-06-19,56.104,10.075
4498000,109,4,1973,villa,Aarhus V,8210,3.1,2023,2023Q2,2023-06-20,56.171,10.168
3950000,157,6,1948,villa,Brabrand,8220,4.4,2023,2023Q2,2023-06-20,56.155,10.14
3545000,112,5,1985,townhouse,Risskov,8240,5.1,2023,2023Q2,2023-06-20,56.203,10.209
3425000,142,5,2016,townhouse,Skødstrup,8541,13.3,2023,2023Q2,2023-06-20,56.265,10.301
2500000,83,3,2003,townhouse,Lystrup,8520,8.5,2023,2023Q2,2023-06-20,56.233,10.219
2700000,142,6,1962,villa,Lystrup,8520,8.5,2023,2023Q2,2023-06-20,56.233,10.223
3075000,138,5,1971,villa,Solbjerg,8355,15.7,2023,2023Q2,2023-06-20,56.04,10.07
3395000,126,5,2000,villa,Solbjerg,8355,14.5,2023,2023Q2,2023-06-20,56.043,10.097
4900000,162,5,1997,villa,Egå,8250,7.4,2023,2023Q2,2023-06-20,56.216,10.267
8448000,179,5,1958,villa,Risskov,8240,4.0,2023,2023Q2,2023-06-21,56.192,10.226
3200000,100,3,1938,villa,Viby J,8260,3.5,2023,2023Q2,2023-06-21,56.134,10.172
4000000,180,5,1969,villa,Beder,8330,10.9,2023,2023Q2,2023-06-21,56.059,10.215
2750000,106,3,2019,townhouse,Brabrand,8220,6.9,2023,2023Q2,2023-06-21,56.156,10.1
3550000,150,4,2018,villa,Trige,8380,9.7,2023,2023Q2,2023-06-21,56.232,10.134
6695000,138,5,1954,villa,Aarhus V,8210,2.8,2023,2023Q2,2023-06-21,56.164,10.167
3248000,140,5,1967,villa,Tilst,8381,6.9,2023,2023Q2,2023-06-21,56.188,10.115
3350000,88,3,2006,townhouse,Aarhus N,8200,2.3,2023,2023Q2,2023-06-21,56.177,10.202
3250000,140,4,1972,villa,Lystrup,8520,9.5,2023,2023Q2,2023-06-21,56.242,10.223
2090000,116,4,1988,villa,Tranbjerg J,8310,12.1,2023,2023Q2,2023-06-21,56.067,10.1
4900000,92,3,2000,villa,Egå,8250,11.6,2023,2023Q2,2023-06-21,56.235,10.335
2600000,118,4,1966,townhouse,Egå,8250,6.9,2023,2023Q2,2023-06-21,56.208,10.273
2090000,81,3,1990,villa,Trige,8380,11.6,2023,2023Q2,2023-06-21,56.255,10.147
2595000,123,4,1977,townhouse,Tranbjerg J,8310,8.2,2023,2023Q2,2023-06-21,56.097,10.131
3850000,73,3,1951,townhouse,Aarhus V,8210,2.1,2023,2023Q2,2023-06-22,56.168,10.184
6765000,176,4,1963,villa,Risskov,8240,3.7,2023,2023Q2,2023-06-22,56.189,10.223
2740000,118,3,2012,townhouse,Hasselager,8361,9.0,2023,2023Q2,2023-06-22,56.114,10.088
6000000,195,5,1968,villa,Hjortshøj,8530,10.5,2023,2023Q2,2023-06-22,56.246,10.266
4100000,162,6,1968,villa,Mårslet,8320,10.6,2023,2023Q2,2023-06-22,56.066,10.158
4200000,100,4,1983,townhouse,Viby J,8260,4.0,2023,2023Q2,2023-06-23,56.125,10.179
3456000,140,5,2014,villa,Skødstrup,8541,13.3,2023,2023Q2,2023-06-24,56.266,10.297
4650000,188,4,2023,villa,Skødstrup,8541,13.4,2023,2023Q2,2023-06-24,56.262,10.316
4195000,136,5,1969,villa,Brabrand,8220,6.0,2023,2023Q2,2023-06-24,56.16,10.114
4200000,116,4,1946,villa,Brabrand,8220,6.6,2023,2023Q2,2023-06-24,56.153,10.104
4175000,132,5,1957,townhouse,Risskov,8240,6.0,2023,2023Q2,2023-06-25,56.202,10.264
2200000,125,4,1972,villa,Lystrup,8520,8.0,2023,2023Q2,2023-06-25,56.228,10.23
3995000,165,6,1973,villa,Mårslet,8320,10.0,2023,2023Q2,2023-06-25,56.071,10.161
3150000,150,2,2022,villa,Harlev J,8462,14.0,2023,2023Q2,2023-06-25,56.128,9.991
4800000,159,5,1962,villa,Højbjerg,8270,4.9,2023,2023Q2,2023-06-25,56.116,10.185
5775000,180,6,1963,villa,Højbjerg,8270,4.6,2023,2023Q2,2023-06-25,56.119,10.182
4025000,148,5,1975,townhouse,Åbyhøj,8230,3.5,2023,2023Q2,2023-06-25,56.145,10.158
4700000,99,3,1949,villa,Risskov,8240,4.0,2023,2023Q2,2023-06-25,56.191,10.228
5349050,152,6,1907,villa,Aarhus C,8000,1.4,2023,2023Q2,2023-06-25,56.167,10.197
3350000,129,5,1970,villa,Risskov,8240,5.7,2023,2023Q2,2023-06-25,56.204,10.245
4200000,132,4,1959,townhouse,Risskov,8240,3.8,2023,2023Q2,2023-06-25,56.191,10.219
1850000,111,4,1847,villa,Harlev J,8462,10.8,2023,2023Q2,2023-06-26,56.136,10.04
7750000,196,5,2018,villa,Risskov,8240,4.7,2023,2023Q2,2023-06-26,56.196,10.238
5300000,182,6,1967,villa,Aarhus V,8210,3.4,2023,2023Q2,2023-06-26,56.165,10.157
3000000,125,5,1978,townhouse,Egå,8250,6.9,2023,2023Q2,2023-06-26,56.211,10.265
4475000,73,2,1937,villa,Brabrand,8220,7.2,2023,2023Q2,2023-06-26,56.151,10.095
2000000,106,5,1983,townhouse,Harlev J,8462,13.3,2023,2023Q2,2023-06-27,56.14,9.998
2875000,112,4,1959,villa,Viby J,8260,6.4,2023,2023Q2,2023-06-27,56.128,10.12
1200000,87,3,1985,townhouse,Solbjerg,8355,15.1,2023,2023Q2,2023-06-27,56.04,10.085
7850000,207,6,1935,townhouse,Aarhus N,8200,1.8,2023,2023Q2,2023-06-27,56.173,10.211
5200000,130,4,1930,villa,Højbjerg,8270,6.0,2023,2023Q2,2023-06-27,56.103,10.208
3898000,140,5,2007,villa,Sabro,8471,11.8,2023,2023Q2,2023-06-27,56.208,10.045
6650000,153,4,2014,villa,Egå,8250,11.6,2023,2023Q2,2023-06-27,56.236,10.332
3770000,198,6,1973,villa,Skødstrup,8541,13.9,2023,2023Q2,2023-06-27,56.27,10.309
3300000,182,5,1978,villa,Malling,8340,12.5,2023,2023Q2,2023-06-27,56.044,10.202
3875000,156,5,2006,villa,Lystrup,8520,8.4,2023,2023Q2,2023-06-27,56.232,10.225
1500000,55,2,1972,townhouse,Tranbjerg J,8310,9.5,2023,2023Q2,2023-06-27,56.087,10.122
5400000,123,5,1948,townhouse,Aarhus V,8210,2.0,2023,2023Q2,2023-06-27,56.167,10.183
3895000,100,3,2006,townhouse,Viby J,8260,6.4,2023,2023Q2,2023-06-27,56.136,10.115
2725000,92,3,1984,townhouse,Risskov,8240,5.1,2023,2023Q2,2023-06-27,56.202,10.208
3900000,152,5,1976,villa,Aarhus V,8210,3.4,2023,2023Q2,2023-06-28,56.166,10.159
10250000,214,7,1959,villa,Højbjerg,8270,5.1,2023,2023Q2,2023-06-28,56.111,10.221
4200000,152,5,2013,villa,Viby J,8260,6.4,2023,2023Q2,2023-06-28,56.12,10.132
3250000,178,5,1987,villa,Trige,8380,11.5,2023,2023Q2,2023-06-28,56.253,10.142
2950000,115,4,1981,townhouse,Aarhus V,8210,5.0,2023,2023Q2,2023-06-28,56.174,10.136
3448000,120,4,2019,townhouse,Harlev J,8462,13.4,2023,2023Q2,2023-06-29,56.137,9.998
5700000,114,5,1900,townhouse,Aarhus C,8000,1.0,2023,2023Q2,2023-06-29,56.165,10.217
3450000,152,6,2017,villa,Trige,8380,11.7,2023,2023Q2,2023-06-29,56.258,10.161
2900000,160,8,1962,villa,Aarhus V,8210,2.5,2023,2023Q2,2023-06-29,56.171,10.18
2500000,160,6,1970,villa,Harlev J,8462,12.8,2023,2023Q2,2023-06-29,56.146,10.004
7500000,194,5,1927,villa,Højbjerg,8270,4.1,2023,2023Q2,2023-06-29,56.12,10.198
4825000,150,5,1950,townhouse,Risskov,8240,3.8,2023,2023Q2,2023-06-29,56.19,10.225
4850000,126,6,1978,villa,Højbjerg,8270,4.3,2023,2023Q2,2023-06-29,56.121,10.184
4850000,165,5,1972,villa,Lystrup,8520,8.1,2023,2023Q2,2023-06-29,56.229,10.231
2295000,106,5,1977,townhouse,Tranbjerg J,8310,8.3,2023,2023Q2,2023-06-29,56.089,10.153
2075000,75,3,1977,townhouse,Tranbjerg J,8310,8.3,2023,2023Q2,2023-06-30,56.09,10.152
19000000,262,7,1970,villa,Risskov,8240,5.1,2023,2023Q3,2023-07-01,56.195,10.256
3100000,171,6,1963,villa,Lystrup,8520,8.5,2023,2023Q3,2023-07-02,56.233,10.224
5350000,181,6,1935,villa,Risskov,8240,5.0,2023,2023Q3,2023-07-02,56.198,10.245
3500000,109,4,1961,villa,Risskov,8240,4.5,2023,2023Q3,2023-07-02,56.197,10.215
7698000,165,3,2014,villa,Beder,8330,12.6,2023,2023Q3,2023-07-02,56.046,10.256
2800000,117,4,2011,townhouse,Mårslet,8320,11.2,2023,2023Q3,2023-07-02,56.06,10.158
5130000,128,4,1955,villa,Højbjerg,8270,5.2,2023,2023Q3,2023-07-02,56.119,10.16
3800000,160,6,2000,villa,Solbjerg,8355,14.5,2023,2023Q3,2023-07-02,56.043,10.096
4700000,148,5,1999,villa,Tranbjerg J,8310,9.1,2023,2023Q3,2023-07-02,56.085,10.138
4150000,90,3,1960,villa,Aarhus N,8200,2.9,2023,2023Q3,2023-07-02,56.183,10.202
3425000,126,4,1969,villa,Tranbjerg J,8310,9.4,2023,2023Q3,2023-07-03,56.085,10.13
3598000,91,5,1929,villa,Aarhus N,8200,2.4,2023,2023Q3,2023-07-03,56.177,10.195
1975000,82,4,1984,townhouse,Viby J,8260,5.9,2023,2023Q3,2023-07-03,56.126,10.133
1495000,55,2,1972,townhouse,Tranbjerg J,8310,9.5,2023,2023Q3,2023-07-03,56.087,10.122
3975000,140,4,1970,townhouse,Egå,8250,7.2,2023,2023Q3,2023-07-03,56.209,10.279
1600000,69,3,2004,townhouse,Tilst,8381,6.9,2023,2023Q3,2023-07-04,56.184,10.111
6300000,170,7,1961,villa,Åbyhøj,8230,3.1,2023,2023Q3,2023-07-04,56.152,10.162
2800000,96,3,1920,townhouse,Aarhus V,8210,3.1,2023,2023Q3,2023-07-04,56.167,10.165
3370000,126,5,1967,villa,Hjortshøj,8530,11.3,2023,2023Q3,2023-07-04,56.254,10.268
8100000,203,5,1927,villa,Åbyhøj,8230,3.3,2023,2023Q3,2023-07-04,56.153,10.158
5095000,128,4,2022,townhouse,Aarhus N,8200,2.6,2023,2023Q3,2023-07-04,56.179,10.198
2225000,124,4,1984,villa,Beder,8330,11.3,2023,2023Q3,2023-07-04,56.055,10.204
2600000,125,4,1978,villa,Hasselager,8361,9.6,2023,2023Q3,2023-07-04,56.106,10.084
5000000,75,2,1936,villa,Åbyhøj,8230,3.7,2023,2023Q3,2023-07-04,56.16,10.152
4198000,152,5,2008,villa,Harlev J,8462,13.5,2023,2023Q3,2023-07-04,56.141,9.994
6250000,150,6,1978,villa,Risskov,8240,5.8,2023,2023Q3,2023-07-04,56.202,10.255
5525000,108,5,1953,villa,Højbjerg,8270,4.3,2023,2023Q3,2023-07-04,56.122,10.179
3775000,193,5,1972,villa,Lystrup,8520,8.9,2023,2023Q3,2023-07-04,56.236,10.238
4300000,221,5,1947,villa,Egå,8250,6.9,2023,2023Q3,2023-07-04,56.206,10.279
2350000,92,3,1920,townhouse,Aarhus V,8210,3.1,2023,2023Q3,2023-07-05,56.167,10.165
1810000,85,4,1973,townhouse,Tranbjerg J,8310,9.2,2023,2023Q3,2023-07-05,56.088,10.126
3600000,151,4,1980,villa,Lystrup,8520,9.1,2023,2023Q3,2023-07-05,56.235,10.251
3595000,110,5,2023,townhouse,Egå,8250,9.3,2023,2023Q3,2023-07-05,56.227,10.293
1000000,85,4,1865,villa,Sabro,8471,12.9,2023,2023Q3,2023-07-05,56.189,10.011
3050000,140,6,1984,villa,Aarhus V,8210,5.6,2023,2023Q3,2023-07-05,56.176,10.127
1958000,97,4,1984,townhouse,Viby J,8260,5.8,2023,2023Q3,2023-07-05,56.126,10.136
7400000,145,6,1940,villa,Aarhus N,8200,2.5,2023,2023Q3,2023-07-06,56.179,10.214
5448000,192,7,1928,villa,Malling,8340,13.2,2023,2023Q3,2023-07-06,56.038,10.195
6550000,198,7,1995,villa,Egå,8250,10.4,2023,2023Q3,2023-07-06,56.231,10.312
3650000,108,4,1960,villa,Brabrand,8220,6.2,2023,2023Q3,2023-07-07,56.155,10.11
2950000,114,4,1984,townhouse,Højbjerg,8270,5.9,2023,2023Q3,2023-07-07,56.107,10.177
5000000,155,4,1936,villa,Aarhus N,8200,2.7,2023,2023Q3,2023-07-07,56.176,10.186
1975000,100,4,1945,villa,Trige,8380,11.4,2023,2023Q3,2023-07-08,56.254,10.155
5700000,181,5,2022,villa,Mårslet,8320,9.4,2023,2023Q3,2023-07-09,56.076,10.168
3875000,123,3,1950,townhouse,Aarhus N,8200,2.6,2023,2023Q3,2023-07-09,56.177,10.19
3275000,110,4,2012,townhouse,Viby J,8260,7.4,2023,2023Q3,2023-07-09,56.128,10.102
4000000,121,4,1982,villa,Aarhus V,8210,3.6,2023,2023Q3,2023-07-09,56.171,10.159
2850000,147,5,1968,villa,Tranbjerg J,8310,9.4,2023,2023Q3,2023-07-09,56.086,10.128
4680000,175,5,1970,villa,Viby J,8260,6.1,2023,2023Q3,2023-07-09,56.134,10.12
2925000,128,4,1980,townhouse,Hasselager,8361,10.8,2023,2023Q3,2023-07-10,56.103,10.066
7460000,173,5,1996,villa,Risskov,8240,6.7,2023,2023Q3,2023-07-10,56.203,10.279
4500000,120,6,1972,villa,Egå,8250,6.3,2023,2023Q3,2023-07-10,56.204,10.267
2700000,158,5,1962,villa,Brabrand,8220,4.9,2023,2023Q3,2023-07-10,56.155,10.132
3075000,110,4,1964,villa,Skødstrup,8541,13.7,2023,2023Q3,2023-07-11,56.255,10.343
2625000,109,4,2015,townhouse,Hasselager,8361,10.7,2023,2023Q3,2023-07-11,56.107,10.063
2150000,134,5,1966,villa,Sabro,8471,13.1,2023,2023Q3,2023-07-11,56.214,10.026
6350000,136,5,1956,villa,Højbjerg,8270,3.2,2023,2023Q3,2023-07-11,56.131,10.19
3225000,159,5,1985,villa,Hasselager,8361,9.8,2023,2023Q3,2023-07-11,56.108,10.079
2950000,133,5,1977,villa,Viby J,8260,5.5,2023,2023Q3,2023-07-11,56.121,10.149
2795000,150,5,1998,villa,Harlev J,8462,13.9,2023,2023Q3,2023-07-11,56.147,9.988
3900000,155,4,2020,townhouse,Solbjerg,8355,14.2,2023,2023Q3,2023-07-12,56.048,10.092
6500000,242,5,2013,villa,Skødstrup,8541,13.3,2023,2023Q3,2023-07-12,56.267,10.294
4725000,170,5,2019,villa,Solbjerg,8355,15.2,2023,2023Q3,2023-07-12,56.036,10.097
11750000,207,9,1940,villa,Aarhus C,8000,1.9,2023,2023Q3,2023-07-12,56.14,10.206
1900000,157,4,1930,villa,Aarhus V,8210,5.6,2023,2023Q3,2023-07-12,56.179,10.129
7250000,175,6,1994,villa,Højbjerg,8270,5.3,2023,2023Q3,2023-07-12,56.11,10.221
3250000,118,4,1986,townhouse,Aarhus N,8200,4.0,2023,2023Q3,2023-07-12,56.192,10.193
5450000,177,5,1974,villa,Egå,8250,10.0,2023,2023Q3,2023-07-12,56.23,10.304
2100000,147,4,1973,villa,Harlev J,8462,13.7,2023,2023Q3,2023-07-13,56.167,9.99
3995000,132,5,1967,villa,Risskov,8240,5.5,2023,2023Q3,2023-07-13,56.204,10.237
4580000,145,6,1997,villa,Lystrup,8520,9.5,2023,2023Q3,2023-07-13,56.241,10.237
3200000,152,4,1972,villa,Tilst,8381,7.1,2023,2023Q3,2023-07-13,56.178,10.102
3850000,130,5,1963,villa,Højbjerg,8270,5.4,2023,2023Q3,2023-07-13,56.116,10.163
2570000,96,4,1987,townhouse,Lystrup,8520,9.7,2023,2023Q3,2023-07-13,56.243,10.24
9600000,130,4,1935,villa,Højbjerg,8270,5.1,2023,2023Q3,2023-07-13,56.111,10.221
3195000,94,4,1991,townhouse,Viby J,8260,5.7,2023,2023Q3,2023-07-14,56.133,10.129
5950000,178,6,2000,villa,Egå,8250,10.7,2023,2023Q3,2023-07-15,56.236,10.308
3900000,175,6,1965,villa,Mårslet,8320,7.4,2023,2023Q3,2023-07-15,56.091,10.194
8000000,140,5,1951,villa,Højbjerg,8270,5.0,2023,2023Q3,2023-07-16,56.112,10.206
7350000,174,6,2009,villa,Højbjerg,8270,4.6,2023,2023Q3,2023-07-16,56.115,10.204
850000,85,3,1960,villa,Trige,8380,16.2,2023,2023Q3,2023-07-16,56.298,10.144
4920000,144,5,1959,villa,Højbjerg,8270,4.4,2023,2023Q3,2023-07-16,56.117,10.199
3945000,145,4,2007,townhouse,Mårslet,8320,11.1,2023,2023Q3,2023-07-17,56.061,10.16
2600000,188,6,1977,villa,Tilst,8381,6.7,2023,2023Q3,2023-07-17,56.179,10.11
4500000,144,6,1968,villa,Viby J,8260,6.2,2023,2023Q3,2023-07-17,56.131,10.121
2950000,129,3,2018,townhouse,Malling,8340,14.4,2023,2023Q3,2023-07-17,56.027,10.191
5150000,162,5,2011,villa,Viby J,8260,6.8,2023,2023Q3,2023-07-17,56.122,10.121
4200000,140,5,1970,villa,Egå,8250,8.1,2023,2023Q3,2023-07-17,56.217,10.286
3100000,90,4,1987,townhouse,Risskov,8240,5.4,2023,2023Q3,2023-07-17,56.205,10.211
3800000,143,5,1969,villa,Skødstrup,8541,13.6,2023,2023Q3,2023-07-18,56.267,10.306
6250000,110,4,1937,villa,Risskov,8240,4.7,2023,2023Q3,2023-07-18,56.195,10.24
2500000,90,4,1981,townhouse,Aarhus V,8210,4.9,2023,2023Q3,2023-07-18,56.175,10.139
3095000,113,4,1989,townhouse,Højbjerg,8270,5.9,2023,2023Q3,2023-07-18,56.107,10.175
4265000,115,4,1962,townhouse,Højbjerg,8270,4.7,2023,2023Q3,2023-07-18,56.121,10.17
4830000,111,3,1954,villa,Viby J,8260,3.5,2023,2023Q3,2023-07-18,56.136,10.169
5700000,157,6,1900,villa,Brabrand,8220,5.7,2023,2023Q3,2023-07-19,56.155,10.119
3150000,117,5,1979,villa,Lystrup,8520,10.1,2023,2023Q3,2023-07-19,56.246,10.239
2600000,95,4,1985,townhouse,Risskov,8240,4.6,2023,2023Q3,2023-07-19,56.198,10.197
3370000,127,5,1974,villa,Mårslet,8320,10.6,2023,2023Q3,2023-07-19,56.064,10.165
4100000,136,4,1968,villa,Egå,8250,9.6,2023,2023Q3,2023-07-20,56.233,10.284
3320000,132,5,2007,townhouse,Mårslet,8320,11.2,2023,2023Q3,2023-07-20,56.06,10.161
4125000,112,4,1990,villa,Egå,8250,11.1,2023,2023Q3,2023-07-20,56.233,10.326
2345000,93,3,1973,townhouse,Tranbjerg J,8310,9.3,2023,2023Q3,2023-07-20,56.09,10.123
4000000,112,4,1967,townhouse,Højbjerg,8270,3.7,2023,2023Q3,2023-07-20,56.126,10.186
3495000,105,2,1986,villa,Risskov,8240,6.0,2023,2023Q3,2023-07-20,56.208,10.241
3100000,105,4,1986,townhouse,Risskov,8240,5.3,2023,2023Q3,2023-07-21,56.205,10.207
3050000,110,4,1986,townhouse,Aarhus N,8200,3.9,2023,2023Q3,2023-07-23,56.19,10.192
3000000,113,5,1963,townhouse,Højbjerg,8270,4.7,2023,2023Q3,2023-07-23,56.121,10.169
2158961,171,3,1982,townhouse,Aarhus V,8210,2.8,2023,2023Q3,2023-07-23,56.174,10.178
2565000,183,4,1973,townhouse,Beder,8330,11.3,2023,2023Q3,2023-07-23,56.055,10.198
1245000,70,2,1963,villa,Trige,8380,16.3,2023,2023Q3,2023-07-24,56.299,10.148
2495000,130,4,2001,townhouse,Skødstrup,8541,13.0,2023,2023Q3,2023-07-24,56.26,10.309
2699000,100,4,1974,townhouse,Tranbjerg J,8310,9.4,2023,2023Q3,2023-07-24,56.089,10.121
3750000,134,4,1985,villa,Risskov,8240,5.8,2023,2023Q3,2023-07-24,56.205,10.247
3450000,133,4,1907,villa,Lystrup,8520,8.4,2023,2023Q3,2023-07-24,56.232,10.233
2525000,115,5,1975,villa,Tilst,8381,6.8,2023,2023Q3,2023-07-24,56.176,10.107
6000000,153,6,1979,townhouse,Højbjerg,8270,6.1,2023,2023Q3,2023-07-25,56.102,10.212
4800000,136,5,2017,townhouse,Aarhus C,8000,1.2,2023,2023Q3,2023-07-25,56.157,10.191
3975000,151,5,2013,villa,Trige,8380,12.0,2023,2023Q3,2023-07-25,56.257,10.139
4798000,138,3,2019,townhouse,Aarhus N,8200,8.7,2023,2023Q3,2023-07-25,56.235,10.206
5750000,149,4,1984,villa,Højbjerg,8270,6.1,2023,2023Q3,2023-07-25,56.102,10.202
5310000,146,6,1912,villa,Risskov,8240,4.7,2023,2023Q3,2023-07-26,56.196,10.238
3000000,128,4,1976,villa,Tranbjerg J,8310,8.9,2023,2023Q3,2023-07-26,56.085,10.148
5398000,82,4,1935,villa,Åbyhøj,8230,3.5,2023,2023Q3,2023-07-26,56.152,10.154
2500000,104,4,2007,townhouse,Harlev J,8462,13.6,2023,2023Q3,2023-07-27,56.139,9.993
2650000,120,5,1960,villa,Risskov,8240,5.6,2023,2023Q3,2023-07-27,56.203,10.244
6000000,182,5,1976,villa,Brabrand,8220,6.2,2023,2023Q3,2023-07-27,56.158,10.111
5425000,120,3,1910,townhouse,Åbyhøj,8230,2.6,2023,2023Q3,2023-07-27,56.155,10.168
3250000,115,4,2016,townhouse,Hjortshøj,8530,10.3,2023,2023Q3,2023-07-27,56.245,10.264
2950000,139,5,1924,villa,Risskov,8240,4.0,2023,2023Q3,2023-07-27,56.193,10.215
3400000,129,5,1973,villa,Tranbjerg J,8310,9.6,2023,2023Q3,2023-07-27,56.088,10.117
6225000,197,6,2016,villa,Mårslet,8320,9.3,2023,2023Q3,2023-07-28,56.082,10.145
2150000,104,4,1985,townhouse,Tranbjerg J,8310,8.1,2023,2023Q3,2023-07-28,56.097,10.138
3999000,189,7,1977,villa,Tranbjerg J,8310,9.1,2023,2023Q3,2023-07-29,56.092,10.12
1250000,157,5,1903,villa,Sabro,8471,15.6,2023,2023Q3,2023-07-29,56.219,9.986
4600000,154,5,1947,villa,Åbyhøj,8230,3.5,2023,2023Q3,2023-07-29,56.151,10.155
2175000,63,3,1990,townhouse,Aarhus N,8200,3.5,2023,2023Q3,2023-07-29,56.18,10.174
2800000,134,5,1967,villa,Tranbjerg J,8310,9.0,2023,2023Q3,2023-07-29,56.086,10.14
4000000,150,4,1973,villa,Lystrup,8520,8.7,2023,2023Q3,2023-07-30,56.235,10.199
2885000,129,5,1974,villa,Tranbjerg J,8310,9.2,2023,2023Q3,2023-07-30,56.091,10.12
3400000,97,4,1992,townhouse,Viby J,8260,5.8,2023,2023Q3,2023-07-30,56.135,10.125
3600000,125,4,1970,townhouse,Egå,8250,7.4,2023,2023Q3,2023-07-30,56.211,10.281
6700000,100,4,1946,townhouse,Højbjerg,8270,4.1,2023,2023Q3,2023-07-31,56.12,10.199
4275000,103,4,1963,townhouse,Risskov,8240,4.4,2023,2023Q3,2023-07-31,56.196,10.214
4650000,158,5,1974,townhouse,Åbyhøj,8230,3.3,2023,2023Q3,2023-07-31,56.144,10.162
3850000,132,5,1983,villa,Risskov,8240,6.2,2023,2023Q3,2023-07-31,56.208,10.247
4149000,96,4,1957,villa,Risskov,8240,4.6,2023,2023Q3,2023-08-01,56.197,10.222
3350000,121,3,2013,townhouse,Sabro,8471,11.4,2023,2023Q3,2023-08-01,56.207,10.049
2575000,110,4,1962,villa,Harlev J,8462,13.4,2023,2023Q3,2023-08-01,56.14,9.996
4700000,153,5,1961,villa,Egå,8250,12.1,2023,2023Q3,2023-08-01,56.243,10.331
5498000,133,6,1954,villa,Aarhus V,8210,3.0,2023,2023Q3,2023-08-02,56.169,10.169
3050000,107,4,1960,villa,Viby J,8260,6.6,2023,2023Q3,2023-08-02,56.128,10.118
3400000,109,4,1987,townhouse,Risskov,8240,4.6,2023,2023Q3,2023-08-02,56.197,10.197
2666500,99,4,1984,townhouse,Lystrup,8520,8.1,2023,2023Q3,2023-08-02,56.229,10.23
2498000,103,3,2010,townhouse,Tilst,8381,8.7,2023,2023Q3,2023-08-03,56.192,10.085
3202000,116,5,1971,villa,Mårslet,8320,10.1,2023,2023Q3,2023-08-03,56.072,10.154
4098000,101,4,1999,townhouse,Højbjerg,8270,4.9,2023,2023Q3,2023-08-03,56.114,10.189
1998000,72,3,1971,townhouse,Tranbjerg J,8310,8.3,2023,2023Q3,2023-08-03,56.091,10.147
2900000,100,3,1989,townhouse,Aarhus V,8210,2.6,2023,2023Q3,2023-08-03,56.165,10.171
3512500,137,4,2016,townhouse,Skødstrup,8541,13.3,2023,2023Q3,2023-08-04,56.265,10.301
2498000,137,5,1983,villa,Aarhus V,8210,4.8,2023,2023Q3,2023-08-04,56.174,10.141
3350000,151,5,1977,townhouse,Viby J,8260,6.0,2023,2023Q3,2023-08-05,56.122,10.136
2550000,83,3,1991,townhouse,Viby J,8260,5.8,2023,2023Q3,2023-08-06,56.133,10.128
4975000,136,5,1923,villa,Viby J,8260,4.7,2023,2023Q3,2023-08-06,56.126,10.159
3100000,124,4,1969,villa,Beder,8330,10.2,2023,2023Q3,2023-08-06,56.065,10.212
3175000,105,4,1986,townhouse,Risskov,8240,5.3,2023,2023Q3,2023-08-06,56.205,10.206
3198000,109,5,1777,villa,Højbjerg,8270,5.7,2023,2023Q3,2023-08-06,56.105,10.206
4300000,184,6,1917,villa,Egå,8250,7.7,2023,2023Q3,2023-08-06,56.218,10.268
2580000,166,5,1977,villa,Malling,8340,14.3,2023,2023Q3,2023-08-06,56.032,10.262
2901000,98,4,1953,villa,Viby J,8260,3.9,2023,2023Q3,2023-08-07,56.126,10.182
3062000,131,4,1976,villa,Tranbjerg J,8310,8.9,2023,2023Q3,2023-08-07,56.085,10.146
3069000,125,4,1976,villa,Tranbjerg J,8310,9.0,2023,2023Q3,2023-08-07,56.092,10.123
11900000,198,4,1898,townhouse,Aarhus C,8000,0.8,2023,2023Q3,2023-08-07,56.163,10.207
3295000,144,5,1966,villa,Mårslet,8320,10.7,2023,2023Q3,2023-08-07,56.065,10.157
4750000,170,7,1964,villa,Skødstrup,8541,14.2,2023,2023Q3,2023-08-07,56.271,10.312
3750000,99,3,1954,villa,Viby J,8260,3.7,2023,2023Q3,2023-08-08,56.131,10.173
4975000,137,5,1971,villa,Egå,8250,6.8,2023,2023Q3,2023-08-08,56.21,10.265
3495000,104,4,2023,townhouse,Egå,8250,9.3,2023,2023Q3,2023-08-08,56.227,10.294
2720000,97,4,1996,townhouse,Aarhus V,8210,4.8,2023,2023Q3,2023-08-08,56.172,10.138
3150000,123,5,1985,villa,Tranbjerg J,8310,8.2,2023,2023Q3,2023-08-08,56.099,10.129
2600000,106,4,1984,villa,Beder,8330,11.5,2023,2023Q3,2023-08-08,56.054,10.204
3700000,137,4,1973,villa,Lystrup,8520,9.0,2023,2023Q3,2023-08-08,56.237,10.2
3050000,108,3,1900,townhouse,Åbyhøj,8230,3.3,2023,2023Q3,2023-08-09,56.146,10.162
3450000,142,4,1978,villa,Tranbjerg J,8310,8.3,2023,2023Q3,2023-08-09,56.097,10.131
4060000,165,4,2008,villa,Solbjerg,8355,14.3,2023,2023Q3,2023-08-09,56.046,10.092
1638000,80,4,1820,villa,Aarhus N,8200,5.1,2023,2023Q3,2023-08-09,56.19,10.153
3600000,172,5,1964,villa,Lystrup,8520,9.3,2023,2023Q3,2023-08-10,56.24,10.227
5250000,135,4,1937,villa,Højbjerg,8270,5.0,2023,2023Q3,2023-08-10,56.112,10.201
2350000,64,3,1960,townhouse,Højbjerg,8270,4.8,2023,2023Q3,2023-08-10,56.122,10.166
7140000,170,5,1938,villa,Åbyhøj,8230,3.3,2023,2023Q3,2023-08-11,56.154,10.157
5650000,124,6,1956,villa,Viby J,8260,3.5,2023,2023Q3,2023-08-11,56.135,10.169
3050000,126,4,2018,townhouse,Tranbjerg J,8310,10.0,2023,2023Q3,2023-08-11,56.082,10.12
4850000,126,4,1984,townhouse,Højbjerg,8270,4.2,2023,2023Q3,2023-08-11,56.119,10.197
2650000,117,4,1970,villa,Solbjerg,8355,15.7,2023,2023Q3,2023-08-13,56.038,10.072
2200000,104,4,1964,townhouse,Sabro,8471,12.4,2023,2023Q3,2023-08-13,56.211,10.035
3698000,114,4,2008,townhouse,Risskov,8240,4.8,2023,2023Q3,2023-08-13,56.2,10.211
2325000,93,4,1985,townhouse,Beder,8330,11.2,2023,2023Q3,2023-08-13,56.056,10.207
2880000,134,4,2012,townhouse,Solbjerg,8355,14.2,2023,2023Q3,2023-08-14,56.047,10.091
3900000,110,4,1966,townhouse,Egå,8250,6.8,2023,2023Q3,2023-08-14,56.208,10.272
3350000,137,4,2005,villa,Sabro,8471,12.2,2023,2023Q3,2023-08-14,56.213,10.041
4150000,130,6,1936,villa,Åbyhøj,8230,3.2,2023,2023Q3,2023-08-14,56.156,10.159
7250000,132,4,1937,villa,Risskov,8240,4.1,2023,2023Q3,2023-08-14,56.192,10.234
2525000,111,4,1991,villa,Tilst,8381,6.2,2023,2023Q3,2023-08-14,56.178,10.118
2080000,100,4,1961,townhouse,Lystrup,8520,8.5,2023,2023Q3,2023-08-14,56.232,10.229
3645000,121,4,1961,villa,Egå,8250,7.7,2023,2023Q3,2023-08-14,56.219,10.266
5795000,183,5,1950,villa,Åbyhøj,8230,2.7,2023,2023Q3,2023-08-14,56.161,10.169
3605000,170,7,1909,villa,Harlev J,8462,13.1,2023,2023Q3,2023-08-14,56.143,10.0
3050000,138,5,1964,villa,Harlev J,8462,13.0,2023,2023Q3,2023-08-14,56.15,10.001
3200000,102,4,1960,townhouse,Højbjerg,8270,4.7,2023,2023Q3,2023-08-15,56.12,10.173
1212000,116,4,1983,villa,Viby J,8260,10.2,2023,2023Q3,2023-08-15,56.124,10.058
3150000,126,4,2018,townhouse,Tranbjerg J,8310,10.0,2023,2023Q3,2023-08-15,56.082,10.119
4150000,164,5,1966,villa,Lystrup,8520,9.1,2023,2023Q3,2023-08-15,56.238,10.226
5175000,128,4,1953,villa,Aarhus N,8200,2.9,2023,2023Q3,2023-08-15,56.182,10.2
4195000,132,5,1948,villa,Malling,8340,12.8,2023,2023Q3,2023-08-15,56.042,10.193
3350000,232,7,1970,villa,Malling,8340,12.9,2023,2023Q3,2023-08-15,56.041,10.195
4125000,164,5,2008,villa,Solbjerg,8355,14.3,2023,2023Q3,2023-08-16,56.045,10.097
2981000,118,4,1978,townhouse,Hasselager,8361,10.2,2023,2023Q3,2023-08-16,56.106,10.073
2750000,112,4,1962,townhouse,Brabrand,8220,5.5,2023,2023Q3,2023-08-16,56.152,10.122
5350000,167,5,2022,villa,Mårslet,8320,9.4,2023,2023Q3,2023-08-16,56.076,10.167
2973000,100,4,2011,townhouse,Egå,8250,7.0,2023,2023Q3,2023-08-16,56.211,10.266
3500000,128,4,1969,villa,Lystrup,8520,9.0,2023,2023Q3,2023-08-16,56.236,10.242
3225000,183,5,1977,villa,Skødstrup,8541,13.6,2023,2023Q3,2023-08-16,56.267,10.306
3200000,158,5,1975,villa,Lystrup,8520,9.0,2023,2023Q3,2023-08-16,56.235,10.246
2935000,208,5,1967,villa,Sabro,8471,12.4,2023,2023Q3,2023-08-16,56.21,10.035
4750000,113,3,1974,villa,Egå,8250,7.2,2023,2023Q3,2023-09-03,56.213,10.267
3600000,162,6,1952,villa,Hasselager,8361,9.1,2023,2023Q3,2023-09-03,56.103,10.099
2225000,123,4,1959,villa,Skødstrup,8541,12.6,2023,2023Q3,2023-09-04,56.26,10.293
6600000,96,4,1926,villa,Aarhus N,8200,1.9,2023,2023Q3,2023-09-04,56.174,10.216
4288000,163,4,2020,townhouse,Solbjerg,8355,14.2,2023,2023Q3,2023-09-04,56.048,10.092
5450000,130,4,2020,townhouse,Egå,8250,6.7,2023,2023Q3,2023-09-04,56.206,10.274
1395000,115,4,1907,villa,Harlev J,8462,13.9,2023,2023Q3,2023-09-04,56.151,9.986
6850000,100,4,1946,townhouse,Højbjerg,8270,4.2,2023,2023Q3,2023-09-04,56.119,10.2
4650000,123,5,1963,villa,Viby J,8260,3.7,2023,2023Q3,2023-09-04,56.128,10.179
6200000,160,6,1970,villa,Åbyhøj,8230,3.2,2023,2023Q3,2023-09-05,56.16,10.159
4950000,180,6,1900,townhouse,Malling,8340,13.5,2023,2023Q3,2023-09-05,56.036,10.239
2425000,143,5,1890,townhouse,Sabro,8471,10.1,2023,2023Q3,2023-09-05,56.198,10.065
2700000,104,4,2009,townhouse,Harlev J,8462,13.6,2023,2023Q3,2023-09-06,56.138,9.994
3300000,151,5,2005,villa,Tranbjerg J,8310,9.9,2023,2023Q3,2023-09-06,56.083,10.122
5125000,150,6,1900,townhouse,Aarhus C,8000,1.1,2023,2023Q3,2023-09-06,56.165,10.218
2300000,156,5,1964,villa,Sabro,8471,13.2,2023,2023Q3,2023-09-06,56.215,10.026
6400000,99,3,1961,villa,Højbjerg,8270,4.6,2023,2023Q3,2023-09-06,56.115,10.219
7650000,132,5,2020,townhouse,Risskov,8240,3.7,2023,2023Q3,2023-09-06,56.187,10.234
5930000,108,4,1931,villa,Åbyhøj,8230,3.2,2023,2023Q3,2023-09-06,56.147,10.162
2615000,151,5,1977,townhouse,Hasselager,8361,10.1,2023,2023Q3,2023-09-06,56.107,10.074
2350000,154,6,1948,villa,Harlev J,8462,12.7,2023,2023Q3,2023-09-06,56.151,10.005
2450000,126,4,1969,villa,Tilst,8381,6.9,2023,2023Q3,2023-09-06,56.189,10.115
2800000,146,4,1965,townhouse,Viby J,8260,5.3,2023,2023Q3,2023-09-06,56.122,10.152
2600000,120,4,1969,townhouse,Tilst,8381,8.5,2023,2023Q3,2023-09-06,56.19,10.086
3500000,172,6,1972,villa,Egå,8250,9.6,2023,2023Q3,2023-09-07,56.231,10.29
6295000,118,6,1953,townhouse,Risskov,8240,4.1,2023,2023Q3,2023-09-07,56.193,10.223
3445000,136,6,1986,villa,Hasselager,8361,9.5,2023,2023Q3,2023-09-07,56.107,10.086
4779500,111,5,1934,villa,Aarhus V,8210,2.7,2023,2023Q3,2023-09-07,56.166,10.171
2345000,84,3,1991,townhouse,Lystrup,8520,8.5,2023,2023Q3,2023-09-07,56.233,10.226
3650000,147,5,1852,townhouse,Risskov,8240,4.4,2023,2023Q3,2023-09-07,56.196,10.218
2475000,106,3,1968,villa,Harlev J,8462,13.2,2023,2023Q3,2023-09-07,56.144,9.998
3900000,184,6,1976,villa,Lystrup,8520,9.1,2023,2023Q3,2023-09-07,56.236,10.246
3900000,143,5,1970,villa,Egå,8250,7.8,2023,2023Q3,2023-09-07,56.219,10.268
7800000,161,4,1944,villa,Højbjerg,8270,4.9,2023,2023Q3,2023-09-07,56.113,10.201
3615000,141,5,1962,villa,Egå,8250,8.2,2023,2023Q3,2023-09-08,56.218,10.285
2500000,90,3,1877,villa,Brabrand,8220,10.4,2023,2023Q3,2023-09-09,56.169,10.044
2800000,122,4,1968,villa,Tranbjerg J,8310,8.8,2023,2023Q3,2023-09-09,56.087,10.143
6400000,199,7,2007,villa,Mårslet,8320,10.8,2023,2023Q3,2023-09-10,56.065,10.151
3475000,149,5,1977,villa,Tranbjerg J,8310,9.2,2023,2023Q3,2023-09-10,56.092,10.118
3995000,145,4,2007,townhouse,Mårslet,8320,11.1,2023,2023Q3,2023-09-10,56.061,10.16
2330000,97,4,1962,villa,Skødstrup,8541,12.8,2023,2023Q3,2023-09-10,56.261,10.298
6800000,125,5,2015,townhouse,Brabrand,8220,5.5,2023,2023Q3,2023-09-10,56.158,10.121
2800000,180,6,1971,villa,Harlev J,8462,13.0,2023,2023Q3,2023-09-10,56.147,10.001
2410000,117,4,1964,villa,Lystrup,8520,9.0,2023,2023Q3,2023-09-10,56.237,10.221
5700000,140,4,1932,villa,Åbyhøj,8230,4.0,2023,2023Q3,2023-09-11,56.156,10.147
3600000,140,3,1983,villa,Tranbjerg J,8310,8.4,2023,2023Q3,2023-09-11,56.096,10.128
5245000,134,6,1998,villa,Risskov,8240,5.8,2023,2023Q3,2023-09-11,56.209,10.207
2795000,90,3,2023,townhouse,Aarhus N,8200,7.9,2023,2023Q3,2023-09-11,56.221,10.159
5998000,162,5,2022,villa,Brabrand,8220,5.5,2023,2023Q3,2023-09-11,56.152,10.123
3000000,152,5,2015,villa,Trige,8380,15.8,2023,2023Q3,2023-09-11,56.295,10.152
3100000,156,4,1977,villa,Hasselager,8361,10.3,2023,2023Q3,2023-09-11,56.105,10.073
4325000,145,6,1957,townhouse,Aarhus V,8210,3.1,2023,2023Q3,2023-09-11,56.165,10.162
7750000,184,4,2021,villa,Egå,8250,12.0,2023,2023Q3,2023-09-11,56.241,10.331
2000000,85,4,1971,townhouse,Tranbjerg J,8310,8.3,2023,2023Q3,2023-09-11,56.09,10.151
8325000,137,4,1983,villa,Risskov,8240,6.5,2023,2023Q3,2023-09-12,56.201,10.279
3298000,121,5,1962,villa,Aarhus N,8200,3.1,2023,2023Q3,2023-09-12,56.18,10.183
5400000,158,5,2012,villa,Viby J,8260,7.4,2023,2023Q3,2023-09-12,56.128,10.104
5000000,139,5,1978,townhouse,Risskov,8240,4.8,2023,2023Q3,2023-09-12,56.199,10.22
1200000,100,4,1932,villa,Harlev J,8462,12.8,2023,2023Q3,2023-09-12,56.152,10.004
6360000,90,5,1937,villa,Højbjerg,8270,4.5,2023,2023Q3,2023-09-12,56.116,10.2
3495000,181,8,1981,villa,Lystrup,8520,10.4,2023,2023Q3,2023-09-12,56.249,10.242
2545000,105,4,1979,villa,Tilst,8381,6.4,2023,2023Q3,2023-09-12,56.179,10.116
4495000,142,8,1931,villa,Beder,8330,10.7,2023,2023Q3,2023-09-13,56.06,10.205
4780000,164,5,2018,villa,Solbjerg,8355,14.8,2023,2023Q3,2023-09-13,56.04,10.097
5000000,167,4,2017,villa,Skødstrup,8541,13.2,2023,2023Q3,2023-09-13,56.265,10.3
6865000,166,5,1948,villa,Aarhus N,8200,2.6,2023,2023Q3,2023-09-13,56.175,10.185
3500000,108,3,1981,townhouse,Aarhus N,8200,2.8,2023,2023Q3,2023-09-13,56.177,10.183
3070000,127,4,2007,villa,Tilst,8381,7.2,2023,2023Q3,2023-09-13,56.194,10.116
6298000,120,4,1953,townhouse,Risskov,8240,4.0,2023,2023Q3,2023-09-13,56.193,10.223
4750000,137,5,1966,villa,Risskov,8240,5.1,2023,2023Q3,2023-09-13,56.202,10.222
11690000,253,8,1960,villa,Højbjerg,8270,5.3,2023,2023Q3,2023-09-14,56.109,10.215
3850000,217,7,1972,villa,Solbjerg,8355,14.7,2023,2023Q3,2023-09-14,56.044,10.087
3750000,149,5,1971,villa,Malling,8340,12.6,2023,2023Q3,2023-09-14,56.043,10.203
3380000,148,5,2016,townhouse,Lystrup,8520,9.0,2023,2023Q3,2023-09-14,56.237,10.192
1650000,96,3,1964,villa,Viby J,8260,10.2,2023,2023Q3,2023-09-14,56.124,10.057
2150000,69,2,1986,townhouse,Risskov,8240,4.7,2023,2023Q3,2023-09-14,56.198,10.195
2700000,120,5,2013,townhouse,Hasselager,8361,8.7,2023,2023Q3,2023-09-14,56.112,10.096
7600000,110,3,1886,townhouse,Aarhus C,8000,1.4,2023,2023Q3,2023-09-14,56.147,10.197
1600000,84,3,1900,villa,Sabro,8471,12.5,2023,2023Q3,2023-09-14,56.219,10.042
2400000,97,3,2005,villa,Skødstrup,8541,15.5,2023,2023Q3,2023-09-14,56.28,10.326
3998000,159,6,1976,villa,Malling,8340,12.6,2023,2023Q3,2023-09-15,56.044,10.2
2050000,92,4,1932,villa,Risskov,8240,5.6,2023,2023Q3,2023-09-16,56.202,10.25
3575000,158,6,1971,villa,Tilst,8381,7.3,2023,2023Q3,2023-09-16,56.18,10.101
5500000,183,6,1965,villa,Egå,8250,8.6,2023,2023Q3,2023-09-16,56.22,10.291
4650000,190,7,1967,villa,Risskov,8240,5.3,2023,2023Q3,2023-09-16,56.204,10.223
3500000,205,7,1985,villa,Lystrup,8520,7.9,2023,2023Q3,2023-09-17,56.226,10.239
2730000,140,5,1972,villa,Aarhus V,8210,5.1,2023,2023Q3,2023-09-17,56.174,10.135
2150000,136,7,1852,villa,Hjortshøj,8530,12.4,2023,2023Q3,2023-09-17,56.263,10.268
3800000,155,4,2021,townhouse,Solbjerg,8355,14.1,2023,2023Q3,2023-09-17,56.048,10.094
2325000,135,4,1971,villa,Tilst,8381,7.2,2023,2023Q3,2023-09-17,56.178,10.1
3845000,120,4,2016,townhouse,Egå,8250,9.4,2023,2023Q3,2023-09-17,56.232,10.282
7550000,195,7,1966,villa,Egå,8250,8.0,2023,2023Q3,2023-09-17,56.214,10.287
6400000,161,6,1935,villa,Højbjerg,8270,4.7,2023,2023Q3,2023-09-17,56.115,10.204
5800000,150,5,1975,villa,Højbjerg,8270,5.4,2023,2023Q3,2023-09-17,56.11,10.186
6825000,148,3,1929,villa,Risskov,8240,4.7,2023,2023Q3,2023-09-17,56.196,10.239
5300000,112,5,1972,townhouse,Risskov,8240,3.2,2023,2023Q3,2023-09-18,56.183,10.23
3295000,102,4,2021,townhouse,Aarhus N,8200,8.4,2023,2023Q3,2023-09-18,56.233,10.204
5355000,134,3,1967,townhouse,Egå,8250,8.9,2023,2023Q3,2023-09-18,56.222,10.293
2480000,190,6,1966,villa,Skødstrup,8541,12.4,2023,2023Q3,2023-09-18,56.257,10.297
2100000,83,3,2001,townhouse,Tilst,8381,6.9,2023,2023Q3,2023-09-18,56.185,10.111
3960000,148,4,1969,villa,Tranbjerg J,8310,8.9,2023,2023Q3,2023-09-18,56.087,10.14
1300000,84,2,1961,villa,Harlev J,8462,13.4,2023,2023Q3,2023-09-18,56.137,9.998
3335000,140,5,2014,townhouse,Hasselager,8361,8.7,2023,2023Q3,2023-09-19,56.112,10.096
2550000,100,5,1965,villa,Tilst,8381,8.2,2023,2023Q3,2023-09-19,56.19,10.093
3099000,128,6,1971,villa,Hjortshøj,8530,10.7,2023,2023Q3,2023-09-19,56.248,10.264
4298000,162,5,1970,villa,Risskov,8240,5.4,2023,2023Q3,2023-09-19,56.205,10.212
6675000,172,4,2001,villa,Egå,8250,10.7,2023,2023Q3,2023-09-19,56.236,10.309
3150000,140,4,2008,townhouse,Sabro,8471,11.8,2023,2023Q3,2023-09-20,56.209,10.045
2200000,140,4,1955,villa,Lystrup,8520,8.0,2023,2023Q3,2023-09-20,56.228,10.232
2250000,97,3,2005,townhouse,Skødstrup,8541,15.5,2023,2023Q3,2023-09-20,56.281,10.325
5850000,186,4,2011,villa,Lystrup,8520,8.9,2023,2023Q3,2023-09-20,56.236,10.197
2974000,110,4,1976,villa,Egå,8250,9.1,2023,2023Q3,2023-09-20,56.225,10.291
3075000,93,3,2007,villa,Egå,8250,9.8,2023,2023Q3,2023-09-20,56.231,10.297
2400000,92,4,1976,townhouse,Tilst,8381,7.2,2023,2023Q3,2023-09-20,56.174,10.099
2490000,107,4,1986,townhouse,Viby J,8260,6.0,2023,2023Q3,2023-09-20,56.125,10.131
2100000,104,4,1986,townhouse,Tranbjerg J,8310,8.1,2023,2023Q3,2023-09-20,56.096,10.138
2750000,129,4,1906,villa,Tilst,8381,7.3,2023,2023Q3,2023-09-20,56.193,10.112
2375000,170,6,1963,villa,Sabro,8471,13.1,2023,2023Q3,2023-09-20,56.21,10.021
3700000,111,5,1955,villa,Højbjerg,8270,5.4,2023,2023Q3,2023-09-21,56.116,10.164
9900000,190,7,1896,villa,Aarhus C,8000,1.1,2023,2023Q3,2023-09-21,56.147,10.207
5995000,179,6,1965,villa,Højbjerg,8270,4.2,2023,2023Q3,2023-09-21,56.122,10.182
4195000,90,3,1932,villa,Aarhus N,8200,2.5,2023,2023Q3,2023-09-21,56.175,10.188
2600000,196,5,1905,villa,Tilst,8381,8.2,2023,2023Q3,2023-09-21,56.188,10.091
5000000,164,5,1907,villa,Åbyhøj,8230,2.5,2023,2023Q3,2023-09-21,56.153,10.17
2300000,92,4,1976,townhouse,Tilst,8381,7.3,2023,2023Q3,2023-09-21,56.175,10.097
7950000,159,5,1984,villa,Risskov,8240,5.0,2023,2023Q3,2023-09-21,56.196,10.252
3199000,101,4,2003,townhouse,Lystrup,8520,8.7,2023,2023Q3,2023-09-23,56.235,10.22
3230000,141,2,1910,villa,Højbjerg,8270,5.4,2023,2023Q3,2023-09-23,56.113,10.173
6000000,175,5,1971,villa,Aarhus V,8210,3.4,2023,2023Q3,2023-09-24,56.163,10.157
4090000,161,6,1989,villa,Viby J,8260,6.1,2023,2023Q3,2023-09-24,56.136,10.12
1875000,100,3,1972,townhouse,Mårslet,8320,10.1,2023,2023Q3,2023-09-24,56.07,10.158
5250000,199,5,1974,villa,Viby J,8260,6.0,2023,2023Q3,2023-09-25,56.134,10.122
3175000,126,4,2018,townhouse,Tranbjerg J,8310,10.0,2023,2023Q3,2023-09-25,56.083,10.12
6750000,173,6,1954,villa,Højbjerg,8270,3.9,2023,2023Q3,2023-09-25,56.124,10.188
10500000,168,6,1877,villa,Aarhus C,8000,0.6,2023,2023Q3,2023-09-26,56.161,10.204
3495000,120,4,2017,townhouse,Lystrup,8520,8.2,2023,2023Q3,2023-09-26,56.23,10.227
4800000,150,4,1977,villa,Egå,8250,10.1,2023,2023Q3,2023-09-26,56.233,10.299
4425000,183,5,2007,villa,Tranbjerg J,8310,10.1,2023,2023Q3,2023-09-26,56.08,10.122
4150000,222,9,1965,villa,Tilst,8381,8.2,2023,2023Q3,2023-09-26,56.191,10.094
4800000,177,5,1971,villa,Risskov,8240,5.6,2023,2023Q3,2023-09-26,56.207,10.212
1875000,170,5,1976,villa,Harlev J,8462,14.9,2023,2023Q3,2023-09-26,56.143,9.972
7900000,171,4,2007,villa,Brabrand,8220,7.1,2023,2023Q3,2023-09-26,56.16,10.097
2950000,133,4,1968,villa,Beder,8330,10.9,2023,2023Q3,2023-09-26,56.059,10.21
3600000,108,5,1954,villa,Brabrand,8220,4.5,2023,2023Q3,2023-09-26,56.154,10.139
4200000,128,5,1986,villa,Risskov,8240,6.1,2023,2023Q3,2023-09-26,56.208,10.246
1825000,90,3,1956,villa,Malling,8340,15.1,2023,2023Q3,2023-09-26,56.026,10.145
3500000,154,6,1957,villa,Højbjerg,8270,4.4,2023,2023Q3,2023-09-26,56.12,10.184
3498000,136,5,1985,villa,Beder,8330,11.2,2023,2023Q3,2023-09-26,56.056,10.208
7695000,193,5,2015,villa,Egå,8250,8.1,2023,2023Q3,2023-09-26,56.216,10.288
2995000,127,6,1957,villa,Aarhus V,8210,2.9,2023,2023Q3,2023-09-27,56.17,10.171
4450000,104,4,1979,townhouse,Viby J,8260,2.7,2023,2023Q3,2023-09-27,56.138,10.183
3595000,110,5,2023,townhouse,Egå,8250,9.3,2023,2023Q3,2023-09-27,56.227,10.293
3885000,112,4,1973,villa,Egå,8250,8.6,2023,2023Q3,2023-09-27,56.221,10.289
4475000,180,4,1927,villa,Harlev J,8462,13.1,2023,2023Q3,2023-09-27,56.144,10.0
3750000,112,4,1957,villa,Risskov,8240,4.5,2023,2023Q3,2023-09-27,56.197,10.219
3050000,236,8,1886,villa,Mårslet,8320,12.8,2023,2023Q3,2023-09-28,56.052,10.128
5100000,85,4,1954,villa,Aarhus N,8200,2.7,2023,2023Q3,2023-09-28,56.181,10.208
4256001,130,3,1974,villa,Mårslet,8320,10.9,2023,2023Q3,2023-09-28,56.063,10.161
6120000,211,7,1974,villa,Egå,8250,9.7,2023,2023Q3,2023-09-28,56.228,10.302
4195000,157,5,1971,villa,Beder,8330,11.0,2023,2023Q3,2023-09-28,56.057,10.213
12300000,178,7,1939,villa,Aarhus C,8000,2.5,2023,2023Q3,2023-09-29,56.137,10.191
6398000,120,4,1926,villa,Højbjerg,8270,4.4,2023,2023Q3,2023-09-29,56.119,10.191
1895000,153,4,1900,villa,Sabro,8471,16.8,2023,2023Q3,2023-09-29,56.224,9.968
2998000,107,5,1979,villa,Tilst,8381,6.3,2023,2023Q3,2023-09-29,56.177,10.115
5800000,189,6,1972,villa,Aarhus N,8200,2.6,2023,2023Q3,2023-09-30,56.18,10.206
5750000,120,5,1914,villa,Viby J,8260,2.8,2023,2023Q3,2023-09-30,56.134,10.189
6075000,127,6,1926,villa,Åbyhøj,8230,3.3,2023,2023Q4,2023-10-01,56.153,10.157
3011500,165,6,1967,villa,Tranbjerg J,8310,8.9,2023,2023Q4,2023-10-01,56.087,10.14
4500000,148,6,1970,villa,Skødstrup,8541,12.9,2023,2023Q4,2023-10-02,56.262,10.295
2200000,99,4,1956,villa,Tilst,8381,6.7,2023,2023Q4,2023-10-02,56.188,10.119
2255000,98,4,1987,townhouse,Beder,8330,11.2,2023,2023Q4,2023-10-02,56.056,10.207
3700000,64,2,1935,villa,Åbyhøj,8230,3.9,2023,2023Q4,2023-10-02,56.153,10.148
2500000,123,4,1977,townhouse,Tranbjerg J,8310,8.3,2023,2023Q4,2023-10-02,56.097,10.132
5150000,193,7,1980,villa,Mårslet,8320,10.1,2023,2023Q4,2023-10-02,56.07,10.167
4500000,141,4,1953,villa,Højbjerg,8270,5.2,2023,2023Q4,2023-10-02,56.116,10.168
3315000,101,4,1988,townhouse,Risskov,8240,5.4,2023,2023Q4,2023-10-02,56.205,10.209
5050000,195,6,1974,villa,Egå,8250,10.3,2023,2023Q4,2023-10-03,56.232,10.309
3725000,112,4,1964,villa,Højbjerg,8270,5.1,2023,2023Q4,2023-10-03,56.117,10.17
3350000,159,5,1952,villa,Aarhus V,8210,3.0,2023,2023Q4,2023-10-03,56.166,10.165
2000000,110,4,1987,townhouse,Tranbjerg J,8310,8.1,2023,2023Q4,2023-10-03,56.097,10.136
5250000,130,6,1961,villa,Egå,8250,8.7,2023,2023Q4,2023-10-03,56.22,10.294
3200000,145,5,1980,villa,Hasselager,8361,10.5,2023,2023Q4,2023-10-03,56.108,10.067
3895000,102,2,1927,villa,Aarhus V,8210,3.1,2023,2023Q4,2023-10-03,56.168,10.165
3525000,125,5,1996,villa,Beder,8330,10.5,2023,2023Q4,2023-10-03,56.062,10.219
2150000,119,5,1961,villa,Hasselager,8361,9.1,2023,2023Q4,2023-10-04,56.108,10.094
3850000,106,4,1982,townhouse,Risskov,8240,5.5,2023,2023Q4,2023-10-04,56.201,10.249
4900000,175,5,2010,villa,Viby J,8260,6.7,2023,2023Q4,2023-10-04,56.122,10.123
4053000,147,5,2006,villa,Sabro,8471,11.9,2023,2023Q4,2023-10-04,56.208,10.043
2850000,122,4,2018,townhouse,Skødstrup,8541,14.5,2023,2023Q4,2023-10-04,56.273,10.314
2620000,118,4,1965,villa,Egå,8250,7.3,2023,2023Q4,2023-10-04,56.215,10.266
4850000,134,4,1966,villa,Risskov,8240,5.2,2023,2023Q4,2023-10-04,56.203,10.223
2475000,105,4,1954,villa,Solbjerg,8355,14.7,2023,2023Q4,2023-10-04,56.047,10.079
1425000,66,3,1982,townhouse,Solbjerg,8355,15.6,2023,2023Q4,2023-10-04,56.037,10.08
5350000,130,5,1948,villa,Risskov,8240,3.9,2023,2023Q4,2023-10-04,56.191,10.228
7000000,183,5,2005,villa,Højbjerg,8270,4.4,2023,2023Q4,2023-10-04,56.117,10.205
2050000,93,4,1986,townhouse,Tranbjerg J,8310,8.4,2023,2023Q4,2023-10-05,56.095,10.133
1825000,101,4,1984,townhouse,Beder,8330,11.4,2023,2023Q4,2023-10-05,56.054,10.202
5575000,150,7,1961,villa,Højbjerg,8270,4.8,2023,2023Q4,2023-10-05,56.12,10.172
3275000,142,5,2016,townhouse,Skødstrup,8541,13.3,2023,2023Q4,2023-10-05,56.265,10.302
3310000,120,4,2019,townhouse,Harlev J,8462,13.4,2023,2023Q4,2023-10-05,56.137,9.998
5800000,174,5,2023,villa,Mårslet,8320,9.4,2023,2023Q4,2023-10-05,56.076,10.166
8150000,152,5,1912,villa,Risskov,8240,4.0,2023,2023Q4,2023-10-05,56.19,10.236
3000000,119,4,1906,townhouse,Hjortshøj,8530,12.5,2023,2023Q4,2023-10-05,56.26,10.292
3900000,180,7,1972,villa,Tilst,8381,8.6,2023,2023Q4,2023-10-05,56.191,10.087
7200000,210,5,1954,villa,Højbjerg,8270,3.9,2023,2023Q4,2023-10-05,56.122,10.195
2874000,115,3,1969,villa,Hjortshøj,8530,10.3,2023,2023Q4,2023-10-05,56.244,10.266
3890000,110,4,1969,villa,Aarhus N,8200,2.7,2023,2023Q4,2023-10-05,56.178,10.188
8100000,118,5,1947,villa,Viby J,8260,6.0,2023,2023Q4,2023-10-05,56.137,10.121
2375000,180,6,1970,villa,Sabro,8471,9.8,2023,2023Q4,2023-10-05,56.212,10.087
12750000,281,6,1932,villa,Sabro,8471,10.4,2023,2023Q4,2023-10-06,56.202,10.063
3300000,154,5,1970,villa,Hasselager,8361,8.8,2023,2023Q4,2023-10-06,56.11,10.097
4850000,159,5,2012,villa,Mårslet,8320,11.0,2023,2023Q4,2023-10-06,56.063,10.152
5100000,174,6,1900,villa,Brabrand,8220,6.3,2023,2023Q4,2023-10-06,56.155,10.109
4125000,90,4,1950,villa,Aarhus V,8210,3.8,2023,2023Q4,2023-10-07,56.162,10.15
4998000,198,7,1974,villa,Egå,8250,10.1,2023,2023Q4,2023-10-07,56.231,10.305
3700000,120,5,1964,villa,Mårslet,8320,7.2,2023,2023Q4,2023-10-07,56.092,10.193
2950000,154,4,1973,townhouse,Viby J,8260,5.9,2023,2023Q4,2023-10-08,56.122,10.137
2999999,161,6,1872,villa,Malling,8340,13.1,2023,2023Q4,2023-10-08,56.04,10.193
3120000,145,3,1976,villa,Tranbjerg J,8310,8.9,2023,2023Q4,2023-10-08,56.091,10.128
4000000,150,6,1935,villa,Aarhus V,8210,2.2,2023,2023Q4,2023-10-08,56.164,10.177
1800000,122,4,1900,villa,Hasselager,8361,10.9,2023,2023Q4,2023-10-08,56.083,10.094
4695000,199,5,1973,villa,Solbjerg,8355,15.4,2023,2023Q4,2023-10-08,56.04,10.077
3250000,166,5,1906,townhouse,Hjortshøj,8530,12.5,2023,2023Q4,2023-10-08,56.26,10.292
7900000,214,6,1973,villa,Risskov,8240,6.5,2023,2023Q4,2023-10-08,56.202,10.277
9000000,244,7,1973,villa,Højbjerg,8270,5.5,2023,2023Q4,2023-10-08,56.108,10.217
2825000,140,5,1986,villa,Sabro,8471,12.7,2023,2023Q4,2023-10-09,56.215,10.033
1150000,111,4,1978,villa,Trige,8380,11.3,2023,2023Q4,2023-10-09,56.25,10.136
2995000,200,7,1969,villa,Solbjerg,8355,15.7,2023,2023Q4,2023-10-09,56.039,10.072
3350000,116,4,2016,townhouse,Mårslet,8320,9.0,2023,2023Q4,2023-10-09,56.084,10.149
3500000,112,4,1987,townhouse,Risskov,8240,5.3,2023,2023Q4,2023-10-09,56.204,10.209
6400000,155,6,1951,villa,Højbjerg,8270,4.2,2023,2023Q4,2023-10-09,56.119,10.207
3845000,147,4,1981,villa,Aarhus V,8210,5.4,2023,2023Q4,2023-10-09,56.177,10.131
3750000,195,6,1962,villa,Egå,8250,9.6,2023,2023Q4,2023-10-10,56.231,10.29
5200000,136,5,2018,townhouse,Aarhus V,8210,2.3,2023,2023Q4,2023-10-10,56.17,10.183
1650000,72,3,1973,townhouse,Tranbjerg J,8310,9.1,2023,2023Q4,2023-10-10,56.089,10.128
3425000,115,3,1926,townhouse,Viby J,8260,5.6,2023,2023Q4,2023-10-10,56.119,10.151
6500000,121,4,1957,villa,Højbjerg,8270,3.2,2023,2023Q4,2023-10-10,56.13,10.189
3050000,148,5,1973,villa,Solbjerg,8355,15.8,2023,2023Q4,2023-10-10,56.038,10.07
3500000,108,3,1980,townhouse,Risskov,8240,4.0,2023,2023Q4,2023-10-11,56.192,10.22
4808000,132,5,1969,townhouse,Risskov,8240,3.4,2023,2023Q4,2023-10-11,56.187,10.22
4225000,140,6,1917,villa,Viby J,8260,3.0,2023,2023Q4,2023-10-11,56.138,10.177
6250000,152,6,1996,villa,Risskov,8240,4.8,2023,2023Q4,2023-10-11,56.197,10.24
3370000,120,4,1983,townhouse,Brabrand,8220,5.5,2023,2023Q4,2023-10-11,56.154,10.122
8100000,232,7,2003,villa,Brabrand,8220,6.9,2023,2023Q4,2023-10-11,56.159,10.1
2400000,120,4,1976,villa,Mårslet,8320,10.7,2023,2023Q4,2023-10-11,56.064,10.165
6590000,128,4,1983,villa,Egå,8250,7.0,2023,2023Q4,2023-10-11,56.207,10.279
9500000,167,4,2017,villa,Højbjerg,8270,3.5,2023,2023Q4,2023-10-12,56.128,10.19
5650000,146,6,1967,villa,Egå,8250,7.0,2023,2023Q4,2023-10-12,56.206,10.281
4255000,130,5,1973,villa,Mårslet,8320,10.8,2023,2023Q4,2023-10-12,56.063,10.162
2825000,119,5,1986,townhouse,Mårslet,8320,10.9,2023,2023Q4,2023-10-12,56.062,10.167
4525000,106,4,1996,villa,Risskov,8240,5.5,2023,2023Q4,2023-10-12,56.206,10.206
4350000,150,5,2016,villa,Skødstrup,8541,14.3,2023,2023Q4,2023-10-12,56.271,10.314
5600000,192,5,2009,villa,Hjortshøj,8530,10.1,2023,2023Q4,2023-10-12,56.242,10.27
17250000,285,8,2014,villa,Risskov,8240,3.1,2023,2023Q4,2023-10-12,56.183,10.228
4100000,143,2,2012,villa,Tranbjerg J,8310,9.1,2023,2023Q4,2023-10-12,56.084,10.141
4250000,210,11,1916,villa,Hasselager,8361,8.9,2023,2023Q4,2023-10-12,56.105,10.1
3700000,124,4,1970,townhouse,Viby J,8260,4.7,2023,2023Q4,2023-10-12,56.126,10.159
4299000,108,3,1953,villa,Risskov,8240,4.7,2023,2023Q4,2023-10-12,56.198,10.225
5200000,181,6,1999,villa,Risskov,8240,6.0,2023,2023Q4,2023-10-12,56.208,10.241
10550000,199,8,1976,villa,Risskov,8240,6.0,2023,2023Q4,2023-10-13,56.201,10.266
4990000,150,5,1975,villa,Højbjerg,8270,5.4,2023,2023Q4,2023-10-13,56.11,10.186
4200000,95,3,1961,townhouse,Aarhus V,8210,2.5,2023,2023Q4,2023-10-13,56.17,10.18
3800000,95,3,2007,townhouse,Beder,8330,10.4,2023,2023Q4,2023-10-14,56.063,10.206
3830000,149,5,1969,villa,Højbjerg,8270,5.0,2023,2023Q4,2023-10-15,56.117,10.171
3750000,145,4,2007,townhouse,Mårslet,8320,11.1,2023,2023Q4,2023-10-15,56.061,10.159
4300000,178,5,2007,villa,Sabro,8471,11.9,2023,2023Q4,2023-10-15,56.208,10.042
2500000,113,5,1979,townhouse,Hasselager,8361,10.7,2023,2023Q4,2023-10-15,56.106,10.065
6450000,138,5,2014,townhouse,Risskov,8240,3.2,2023,2023Q4,2023-10-15,56.185,10.223
2675000,122,4,1967,villa,Hasselager,8361,9.1,2023,2023Q4,2023-10-15,56.109,10.092
850000,199,6,1923,villa,Sabro,8471,13.6,2023,2023Q4,2023-10-15,56.225,10.028
3000000,121,4,1927,villa,Viby J,8260,6.2,2023,2023Q4,2023-10-16,56.124,10.129
5425000,198,7,1963,villa,Egå,8250,8.4,2023,2023Q4,2023-10-16,56.218,10.289
2930000,114,4,1977,townhouse,Højbjerg,8270,5.2,2023,2023Q4,2023-10-16,56.115,10.171
2975000,140,5,2014,townhouse,Hasselager,8361,8.6,2023,2023Q4,2023-10-16,56.113,10.095
2800000,144,5,2017,townhouse,Beder,8330,11.6,2023,2023Q4,2023-10-16,56.053,10.198
2950000,120,4,1974,villa,Lystrup,8520,9.3,2023,2023Q4,2023-10-16,56.24,10.225
3998000,141,5,1955,villa,Malling,8340,12.9,2023,2023Q4,2023-10-16,56.041,10.197
2150000,163,4,1957,villa,Skødstrup,8541,15.3,2023,2023Q4,2023-10-16,56.28,10.32
4250000,211,6,1973,villa,Skødstrup,8541,13.8,2023,2023Q4,2023-10-17,56.268,10.308
4225000,246,6,1974,villa,Skødstrup,8541,12.9,2023,2023Q4,2023-10-17,56.263,10.292
4800000,157,5,1966,townhouse,Egå,8250,6.9,2023,2023Q4,2023-10-17,56.208,10.273
3139500,123,4,1974,villa,Tranbjerg J,8310,8.4,2023,2023Q4,2023-10-17,56.095,10.132
7595000,170,5,1954,villa,Risskov,8240,3.9,2023,2023Q4,2023-10-17,56.191,10.228
3425000,120,3,1936,villa,Aarhus N,8200,2.8,2023,2023Q4,2023-10-17,56.179,10.188
2900000,131,4,1954,villa,Højbjerg,8270,5.0,2023,2023Q4,2023-10-17,56.116,10.174
3115000,101,4,1987,townhouse,Risskov,8240,5.4,2023,2023Q4,2023-10-17,56.206,10.209
2865000,154,5,1973,townhouse,Viby J,8260,6.0,2023,2023Q4,2023-10-18,56.122,10.137
4150000,166,6,1974,villa,Tilst,8381,6.4,2023,2023Q4,2023-10-18,56.177,10.114
2198000,77,3,1985,townhouse,Hasselager,8361,9.9,2023,2023Q4,2023-10-18,56.106,10.08
1300000,212,7,1917,villa,Harlev J,8462,13.3,2023,2023Q4,2023-10-18,56.15,9.996
3335000,110,4,2018,townhouse,Hasselager,8361,9.2,2023,2023Q4,2023-10-18,56.112,10.086
4400000,67,3,1877,townhouse,Aarhus C,8000,1.3,2023,2023Q4,2023-10-18,56.148,10.197
4450000,126,4,2001,villa,Egå,8250,10.8,2023,2023Q4,2023-10-18,56.237,10.309
4300000,107,4,1950,villa,Højbjerg,8270,4.9,2023,2023Q4,2023-10-18,56.117,10.177
3515000,168,5,1976,villa,Skødstrup,8541,12.4,2023,2023Q4,2023-10-19,56.257,10.296
3450000,188,6,1977,villa,Tilst,8381,7.3,2023,2023Q4,2023-10-19,56.18,10.1
2600000,102,4,1980,villa,Hjortshøj,8530,10.3,2023,2023Q4,2023-10-19,56.245,10.262
4820000,130,4,1932,villa,Risskov,8240,4.8,2023,2023Q4,2023-10-19,56.197,10.237
2900000,98,4,1963,villa,Lystrup,8520,9.2,2023,2023Q4,2023-10-19,56.239,10.227
3600000,140,4,1986,villa,Mårslet,8320,9.9,2023,2023Q4,2023-10-19,56.071,10.167
3450000,140,5,2014,townhouse,Skødstrup,8541,13.2,2023,2023Q4,2023-10-19,56.266,10.297
3245000,98,4,2016,townhouse,Lystrup,8520,8.3,2023,2023Q4,2023-10-19,56.23,10.227
4198000,150,5,2019,townhouse,Brabrand,8220,7.2,2023,2023Q4,2023-10-19,56.156,10.094
2600000,110,2,1910,villa,Trige,8380,16.5,2023,2023Q4,2023-10-19,56.3,10.145
3455000,143,5,1973,villa,Lystrup,8520,9.1,2023,2023Q4,2023-10-19,56.239,10.214
3950000,131,6,1924,townhouse,Højbjerg,8270,6.1,2023,2023Q4,2023-10-19,56.102,10.208
2100000,160,5,1973,villa,Trige,8380,15.7,2023,2023Q4,2023-10-19,56.294,10.149
2400000,86,4,1984,townhouse,Risskov,8240,5.2,2023,2023Q4,2023-10-19,56.204,10.211
2880000,130,4,1972,villa,Tranbjerg J,8310,9.3,2023,2023Q4,2023-10-20,56.085,10.131
4340000,167,9,1971,villa,Mårslet,8320,10.0,2023,2023Q4,2023-10-21,56.073,10.153
3800000,88,4,1956,villa,Åbyhøj,8230,3.1,2023,2023Q4,2023-10-21,56.157,10.161
2050000,92,3,1980,townhouse,Skødstrup,8541,14.9,2023,2023Q4,2023-10-22,56.277,10.318
5695000,129,5,2014,townhouse,Risskov,8240,3.2,2023,2023Q4,2023-10-22,56.185,10.223
2500000,159,6,1970,villa,Solbjerg,8355,15.6,2023,2023Q4,2023-10-22,56.038,10.075
2825000,112,4,2008,townhouse,Brabrand,8220,7.6,2023,2023Q4,2023-10-22,56.16,10.089
3220000,177,5,1908,villa,Mårslet,8320,10.6,2023,2023Q4,2023-10-22,56.066,10.16
3550000,88,3,1979,townhouse,Viby J,8260,2.7,2023,2023Q4,2023-10-23,56.139,10.182
3645000,130,4,2023,townhouse,Aarhus N,8200,7.9,2023,2023Q4,2023-10-23,56.221,10.159
4695000,180,6,1979,villa,Risskov,8240,5.0,2023,2023Q4,2023-10-23,56.199,10.24
2150000,135,5,1888,villa,Viby J,8260,10.6,2023,2023Q4,2023-10-23,56.115,10.058
5650000,193,7,1970,villa,Risskov,8240,5.5,2023,2023Q4,2023-10-23,56.206,10.217
4525000,168,6,2013,villa,Beder,8330,10.8,2023,2023Q4,2023-10-24,56.059,10.209
3400000,134,5,2016,townhouse,Viby J,8260,7.2,2023,2023Q4,2023-10-24,56.128,10.107
2400000,71,3,1932,townhouse,Risskov,8240,4.3,2023,2023Q4,2023-10-24,56.196,10.217
4425000,169,5,1989,villa,Mårslet,8320,9.5,2023,2023Q4,2023-10-24,56.074,10.17
4499000,175,4,1975,villa,Lystrup,8520,8.7,2023,2023Q4,2023-10-25,56.235,10.197
7200000,121,4,1913,villa,Risskov,8240,3.7,2023,2023Q4,2023-10-25,56.188,10.23
4688000,155,5,2010,villa,Tilst,8381,6.4,2023,2023Q4,2023-10-25,56.19,10.126
3900000,115,4,1953,villa,Højbjerg,8270,5.3,2023,2023Q4,2023-10-25,56.118,10.161
2800000,128,4,1971,villa,Harlev J,8462,12.9,2023,2023Q4,2023-10-25,56.145,10.004
3600000,152,6,1949,villa,Lystrup,8520,8.3,2023,2023Q4,2023-10-25,56.231,10.23
2500000,120,5,2013,townhouse,Hasselager,8361,8.7,2023,2023Q4,2023-10-26,56.112,10.096
5600000,283,8,1968,villa,Risskov,8240,4.1,2023,2023Q4,2023-10-26,56.193,10.228
5900000,151,4,1997,villa,Risskov,8240,5.9,2023,2023Q4,2023-10-26,56.207,10.24
6500000,151,4,1969,villa,Højbjerg,8270,5.0,2023,2023Q4,2023-10-28,56.112,10.214
4398000,202,3,2004,villa,Viby J,8260,5.1,2023,2023Q4,2023-10-28,56.128,10.147
3400000,135,5,2001,villa,Hasselager,8361,10.9,2023,2023Q4,2023-10-28,56.102,10.065
3700000,110,4,1958,townhouse,Risskov,8240,4.5,2023,2023Q4,2023-10-28,56.197,10.22
3750000,102,5,1935,villa,Risskov,8240,4.9,2023,2023Q4,2023-10-29,56.2,10.229
2300000,125,5,1965,villa,Trige,8380,16.1,2023,2023Q4,2023-10-29,56.298,10.152
2600000,100,4,1973,townhouse,Brabrand,8220,6.6,2023,2023Q4,2023-10-29,56.16,10.105
2750000,109,3,2011,townhouse,Viby J,8260,6.8,2023,2023Q4,2023-10-29,56.128,10.113
7125000,140,6,1897,townhouse,Aarhus C,8000,1.5,2023,2023Q4,2023-10-29,56.148,10.193
2488000,104,3,2006,townhouse,Viby J,8260,10.0,2023,2023Q4,2023-10-29,56.126,10.059
1190000,337,8,2009,villa,Malling,8340,14.4,2023,2023Q4,2023-10-29,56.029,10.25
5459000,138,6,1987,villa,Risskov,8240,5.9,2023,2023Q4,2023-10-29,56.206,10.248
1545000,75,3,1982,townhouse,Tranbjerg J,8310,8.4,2023,2023Q4,2023-10-29,56.089,10.148
3225000,127,3,1916,villa,Brabrand,8220,8.7,2023,2023Q4,2023-10-30,56.153,10.07
6250000,131,5,1928,villa,Aarhus V,8210,2.1,2023,2023Q4,2023-10-30,56.167,10.182
3425000,165,5,1962,villa,Skødstrup,8541,14.3,2023,2023Q4,2023-10-30,56.272,10.313
3000000,133,5,1973,villa,Beder,8330,11.1,2023,2023Q4,2023-10-30,56.057,10.212
2495000,96,3,1982,townhouse,Aarhus V,8210,4.8,2023,2023Q4,2023-10-30,56.174,10.14
3200000,160,5,1959,villa,Viby J,8260,6.5,2023,2023Q4,2023-10-30,56.128,10.119
1795000,62,2,1954,townhouse,Aarhus C,8000,0.6,2023,2023Q4,2023-10-30,56.152,10.207
4250000,57,2,2014,townhouse,Aarhus N,8200,1.7,2023,2023Q4,2023-10-30,56.171,10.215
5600000,150,5,1972,villa,Aarhus N,8200,2.6,2023,2023Q4,2023-10-30,56.18,10.207
4400000,149,5,1960,villa,Risskov,8240,4.3,2023,2023Q4,2023-10-30,56.194,10.222
3100000,96,3,2002,townhouse,Højbjerg,8270,6.7,2023,2023Q4,2023-10-30,56.097,10.217
2850000,106,4,1966,villa,Hjortshøj,8530,10.4,2023,2023Q4,2023-10-30,56.246,10.264
2070000,156,7,1962,villa,Solbjerg,8355,15.5,2023,2023Q4,2023-10-30,56.038,10.078
3800000,183,7,2001,villa,Harlev J,8462,13.3,2023,2023Q4,2023-10-31,56.139,9.998
3675000,130,3,1900,townhouse,Risskov,8240,4.4,2023,2023Q4,2023-10-31,56.196,10.218
4750000,197,9,1928,villa,Skødstrup,8541,14.2,2023,2023Q4,2023-10-31,56.281,10.268
3700000,89,6,1961,villa,Aarhus N,8200,2.9,2023,2023Q4,2023-10-31,56.181,10.193
2775000,124,5,2005,townhouse,Skødstrup,8541,15.5,2023,2023Q4,2023-10-31,56.281,10.326
2650000,124,3,1971,villa,Aarhus V,8210,5.1,2023,2023Q4,2023-11-01,56.175,10.135
4995000,277,5,1930,townhouse,Aarhus N,8200,4.9,2023,2023Q4,2023-11-01,56.189,10.158
4550000,148,6,1998,villa,Hjortshøj,8530,10.4,2023,2023Q4,2023-11-01,56.245,10.264
3530000,164,5,1985,villa,Tilst,8381,6.6,2023,2023Q4,2023-11-01,56.176,10.11
3375000,97,4,1990,townhouse,Viby J,8260,5.9,2023,2023Q4,2023-11-02,56.135,10.124
3498000,110,3,2008,townhouse,Egå,8250,6.9,2023,2023Q4,2023-11-02,56.211,10.264
2420000,99,4,1987,villa,Hasselager,8361,8.7,2023,2023Q4,2023-11-02,56.109,10.1
2100000,85,4,1972,townhouse,Tranbjerg J,8310,9.5,2023,2023Q4,2023-11-02,56.087,10.121
5945000,209,6,2009,villa,Mårslet,8320,9.6,2023,2023Q4,2023-11-02,56.073,10.168
4998000,145,6,1967,villa,Risskov,8240,5.0,2023,2023Q4,2023-11-02,56.201,10.225
3389250,150,5,1966,villa,Viby J,8260,6.2,2023,2023Q4,2023-11-02,56.129,10.123
3700000,148,5,1972,villa,Lystrup,8520,9.1,2023,2023Q4,2023-11-02,56.239,10.216
3375000,120,4,1955,villa,Risskov,8240,5.3,2023,2023Q4,2023-11-03,56.201,10.244
2475000,112,3,1971,villa,Hasselager,8361,9.0,2023,2023Q4,2023-11-03,56.109,10.094
3740000,110,4,2014,townhouse,Viby J,8260,7.2,2023,2023Q4,2023-11-04,56.131,10.105
5233000,175,5,2020,villa,Mårslet,8320,11.2,2023,2023Q4,2023-11-04,56.061,10.153
8500000,184,6,1959,villa,Risskov,8240,4.9,2023,2023Q4,2023-11-05,56.194,10.253
3850000,113,2,2008,villa,Mårslet,8320,10.2,2023,2023Q4,2023-11-05,56.068,10.164
5800000,98,3,1983,townhouse,Risskov,8240,5.7,2023,2023Q4,2023-11-05,56.198,10.264
5800000,240,5,1974,villa,Højbjerg,8270,5.6,2023,2023Q4,2023-11-06,56.106,10.218
3475000,108,4,1963,villa,Risskov,8240,5.3,2023,2023Q4,2023-11-06,56.201,10.244
1850000,75,3,2005,townhouse,Brabrand,8220,7.3,2023,2023Q4,2023-11-07,56.162,10.094
9000000,179,6,1941,villa,Aarhus C,8000,1.6,2023,2023Q4,2023-11-07,56.162,10.187
3050000,141,5,2008,townhouse,Sabro,8471,11.7,2023,2023Q4,2023-11-07,56.209,10.046
3450000,112,4,1987,townhouse,Risskov,8240,5.3,2023,2023Q4,2023-11-07,56.204,10.209
1700000,85,4,1973,townhouse,Tranbjerg J,8310,9.6,2023,2023Q4,2023-11-07,56.087,10.119
4460000,160,4,1977,villa,Egå,8250,10.2,2023,2023Q4,2023-11-07,56.234,10.3
10500000,246,5,2013,villa,Egå,8250,10.7,2023,2023Q4,2023-11-07,56.234,10.314
4300000,127,4,1957,villa,Aarhus N,8200,2.6,2023,2023Q4,2023-11-07,56.18,10.207
3700000,124,4,1987,villa,Egå,8250,10.4,2023,2023Q4,2023-11-07,56.232,10.31
2010000,105,4,1985,townhouse,Lystrup,8520,10.0,2023,2023Q4,2023-11-07,56.246,10.231
4750000,141,5,1997,townhouse,Risskov,8240,5.6,2023,2023Q4,2023-11-07,56.207,10.21
6498000,218,6,2017,villa,Malling,8340,13.8,2023,2023Q4,2023-11-08,56.034,10.184
5250000,175,5,2007,villa,Lystrup,8520,9.9,2023,2023Q4,2023-11-08,56.243,10.252
3470000,155,5,1968,villa,Hasselager,8361,9.0,2023,2023Q4,2023-11-08,56.109,10.092
3900000,102,4,1932,townhouse,Risskov,8240,6.1,2023,2023Q4,2023-11-08,56.202,10.266
3840000,151,6,2017,villa,Trige,8380,11.9,2023,2023Q4,2023-11-08,56.257,10.144
2750000,131,4,2014,townhouse,Hasselager,8361,9.0,2023,2023Q4,2023-11-08,56.114,10.087
5400000,121,4,1929,villa,Åbyhøj,8230,3.5,2023,2023Q4,2023-11-08,56.153,10.155
4200000,130,4,1973,villa,Risskov,8240,5.8,2023,2023Q4,2023-11-08,56.202,10.257
3360000,123,4,1976,townhouse,Malling,8340,12.8,2023,2023Q4,2023-11-08,56.042,10.202
3670000,132,4,2004,villa,Tilst,8381,6.7,2023,2023Q4,2023-11-08,56.193,10.123
4200000,139,5,1966,villa,Brabrand,8220,5.5,2023,2023Q4,2023-11-08,56.158,10.122
2300000,121,5,1981,townhouse,Hasselager,8361,8.6,2023,2023Q4,2023-11-08,56.109,10.101
3300000,126,4,1977,villa,Tranbjerg J,8310,8.7,2023,2023Q4,2023-11-08,56.086,10.152
3075000,251,7,1912,villa,Sabro,8471,14.2,2023,2023Q4,2023-11-08,56.197,9.993
3000000,119,4,1971,townhouse,Tranbjerg J,8310,8.2,2023,2023Q4,2023-11-09,56.093,10.146
3275000,86,4,1936,villa,Højbjerg,8270,5.2,2023,2023Q4,2023-11-09,56.118,10.164
2600000,102,4,1959,villa,Risskov,8240,4.0,2023,2023Q4,2023-11-10,56.193,10.216
4998000,187,7,1971,villa,Mårslet,8320,10.2,2023,2023Q4,2023-11-10,56.07,10.158
5550000,132,7,1986,villa,Egå,8250,11.8,2023,2023Q4,2023-11-11,56.241,10.326
4850000,201,6,1977,villa,Viby J,8260,6.0,2023,2023Q4,2023-11-11,56.136,10.121
4600000,166,5,1970,villa,Viby J,8260,6.1,2023,2023Q4,2023-11-11,56.132,10.122
5300000,194,6,1973,villa,Brabrand,8220,6.5,2023,2023Q4,2023-11-12,56.158,10.105
2699000,115,4,2020,townhouse,Malling,8340,14.2,2023,2023Q4,2023-11-12,56.03,10.191
3500000,119,4,1978,townhouse,Aarhus V,8210,2.5,2023,2023Q4,2023-11-12,56.165,10.172
3900000,126,4,1973,townhouse,Risskov,8240,5.1,2023,2023Q4,2023-11-12,56.202,10.219
2935000,142,4,1975,villa,Skødstrup,8541,13.6,2023,2023Q4,2023-11-12,56.268,10.305
3250000,115,5,1986,townhouse,Egå,8250,7.6,2023,2023Q4,2023-11-13,56.217,10.268
1975000,120,3,1895,villa,Hjortshøj,8530,13.1,2023,2023Q4,2023-11-13,56.273,10.238
4950000,180,6,2018,villa,Malling,8340,14.0,2023,2023Q4,2023-11-13,56.032,10.186
4498000,98,4,1960,townhouse,Højbjerg,8270,4.7,2023,2023Q4,2023-11-13,56.115,10.195
5075000,129,4,1968,villa,Aarhus V,8210,3.6,2023,2023Q4,2023-11-13,56.162,10.153
3650000,132,4,1968,villa,Brabrand,8220,5.0,2023,2023Q4,2023-11-14,56.162,10.13
6200000,113,4,1883,townhouse,Aarhus C,8000,1.1,2023,2023Q4,2023-11-14,56.149,10.2
5200000,144,5,1999,villa,Egå,8250,10.7,2023,2023Q4,2023-11-14,56.237,10.306
5800000,129,5,1964,townhouse,Risskov,8240,3.3,2023,2023Q4,2023-11-14,56.185,10.228
4998000,160,5,1969,villa,Tranbjerg J,8310,8.9,2023,2023Q4,2023-11-14,56.089,10.133
8550000,208,6,2015,villa,Skødstrup,8541,14.0,2023,2023Q4,2023-11-14,56.259,10.343
5100000,171,4,2023,villa,Malling,8340,14.9,2023,2023Q4,2023-11-14,56.023,10.185
2800000,200,6,1983,villa,Egå,8250,8.8,2023,2023Q4,2023-11-14,56.223,10.29
2876000,136,5,1980,townhouse,Lystrup,8520,8.1,2023,2023Q4,2023-11-14,56.229,10.236
3319000,101,4,1988,townhouse,Risskov,8240,5.4,2023,2023Q4,2023-11-14,56.205,10.208
5700000,104,3,1897,townhouse,Aarhus C,8000,1.5,2023,2023Q4,2023-11-15,56.147,10.194
5690000,128,4,1975,villa,Egå,8250,11.5,2023,2023Q4,2023-11-15,56.236,10.332
14400000,233,5,2011,villa,Højbjerg,8270,4.6,2023,2023Q4,2023-11-15,56.115,10.219
5750000,189,6,2011,villa,Viby J,8260,6.8,2023,2023Q4,2023-11-15,56.121,10.122
6390000,90,3,1960,villa,Højbjerg,8270,4.7,2023,2023Q4,2023-11-15,56.116,10.189
2550000,124,4,1981,villa,Lystrup,8520,10.2,2023,2023Q4,2023-11-15,56.247,10.239
3115000,130,5,1972,villa,Tranbjerg J,8310,8.1,2023,2023Q4,2023-11-15,56.093,10.147
3350000,148,7,1970,villa,Harlev J,8462,13.5,2023,2023Q4,2023-11-15,56.144,9.994
2183000,250,6,1898,villa,Hasselager,8361,8.0,2023,2023Q4,2023-11-15,56.122,10.097
9500000,186,6,1981,villa,Risskov,8240,5.1,2023,2023Q4,2023-11-15,56.196,10.254
3400000,109,4,1966,townhouse,Egå,8250,6.9,2023,2023Q4,2023-11-16,56.208,10.273
2900000,123,4,1976,townhouse,Brabrand,8220,7.7,2023,2023Q4,2023-11-16,56.15,10.088
4125000,106,3,1954,villa,Risskov,8240,4.6,2023,2023Q4,2023-11-16,56.197,10.228
2845000,115,4,2019,townhouse,Mårslet,8320,11.2,2023,2023Q4,2023-11-16,56.059,10.167
3225000,96,4,2023,townhouse,Egå,8250,9.3,2023,2023Q4,2023-11-16,56.226,10.293
3600000,132,5,1969,townhouse,Risskov,8240,5.0,2023,2023Q4,2023-11-16,56.201,10.22
6140000,199,6,1974,villa,Risskov,8240,5.6,2023,2023Q4,2023-11-16,56.207,10.217
5600000,173,6,1961,villa,Højbjerg,8270,4.0,2023,2023Q4,2023-11-16,56.124,10.182
2325000,80,5,1987,townhouse,Aarhus N,8200,3.7,2023,2023Q4,2023-11-16,56.189,10.194
9800000,179,7,1935,villa,Risskov,8240,5.3,2023,2023Q4,2023-11-16,56.196,10.257
1675000,85,3,1970,townhouse,Tranbjerg J,8310,8.2,2023,2023Q4,2023-11-17,56.092,10.145
2050000,92,4,1983,townhouse,Beder,8330,11.3,2023,2023Q4,2023-11-17,56.055,10.203
2050000,93,3,2006,townhouse,Skødstrup,8541,15.6,2023,2023Q4,2023-11-17,56.281,10.326
2595000,130,4,1963,villa,Solbjerg,8355,15.7,2023,2023Q4,2023-11-17,56.037,10.078
2250000,125,4,1978,villa,Trige,8380,11.6,2023,2023Q4,2023-11-17,56.252,10.135
4250000,198,7,1969,villa,Harlev J,8462,12.9,2023,2023Q4,2023-11-17,56.147,10.003
4995000,123,2,2021,villa,Egå,8250,11.3,2023,2023Q4,2023-11-18,56.235,10.328
5300000,174,4,2018,villa,Solbjerg,8355,15.0,2023,2023Q4,2023-11-18,56.036,10.099
15900000,327,7,2015,villa,Højbjerg,8270,5.4,2023,2023Q4,2023-11-18,56.108,10.217
4975000,186,5,2004,villa,Mårslet,8320,9.8,2023,2023Q4,2023-11-18,56.074,10.159
2000000,85,4,1972,townhouse,Tranbjerg J,8310,8.3,2023,2023Q4,2023-11-18,56.09,10.151
4200000,178,4,1969,villa,Risskov,8240,5.2,2023,2023Q4,2023-11-19,56.203,10.215
3495000,125,5,1978,townhouse,Egå,8250,6.9,2023,2023Q4,2023-11-19,56.21,10.266
9150000,204,7,1975,villa,Egå,8250,6.8,2023,2023Q4,2023-11-19,56.205,10.279
2800000,111,4,1981,townhouse,Aarhus V,8210,5.4,2023,2023Q4,2023-11-19,56.176,10.13
2998000,126,4,1968,villa,Tranbjerg J,8310,9.4,2023,2023Q4,2023-11-19,56.086,10.127
3000000,110,5,1866,townhouse,Åbyhøj,8230,3.3,2023,2023Q4,2023-11-20,56.146,10.162
4980000,125,4,1983,townhouse,Højbjerg,8270,6.1,2023,2023Q4,2023-11-20,56.102,10.212
2800000,98,4,1960,villa,Viby J,8260,5.1,2023,2023Q4,2023-11-20,56.128,10.147
5100000,140,3,2016,townhouse,Åbyhøj,8230,2.5,2023,2023Q4,2023-11-20,56.158,10.171
4650000,135,3,2019,townhouse,Aarhus N,8200,8.8,2023,2023Q4,2023-11-20,56.235,10.205
4100000,179,6,2014,townhouse,Hasselager,8361,8.7,2023,2023Q4,2023-11-20,56.114,10.094
6175000,231,6,2002,villa,Højbjerg,8270,6.5,2023,2023Q4,2023-11-20,56.098,10.2
4825000,106,4,1965,villa,Højbjerg,8270,5.2,2023,2023Q4,2023-11-20,56.117,10.167
7000000,150,3,1973,villa,Egå,8250,9.7,2023,2023Q4,2023-11-20,56.227,10.303
3695000,130,5,1994,villa,Mårslet,8320,9.6,2023,2023Q4,2023-11-20,56.073,10.171
2700000,217,6,1980,villa,Harlev J,8462,13.3,2023,2023Q4,2023-11-21,56.15,9.997
4450000,147,5,1974,townhouse,Aarhus V,8210,2.6,2023,2023Q4,2023-11-21,56.166,10.172
2400000,104,4,2007,townhouse,Mårslet,8320,10.9,2023,2023Q4,2023-11-21,56.065,10.149
4050000,125,4,2016,townhouse,Egå,8250,9.4,2023,2023Q4,2023-11-21,56.231,10.283
3325000,99,3,1934,villa,Aarhus N,8200,2.5,2023,2023Q4,2023-11-21,56.174,10.186
2200000,113,5,1981,villa,Sabro,8471,12.8,2023,2023Q4,2023-11-21,56.214,10.031
2600000,95,4,1981,townhouse,Aarhus V,8210,4.9,2023,2023Q4,2023-11-21,56.175,10.139
1545000,73,3,1987,townhouse,Tranbjerg J,8310,8.0,2023,2023Q4,2023-11-21,56.098,10.136
3295000,158,6,1980,villa,Tilst,8381,6.3,2023,2023Q4,2023-11-21,56.178,10.117
6210000,144,4,2009,villa,Højbjerg,8270,4.3,2023,2023Q4,2023-11-21,56.121,10.184
4700000,171,6,1955,villa,Viby J,8260,3.6,2023,2023Q4,2023-11-22,56.135,10.169
1695000,108,4,1925,villa,Malling,8340,13.4,2023,2023Q4,2023-11-22,56.037,10.192
3750000,128,5,2000,villa,Hasselager,8361,9.4,2023,2023Q4,2023-11-22,56.096,10.106
2760000,97,4,2005,townhouse,Skødstrup,8541,15.6,2023,2023Q4,2023-11-22,56.281,10.326
3685000,114,4,2008,townhouse,Risskov,8240,4.8,2023,2023Q4,2023-11-22,56.2,10.211
3200000,156,5,1970,villa,Beder,8330,10.6,2023,2023Q4,2023-11-22,56.062,10.202
8550000,209,4,2016,villa,Risskov,8240,3.5,2023,2023Q4,2023-11-22,56.187,10.222
7311000,149,7,1970,villa,Risskov,8240,3.2,2023,2023Q4,2023-11-22,56.184,10.226
4200000,134,3,1962,villa,Åbyhøj,8230,3.2,2023,2023Q4,2023-11-22,56.152,10.16
3650000,155,5,2002,villa,Tilst,8381,6.5,2023,2023Q4,2023-11-22,56.191,10.125
3200000,114,5,1987,townhouse,Risskov,8240,5.5,2023,2023Q4,2023-11-22,56.206,10.208
6200000,174,7,1953,villa,Højbjerg,8270,5.3,2023,2023Q4,2023-11-22,56.11,10.223
5625000,196,4,1957,villa,Risskov,8240,5.5,2023,2023Q4,2023-11-23,56.204,10.238
8000000,156,6,1952,villa,Højbjerg,8270,4.2,2023,2023Q4,2023-11-23,56.119,10.204
2650000,122,3,1962,villa,Skødstrup,8541,15.4,2023,2023Q4,2023-11-23,56.281,10.321
4100000,150,5,2016,townhouse,Viby J,8260,7.2,2023,2023Q4,2023-11-23,56.128,10.106
2425000,104,2,1984,townhouse,Aarhus V,8210,5.7,2023,2023Q4,2023-11-24,56.177,10.126
2800000,160,7,1976,villa,Hasselager,8361,10.4,2023,2023Q4,2023-11-24,56.104,10.072
4440000,126,4,1969,townhouse,Risskov,8240,5.0,2023,2023Q4,2023-11-25,56.202,10.221
2550000,130,5,1928,villa,Lystrup,8520,8.5,2023,2023Q4,2023-11-25,56.232,10.235
2350000,93,4,1979,villa,Tilst,8381,6.7,2023,2023Q4,2023-11-25,56.181,10.112
4900000,98,4,1951,townhouse,Åbyhøj,8230,3.3,2023,2023Q4,2023-11-25,56.157,10.157
3700000,118,5,2004,villa,Højbjerg,8270,6.4,2023,2023Q4,2023-11-26,56.103,10.176
2560000,108,3,1962,villa,Skødstrup,8541,12.5,2023,2023Q4,2023-11-26,56.259,10.294
7000000,228,6,1925,villa,Viby J,8260,4.2,2023,2023Q4,2023-11-27,56.126,10.172
2150000,81,3,2007,townhouse,Malling,8340,12.4,2023,2023Q4,2023-11-27,56.045,10.207
2600000,103,4,2007,townhouse,Mårslet,8320,11.2,2023,2023Q4,2023-11-27,56.06,10.16
2995000,108,4,2012,townhouse,Viby J,8260,7.4,2023,2023Q4,2023-11-27,56.129,10.102
3500000,140,6,1929,villa,Åbyhøj,8230,3.6,2023,2023Q4,2023-11-27,56.154,10.153
4625000,139,5,1978,townhouse,Risskov,8240,4.8,2023,2023Q4,2023-11-27,56.199,10.22
4100000,182,8,1969,villa,Tranbjerg J,8310,8.8,2023,2023Q4,2023-11-28,56.088,10.14
4000000,130,4,2008,villa,Viby J,8260,6.6,2023,2023Q4,2023-11-28,56.122,10.125
3550000,130,4,2015,townhouse,Tranbjerg J,8310,9.9,2023,2023Q4,2023-11-28,56.081,10.124
3750000,100,4,1959,townhouse,Brabrand,8220,5.6,2023,2023Q4,2023-11-28,56.155,10.12
3695000,106,3,1977,townhouse,Lystrup,8520,9.3,2023,2023Q4,2023-11-28,56.239,10.228
1855000,94,4,1969,villa,Harlev J,8462,12.7,2023,2023Q4,2023-11-28,56.148,10.006
4700000,105,3,1950,villa,Åbyhøj,8230,3.7,2023,2023Q4,2023-11-28,56.153,10.152
3550000,145,5,1978,villa,Harlev J,8462,13.4,2023,2023Q4,2023-11-29,56.15,9.994
3500000,151,5,1970,villa,Skødstrup,8541,13.8,2023,2023Q4,2023-11-29,56.259,10.339
3375000,147,4,2008,townhouse,Mårslet,8320,10.7,2023,2023Q4,2023-11-29,56.066,10.152
3925000,118,5,2023,townhouse,Egå,8250,9.3,2023,2023Q4,2023-11-29,56.227,10.294
2995000,96,4,2023,townhouse,Egå,8250,9.3,2023,2023Q4,2023-11-29,56.227,10.293
3498000,113,4,2023,townhouse,Brabrand,8220,4.7,2023,2023Q4,2023-11-29,56.151,10.135
8500000,128,5,2023,townhouse,Risskov,8240,3.3,2023,2023Q4,2023-11-29,56.185,10.226
6850000,156,6,1936,villa,Aarhus N,8200,2.5,2023,2023Q4,2023-11-29,56.176,10.189
3498000,70,3,1947,villa,Brabrand,8220,4.7,2023,2023Q4,2023-11-29,56.151,10.135
2395000,156,3,1966,villa,Harlev J,8462,12.9,2023,2023Q4,2023-11-29,56.15,10.003
5250000,109,4,1949,townhouse,Aarhus V,8210,2.1,2023,2023Q4,2023-11-29,56.168,10.183
2300000,97,4,1986,townhouse,Lystrup,8520,9.5,2023,2023Q4,2023-11-30,56.241,10.241
2650000,114,4,1985,townhouse,Højbjerg,8270,5.9,2023,2023Q4,2023-11-30,56.106,10.178
10000000,233,8,1952,villa,Viby J,8260,3.2,2023,2023Q4,2023-11-30,56.133,10.183
5000000,185,5,2017,villa,Solbjerg,8355,14.4,2023,2023Q4,2023-11-30,56.043,10.102
4725000,130,4,1963,villa,Højbjerg,8270,4.9,2023,2023Q4,2023-11-30,56.115,10.182
2975000,108,4,2013,townhouse,Viby J,8260,7.4,2023,2023Q4,2023-11-30,56.128,10.102
1850000,88,3,1961,villa,Solbjerg,8355,15.6,2023,2023Q4,2023-11-30,56.039,10.075
2495000,124,4,1977,villa,Lystrup,8520,9.0,2023,2023Q4,2023-11-30,56.235,10.249
3950000,114,4,2003,townhouse,Højbjerg,8270,6.6,2023,2023Q4,2023-11-30,56.101,10.174
5575000,135,4,1962,villa,Risskov,8240,3.9,2023,2023Q4,2023-12-01,56.191,10.223
3275000,102,4,1969,villa,Egå,8250,11.0,2023,2023Q4,2023-12-01,56.234,10.32
3875000,146,5,1971,townhouse,Højbjerg,8270,5.6,2023,2023Q4,2023-12-01,56.112,10.169
3450000,110,3,1965,villa,Risskov,8240,4.9,2023,2023Q4,2023-12-02,56.2,10.226
3650000,205,7,1969,villa,Lystrup,8520,8.9,2023,2023Q4,2023-12-02,56.235,10.242
4300000,104,2,2006,villa,Brabrand,8220,6.9,2023,2023Q4,2023-12-03,56.16,10.099
5100000,134,4,1936,villa,Højbjerg,8270,5.0,2023,2023Q4,2023-12-03,56.121,10.163
8750000,159,5,2001,villa,Højbjerg,8270,3.3,2023,2023Q4,2023-12-03,56.129,10.191
5600000,143,6,1955,villa,Højbjerg,8270,4.6,2023,2023Q4,2023-12-03,56.118,10.184
5850000,99,4,1888,townhouse,Aarhus C,8000,1.4,2023,2023Q4,2023-12-03,56.148,10.194
5850000,224,6,1974,villa,Lystrup,8520,9.5,2023,2023Q4,2023-12-03,56.242,10.22
2675000,154,5,1973,townhouse,Viby J,8260,6.0,2023,2023Q4,2023-12-04,56.122,10.137
2200000,112,5,1979,townhouse,Hasselager,8361,10.7,2023,2023Q4,2023-12-04,56.106,10.065
4260000,136,3,1961,villa,Højbjerg,8270,4.9,2023,2023Q4,2023-12-04,56.115,10.186
2159914,90,3,1973,villa,Tranbjerg J,8310,9.2,2023,2023Q4,2023-12-04,56.089,10.125
4250000,99,3,1955,townhouse,Højbjerg,8270,4.5,2023,2023Q4,2023-12-04,56.119,10.184
4000000,171,6,1948,villa,Tilst,8381,7.3,2023,2023Q4,2023-12-04,56.185,10.104
5750000,176,7,1965,villa,Højbjerg,8270,4.7,2023,2023Q4,2023-12-04,56.117,10.188
2500000,135,3,1887,villa,Solbjerg,8355,15.1,2023,2023Q4,2023-12-05,56.034,10.107
3825000,152,6,2011,villa,Sabro,8471,11.8,2023,2023Q4,2023-12-05,56.209,10.045
9450000,157,7,1967,villa,Højbjerg,8270,4.7,2023,2023Q4,2023-12-05,56.114,10.211
2560000,135,4,1970,villa,Skødstrup,8541,12.4,2023,2023Q4,2023-12-05,56.258,10.296
3300000,111,4,1988,townhouse,Risskov,8240,5.2,2023,2023Q4,2023-12-06,56.203,10.207
2920000,124,4,1973,villa,Brabrand,8220,5.5,2023,2023Q4,2023-12-06,56.152,10.123
4175000,177,5,1958,villa,Skødstrup,8541,14.2,2023,2023Q4,2023-12-06,56.272,10.311
5970000,205,5,2012,villa,Lystrup,8520,8.8,2023,2023Q4,2023-12-06,56.235,10.191
2760000,120,4,2017,townhouse,Malling,8340,14.4,2023,2023Q4,2023-12-06,56.027,10.189
1960000,90,4,1980,townhouse,Tranbjerg J,8310,8.6,2023,2023Q4,2023-12-06,56.089,10.144
4904000,180,6,1976,villa,Hjortshøj,8530,10.8,2023,2023Q4,2023-12-07,56.249,10.264
2298000,171,5,1969,villa,Harlev J,8462,12.7,2023,2023Q4,2023-12-07,56.149,10.006
4845000,137,5,1975,villa,Aarhus N,8200,2.6,2023,2023Q4,2023-12-07,56.18,10.207
4626000,122,4,1972,villa,Brabrand,8220,6.9,2023,2023Q4,2023-12-07,56.151,10.099
2450000,136,3,1912,villa,Sabro,8471,12.5,2023,2023Q4,2023-12-09,56.214,10.037
2995000,144,4,1968,townhouse,Beder,8330,10.7,2023,2023Q4,2023-12-09,56.06,10.207
3850000,147,4,1974,villa,Brabrand,8220,6.4,2023,2023Q4,2023-12-09,56.157,10.107
3910000,137,4,1984,villa,Aarhus V,8210,5.6,2023,2023Q4,2023-12-09,56.176,10.128
8000000,191,5,1926,villa,Viby J,8260,4.1,2023,2023Q4,2023-12-09,56.126,10.173
2700000,116,3,1999,townhouse,Højbjerg,8270,6.4,2023,2023Q4,2023-12-10,56.099,10.22
6600000,110,4,1962,villa,Risskov,8240,5.5,2023,2023Q4,2023-12-10,56.199,10.256
2525000,136,5,1971,villa,Tilst,8381,8.7,2023,2023Q4,2023-12-10,56.192,10.086
5300000,91,4,1983,townhouse,Risskov,8240,5.3,2023,2023Q4,2023-12-10,56.197,10.255
4425000,119,4,1918,villa,Aarhus V,8210,2.2,2023,2023Q4,2023-12-11,56.169,10.183
2575000,97,4,2001,townhouse,Aarhus V,8210,4.6,2023,2023Q4,2023-12-11,56.17,10.14
6000000,180,5,2011,villa,Viby J,8260,7.3,2023,2023Q4,2023-12-11,56.127,10.106
4445000,189,4,2015,villa,Solbjerg,8355,15.8,2023,2023Q4,2023-12-11,56.037,10.073
1660000,130,5,1920,villa,Hasselager,8361,8.9,2023,2023Q4,2023-12-11,56.106,10.101
1400000,100,3,1965,villa,Trige,8380,15.8,2023,2023Q4,2023-12-12,56.295,10.15
5275000,169,6,1998,villa,Risskov,8240,5.6,2023,2023Q4,2023-12-12,56.207,10.206
3400000,122,4,1973,villa,Lystrup,8520,9.1,2023,2023Q4,2023-12-12,56.236,10.251
3450000,128,4,1970,townhouse,Lystrup,8520,9.3,2023,2023Q4,2023-12-12,56.239,10.237
4200000,142,5,1960,villa,Brabrand,8220,5.8,2023,2023Q4,2023-12-12,56.151,10.117
2200000,89,3,1987,townhouse,Risskov,8240,5.1,2023,2023Q4,2023-12-12,56.202,10.21
7530000,136,5,1900,townhouse,Aarhus C,8000,1.0,2023,2023Q4,2023-12-12,56.165,10.217
4100000,130,5,1966,villa,Højbjerg,8270,4.4,2023,2023Q4,2023-12-13,56.117,10.204
2936000,115,4,1800,villa,Egå,8250,7.5,2023,2023Q4,2023-12-13,56.218,10.263
2875000,121,5,1986,townhouse,Mårslet,8320,10.9,2023,2023Q4,2023-12-13,56.062,10.167
3400000,140,5,2013,townhouse,Hasselager,8361,8.7,2023,2023Q4,2023-12-13,56.112,10.095
3435000,117,4,2017,townhouse,Egå,8250,6.9,2023,2023Q4,2023-12-13,56.211,10.265
5075000,126,6,1966,villa,Højbjerg,8270,3.6,2023,2023Q4,2023-12-13,56.128,10.187
5360000,139,5,1954,townhouse,Viby J,8260,3.2,2023,2023Q4,2023-12-13,56.132,10.186
10200000,170,6,1912,villa,Viby J,8260,3.0,2023,2023Q4,2023-12-13,56.133,10.186
1960000,110,4,1957,villa,Lystrup,8520,8.3,2023,2023Q4,2023-12-13,56.231,10.229
8000000,144,6,1963,villa,Aarhus V,8210,3.9,2023,2023Q4,2023-12-14,56.164,10.15
2625000,91,4,1991,townhouse,Viby J,8260,5.8,2023,2023Q4,2023-12-14,56.134,10.126
2750000,130,5,2016,townhouse,Hasselager,8361,10.8,2023,2023Q4,2023-12-14,56.107,10.061
3960000,120,4,1982,villa,Risskov,8240,5.9,2023,2023Q4,2023-12-14,56.206,10.247
3100000,105,4,1982,villa,Aarhus V,8210,5.6,2023,2023Q4,2023-12-14,56.177,10.128
5150000,146,5,1978,villa,Egå,8250,6.7,2023,2023Q4,2023-12-14,56.206,10.273
5300000,147,5,1913,villa,Åbyhøj,8230,2.2,2023,2023Q4,2023-12-14,56.155,10.176
2675000,114,4,1977,townhouse,Tranbjerg J,8310,8.3,2023,2023Q4,2023-12-14,56.09,10.151
2588368,93,4,1981,townhouse,Aarhus V,8210,5.0,2023,2023Q4,2023-12-15,56.175,10.138
3998000,163,5,2015,villa,Skødstrup,8541,12.3,2023,2023Q4,2023-12-16,56.255,10.305
12000000,190,4,2023,villa,Risskov,8240,5.4,2023,2023Q4,2023-12-16,56.198,10.258
2900000,87,4,1987,townhouse,Risskov,8240,5.4,2023,2023Q4,2023-12-16,56.205,10.211
4600000,140,5,1965,villa,Brabrand,8220,5.4,2023,2023Q4,2023-12-17,56.156,10.124
8200000,202,6,2020,townhouse,Aarhus C,8000,1.0,2023,2023Q4,2023-12-17,56.159,10.195
7498000,153,6,1964,villa,Brabrand,8220,5.4,2023,2023Q4,2023-12-17,56.149,10.124
4500000,130,4,1988,villa,Viby J,8260,6.8,2023,2023Q4,2023-12-18,56.133,10.109
2798000,100,4,1974,townhouse,Brabrand,8220,6.6,2023,2023Q4,2023-12-18,56.161,10.105
2900000,136,4,1971,villa,Viby J,8260,6.1,2023,2023Q4,2023-12-18,56.135,10.121
4700000,106,3,1939,villa,Højbjerg,8270,3.8,2023,2023Q4,2023-12-18,56.124,10.194
4000000,101,5,1964,villa,Aarhus N,8200,2.5,2023,2023Q4,2023-12-19,56.179,10.208
5395000,185,5,1965,villa,Aarhus N,8200,3.1,2023,2023Q4,2023-12-19,56.18,10.184
3450000,140,5,2019,villa,Sabro,8471,16.5,2023,2023Q4,2023-12-19,56.224,9.974
4470000,132,5,1967,villa,Højbjerg,8270,4.7,2023,2023Q4,2023-12-19,56.117,10.187
3770000,81,3,1952,townhouse,Åbyhøj,8230,3.7,2023,2023Q4,2023-12-19,56.146,10.154
3775000,100,4,1960,townhouse,Risskov,8240,3.9,2023,2023Q4,2023-12-19,56.191,10.222
10820000,275,6,2020,villa,Risskov,8240,5.7,2023,2023Q4,2023-12-19,56.202,10.257
3450000,113,4,1959,villa,Højbjerg,8270,5.1,2023,2023Q4,2023-12-20,56.117,10.17
3725000,144,5,1969,villa,Viby J,8260,5.8,2023,2023Q4,2023-12-20,56.122,10.142
3598000,139,4,2009,townhouse,Viby J,8260,6.5,2023,2023Q4,2023-12-20,56.12,10.13
1360000,128,5,1963,villa,Lystrup,8520,8.6,2023,2023Q4,2023-12-20,56.232,10.244
4495000,141,7,1968,villa,Viby J,8260,6.5,2023,2023Q4,2023-12-21,56.131,10.117
2750000,129,4,1908,villa,Tranbjerg J,8310,7.2,2023,2023Q4,2023-12-21,56.103,10.144
10500000,180,6,1960,villa,Højbjerg,8270,4.7,2023,2023Q4,2023-12-21,56.115,10.22
12000000,173,6,2016,villa,Hjortshøj,8530,12.9,2023,2023Q4,2023-12-21,56.264,10.289
2600000,97,2,1853,villa,Harlev J,8462,13.8,2023,2023Q4,2023-12-21,56.148,9.988
4250000,156,5,1966,villa,Aarhus N,8200,2.9,2023,2023Q4,2023-12-21,56.18,10.19
9550000,233,8,1965,villa,Risskov,8240,5.5,2023,2023Q4,2023-12-21,56.2,10.255
5200000,169,6,2004,villa,Højbjerg,8270,6.3,2023,2023Q4,2023-12-21,56.103,10.175
4100000,108,3,1980,townhouse,Risskov,8240,4.0,2023,2023Q4,2023-12-24,56.193,10.22
3175000,166,5,1952,villa,Skødstrup,8541,14.6,2023,2023Q4,2023-12-24,56.275,10.313
3575000,146,5,1987,villa,Mårslet,8320,10.1,2023,2023Q4,2023-12-24,56.068,10.172
2998000,139,5,1966,villa,Hjortshøj,8530,10.4,2023,2023Q4,2023-12-24,56.246,10.263
3198000,100,4,2012,townhouse,Egå,8250,7.0,2023,2023Q4,2023-12-26,56.212,10.266
4125000,141,6,1949,villa,Højbjerg,8270,4.9,2023,2023Q4,2023-12-27,56.117,10.176
5850000,108,3,1939,villa,Højbjerg,8270,5.0,2023,2023Q4,2023-12-27,56.112,10.197
2648000,98,4,2008,townhouse,Tranbjerg J,8310,7.3,2023,2023Q4,2023-12-27,56.104,10.141
3375000,136,5,1972,villa,Tilst,8381,7.2,2023,2023Q4,2023-12-27,56.181,10.102
2750000,92,4,1977,townhouse,Lystrup,8520,9.3,2023,2023Q4,2023-12-27,56.24,10.229
1400000,120,3,1964,villa,Egå,8250,9.2,2023,2023Q4,2023-12-28,56.23,10.28
5850000,155,5,1894,townhouse,Aarhus C,8000,0.7,2023,2023Q4,2023-12-28,56.16,10.202
5125000,148,5,1965,villa,Brabrand,8220,6.7,2023,2023Q4,2023-12-28,56.16,10.103
3125000,100,4,1956,villa,Aarhus N,8200,3.0,2023,2023Q4,2023-12-28,56.179,10.183
3800000,136,4,2008,townhouse,Hjortshøj,8530,10.8,2023,2023Q4,2023-12-28,56.248,10.268
3000000,110,4,1991,townhouse,Højbjerg,8270,5.8,2023,2023Q4,2023-12-28,56.108,10.174
5425000,138,6,1947,villa,Aarhus V,8210,2.8,2023,2023Q4,2023-12-29,56.168,10.17
2295000,88,4,1985,townhouse,Viby J,8260,6.0,2023,2023Q4,2023-12-29,56.124,10.132
2350000,134,5,1983,villa,Solbjerg,8355,15.4,2023,2023Q4,2023-12-30,56.036,10.091
4050000,142,5,1976,villa,Egå,8250,10.2,2023,2023Q4,2023-12-31,56.231,10.309
3050000,128,3,1982,villa,Risskov,8240,4.6,2024,2024Q1,2024-01-01,56.197,10.224
2200000,120,3,1972,villa,Tilst,8381,7.2,2024,2024Q1,2024-01-02,56.179,10.102
5311375,150,3,1927,villa,Harlev J,8462,13.0,2024,2024Q1,2024-01-02,56.158,10.001
5700000,150,7,1938,villa,Risskov,8240,5.0,2024,2024Q1,2024-01-03,56.198,10.245
1250000,164,6,1909,villa,Tranbjerg J,8310,7.0,2024,2024Q1,2024-01-03,56.104,10.15
4700000,90,4,1925,villa,Åbyhøj,8230,3.7,2024,2024Q1,2024-01-04,56.16,10.152
3495000,116,5,2018,townhouse,Egå,8250,7.1,2024,2024Q1,2024-01-04,56.213,10.265
3900000,181,7,1937,villa,Viby J,8260,3.7,2024,2024Q1,2024-01-04,56.133,10.169
9500000,147,5,1978,villa,Risskov,8240,6.1,2024,2024Q1,2024-01-04,56.201,10.269
1625000,54,2,1971,townhouse,Tranbjerg J,8310,8.3,2024,2024Q1,2024-01-04,56.091,10.146
3245000,143,5,1969,villa,Harlev J,8462,13.5,2024,2024Q1,2024-01-05,56.138,9.995
2250000,143,9,1945,villa,Brabrand,8220,6.8,2024,2024Q1,2024-01-07,56.158,10.101
2875000,130,4,2000,townhouse,Skødstrup,8541,13.0,2024,2024Q1,2024-01-07,56.261,10.309
3150000,137,5,1980,villa,Tranbjerg J,8310,9.4,2024,2024Q1,2024-01-07,56.09,10.116
2700000,104,4,1962,villa,Lystrup,8520,8.6,2024,2024Q1,2024-01-07,56.234,10.222
3995000,120,5,1995,villa,Egå,8250,6.4,2024,2024Q1,2024-01-07,56.207,10.262
3200000,124,4,1976,villa,Tranbjerg J,8310,9.2,2024,2024Q1,2024-01-08,56.092,10.119
10301000,180,7,1968,villa,Højbjerg,8270,5.0,2024,2024Q1,2024-01-08,56.112,10.215
3400000,145,6,1958,villa,Viby J,8260,4.2,2024,2024Q1,2024-01-08,56.125,10.172
6400000,171,6,2017,villa,Viby J,8260,7.3,2024,2024Q1,2024-01-08,56.128,10.105
5725000,105,4,1982,townhouse,Højbjerg,8270,5.6,2024,2024Q1,2024-01-08,56.107,10.227
4350000,107,4,1960,villa,Risskov,8240,3.4,2024,2024Q1,2024-01-08,56.187,10.217
2450000,80,3,1957,townhouse,Viby J,8260,5.3,2024,2024Q1,2024-01-08,56.122,10.154
3450000,140,5,1998,villa,Tilst,8381,7.0,2024,2024Q1,2024-01-08,56.194,10.12
7150000,208,6,2003,villa,Højbjerg,8270,6.6,2024,2024Q1,2024-01-08,56.098,10.201
3750000,145,4,2007,townhouse,Mårslet,8320,11.1,2024,2024Q1,2024-01-09,56.061,10.159
2060000,107,4,1990,townhouse,Hasselager,8361,9.1,2024,2024Q1,2024-01-09,56.103,10.1
1600000,72,3,1973,townhouse,Tranbjerg J,8310,9.2,2024,2024Q1,2024-01-09,56.089,10.124
1550000,84,3,1985,townhouse,Tilst,8381,7.5,2024,2024Q1,2024-01-10,56.193,10.109
2750000,170,5,1965,villa,Hasselager,8361,9.0,2024,2024Q1,2024-01-10,56.108,10.095
9000000,212,7,1910,villa,Viby J,8260,3.3,2024,2024Q1,2024-01-10,56.133,10.179
3005000,124,4,2019,villa,Harlev J,8462,13.8,2024,2024Q1,2024-01-11,56.14,9.991
3550000,150,6,2012,villa,Trige,8380,12.0,2024,2024Q1,2024-01-11,56.257,10.14
10100000,212,7,1936,villa,Viby J,8260,3.0,2024,2024Q1,2024-01-11,56.134,10.184
2450000,194,5,1972,villa,Trige,8380,16.6,2024,2024Q1,2024-01-11,56.302,10.147
4150000,194,6,1973,villa,Viby J,8260,6.1,2024,2024Q1,2024-01-11,56.135,10.12
19200000,325,10,1915,villa,Højbjerg,8270,5.7,2024,2024Q1,2024-01-11,56.106,10.227
1100000,122,4,1967,villa,Solbjerg,8355,17.1,2024,2024Q1,2024-01-12,56.024,10.071
4425000,123,4,1939,villa,Viby J,8260,5.1,2024,2024Q1,2024-01-13,56.122,10.158
6000000,180,6,2008,villa,Højbjerg,8270,4.8,2024,2024Q1,2024-01-13,56.122,10.165
4300000,162,6,1997,villa,Hasselager,8361,9.3,2024,2024Q1,2024-01-13,56.112,10.084
3495000,151,5,2023,villa,Hjortshøj,8530,15.3,2024,2024Q1,2024-01-14,56.294,10.215
2850000,155,5,1966,villa,Skødstrup,8541,12.6,2024,2024Q1,2024-01-14,56.26,10.295
4998000,147,4,1969,townhouse,Brabrand,8220,5.8,2024,2024Q1,2024-01-14,56.16,10.117
2880000,93,3,1985,townhouse,Risskov,8240,4.5,2024,2024Q1,2024-01-14,56.197,10.195
3175000,105,4,1985,townhouse,Brabrand,8220,6.3,2024,2024Q1,2024-01-14,56.158,10.109
5000000,175,6,2011,villa,Viby J,8260,6.7,2024,2024Q1,2024-01-15,56.122,10.122
5610000,131,5,2020,townhouse,Højbjerg,8270,4.5,2024,2024Q1,2024-01-15,56.118,10.192
2600000,98,4,1976,villa,Malling,8340,12.4,2024,2024Q1,2024-01-15,56.045,10.197
4300000,111,4,1952,villa,Højbjerg,8270,5.0,2024,2024Q1,2024-01-15,56.117,10.174
2900000,125,4,1966,villa,Lystrup,8520,8.8,2024,2024Q1,2024-01-15,56.235,10.228
2375000,134,3,1966,villa,Skødstrup,8541,14.9,2024,2024Q1,2024-01-15,56.277,10.314
4000000,138,3,1973,villa,Egå,8250,10.4,2024,2024Q1,2024-01-15,56.233,10.306
6900000,204,8,1926,villa,Risskov,8240,4.7,2024,2024Q1,2024-01-15,56.196,10.239
3875000,147,4,2008,townhouse,Mårslet,8320,10.7,2024,2024Q1,2024-01-16,56.066,10.152
3559000,130,4,2016,townhouse,Mårslet,8320,9.2,2024,2024Q1,2024-01-16,56.083,10.144
4500000,193,7,2004,villa,Skødstrup,8541,12.8,2024,2024Q1,2024-01-16,56.259,10.306
3965000,363,7,1750,villa,Solbjerg,8355,13.9,2024,2024Q1,2024-01-16,56.044,10.113
3150000,145,5,2003,villa,Solbjerg,8355,14.5,2024,2024Q1,2024-01-16,56.043,10.096
3250000,118,4,1986,townhouse,Aarhus N,8200,4.0,2024,2024Q1,2024-01-17,56.192,10.192
2270000,108,4,1973,villa,Tranbjerg J,8310,9.0,2024,2024Q1,2024-01-18,56.09,10.128
5300000,115,5,1964,townhouse,Risskov,8240,3.6,2024,2024Q1,2024-01-18,56.187,10.228
2900000,148,4,1971,townhouse,Viby J,8260,6.0,2024,2024Q1,2024-01-18,56.121,10.138
5100000,122,5,1932,villa,Åbyhøj,8230,3.2,2024,2024Q1,2024-01-18,56.15,10.161
3550000,206,6,1969,villa,Lystrup,8520,9.0,2024,2024Q1,2024-01-18,56.236,10.239
6800000,217,6,1998,villa,Viby J,8260,6.9,2024,2024Q1,2024-01-18,56.132,10.108
1600000,122,1,1915,villa,Harlev J,8462,13.1,2024,2024Q1,2024-01-18,56.143,10.001
3250000,130,5,1966,villa,Tranbjerg J,8310,8.9,2024,2024Q1,2024-01-18,56.087,10.14
3800000,127,5,2014,townhouse,Viby J,8260,7.2,2024,2024Q1,2024-01-18,56.131,10.104
2700000,122,4,1966,villa,Viby J,8260,6.4,2024,2024Q1,2024-01-18,56.129,10.121
5149000,175,6,2013,villa,Hjortshøj,8530,11.6,2024,2024Q1,2024-01-18,56.255,10.275
3800000,150,5,1973,villa,Aarhus V,8210,3.6,2024,2024Q1,2024-01-20,56.177,10.164
3200000,149,5,2008,villa,Trige,8380,12.0,2024,2024Q1,2024-01-20,56.257,10.141
3800000,130,4,2017,townhouse,Hjortshøj,8530,11.4,2024,2024Q1,2024-01-20,56.253,10.273
3873000,114,4,2008,townhouse,Risskov,8240,4.9,2024,2024Q1,2024-01-21,56.2,10.21
3345000,136,5,2017,townhouse,Skødstrup,8541,15.5,2024,2024Q1,2024-01-21,56.282,10.32
4675000,134,6,1915,villa,Viby J,8260,3.0,2024,2024Q1,2024-01-22,56.138,10.176
5800000,218,5,2000,villa,Hjortshøj,8530,12.8,2024,2024Q1,2024-01-22,56.264,10.283
2620000,169,6,1892,villa,Malling,8340,13.3,2024,2024Q1,2024-01-22,56.037,10.192
4150000,160,6,1975,villa,Lystrup,8520,9.1,2024,2024Q1,2024-01-22,56.238,10.216
3900000,142,4,1973,villa,Mårslet,8320,10.0,2024,2024Q1,2024-01-22,56.072,10.156
4285000,136,4,1956,villa,Brabrand,8220,5.9,2024,2024Q1,2024-01-22,56.151,10.116
1900000,140,4,1948,villa,Mårslet,8320,10.7,2024,2024Q1,2024-01-22,56.065,10.161
4900000,185,5,2009,villa,Skødstrup,8541,13.4,2024,2024Q1,2024-01-22,56.267,10.299
3625000,150,5,1968,villa,Tranbjerg J,8310,9.4,2024,2024Q1,2024-01-22,56.085,10.131
2090000,80,3,1880,villa,Malling,8340,14.9,2024,2024Q1,2024-01-22,56.031,10.125
1050000,96,5,1877,villa,Hjortshøj,8530,12.4,2024,2024Q1,2024-01-22,56.268,10.207
8000000,381,12,2023,villa,Egå,8250,10.3,2024,2024Q1,2024-01-22,56.229,10.315
3150000,126,4,1970,villa,Lystrup,8520,9.8,2024,2024Q1,2024-01-22,56.244,10.23
2100000,97,2,1935,villa,Hasselager,8361,9.0,2024,2024Q1,2024-01-22,56.105,10.1
3100000,106,4,1984,townhouse,Aarhus N,8200,3.8,2024,2024Q1,2024-01-22,56.19,10.198
3600000,134,5,2016,townhouse,Viby J,8260,7.1,2024,2024Q1,2024-01-23,56.128,10.108
3400000,142,6,1970,villa,Tilst,8381,7.3,2024,2024Q1,2024-01-23,56.176,10.099
5625000,150,5,1999,villa,Viby J,8260,7.1,2024,2024Q1,2024-01-23,56.132,10.105
3450000,128,4,2015,townhouse,Mårslet,8320,9.3,2024,2024Q1,2024-01-23,56.082,10.143
4250000,129,3,2016,townhouse,Viby J,8260,7.4,2024,2024Q1,2024-01-23,56.13,10.101
3330000,171,6,1967,villa,Hjortshøj,8530,10.6,2024,2024Q1,2024-01-23,56.247,10.264
4495000,166,5,1961,townhouse,Aarhus N,8200,2.4,2024,2024Q1,2024-01-23,56.178,10.218
4750000,180,7,1981,townhouse,Brabrand,8220,5.4,2024,2024Q1,2024-01-24,56.158,10.124
2898000,131,4,2014,townhouse,Hasselager,8361,8.9,2024,2024Q1,2024-01-24,56.114,10.089
5300000,186,5,1969,villa,Risskov,8240,5.1,2024,2024Q1,2024-01-24,56.198,10.247
4425000,118,4,1948,townhouse,Aarhus V,8210,2.1,2024,2024Q1,2024-01-24,56.168,10.183
4295000,104,5,1948,townhouse,Risskov,8240,4.5,2024,2024Q1,2024-01-24,56.197,10.222
2350000,182,7,1972,villa,Sabro,8471,12.9,2024,2024Q1,2024-01-24,56.215,10.03
2200000,91,4,1982,townhouse,Viby J,8260,5.9,2024,2024Q1,2024-01-24,56.125,10.134
3198000,101,4,1986,townhouse,Risskov,8240,5.4,2024,2024Q1,2024-01-24,56.205,10.21
5100000,152,3,1957,villa,Risskov,8240,4.6,2024,2024Q1,2024-01-25,56.197,10.229
1850000,140,5,1959,villa,Harlev J,8462,13.0,2024,2024Q1,2024-01-25,56.143,10.002
5195000,174,6,1972,villa,Risskov,8240,5.6,2024,2024Q1,2024-01-25,56.207,10.216
5450000,158,5,1951,villa,Aarhus V,8210,2.9,2024,2024Q1,2024-01-25,56.167,10.168
5900000,135,5,1957,villa,Viby J,8260,2.9,2024,2024Q1,2024-01-25,56.134,10.188
2948000,133,4,1987,townhouse,Højbjerg,8270,5.8,2024,2024Q1,2024-01-26,56.108,10.178
2895000,52,2,1927,townhouse,Aarhus C,8000,1.2,2024,2024Q1,2024-01-27,56.151,10.195
2770000,111,4,2016,townhouse,Hasselager,8361,10.7,2024,2024Q1,2024-01-28,56.107,10.062
2995000,130,5,2018,townhouse,Malling,8340,14.3,2024,2024Q1,2024-01-28,56.029,10.186
10601000,146,6,1932,townhouse,Aarhus C,8000,2.1,2024,2024Q1,2024-01-28,56.14,10.197
5367500,176,5,1971,villa,Brabrand,8220,7.9,2024,2024Q1,2024-01-28,56.151,10.084
3300000,133,4,1947,townhouse,Aarhus V,8210,4.7,2024,2024Q1,2024-01-28,56.172,10.14
4750000,197,6,1946,villa,Risskov,8240,4.6,2024,2024Q1,2024-01-28,56.197,10.225
3150000,153,6,1969,villa,Aarhus N,8200,2.9,2024,2024Q1,2024-01-28,56.177,10.181
2525000,132,4,1978,villa,Mårslet,8320,10.8,2024,2024Q1,2024-01-28,56.064,10.159
7612000,162,5,1917,villa,Viby J,8260,3.2,2024,2024Q1,2024-01-28,56.134,10.179
4125000,135,5,1975,villa,Egå,8250,8.6,2024,2024Q1,2024-01-28,56.221,10.289
5225000,148,5,1951,villa,Brabrand,8220,7.2,2024,2024Q1,2024-01-28,56.152,10.095
3525000,198,6,1912,villa,Sabro,8471,12.5,2024,2024Q1,2024-01-28,56.214,10.038
3375000,141,5,1973,villa,Lystrup,8520,8.1,2024,2024Q1,2024-01-29,56.229,10.228
2698000,90,4,1974,villa,Tranbjerg J,8310,9.3,2024,2024Q1,2024-01-29,56.09,10.12
2798000,110,4,1990,townhouse,Højbjerg,8270,5.9,2024,2024Q1,2024-01-29,56.108,10.174
2475000,83,3,1989,townhouse,Brabrand,8220,5.5,2024,2024Q1,2024-01-29,56.151,10.122
2900000,136,5,1969,villa,Viby J,8260,6.5,2024,2024Q1,2024-01-29,56.111,10.146
5200000,161,5,2004,villa,Lystrup,8520,10.1,2024,2024Q1,2024-01-29,56.246,10.243
3155000,153,5,2018,townhouse,Beder,8330,11.6,2024,2024Q1,2024-01-29,56.053,10.197
2850000,72,2,1944,villa,Risskov,8240,4.7,2024,2024Q1,2024-01-29,56.198,10.225
3000000,153,5,1947,villa,Solbjerg,8355,15.0,2024,2024Q1,2024-01-29,56.043,10.081
2825000,115,4,1978,villa,Hasselager,8361,10.1,2024,2024Q1,2024-01-29,56.105,10.077
2975000,126,4,1978,townhouse,Tranbjerg J,8310,8.1,2024,2024Q1,2024-01-30,56.098,10.132
2470000,100,4,1986,villa,Skødstrup,8541,13.8,2024,2024Q1,2024-01-30,56.258,10.34
4545000,153,5,2024,villa,Malling,8340,14.9,2024,2024Q1,2024-01-30,56.024,10.185
3750000,148,4,2018,villa,Skødstrup,8541,14.5,2024,2024Q1,2024-01-30,56.273,10.319
1850000,163,4,1900,villa,Sabro,8471,12.5,2024,2024Q1,2024-01-30,56.208,10.032
2850000,86,4,1960,villa,Højbjerg,8270,4.7,2024,2024Q1,2024-01-30,56.122,10.167
8150000,175,6,1964,villa,Højbjerg,8270,5.4,2024,2024Q1,2024-01-31,56.109,10.224
3748000,120,4,2016,townhouse,Viby J,8260,7.1,2024,2024Q1,2024-01-31,56.128,10.108
9200000,208,5,1945,villa,Højbjerg,8270,5.3,2024,2024Q1,2024-01-31,56.11,10.193
2650000,113,5,1972,townhouse,Tranbjerg J,8310,8.2,2024,2024Q1,2024-01-31,56.091,10.151
7250000,154,4,1987,townhouse,Højbjerg,8270,4.7,2024,2024Q1,2024-01-31,56.114,10.215
1200000,91,3,1987,townhouse,Trige,8380,11.7,2024,2024Q1,2024-02-01,56.254,10.138
6400000,140,4,1907,villa,Åbyhøj,8230,2.5,2024,2024Q1,2024-02-01,56.153,10.17
4400000,227,6,2007,villa,Sabro,8471,10.2,2024,2024Q1,2024-02-01,56.192,10.059
3155000,102,4,2021,townhouse,Aarhus N,8200,8.4,2024,2024Q1,2024-02-01,56.232,10.204
2275000,80,3,1971,townhouse,Tranbjerg J,8310,8.2,2024,2024Q1,2024-02-01,56.09,10.153
4800000,110,4,1946,villa,Aarhus N,8200,2.2,2024,2024Q1,2024-02-01,56.177,10.212
3800000,165,6,1973,villa,Tilst,8381,6.8,2024,2024Q1,2024-02-02,56.179,10.109
2325000,69,3,1991,townhouse,Viby J,8260,5.8,2024,2024Q1,2024-02-02,56.133,10.128
6100000,166,6,1984,townhouse,Højbjerg,8270,5.1,2024,2024Q1,2024-02-02,56.111,10.215
4400000,132,3,2019,townhouse,Aarhus N,8200,8.6,2024,2024Q1,2024-02-03,56.234,10.202
5600000,139,4,1972,villa,Højbjerg,8270,5.0,2024,2024Q1,2024-02-03,56.116,10.175
8200000,260,8,1970,villa,Højbjerg,8270,5.5,2024,2024Q1,2024-02-03,56.107,10.215
3798000,102,5,1930,villa,Viby J,8260,3.4,2024,2024Q1,2024-02-04,56.134,10.175
3700000,126,6,1925,villa,Aarhus N,8200,2.7,2024,2024Q1,2024-02-04,56.178,10.191
4705000,170,7,1973,villa,Egå,8250,6.7,2024,2024Q1,2024-02-04,56.205,10.274
6800000,125,4,1956,villa,Viby J,8260,2.8,2024,2024Q1,2024-02-04,56.136,10.186
2495000,101,4,1979,townhouse,Hasselager,8361,10.6,2024,2024Q1,2024-02-04,56.106,10.066
5050000,135,5,1963,villa,Risskov,8240,3.8,2024,2024Q1,2024-02-04,56.191,10.22
7675000,175,5,1972,villa,Risskov,8240,5.1,2024,2024Q1,2024-02-05,56.196,10.251
3850000,203,8,1964,villa,Malling,8340,13.9,2024,2024Q1,2024-02-05,56.032,10.189
4500000,110,4,1990,villa,Aarhus V,8210,2.2,2024,2024Q1,2024-02-05,56.164,10.178
3590000,121,4,2011,townhouse,Aarhus N,8200,5.2,2024,2024Q1,2024-02-05,56.199,10.172
3580000,130,5,2005,villa,Skødstrup,8541,15.5,2024,2024Q1,2024-02-05,56.281,10.324
1000000,82,4,1870,villa,Tranbjerg J,8310,12.3,2024,2024Q1,2024-02-05,56.063,10.106
3400000,127,4,1985,townhouse,Brabrand,8220,7.6,2024,2024Q1,2024-02-05,56.152,10.089
6100000,196,7,2009,villa,Mårslet,8320,9.5,2024,2024Q1,2024-02-06,56.076,10.164
2900000,122,4,1987,townhouse,Hasselager,8361,8.6,2024,2024Q1,2024-02-06,56.109,10.102
3800000,162,4,1977,villa,Egå,8250,9.6,2024,2024Q1,2024-02-06,56.232,10.285
4995000,115,5,1943,townhouse,Aarhus N,8200,2.8,2024,2024Q1,2024-02-06,56.181,10.217
2323000,104,3,2005,townhouse,Viby J,8260,10.0,2024,2024Q1,2024-02-06,56.126,10.059
3150000,144,5,1972,villa,Mårslet,8320,10.0,2024,2024Q1,2024-02-06,56.071,10.16
2000000,75,5,1780,villa,Mårslet,8320,10.6,2024,2024Q1,2024-02-07,56.066,10.16
2800000,103,4,1984,townhouse,Beder,8330,10.3,2024,2024Q1,2024-02-07,56.064,10.206
4595000,144,3,2019,townhouse,Aarhus N,8200,8.6,2024,2024Q1,2024-02-07,56.234,10.202
3725000,160,7,1965,villa,Lystrup,8520,8.9,2024,2024Q1,2024-02-07,56.236,10.223
3500000,110,5,1984,villa,Lystrup,8520,10.4,2024,2024Q1,2024-02-07,56.249,10.242
3998000,129,5,1969,villa,Aarhus V,8210,4.0,2024,2024Q1,2024-02-07,56.175,10.155
3850000,185,7,1972,villa,Aarhus V,8210,3.6,2024,2024Q1,2024-02-07,56.176,10.163
4000000,154,6,1927,villa,Risskov,8240,3.4,2024,2024Q1,2024-02-08,56.187,10.218
3400000,89,4,1937,villa,Åbyhøj,8230,3.8,2024,2024Q1,2024-02-08,56.156,10.15
3534000,170,4,1972,villa,Aarhus V,8210,3.5,2024,2024Q1,2024-02-08,56.174,10.165
5500000,121,4,1953,villa,Aarhus N,8200,2.9,2024,2024Q1,2024-02-08,56.182,10.207
5800000,175,6,1962,villa,Hjortshøj,8530,10.7,2024,2024Q1,2024-02-08,56.247,10.269
4000000,165,5,2017,villa,Malling,8340,14.0,2024,2024Q1,2024-02-08,56.032,10.186
3180000,142,4,2014,villa,Trige,8380,11.9,2024,2024Q1,2024-02-08,56.257,10.145
2130000,86,3,1974,townhouse,Tranbjerg J,8310,9.3,2024,2024Q1,2024-02-08,56.09,10.121
3100000,114,4,2007,townhouse,Aarhus N,8200,7.9,2024,2024Q1,2024-02-08,56.223,10.162
3750000,116,3,1927,villa,Viby J,8260,4.6,2024,2024Q1,2024-02-09,56.126,10.16
6450000,147,6,1971,villa,Risskov,8240,3.6,2024,2024Q1,2024-02-09,56.188,10.229
1800000,124,4,1972,villa,Hjortshøj,8530,15.8,2024,2024Q1,2024-02-09,56.299,10.215
3495000,112,4,1987,townhouse,Risskov,8240,5.3,2024,2024Q1,2024-02-10,56.205,10.209
2700000,145,6,1975,villa,Lystrup,8520,9.1,2024,2024Q1,2024-02-11,56.236,10.25
1650000,226,7,1907,villa,Sabro,8471,10.3,2024,2024Q1,2024-02-11,56.204,10.068
3740000,148,4,2018,villa,Skødstrup,8541,14.5,2024,2024Q1,2024-02-11,56.273,10.319
4200000,144,5,1981,villa,Aarhus V,8210,3.6,2024,2024Q1,2024-02-11,56.171,10.159
4150000,98,4,1983,townhouse,Risskov,8240,6.2,2024,2024Q1,2024-02-11,56.203,10.268
2200000,122,4,1978,villa,Malling,8340,13.6,2024,2024Q1,2024-02-11,56.035,10.191
2700000,93,4,2001,townhouse,Aarhus N,8200,4.8,2024,2024Q1,2024-02-11,56.198,10.19
4050000,129,5,1953,villa,Aarhus V,8210,2.3,2024,2024Q1,2024-02-12,56.167,10.178
2500000,127,5,1980,townhouse,Hasselager,8361,8.7,2024,2024Q1,2024-02-12,56.109,10.099
3437500,158,6,1967,villa,Tranbjerg J,8310,8.7,2024,2024Q1,2024-02-12,56.088,10.141
5365000,148,5,1965,villa,Brabrand,8220,6.4,2024,2024Q1,2024-02-12,56.157,10.108
3610000,200,6,1900,villa,Højbjerg,8270,6.4,2024,2024Q1,2024-02-12,56.106,10.161
2395000,229,4,1907,villa,Sabro,8471,18.0,2024,2024Q1,2024-02-12,56.24,9.962
2600000,128,5,1972,villa,Tranbjerg J,8310,9.5,2024,2024Q1,2024-02-12,56.089,10.118
3300000,120,4,1976,villa,Tranbjerg J,8310,8.7,2024,2024Q1,2024-02-12,56.087,10.148
2170000,85,4,1971,townhouse,Tranbjerg J,8310,8.2,2024,2024Q1,2024-02-12,56.092,10.149
4950000,145,4,1968,villa,Risskov,8240,5.6,2024,2024Q1,2024-02-13,56.207,10.218
2598000,104,4,1989,townhouse,Hjortshøj,8530,10.9,2024,2024Q1,2024-02-13,56.25,10.265
3075000,120,5,1987,townhouse,Aarhus N,8200,3.8,2024,2024Q1,2024-02-13,56.189,10.193
4595000,103,4,1963,townhouse,Risskov,8240,4.4,2024,2024Q1,2024-02-13,56.196,10.214
4900000,170,6,2007,villa,Brabrand,8220,7.2,2024,2024Q1,2024-02-13,56.159,10.094
3800000,232,6,1973,villa,Harlev J,8462,13.4,2024,2024Q1,2024-02-13,56.144,9.996
10150000,183,6,1979,villa,Risskov,8240,5.4,2024,2024Q1,2024-02-14,56.197,10.26
5698000,148,5,1998,villa,Viby J,8260,7.0,2024,2024Q1,2024-02-14,56.133,10.106
2025000,106,3,1976,townhouse,Tilst,8381,7.3,2024,2024Q1,2024-02-14,56.174,10.097
1675000,95,4,1877,villa,Skødstrup,8541,15.4,2024,2024Q1,2024-02-14,56.283,10.313
8200000,137,5,1969,villa,Egå,8250,8.3,2024,2024Q1,2024-02-15,56.216,10.292
2695000,113,4,1980,villa,Lystrup,8520,10.1,2024,2024Q1,2024-02-15,56.247,10.235
2850000,140,5,2016,townhouse,Malling,8340,14.2,2024,2024Q1,2024-02-15,56.03,10.185
4000000,132,3,1962,villa,Egå,8250,8.8,2024,2024Q1,2024-02-15,56.22,10.295
1775000,92,4,1982,townhouse,Viby J,8260,6.0,2024,2024Q1,2024-02-15,56.125,10.133
2125000,113,4,1976,townhouse,Tilst,8381,7.3,2024,2024Q1,2024-02-15,56.174,10.097
4650000,119,4,2003,townhouse,Risskov,8240,3.1,2024,2024Q1,2024-02-16,56.185,10.216
3030000,106,4,1953,villa,Tilst,8381,6.3,2024,2024Q1,2024-02-16,56.185,10.123
3075000,113,4,1973,villa,Tranbjerg J,8310,9.5,2024,2024Q1,2024-02-16,56.089,10.119
5250000,295,6,1972,villa,Skødstrup,8541,15.0,2024,2024Q1,2024-02-16,56.279,10.312
1850000,73,3,1999,townhouse,Tranbjerg J,8310,8.2,2024,2024Q1,2024-02-16,56.097,10.134
3775000,126,6,1985,townhouse,Risskov,8240,5.1,2024,2024Q1,2024-02-17,56.203,10.208
4100000,130,4,2019,townhouse,Aarhus N,8200,5.4,2024,2024Q1,2024-02-17,56.2,10.172
5300000,143,4,1964,villa,Brabrand,8220,5.5,2024,2024Q1,2024-02-17,56.156,10.122
4648000,145,6,1975,villa,Egå,8250,9.9,2024,2024Q1,2024-02-17,56.23,10.302
2225000,81,3,1991,townhouse,Lystrup,8520,8.5,2024,2024Q1,2024-02-17,56.233,10.226
7550000,194,7,1945,villa,Risskov,8240,5.3,2024,2024Q1,2024-02-17,56.198,10.254
3300000,103,3,1957,villa,Risskov,8240,5.7,2024,2024Q1,2024-02-17,56.205,10.242
2130000,77,2,1999,townhouse,Egå,8250,10.3,2024,2024Q1,2024-02-18,56.234,10.303
2995000,130,5,1962,villa,Lystrup,8520,7.9,2024,2024Q1,2024-02-18,56.227,10.231
5600000,155,5,1952,villa,Risskov,8240,5.0,2024,2024Q1,2024-02-18,56.198,10.243
3420000,112,5,2000,townhouse,Aarhus V,8210,4.6,2024,2024Q1,2024-02-18,56.171,10.14
5725000,163,8,1960,villa,Risskov,8240,5.1,2024,2024Q1,2024-02-18,56.199,10.24
2800000,135,5,1972,villa,Tilst,8381,7.3,2024,2024Q1,2024-02-18,56.177,10.099
3850000,153,5,2011,villa,Malling,8340,14.0,2024,2024Q1,2024-02-18,56.031,10.185
2998000,119,4,1969,villa,Viby J,8260,6.5,2024,2024Q1,2024-02-18,56.111,10.146
4087500,156,5,1967,villa,Egå,8250,9.7,2024,2024Q1,2024-02-18,56.234,10.284
2850000,136,5,1972,villa,Tilst,8381,7.1,2024,2024Q1,2024-02-19,56.181,10.104
3675000,125,4,1953,villa,Højbjerg,8270,5.2,2024,2024Q1,2024-02-19,56.118,10.163
4855000,130,4,1966,villa,Aarhus V,8210,3.3,2024,2024Q1,2024-02-19,56.163,10.159
3550000,138,4,1972,villa,Lystrup,8520,9.0,2024,2024Q1,2024-02-19,56.237,10.217
3695000,132,4,2005,townhouse,Egå,8250,9.5,2024,2024Q1,2024-02-19,56.228,10.295
2950000,178,7,1977,villa,Tilst,8381,7.3,2024,2024Q1,2024-02-19,56.194,10.113
1625000,142,5,1965,villa,Trige,8380,11.6,2024,2024Q1,2024-02-19,56.254,10.145
6000000,210,7,1973,villa,Højbjerg,8270,6.2,2024,2024Q1,2024-02-19,56.101,10.222
4800000,180,5,1970,villa,Aarhus V,8210,4.0,2024,2024Q1,2024-02-19,56.176,10.155
1770000,75,3,1977,townhouse,Tranbjerg J,8310,8.4,2024,2024Q1,2024-02-20,56.091,10.144
3100000,107,4,1986,townhouse,Aarhus N,8200,3.9,2024,2024Q1,2024-02-20,56.19,10.191
1800000,104,4,1978,townhouse,Hasselager,8361,8.8,2024,2024Q1,2024-02-20,56.105,10.103
5500000,180,6,1996,villa,Aarhus N,8200,4.8,2024,2024Q1,2024-02-20,56.199,10.192
3760000,135,4,1965,villa,Egå,8250,7.1,2024,2024Q1,2024-02-20,56.212,10.267
2700000,110,4,1965,villa,Tilst,8381,8.4,2024,2024Q1,2024-02-20,56.191,10.091
5100000,75,3,1817,townhouse,Aarhus C,8000,0.5,2024,2024Q1,2024-02-20,56.157,10.203
4675000,163,5,2001,villa,Malling,8340,13.1,2024,2024Q1,2024-02-20,56.039,10.208
4550000,152,4,1980,villa,Skødstrup,8541,13.9,2024,2024Q1,2024-02-21,56.257,10.343
2450000,150,5,1934,villa,Tranbjerg J,8310,11.4,2024,2024Q1,2024-02-21,56.068,10.12
4800000,132,4,1969,villa,Aarhus N,8200,2.8,2024,2024Q1,2024-02-21,56.179,10.189
2375000,102,4,1987,townhouse,Beder,8330,11.2,2024,2024Q1,2024-02-21,56.056,10.207
2850000,125,4,1973,villa,Skødstrup,8541,15.2,2024,2024Q1,2024-02-21,56.28,10.315
7200000,206,6,1913,villa,Åbyhøj,8230,2.3,2024,2024Q1,2024-02-21,56.154,10.174
3625000,58,2,1977,townhouse,Aarhus C,8000,0.3,2024,2024Q1,2024-02-21,56.16,10.211
3900000,127,5,1958,villa,Viby J,8260,3.8,2024,2024Q1,2024-02-22,56.134,10.165
1730000,187,5,1901,townhouse,Beder,8330,12.1,2024,2024Q1,2024-02-22,56.05,10.243
2640000,104,4,2018,townhouse,Malling,8340,14.4,2024,2024Q1,2024-02-22,56.028,10.19
3850000,163,5,1966,villa,Egå,8250,6.5,2024,2024Q1,2024-02-22,56.208,10.262
5350000,170,6,1971,villa,Brabrand,8220,7.8,2024,2024Q1,2024-02-23,56.15,10.086
4837500,165,5,1998,villa,Beder,8330,10.8,2024,2024Q1,2024-02-23,56.06,10.222
1950000,100,4,1959,villa,Harlev J,8462,13.4,2024,2024Q1,2024-02-24,56.141,9.996
2725000,170,5,1980,villa,Trige,8380,11.3,2024,2024Q1,2024-02-24,56.249,10.137
5200000,162,5,2005,villa,Brabrand,8220,7.0,2024,2024Q1,2024-02-25,56.161,10.099
5250000,188,5,1965,villa,Beder,8330,10.5,2024,2024Q1,2024-02-25,56.062,10.211
3665800,139,5,2018,townhouse,Mårslet,8320,11.3,2024,2024Q1,2024-02-25,56.058,10.166
4500000,159,5,1974,villa,Egå,8250,10.2,2024,2024Q1,2024-02-25,56.231,10.308
6400000,217,9,1924,villa,Risskov,8240,4.4,2024,2024Q1,2024-02-26,56.193,10.238
4850000,107,5,1918,villa,Risskov,8240,4.5,2024,2024Q1,2024-02-26,56.194,10.238
3875000,147,4,2008,townhouse,Mårslet,8320,10.7,2024,2024Q1,2024-02-26,56.067,10.152
3050000,135,5,1993,villa,Sabro,8471,12.9,2024,2024Q1,2024-02-26,56.214,10.029
3998000,105,3,1927,villa,Viby J,8260,3.6,2024,2024Q1,2024-02-26,56.133,10.171
4400000,214,9,1973,villa,Mårslet,8320,10.0,2024,2024Q1,2024-02-26,56.072,10.156
2825000,105,4,1973,villa,Lystrup,8520,8.0,2024,2024Q1,2024-02-26,56.228,10.227
4750000,124,3,2008,villa,Risskov,8240,4.4,2024,2024Q1,2024-02-27,56.196,10.216
3850000,173,3,1930,townhouse,Aarhus N,8200,4.9,2024,2024Q1,2024-02-27,56.189,10.158
4598000,214,5,2019,villa,Trige,8380,11.5,2024,2024Q1,2024-02-27,56.256,10.159
5500000,110,5,1928,villa,Viby J,8260,2.8,2024,2024Q1,2024-02-27,56.137,10.183
3100000,182,5,1970,townhouse,Tilst,8381,8.4,2024,2024Q1,2024-02-27,56.19,10.089
1450000,160,4,1920,villa,Harlev J,8462,14.3,2024,2024Q1,2024-02-28,56.148,9.981
2650000,92,4,1962,villa,Skødstrup,8541,14.6,2024,2024Q1,2024-02-28,56.275,10.312
8000001,140,7,1935,villa,Brabrand,8220,6.2,2024,2024Q1,2024-02-28,56.153,10.111
8000001,222,7,1940,villa,Brabrand,8220,6.2,2024,2024Q1,2024-02-28,56.153,10.111
4525000,127,4,1958,villa,Risskov,8240,5.5,2024,2024Q1,2024-02-29,56.201,10.25
400000,97,3,1800,villa,Solbjerg,8355,19.2,2024,2024Q1,2024-02-29,56.007,10.054
2650000,114,4,2011,townhouse,Mårslet,8320,11.2,2024,2024Q1,2024-02-29,56.06,10.161
5498000,309,10,1936,villa,Viby J,8260,10.0,2024,2024Q1,2024-02-29,56.125,10.059
8254999,280,8,1920,villa,Viby J,8260,8.8,2024,2024Q1,2024-02-29,56.129,10.078
2010000,97,4,1986,villa,Lystrup,8520,9.5,2024,2024Q1,2024-02-29,56.241,10.241
5550000,139,6,1939,townhouse,Aarhus V,8210,3.0,2024,2024Q1,2024-02-29,56.162,10.163
2500000,154,6,1931,villa,Harlev J,8462,12.8,2024,2024Q1,2024-02-29,56.152,10.004
5425000,110,4,1984,townhouse,Højbjerg,8270,4.9,2024,2024Q1,2024-02-29,56.113,10.222
3075000,116,4,1985,townhouse,Højbjerg,8270,6.0,2024,2024Q1,2024-03-01,56.106,10.177
4998000,148,5,1975,villa,Egå,8250,10.2,2024,2024Q1,2024-03-01,56.232,10.306
6361000,120,5,1900,townhouse,Aarhus C,8000,0.5,2024,2024Q1,2024-03-02,56.161,10.209
3300000,135,5,1952,villa,Brabrand,8220,4.4,2024,2024Q1,2024-03-02,56.154,10.14
2675000,118,3,2012,townhouse,Hasselager,8361,9.0,2024,2024Q1,2024-03-02,56.114,10.088
2500000,61,2,1953,villa,Aarhus V,8210,3.2,2024,2024Q1,2024-03-02,56.17,10.165
3925000,150,5,2023,townhouse,Hasselager,8361,8.9,2024,2024Q1,2024-03-03,56.114,10.09
5425000,184,5,2017,villa,Solbjerg,8355,14.6,2024,2024Q1,2024-03-03,56.04,10.103
2600000,149,5,1969,villa,Harlev J,8462,13.5,2024,2024Q1,2024-03-03,56.139,9.995
790000,88,4,1966,villa,Tilst,8381,8.2,2024,2024Q1,2024-03-03,56.191,10.094
3700000,105,4,1963,villa,Lystrup,8520,8.9,2024,2024Q1,2024-03-03,56.236,10.226
10343000,202,5,1926,villa,Åbyhøj,8230,2.4,2024,2024Q1,2024-03-03,56.154,10.172
5700000,98,3,1956,villa,Åbyhøj,8230,3.2,2024,2024Q1,2024-03-04,56.153,10.159
4600000,150,4,1969,villa,Aarhus V,8210,3.5,2024,2024Q1,2024-03-04,56.174,10.163
2975000,101,4,2003,townhouse,Lystrup,8520,8.5,2024,2024Q1,2024-03-04,56.233,10.218
3735000,128,4,1974,villa,Brabrand,8220,5.2,2024,2024Q1,2024-03-04,56.149,10.128
5685000,96,3,1924,townhouse,Aarhus N,8200,2.3,2024,2024Q1,2024-03-04,56.177,10.204
4050000,155,6,1969,villa,Skødstrup,8541,12.8,2024,2024Q1,2024-03-04,56.263,10.293
3750000,234,6,1975,villa,Mårslet,8320,9.9,2024,2024Q1,2024-03-05,56.073,10.152
2430000,137,5,1967,villa,Skødstrup,8541,14.6,2024,2024Q1,2024-03-05,56.275,10.313
4465000,170,5,2010,villa,Tilst,8381,6.5,2024,2024Q1,2024-03-05,56.192,10.128
2225000,154,6,1975,villa,Harlev J,8462,13.4,2024,2024Q1,2024-03-05,56.137,9.997
2625000,131,5,1972,villa,Tilst,8381,6.8,2024,2024Q1,2024-03-05,56.176,10.107
4050000,138,4,1965,villa,Egå,8250,8.3,2024,2024Q1,2024-03-05,56.217,10.29
1925000,178,7,1970,villa,Hjortshøj,8530,15.8,2024,2024Q1,2024-03-05,56.299,10.215
2060000,97,3,2006,townhouse,Skødstrup,8541,15.5,2024,2024Q1,2024-03-06,56.281,10.326
2970000,133,5,2019,townhouse,Malling,8340,14.3,2024,2024Q1,2024-03-06,56.029,10.19
4950000,165,5,1972,villa,Beder,8330,10.3,2024,2024Q1,2024-03-06,56.064,10.219
3000000,185,4,1967,villa,Solbjerg,8355,15.3,2024,2024Q1,2024-03-06,56.037,10.089
2875000,135,6,1966,villa,Skødstrup,8541,14.9,2024,2024Q1,2024-03-06,56.278,10.314
3060000,92,3,1985,townhouse,Aarhus N,8200,3.4,2024,2024Q1,2024-03-07,56.179,10.174
4100000,169,5,1975,villa,Beder,8330,11.1,2024,2024Q1,2024-03-07,56.057,10.215
3550000,144,4,1968,townhouse,Beder,8330,10.6,2024,2024Q1,2024-03-07,56.061,10.207
4450000,213,9,1971,villa,Egå,8250,6.8,2024,2024Q1,2024-03-07,56.21,10.265
6950000,120,4,1943,villa,Viby J,8260,3.0,2024,2024Q1,2024-03-07,56.135,10.181
4000000,176,5,1920,villa,Tranbjerg J,8310,8.4,2024,2024Q1,2024-03-07,56.096,10.131
4100000,187,7,1972,villa,Harlev J,8462,12.9,2024,2024Q1,2024-03-07,56.146,10.003
4175000,123,4,1951,villa,Aarhus V,8210,3.0,2024,2024Q1,2024-03-07,56.163,10.164
2100000,115,4,1969,townhouse,Tilst,8381,8.5,2024,2024Q1,2024-03-07,56.19,10.087
4850000,174,5,1900,villa,Egå,8250,9.9,2024,2024Q1,2024-03-09,56.232,10.296
1800000,120,5,1980,villa,Hasselager,8361,8.8,2024,2024Q1,2024-03-09,56.108,10.099
5200000,167,6,1972,villa,Viby J,8260,6.1,2024,2024Q1,2024-03-09,56.134,10.121
7700000,122,7,1958,villa,Aarhus V,8210,3.0,2024,2024Q1,2024-03-10,56.164,10.164
1950000,104,4,1963,villa,Hjortshøj,8530,14.9,2024,2024Q1,2024-03-10,56.291,10.217
7400000,230,6,2021,villa,Viby J,8260,6.6,2024,2024Q1,2024-03-10,56.123,10.124
2275000,123,5,2004,villa,Sabro,8471,16.6,2024,2024Q1,2024-03-10,56.225,9.972
4150000,185,4,1967,villa,Åbyhøj,8230,4.0,2024,2024Q1,2024-03-10,56.153,10.147
1975000,124,5,1875,villa,Skødstrup,8541,15.5,2024,2024Q1,2024-03-10,56.282,10.322
6250000,216,7,2003,villa,Egå,8250,10.7,2024,2024Q1,2024-03-10,56.236,10.307
2765000,101,4,1983,townhouse,Beder,8330,11.3,2024,2024Q1,2024-03-11,56.055,10.203
7000000,143,4,1955,villa,Viby J,8260,3.1,2024,2024Q1,2024-03-11,56.133,10.184
3449000,175,6,1976,villa,Tilst,8381,7.3,2024,2024Q1,2024-03-11,56.194,10.113
7600000,201,8,1972,villa,Højbjerg,8270,5.1,2024,2024Q1,2024-03-11,56.111,10.216
4800000,201,6,2007,villa,Mårslet,8320,8.5,2024,2024Q1,2024-03-12,56.083,10.176
4738000,141,5,1998,townhouse,Risskov,8240,5.7,2024,2024Q1,2024-03-12,56.208,10.21
2000000,94,3,1982,townhouse,Mårslet,8320,10.2,2024,2024Q1,2024-03-12,56.069,10.162
7350000,114,7,1889,townhouse,Aarhus C,8000,1.4,2024,2024Q1,2024-03-12,56.147,10.198
5475000,156,5,1973,villa,Egå,8250,8.9,2024,2024Q1,2024-03-12,56.223,10.292
2730000,107,4,2017,townhouse,Hasselager,8361,10.8,2024,2024Q1,2024-03-13,56.108,10.061
4420000,105,4,1951,villa,Aarhus N,8200,2.8,2024,2024Q1,2024-03-13,56.182,10.207
4025000,143,5,1995,villa,Beder,8330,10.3,2024,2024Q1,2024-03-13,56.064,10.221
2950000,131,6,1967,villa,Hjortshøj,8530,11.3,2024,2024Q1,2024-03-13,56.253,10.268
3250000,119,4,1969,villa,Risskov,8240,5.7,2024,2024Q1,2024-03-13,56.205,10.244
4450000,153,5,2003,villa,Hasselager,8361,9.3,2024,2024Q1,2024-03-14,56.112,10.085
4425000,181,5,1965,villa,Solbjerg,8355,15.3,2024,2024Q1,2024-03-14,56.037,10.091
3530000,106,3,1957,villa,Risskov,8240,5.6,2024,2024Q1,2024-03-14,56.204,10.242
3885000,149,5,1998,villa,Tilst,8381,6.9,2024,2024Q1,2024-03-14,56.194,10.122
2050000,101,4,1981,townhouse,Hasselager,8361,9.9,2024,2024Q1,2024-03-14,56.106,10.079
3800000,190,7,1966,villa,Lystrup,8520,7.9,2024,2024Q1,2024-03-14,56.227,10.227
2850000,118,4,2003,townhouse,Skødstrup,8541,13.4,2024,2024Q1,2024-03-14,56.266,10.304
6100000,138,5,1958,villa,Åbyhøj,8230,3.1,2024,2024Q1,2024-03-14,56.153,10.161
4475000,227,9,1974,villa,Skødstrup,8541,14.0,2024,2024Q1,2024-03-14,56.27,10.31
2700000,116,4,1987,townhouse,Højbjerg,8270,5.7,2024,2024Q1,2024-03-15,56.109,10.178
2225000,112,4,2007,townhouse,Malling,8340,12.4,2024,2024Q1,2024-03-15,56.045,10.207
5198000,166,5,2003,villa,Mårslet,8320,9.7,2024,2024Q1,2024-03-15,56.074,10.16
4232500,91,6,1937,villa,Højbjerg,8270,4.9,2024,2024Q1,2024-03-15,56.122,10.164
9700000,201,5,2014,villa,Egå,8250,6.7,2024,2024Q1,2024-03-16,56.204,10.278
3475000,134,4,1953,villa,Viby J,8260,4.5,2024,2024Q1,2024-03-16,56.132,10.154
3595000,138,5,1972,villa,Lystrup,8520,8.9,2024,2024Q1,2024-03-17,56.236,10.199
2750000,122,4,1986,villa,Malling,8340,14.0,2024,2024Q1,2024-03-17,56.032,10.236
2814000,135,4,2012,villa,Sabro,8471,10.1,2024,2024Q1,2024-03-17,56.197,10.064
6595000,161,5,2019,villa,Risskov,8240,5.9,2024,2024Q1,2024-03-17,56.207,10.241
2675000,146,7,1934,villa,Risskov,8240,4.2,2024,2024Q1,2024-03-17,56.194,10.22
3750000,220,7,1971,villa,Hasselager,8361,8.8,2024,2024Q1,2024-03-17,56.108,10.098
10500000,173,6,1984,villa,Højbjerg,8270,5.5,2024,2024Q1,2024-03-17,56.108,10.227
2475000,137,4,1966,villa,Mårslet,8320,10.7,2024,2024Q1,2024-03-17,56.065,10.158
3128000,124,5,1930,villa,Harlev J,8462,12.3,2024,2024Q1,2024-03-17,56.169,10.013
3050000,104,5,1950,villa,Hasselager,8361,9.0,2024,2024Q1,2024-03-18,56.104,10.1
3755000,133,4,1970,villa,Beder,8330,11.0,2024,2024Q1,2024-03-18,56.058,10.214
3800000,149,5,1964,villa,Højbjerg,8270,4.6,2024,2024Q1,2024-03-18,56.119,10.181
3100000,76,2,1888,townhouse,Aarhus V,8210,3.2,2024,2024Q1,2024-03-18,56.167,10.163
3420000,92,4,1957,townhouse,Aarhus N,8200,2.3,2024,2024Q1,2024-03-18,56.174,10.191
2772500,117,4,2011,townhouse,Mårslet,8320,11.3,2024,2024Q1,2024-03-18,56.06,10.158
6700000,211,5,2012,villa,Skødstrup,8541,13.4,2024,2024Q1,2024-03-18,56.267,10.3
5100000,175,6,1972,villa,Risskov,8240,5.4,2024,2024Q1,2024-03-18,56.205,10.217
9000000,198,7,1948,villa,Viby J,8260,3.0,2024,2024Q1,2024-03-18,56.136,10.179
4700000,163,6,1970,villa,Beder,8330,10.6,2024,2024Q1,2024-03-18,56.062,10.202
3125000,170,7,1968,villa,Brabrand,8220,5.3,2024,2024Q1,2024-03-18,56.162,10.126
2300000,137,5,1984,villa,Skødstrup,8541,13.7,2024,2024Q1,2024-03-19,56.255,10.344
2860000,128,4,1996,villa,Harlev J,8462,13.3,2024,2024Q1,2024-03-19,56.139,9.999
3900000,130,4,2017,townhouse,Hjortshøj,8530,11.4,2024,2024Q1,2024-03-19,56.253,10.273
3905000,127,4,1966,villa,Brabrand,8220,5.2,2024,2024Q1,2024-03-19,56.16,10.127
4800000,132,5,1992,villa,Viby J,8260,6.7,2024,2024Q1,2024-03-19,56.132,10.112
5798000,91,3,1953,villa,Højbjerg,8270,4.2,2024,2024Q1,2024-03-19,56.123,10.182
3500000,105,4,1987,townhouse,Risskov,8240,5.4,2024,2024Q1,2024-03-20,56.205,10.206
2700000,94,4,2000,townhouse,Egå,8250,10.6,2024,2024Q1,2024-03-20,56.235,10.307
2215000,90,4,1974,villa,Tranbjerg J,8310,9.2,2024,2024Q1,2024-03-20,56.091,10.12
4225000,187,7,1977,villa,Brabrand,8220,5.5,2024,2024Q1,2024-03-20,56.162,10.122
2198000,80,3,1975,townhouse,Tilst,8381,7.0,2024,2024Q1,2024-03-20,56.174,10.103
16000000,267,9,1917,villa,Risskov,8240,4.1,2024,2024Q1,2024-03-20,56.19,10.241
6800000,120,4,1951,villa,Aarhus N,8200,2.6,2024,2024Q1,2024-03-21,56.177,10.189
2575000,123,4,1976,townhouse,Brabrand,8220,7.6,2024,2024Q1,2024-03-21,56.15,10.088
8400000,127,4,1928,villa,Højbjerg,8270,3.4,2024,2024Q1,2024-03-21,56.129,10.188
2775000,105,3,2007,townhouse,Mårslet,8320,11.2,2024,2024Q1,2024-03-21,56.06,10.162
4110000,158,5,2007,villa,Tranbjerg J,8310,10.1,2024,2024Q1,2024-03-21,56.081,10.122
3648000,90,3,1948,villa,Aarhus V,8210,3.2,2024,2024Q1,2024-03-21,56.176,10.174
3950000,159,5,1961,villa,Brabrand,8220,5.3,2024,2024Q1,2024-03-21,56.154,10.125
2400000,108,4,1977,townhouse,Tranbjerg J,8310,8.3,2024,2024Q1,2024-03-21,56.091,10.148
3150000,175,6,1973,villa,Tilst,8381,6.6,2024,2024Q1,2024-03-21,56.18,10.112
1925000,91,4,1979,townhouse,Hasselager,8361,10.8,2024,2024Q1,2024-03-21,56.103,10.065
4800000,144,5,1955,villa,Aarhus V,8210,2.9,2024,2024Q1,2024-03-22,56.167,10.169
4620000,133,4,1967,villa,Risskov,8240,5.1,2024,2024Q1,2024-03-22,56.202,10.227
4100000,138,4,1978,villa,Tranbjerg J,8310,9.0,2024,2024Q1,2024-03-22,56.085,10.145
2550000,104,3,1984,townhouse,Aarhus V,8210,5.6,2024,2024Q1,2024-03-22,56.177,10.128
2775000,90,3,2023,townhouse,Aarhus N,8200,7.9,2024,2024Q1,2024-03-23,56.221,10.159
3175000,155,6,1969,villa,Mårslet,8320,9.9,2024,2024Q1,2024-03-23,56.072,10.164
4100000,163,5,1956,villa,Aarhus N,8200,3.0,2024,2024Q1,2024-03-24,56.18,10.188
1925000,82,4,1954,villa,Brabrand,8220,5.3,2024,2024Q1,2024-03-24,56.153,10.125
3095000,232,5,1971,villa,Tilst,8381,8.5,2024,2024Q1,2024-03-24,56.191,10.088
2100000,94,4,1981,townhouse,Tilst,8381,6.6,2024,2024Q1,2024-03-24,56.188,10.121
5400000,95,3,1940,villa,Aarhus V,8210,2.8,2024,2024Q1,2024-03-24,56.168,10.17
2695000,96,4,2002,townhouse,Beder,8330,11.5,2024,2024Q1,2024-03-24,56.053,10.215
2075000,85,4,1972,townhouse,Tranbjerg J,8310,9.2,2024,2024Q1,2024-03-24,56.09,10.124
6320000,289,11,1937,villa,Aarhus N,8200,2.9,2024,2024Q1,2024-03-24,56.179,10.187
4650000,164,3,2016,townhouse,Viby J,8260,7.4,2024,2024Q1,2024-03-25,56.13,10.102
2498000,96,4,2016,townhouse,Tranbjerg J,8310,9.8,2024,2024Q1,2024-03-25,56.084,10.122
2995000,140,4,2013,villa,Hjortshøj,8530,15.1,2024,2024Q1,2024-03-25,56.292,10.216
3825000,104,4,2021,townhouse,Aarhus N,8200,8.5,2024,2024Q1,2024-03-25,56.233,10.204
3145000,95,4,1957,villa,Beder,8330,11.3,2024,2024Q1,2024-03-25,56.055,10.202
2850000,126,4,1967,villa,Viby J,8260,8.8,2024,2024Q1,2024-03-25,56.129,10.077
3700000,153,6,1998,villa,Skødstrup,8541,12.8,2024,2024Q1,2024-03-26,56.26,10.299
6495000,135,5,1953,townhouse,Risskov,8240,4.0,2024,2024Q1,2024-03-26,56.192,10.224
3200000,163,5,1979,villa,Lystrup,8520,9.9,2024,2024Q1,2024-03-26,56.245,10.236
7350000,196,6,2016,villa,Viby J,8260,7.2,2024,2024Q1,2024-03-26,56.131,10.104
4250000,132,4,1981,townhouse,Brabrand,8220,5.4,2024,2024Q1,2024-03-26,56.151,10.124
3500000,138,4,1980,townhouse,Egå,8250,6.1,2024,2024Q1,2024-03-26,56.204,10.26
2000000,91,4,1981,townhouse,Tranbjerg J,8310,8.3,2024,2024Q1,2024-03-26,56.089,10.154
4950000,130,4,1933,villa,Viby J,8260,4.9,2024,2024Q1,2024-03-26,56.124,10.158
10893000,190,4,1972,villa,Højbjerg,8270,6.1,2024,2024Q1,2024-03-27,56.102,10.221
3950000,150,6,2012,villa,Malling,8340,12.4,2024,2024Q1,2024-03-27,56.045,10.191
3140000,87,4,1987,townhouse,Risskov,8240,5.3,2024,2024Q1,2024-03-29,56.205,10.21
3560000,114,4,1965,townhouse,Egå,8250,7.0,2024,2024Q1,2024-03-29,56.208,10.277
5800000,112,4,1961,villa,Højbjerg,8270,4.8,2024,2024Q1,2024-03-30,56.116,10.185
3175000,178,6,1978,villa,Hasselager,8361,10.3,2024,2024Q1,2024-03-30,56.104,10.073
2975000,93,4,2001,townhouse,Aarhus N,8200,4.8,2024,2024Q1,2024-03-30,56.199,10.191
2950000,107,4,1985,townhouse,Lystrup,8520,8.4,2024,2024Q1,2024-03-30,56.231,10.228
3200000,133,4,1964,villa,Hasselager,8361,8.9,2024,2024Q1,2024-03-30,56.109,10.096
3995000,123,5,1915,villa,Viby J,8260,4.6,2024,2024Q1,2024-03-30,56.124,10.166
3275000,97,4,1991,townhouse,Viby J,8260,5.9,2024,2024Q1,2024-03-31,56.135,10.124
4150000,173,6,1974,villa,Lystrup,8520,9.4,2024,2024Q1,2024-03-31,56.239,10.242
4020000,150,5,1973,villa,Lystrup,8520,9.5,2024,2024Q1,2024-03-31,56.242,10.221
8200000,112,4,1912,townhouse,Viby J,8260,2.9,2024,2024Q1,2024-03-31,56.136,10.182
5720000,160,6,1925,villa,Brabrand,8220,5.5,2024,2024Q1,2024-03-31,56.152,10.123
3125000,159,5,1909,villa,Hjortshøj,8530,10.5,2024,2024Q2,2024-04-01,56.246,10.269
2185000,108,4,1973,villa,Tilst,8381,6.7,2024,2024Q2,2024-04-01,56.176,10.108
2350000,92,4,1976,townhouse,Tilst,8381,7.3,2024,2024Q2,2024-04-01,56.175,10.098
4305000,88,4,1948,townhouse,Aarhus V,8210,2.6,2024,2024Q2,2024-04-02,56.163,10.17
7450000,225,9,2000,villa,Lystrup,8520,9.9,2024,2024Q2,2024-04-02,56.243,10.246
3948000,180,6,2016,villa,Solbjerg,8355,15.6,2024,2024Q2,2024-04-02,56.039,10.075
3580000,132,4,2015,townhouse,Mårslet,8320,9.3,2024,2024Q2,2024-04-02,56.082,10.144
4015000,155,5,1997,villa,Mårslet,8320,9.9,2024,2024Q2,2024-04-02,56.07,10.173
6075000,102,4,1946,villa,Aarhus N,8200,2.3,2024,2024Q2,2024-04-02,56.178,10.213
3475000,136,5,1973,villa,Aarhus V,8210,5.2,2024,2024Q2,2024-04-02,56.175,10.134
4150000,165,5,2019,villa,Trige,8380,11.4,2024,2024Q2,2024-04-02,56.256,10.159
3550000,106,3,1933,villa,Viby J,8260,4.8,2024,2024Q2,2024-04-02,56.124,10.161
4675000,177,5,2007,villa,Tranbjerg J,8310,10.1,2024,2024Q2,2024-04-03,56.081,10.122
6275000,203,6,2018,villa,Egå,8250,7.8,2024,2024Q2,2024-04-03,56.22,10.264
3995000,115,4,1978,villa,Harlev J,8462,13.1,2024,2024Q2,2024-04-03,56.147,10.001
1850000,177,6,1966,villa,Hjortshøj,8530,14.3,2024,2024Q2,2024-04-03,56.286,10.219
4750000,132,5,1994,villa,Risskov,8240,5.8,2024,2024Q2,2024-04-03,56.205,10.246
3695000,102,4,2000,villa,Egå,8250,6.2,2024,2024Q2,2024-04-03,56.207,10.257
3200000,165,7,1965,villa,Hasselager,8361,8.9,2024,2024Q2,2024-04-03,56.108,10.096
2220000,136,5,1969,villa,Tilst,8381,7.4,2024,2024Q2,2024-04-03,56.187,10.104
3475000,175,8,1963,villa,Sabro,8471,13.1,2024,2024Q2,2024-04-03,56.216,10.028
3350000,112,4,1902,villa,Aarhus N,8200,5.4,2024,2024Q2,2024-04-04,56.2,10.173
3780000,100,4,1972,townhouse,Brabrand,8220,6.6,2024,2024Q2,2024-04-04,56.159,10.105
8200000,137,6,1930,villa,Aarhus C,8000,1.6,2024,2024Q2,2024-04-04,56.162,10.187
5200000,117,4,1967,villa,Højbjerg,8270,4.8,2024,2024Q2,2024-04-04,56.119,10.173
5325000,118,4,1959,villa,Højbjerg,8270,4.2,2024,2024Q2,2024-04-04,56.122,10.185
2290000,145,4,1925,villa,Malling,8340,13.4,2024,2024Q2,2024-04-04,56.037,10.196
4850000,102,4,1929,villa,Aarhus V,8210,2.1,2024,2024Q2,2024-04-04,56.164,10.18
4950000,155,6,2004,villa,Lystrup,8520,10.0,2024,2024Q2,2024-04-04,56.244,10.249
3550000,168,5,1970,villa,Skødstrup,8541,14.8,2024,2024Q2,2024-04-05,56.278,10.31
4600000,164,7,1960,villa,Højbjerg,8270,4.3,2024,2024Q2,2024-04-05,56.12,10.19
8900000,229,5,1961,villa,Risskov,8240,4.6,2024,2024Q2,2024-04-06,56.196,10.233
5300000,181,5,2021,villa,Viby J,8260,4.3,2024,2024Q2,2024-04-07,56.127,10.168
2990000,147,4,1965,villa,Skødstrup,8541,12.5,2024,2024Q2,2024-04-07,56.259,10.295
2480000,105,4,1972,townhouse,Tranbjerg J,8310,9.4,2024,2024Q2,2024-04-07,56.088,10.122
1855000,179,5,1863,villa,Trige,8380,16.3,2024,2024Q2,2024-04-07,56.299,10.145
6430000,145,6,1959,villa,Højbjerg,8270,4.3,2024,2024Q2,2024-04-07,56.12,10.19
3800000,163,4,2021,townhouse,Solbjerg,8355,14.1,2024,2024Q2,2024-04-07,56.048,10.093
6050000,142,4,2003,villa,Højbjerg,8270,6.3,2024,2024Q2,2024-04-07,56.104,10.175
2620000,103,3,2016,townhouse,Mårslet,8320,9.5,2024,2024Q2,2024-04-07,56.075,10.165
3999000,150,5,2023,townhouse,Hasselager,8361,8.8,2024,2024Q2,2024-04-07,56.114,10.091
5395000,187,7,2008,villa,Mårslet,8320,11.2,2024,2024Q2,2024-04-08,56.06,10.163
3570000,155,5,2007,villa,Sabro,8471,13.2,2024,2024Q2,2024-04-08,56.216,10.025
4925000,156,5,1970,villa,Brabrand,8220,7.9,2024,2024Q2,2024-04-08,56.151,10.084
6750000,358,12,1898,villa,Aarhus N,8200,1.7,2024,2024Q2,2024-04-08,56.172,10.211
2400000,95,5,1974,townhouse,Tilst,8381,6.9,2024,2024Q2,2024-04-08,56.175,10.104
3625000,121,4,2016,villa,Hasselager,8361,9.0,2024,2024Q2,2024-04-08,56.115,10.086
3925000,130,4,2021,townhouse,Højbjerg,8270,5.0,2024,2024Q2,2024-04-08,56.121,10.162
3198000,128,5,1970,villa,Tranbjerg J,8310,9.3,2024,2024Q2,2024-04-08,56.087,10.129
4875000,160,5,2009,villa,Lystrup,8520,8.8,2024,2024Q2,2024-04-09,56.235,10.192
3400000,136,5,1999,villa,Malling,8340,13.1,2024,2024Q2,2024-04-09,56.039,10.207
7100000,146,4,1984,villa,Risskov,8240,5.7,2024,2024Q2,2024-04-09,56.199,10.262
4050000,154,6,1979,villa,Viby J,8260,6.0,2024,2024Q2,2024-04-09,56.129,10.127
5350000,193,6,2010,villa,Tilst,8381,6.3,2024,2024Q2,2024-04-09,56.189,10.127
4920000,201,5,2011,villa,Skødstrup,8541,13.1,2024,2024Q2,2024-04-09,56.266,10.292
3730000,153,5,2016,townhouse,Lystrup,8520,9.0,2024,2024Q2,2024-04-09,56.237,10.192
2550000,104,4,2012,townhouse,Viby J,8260,10.1,2024,2024Q2,2024-04-09,56.124,10.058
2800000,130,3,1964,villa,Lystrup,8520,8.8,2024,2024Q2,2024-04-09,56.236,10.223
4365000,95,5,1935,villa,Aarhus N,8200,2.2,2024,2024Q2,2024-04-09,56.175,10.199
3600000,109,4,1992,townhouse,Aarhus V,8210,2.5,2024,2024Q2,2024-04-09,56.171,10.179
2050000,81,3,1991,townhouse,Skødstrup,8541,13.3,2024,2024Q2,2024-04-09,56.263,10.307
3250000,104,3,1963,villa,Lystrup,8520,8.7,2024,2024Q2,2024-04-09,56.234,10.222
5000000,128,5,1930,villa,Højbjerg,8270,5.1,2024,2024Q2,2024-04-09,56.12,10.161
2680000,96,4,2003,townhouse,Beder,8330,11.5,2024,2024Q2,2024-04-10,56.054,10.215
2800000,96,5,1960,townhouse,Højbjerg,8270,4.8,2024,2024Q2,2024-04-10,56.122,10.166
7400000,180,6,1994,villa,Risskov,8240,4.9,2024,2024Q2,2024-04-10,56.196,10.247
6800000,153,6,1990,townhouse,Risskov,8240,5.2,2024,2024Q2,2024-04-10,56.198,10.252
2975000,120,3,2015,villa,Malling,8340,14.2,2024,2024Q2,2024-04-10,56.03,10.186
3125000,128,4,1970,townhouse,Lystrup,8520,9.3,2024,2024Q2,2024-04-10,56.239,10.236
4400000,145,5,2008,villa,Lystrup,8520,9.2,2024,2024Q2,2024-04-10,56.239,10.195
2745000,149,6,1963,villa,Tilst,8381,6.8,2024,2024Q2,2024-04-10,56.189,10.118
3375000,136,5,2015,townhouse,Hasselager,8361,8.6,2024,2024Q2,2024-04-10,56.116,10.092
6900000,207,4,2006,villa,Lystrup,8520,9.0,2024,2024Q2,2024-04-10,56.237,10.215
3850000,147,4,1954,villa,Risskov,8240,3.8,2024,2024Q2,2024-04-10,56.19,10.221
2900000,120,6,1972,villa,Skødstrup,8541,13.7,2024,2024Q2,2024-04-10,56.258,10.336
2900000,134,4,2012,townhouse,Solbjerg,8355,14.2,2024,2024Q2,2024-04-11,56.047,10.091
5500000,152,8,1950,villa,Aarhus N,8200,2.8,2024,2024Q2,2024-04-11,56.181,10.2
10800000,149,6,1962,villa,Højbjerg,8270,5.5,2024,2024Q2,2024-04-11,56.107,10.221
4900000,160,5,2009,villa,Lystrup,8520,9.0,2024,2024Q2,2024-04-11,56.236,10.191
5200000,184,5,2018,villa,Skødstrup,8541,13.6,2024,2024Q2,2024-04-11,56.264,10.317
3850000,170,5,2022,villa,Sabro,8471,16.4,2024,2024Q2,2024-04-11,56.225,9.976
3375000,138,5,1969,villa,Tranbjerg J,8310,9.7,2024,2024Q2,2024-04-11,56.084,10.125
4075000,125,5,1929,villa,Aarhus V,8210,2.7,2024,2024Q2,2024-04-11,56.165,10.17
3795000,128,5,1986,townhouse,Risskov,8240,5.4,2024,2024Q2,2024-04-11,56.205,10.21
4325000,99,4,1955,townhouse,Aarhus V,8210,3.2,2024,2024Q2,2024-04-11,56.165,10.162
5485000,120,5,1954,townhouse,Risskov,8240,4.0,2024,2024Q2,2024-04-12,56.192,10.223
4400000,158,4,2018,villa,Egå,8250,9.5,2024,2024Q2,2024-04-12,56.23,10.288
9150000,126,4,1852,townhouse,Risskov,8240,3.6,2024,2024Q2,2024-04-12,56.187,10.231
3300000,142,5,1972,villa,Tilst,8381,7.2,2024,2024Q2,2024-04-13,56.179,10.101
3100000,136,4,2013,townhouse,Hasselager,8361,10.7,2024,2024Q2,2024-04-13,56.108,10.062
3150000,112,4,2004,townhouse,Beder,8330,11.4,2024,2024Q2,2024-04-13,56.054,10.215
2000000,112,4,1968,villa,Skødstrup,8541,14.9,2024,2024Q2,2024-04-14,56.278,10.312
3055000,151,6,1959,villa,Hjortshøj,8530,10.2,2024,2024Q2,2024-04-14,56.244,10.261
2450000,153,3,1962,villa,Solbjerg,8355,15.2,2024,2024Q2,2024-04-14,56.034,10.102
4300000,150,5,2019,townhouse,Brabrand,8220,7.3,2024,2024Q2,2024-04-14,56.156,10.093
3320000,126,4,2017,townhouse,Mårslet,8320,8.9,2024,2024Q2,2024-04-14,56.084,10.15
2450000,85,3,2000,townhouse,Lystrup,8520,9.8,2024,2024Q2,2024-04-14,56.243,10.241
1950000,131,4,1961,villa,Harlev J,8462,13.1,2024,2024Q2,2024-04-14,56.151,9.999
3175000,133,3,1974,villa,Lystrup,8520,9.1,2024,2024Q2,2024-04-15,56.236,10.246
3700000,100,4,1959,townhouse,Risskov,8240,3.9,2024,2024Q2,2024-04-15,56.191,10.222
13900000,206,7,1984,villa,Højbjerg,8270,5.5,2024,2024Q2,2024-04-15,56.108,10.228
2350000,125,5,1980,townhouse,Hasselager,8361,8.7,2024,2024Q2,2024-04-15,56.11,10.099
4555000,137,4,1953,villa,Risskov,8240,4.1,2024,2024Q2,2024-04-15,56.194,10.221
6800000,151,6,2017,villa,Åbyhøj,8230,3.7,2024,2024Q2,2024-04-15,56.157,10.151
2850000,128,5,1980,villa,Solbjerg,8355,15.0,2024,2024Q2,2024-04-15,56.039,10.091
3300000,151,5,2020,villa,Hjortshøj,8530,15.1,2024,2024Q2,2024-04-15,56.292,10.217
3500000,103,4,1960,villa,Aarhus V,8210,3.1,2024,2024Q2,2024-04-15,56.164,10.163
3650000,121,5,1927,villa,Aarhus V,8210,3.8,2024,2024Q2,2024-04-15,56.162,10.151
2300000,61,2,1981,townhouse,Åbyhøj,8230,2.5,2024,2024Q2,2024-04-15,56.156,10.171
3350000,152,5,1971,villa,Mårslet,8320,9.9,2024,2024Q2,2024-04-16,56.072,10.165
3325000,189,7,1958,villa,Tilst,8381,7.0,2024,2024Q2,2024-04-16,56.19,10.115
2490000,104,3,2008,townhouse,Viby J,8260,10.0,2024,2024Q2,2024-04-16,56.126,10.059
3175000,142,4,2017,villa,Trige,8380,12.0,2024,2024Q2,2024-04-16,56.257,10.138
6998000,141,5,1960,villa,Højbjerg,8270,4.6,2024,2024Q2,2024-04-16,56.118,10.184
3100000,196,6,1986,villa,Solbjerg,8355,15.0,2024,2024Q2,2024-04-16,56.038,10.095
4250000,160,5,1970,villa,Risskov,8240,5.7,2024,2024Q2,2024-04-16,56.208,10.215
4094000,82,4,1946,villa,Åbyhøj,8230,3.8,2024,2024Q2,2024-04-16,56.151,10.15
5505000,147,5,1914,townhouse,Åbyhøj,8230,2.6,2024,2024Q2,2024-04-16,56.154,10.17
4750000,213,8,1990,villa,Risskov,8240,6.1,2024,2024Q2,2024-04-16,56.209,10.242
7300000,162,7,1947,villa,Aarhus N,8200,2.3,2024,2024Q2,2024-04-17,56.178,10.212
2930000,121,4,1983,villa,Tilst,8381,6.1,2024,2024Q2,2024-04-17,56.179,10.121
5125000,123,4,2012,townhouse,Risskov,8240,3.3,2024,2024Q2,2024-04-17,56.185,10.225
3499000,140,5,2015,townhouse,Skødstrup,8541,13.2,2024,2024Q2,2024-04-17,56.266,10.298
7100000,143,4,1928,villa,Viby J,8260,3.3,2024,2024Q2,2024-04-17,56.133,10.179
4105000,104,4,1945,townhouse,Risskov,8240,4.6,2024,2024Q2,2024-04-17,56.198,10.217
3750000,151,5,1985,villa,Beder,8330,10.5,2024,2024Q2,2024-04-17,56.062,10.199
4500000,120,4,1956,townhouse,Aarhus V,8210,3.2,2024,2024Q2,2024-04-17,56.171,10.166
2725000,192,6,1966,villa,Brabrand,8220,5.1,2024,2024Q2,2024-04-18,56.16,10.129
2200000,133,5,1905,villa,Solbjerg,8355,15.7,2024,2024Q2,2024-04-18,56.04,10.067
2575000,124,4,2008,townhouse,Sabro,8471,12.7,2024,2024Q2,2024-04-18,56.215,10.035
3775000,166,3,1904,villa,Tranbjerg J,8310,8.3,2024,2024Q2,2024-04-18,56.095,10.136
3320000,110,4,1972,villa,Mårslet,8320,10.0,2024,2024Q2,2024-04-18,56.072,10.158
5925000,145,6,1961,villa,Åbyhøj,8230,3.8,2024,2024Q2,2024-04-18,56.151,10.151
2151000,104,4,1917,villa,Lystrup,8520,8.3,2024,2024Q2,2024-04-18,56.23,10.232
4100000,140,4,1974,villa,Egå,8250,10.2,2024,2024Q2,2024-04-18,56.233,10.303
2825000,93,4,2001,townhouse,Aarhus N,8200,4.8,2024,2024Q2,2024-04-18,56.198,10.19
2695000,118,4,1985,villa,Hasselager,8361,9.6,2024,2024Q2,2024-04-18,56.108,10.084
2900000,102,5,2017,townhouse,Mårslet,8320,9.6,2024,2024Q2,2024-04-19,56.075,10.16
2825000,121,4,1972,villa,Tilst,8381,6.9,2024,2024Q2,2024-04-19,56.179,10.107
3700000,91,5,1957,villa,Højbjerg,8270,4.5,2024,2024Q2,2024-04-19,56.117,10.2
7150000,238,5,2000,villa,Egå,8250,10.8,2024,2024Q2,2024-04-19,56.237,10.309
3248000,155,6,1978,villa,Tranbjerg J,8310,11.7,2024,2024Q2,2024-04-20,56.065,10.118
5400000,93,5,1913,villa,Viby J,8260,3.0,2024,2024Q2,2024-04-20,56.136,10.18
4450000,168,6,1978,villa,Mårslet,8320,10.8,2024,2024Q2,2024-04-20,56.063,10.16
5500000,166,5,1908,villa,Aarhus C,8000,1.4,2024,2024Q2,2024-04-20,56.167,10.197
1050000,88,4,1916,villa,Hasselager,8361,8.9,2024,2024Q2,2024-04-20,56.106,10.1
3650000,92,4,1961,villa,Egå,8250,8.7,2024,2024Q2,2024-04-21,56.219,10.295
4675000,150,5,1952,villa,Risskov,8240,4.9,2024,2024Q2,2024-04-21,56.198,10.239
2420000,90,4,1982,townhouse,Aarhus V,8210,4.9,2024,2024Q2,2024-04-21,56.175,10.138
2998000,117,4,2012,townhouse,Mårslet,8320,11.3,2024,2024Q2,2024-04-22,56.06,10.158
3600000,125,4,2000,villa,Hasselager,8361,9.3,2024,2024Q2,2024-04-22,56.111,10.085
4998000,155,6,1969,townhouse,Egå,8250,8.9,2024,2024Q2,2024-04-22,56.223,10.293
3575000,169,4,1990,villa,Egå,8250,9.5,2024,2024Q2,2024-04-22,56.23,10.288
6850000,187,7,1967,villa,Egå,8250,8.2,2024,2024Q2,2024-04-22,56.215,10.29
2150000,134,4,1967,villa,Solbjerg,8355,15.6,2024,2024Q2,2024-04-22,56.04,10.073
4075000,101,6,1953,villa,Aarhus V,8210,3.3,2024,2024Q2,2024-04-22,56.171,10.165
4000000,178,5,1967,villa,Lystrup,8520,8.9,2024,2024Q2,2024-04-22,56.236,10.223
2825000,122,4,1980,villa,Lystrup,8520,10.4,2024,2024Q2,2024-04-22,56.249,10.24
11225000,195,6,1968,villa,Risskov,8240,5.9,2024,2024Q2,2024-04-23,56.2,10.265
5800000,200,5,1930,villa,Risskov,8240,5.0,2024,2024Q2,2024-04-23,56.196,10.248
2400000,125,4,1955,villa,Tilst,8381,6.3,2024,2024Q2,2024-04-23,56.186,10.123
4100000,184,6,1971,villa,Beder,8330,11.0,2024,2024Q2,2024-04-23,56.057,10.215
4300000,180,5,1980,villa,Lystrup,8520,9.4,2024,2024Q2,2024-04-23,56.239,10.244
5000000,168,3,2012,villa,Skødstrup,8541,13.1,2024,2024Q2,2024-04-23,56.266,10.293
3150000,128,4,1972,villa,Harlev J,8462,13.3,2024,2024Q2,2024-04-23,56.143,9.998
5625000,164,6,1959,villa,Risskov,8240,5.6,2024,2024Q2,2024-04-23,56.202,10.251
1800000,77,3,1980,townhouse,Hasselager,8361,9.9,2024,2024Q2,2024-04-23,56.105,10.08
2000000,88,3,1920,villa,Skødstrup,8541,15.5,2024,2024Q2,2024-04-23,56.284,10.313
2900000,87,4,1987,townhouse,Risskov,8240,5.4,2024,2024Q2,2024-04-23,56.205,10.21
2700000,100,5,1973,townhouse,Lystrup,8520,9.3,2024,2024Q2,2024-04-24,56.239,10.237
2700000,133,5,1971,villa,Tilst,8381,7.2,2024,2024Q2,2024-04-24,56.181,10.103
4825000,125,4,1999,villa,Egå,8250,11.6,2024,2024Q2,2024-04-24,56.239,10.328
2500000,113,3,1959,townhouse,Malling,8340,12.7,2024,2024Q2,2024-04-24,56.043,10.194
2200000,96,5,1970,villa,Solbjerg,8355,12.6,2024,2024Q2,2024-04-24,56.061,10.103
3595000,116,4,1983,villa,Tranbjerg J,8310,7.9,2024,2024Q2,2024-04-24,56.099,10.137
2850000,116,4,1985,townhouse,Højbjerg,8270,5.9,2024,2024Q2,2024-04-25,56.107,10.179
2850000,167,5,1968,villa,Lystrup,8520,8.9,2024,2024Q2,2024-04-25,56.235,10.24
3900000,182,6,2013,townhouse,Hasselager,8361,8.7,2024,2024Q2,2024-04-25,56.114,10.094
3225000,185,6,1960,villa,Risskov,8240,5.2,2024,2024Q2,2024-04-25,56.201,10.238
3100000,148,5,1968,villa,Skødstrup,8541,12.7,2024,2024Q2,2024-04-25,56.261,10.293
6600000,173,5,1970,villa,Risskov,8240,5.6,2024,2024Q2,2024-04-25,56.201,10.254
5495000,183,6,2007,villa,Lystrup,8520,9.8,2024,2024Q2,2024-04-26,56.242,10.25
6750000,123,5,1961,villa,Risskov,8240,4.0,2024,2024Q2,2024-04-26,56.192,10.226
3700000,150,5,1959,villa,Risskov,8240,5.4,2024,2024Q2,2024-04-26,56.202,10.241
1900000,144,5,1965,villa,Hjortshøj,8530,14.4,2024,2024Q2,2024-04-26,56.286,10.218
1750000,62,2,1989,townhouse,Lystrup,8520,9.7,2024,2024Q2,2024-04-27,56.242,10.244
2925000,51,2,1927,townhouse,Aarhus C,8000,1.2,2024,2024Q2,2024-04-27,56.151,10.195
5480000,122,4,1934,villa,Aarhus V,8210,3.0,2024,2024Q2,2024-04-27,56.169,10.168
4500000,142,6,1969,villa,Beder,8330,10.2,2024,2024Q2,2024-04-28,56.065,10.214
3495000,103,3,1999,townhouse,Egå,8250,10.3,2024,2024Q2,2024-04-28,56.234,10.302
4700000,136,5,1971,villa,Viby J,8260,6.2,2024,2024Q2,2024-04-28,56.134,10.12
3500000,73,3,1953,townhouse,Aarhus V,8210,2.1,2024,2024Q2,2024-04-28,56.168,10.183
5780000,149,6,1998,villa,Risskov,8240,5.5,2024,2024Q2,2024-04-28,56.206,10.207
3570000,146,6,1965,villa,Lystrup,8520,8.9,2024,2024Q2,2024-04-28,56.237,10.223
4325625,126,6,1953,villa,Højbjerg,8270,5.4,2024,2024Q2,2024-04-28,56.115,10.165
6525000,152,4,1936,villa,Åbyhøj,8230,3.6,2024,2024Q2,2024-04-28,56.154,10.153
2925000,134,4,2010,townhouse,Solbjerg,8355,14.3,2024,2024Q2,2024-04-29,56.047,10.091
3220000,96,4,1986,townhouse,Aarhus N,8200,3.9,2024,2024Q2,2024-04-29,56.191,10.193
4650000,162,5,2007,villa,Viby J,8260,6.4,2024,2024Q2,2024-04-29,56.128,10.123
3075000,107,4,1949,villa,Malling,8340,12.8,2024,2024Q2,2024-04-29,56.042,10.193
7125000,212,6,2011,villa,Mårslet,8320,10.8,2024,2024Q2,2024-04-29,56.065,10.152
3525000,148,5,2016,townhouse,Lystrup,8520,9.0,2024,2024Q2,2024-04-29,56.237,10.192
5900000,180,5,2017,villa,Egå,8250,9.5,2024,2024Q2,2024-04-29,56.232,10.283
2300000,164,6,1949,villa,Skødstrup,8541,14.8,2024,2024Q2,2024-04-29,56.276,10.314
5650000,102,5,1950,villa,Viby J,8260,4.0,2024,2024Q2,2024-04-29,56.126,10.18
3075000,99,4,1956,townhouse,Risskov,8240,4.5,2024,2024Q2,2024-04-29,56.197,10.22
3595000,135,4,1972,townhouse,Risskov,8240,5.1,2024,2024Q2,2024-04-30,56.202,10.22
6498000,163,6,1933,villa,Åbyhøj,8230,3.2,2024,2024Q2,2024-04-30,56.157,10.159
4535000,94,5,1956,townhouse,Aarhus N,8200,2.6,2024,2024Q2,2024-04-30,56.178,10.193
5100000,112,6,1935,villa,Højbjerg,8270,4.2,2024,2024Q2,2024-04-30,56.119,10.199
2200000,105,4,1986,villa,Malling,8340,14.1,2024,2024Q2,2024-04-30,56.031,10.187
11500000,177,5,1973,villa,Risskov,8240,6.0,2024,2024Q2,2024-05-01,56.202,10.264
2655000,130,5,1971,villa,Skødstrup,8541,12.7,2024,2024Q2,2024-05-01,56.261,10.294
2950000,124,4,1976,villa,Lystrup,8520,9.1,2024,2024Q2,2024-05-01,56.235,10.249
3525000,74,3,1933,townhouse,Viby J,8260,4.7,2024,2024Q2,2024-05-01,56.125,10.161
5000000,126,4,1938,villa,Aarhus N,8200,2.4,2024,2024Q2,2024-05-02,56.176,10.195
3198000,80,4,1948,villa,Aarhus V,8210,2.9,2024,2024Q2,2024-05-02,56.176,10.178
2425000,136,5,1960,villa,Mårslet,8320,10.8,2024,2024Q2,2024-05-02,56.064,10.159
3975000,126,4,1976,villa,Brabrand,8220,6.4,2024,2024Q2,2024-05-02,56.159,10.107
14650000,238,9,1928,villa,Risskov,8240,4.4,2024,2024Q2,2024-05-02,56.194,10.236
2550000,145,5,1922,villa,Sabro,8471,13.9,2024,2024Q2,2024-05-02,56.202,10.001
3850000,155,4,2020,townhouse,Solbjerg,8355,14.1,2024,2024Q2,2024-05-02,56.048,10.092
6225000,113,4,1949,villa,Viby J,8260,3.2,2024,2024Q2,2024-05-02,56.132,10.185
1830000,86,4,1985,townhouse,Viby J,8260,6.0,2024,2024Q2,2024-05-02,56.125,10.132
2860000,134,5,1972,villa,Tilst,8381,7.1,2024,2024Q2,2024-05-02,56.176,10.101
3650000,180,6,1972,villa,Tilst,8381,6.7,2024,2024Q2,2024-05-02,56.18,10.111
2200000,113,4,1978,townhouse,Hasselager,8361,9.8,2024,2024Q2,2024-05-03,56.107,10.08
3600000,119,4,1978,townhouse,Aarhus V,8210,2.6,2024,2024Q2,2024-05-03,56.165,10.172
6000000,129,5,2014,townhouse,Risskov,8240,3.2,2024,2024Q2,2024-05-04,56.184,10.223
4395000,160,6,1981,villa,Lystrup,8520,10.4,2024,2024Q2,2024-05-04,56.249,10.24
2075000,175,7,1962,villa,Malling,8340,14.9,2024,2024Q2,2024-05-04,56.031,10.124
3687500,129,4,1979,villa,Viby J,8260,5.3,2024,2024Q2,2024-05-05,56.121,10.155
3475000,137,5,1800,villa,Mårslet,8320,9.0,2024,2024Q2,2024-05-05,56.076,10.198
4595000,96,3,1960,townhouse,Risskov,8240,3.9,2024,2024Q2,2024-05-05,56.191,10.223
2995000,114,4,2009,townhouse,Mårslet,8320,11.3,2024,2024Q2,2024-05-05,56.059,10.161
5625000,200,6,2019,villa,Skødstrup,8541,14.5,2024,2024Q2,2024-05-05,56.272,10.319
2750000,134,4,2018,townhouse,Harlev J,8462,13.7,2024,2024Q2,2024-05-05,56.141,9.991
6995000,191,5,1970,villa,Egå,8250,11.1,2024,2024Q2,2024-05-05,56.233,10.325
4615000,163,6,1968,townhouse,Aarhus V,8210,2.3,2024,2024Q2,2024-05-05,56.163,10.175
2867555,113,4,1996,villa,Tranbjerg J,8310,9.2,2024,2024Q2,2024-05-05,56.085,10.138
18200000,280,7,1970,villa,Højbjerg,8270,5.6,2024,2024Q2,2024-05-06,56.107,10.219
6798000,151,4,1964,villa,Egå,8250,8.5,2024,2024Q2,2024-05-06,56.218,10.294
7550000,190,5,1969,villa,Højbjerg,8270,4.9,2024,2024Q2,2024-05-06,56.113,10.214
4000000,120,4,1969,townhouse,Risskov,8240,5.0,2024,2024Q2,2024-05-06,56.202,10.222
2365000,100,5,1900,villa,Tilst,8381,7.1,2024,2024Q2,2024-05-06,56.191,10.114
2500000,150,6,1900,villa,Hasselager,8361,9.9,2024,2024Q2,2024-05-06,56.112,10.073
3110000,103,4,1966,villa,Aarhus N,8200,2.9,2024,2024Q2,2024-05-06,56.176,10.181
2148000,98,3,1961,villa,Sabro,8471,13.8,2024,2024Q2,2024-05-06,56.224,10.023
4250000,100,4,1970,villa,Åbyhøj,8230,3.6,2024,2024Q2,2024-05-06,56.156,10.152
5250000,188,4,2012,villa,Skødstrup,8541,15.3,2024,2024Q2,2024-05-07,56.281,10.315
3833000,157,6,1969,villa,Harlev J,8462,12.8,2024,2024Q2,2024-05-07,56.148,10.004
2300000,153,4,1961,villa,Sabro,8471,13.2,2024,2024Q2,2024-05-07,56.212,10.021
4200000,156,6,1970,villa,Skødstrup,8541,15.0,2024,2024Q2,2024-05-07,56.279,10.314
5225000,194,6,1992,villa,Viby J,8260,6.5,2024,2024Q2,2024-05-07,56.133,10.115
3250000,120,3,1963,villa,Brabrand,8220,4.4,2024,2024Q2,2024-05-09,56.155,10.14
2910000,92,4,1977,townhouse,Tranbjerg J,8310,8.4,2024,2024Q2,2024-05-09,56.091,10.145
2175000,105,4,1969,villa,Tilst,8381,8.3,2024,2024Q2,2024-05-09,56.189,10.09
2900000,111,4,2014,townhouse,Sabro,8471,11.6,2024,2024Q2,2024-05-09,56.207,10.047
4850000,150,4,1969,villa,Viby J,8260,6.2,2024,2024Q2,2024-05-09,56.131,10.122
4025000,124,3,1973,villa,Aarhus N,8200,2.7,2024,2024Q2,2024-05-09,56.176,10.184
4545000,185,5,1976,villa,Lystrup,8520,9.7,2024,2024Q2,2024-05-09,56.243,10.239
3675000,58,2,1897,villa,Aarhus C,8000,1.1,2024,2024Q2,2024-05-09,56.15,10.197
5175000,209,7,1911,villa,Brabrand,8220,6.8,2024,2024Q2,2024-05-10,56.156,10.102
7500000,190,6,1963,villa,Risskov,8240,4.9,2024,2024Q2,2024-05-10,56.196,10.246
2810500,100,4,1975,villa,Tranbjerg J,8310,8.4,2024,2024Q2,2024-05-10,56.095,10.131
5570000,164,6,1988,villa,Egå,8250,10.4,2024,2024Q2,2024-05-11,56.232,10.31
3900000,114,4,2008,townhouse,Risskov,8240,4.8,2024,2024Q2,2024-05-12,56.2,10.211
2750000,117,4,2020,townhouse,Malling,8340,14.2,2024,2024Q2,2024-05-12,56.03,10.191
6120000,193,6,1972,villa,Brabrand,8220,5.6,2024,2024Q2,2024-05-12,56.16,10.12
1498000,120,5,1930,villa,Trige,8380,11.8,2024,2024Q2,2024-05-12,56.258,10.154
2998000,164,7,1951,villa,Aarhus V,8210,3.2,2024,2024Q2,2024-05-12,56.17,10.166
6200000,154,7,1926,villa,Aarhus N,8200,2.3,2024,2024Q2,2024-05-13,56.176,10.2
3260000,111,4,1952,villa,Viby J,8260,3.5,2024,2024Q2,2024-05-13,56.132,10.174
3098000,100,4,1982,villa,Mårslet,8320,10.0,2024,2024Q2,2024-05-13,56.07,10.171
6150000,208,6,2015,villa,Skødstrup,8541,14.3,2024,2024Q2,2024-05-13,56.271,10.315
4250000,155,5,2018,villa,Solbjerg,8355,15.1,2024,2024Q2,2024-05-13,56.036,10.099
2750000,120,5,2013,townhouse,Hasselager,8361,8.6,2024,2024Q2,2024-05-13,56.113,10.096
4583000,86,3,1960,townhouse,Åbyhøj,8230,3.0,2024,2024Q2,2024-05-13,56.158,10.162
2350000,124,5,1970,villa,Hjortshøj,8530,15.8,2024,2024Q2,2024-05-13,56.299,10.214
2999000,109,5,1996,villa,Tranbjerg J,8310,9.2,2024,2024Q2,2024-05-14,56.085,10.137
7520000,145,5,1931,villa,Højbjerg,8270,5.9,2024,2024Q2,2024-05-14,56.104,10.208
3645000,112,5,1985,townhouse,Risskov,8240,5.1,2024,2024Q2,2024-05-14,56.203,10.209
3850000,131,4,1977,villa,Lystrup,8520,9.3,2024,2024Q2,2024-05-14,56.238,10.242
2350000,118,4,1969,villa,Tilst,8381,8.5,2024,2024Q2,2024-05-14,56.19,10.088
3125000,128,4,2017,townhouse,Skødstrup,8541,15.5,2024,2024Q2,2024-05-14,56.282,10.321
3400000,184,5,1962,villa,Tilst,8381,7.2,2024,2024Q2,2024-05-14,56.195,10.116
2500000,89,4,1986,townhouse,Risskov,8240,4.6,2024,2024Q2,2024-05-14,56.197,10.195
4850000,159,3,1963,villa,Højbjerg,8270,6.2,2024,2024Q2,2024-05-14,56.101,10.209
6460000,228,8,2003,villa,Egå,8250,10.7,2024,2024Q2,2024-05-14,56.236,10.309
3500000,124,4,1936,villa,Højbjerg,8270,5.2,2024,2024Q2,2024-05-15,56.117,10.166
3115000,121,4,2016,townhouse,Mårslet,8320,9.0,2024,2024Q2,2024-05-15,56.084,10.149
3100000,118,4,1923,villa,Hasselager,8361,9.2,2024,2024Q2,2024-05-15,56.102,10.1
3025000,133,4,1957,villa,Malling,8340,13.3,2024,2024Q2,2024-05-15,56.037,10.196
1400000,87,5,1900,villa,Malling,8340,13.2,2024,2024Q2,2024-05-15,56.039,10.195
4500000,104,5,1952,townhouse,Aarhus V,8210,2.6,2024,2024Q2,2024-05-16,56.163,10.17
4498000,95,4,1956,villa,Aarhus V,8210,2.9,2024,2024Q2,2024-05-16,56.162,10.165
2850000,158,4,1972,villa,Tilst,8381,7.2,2024,2024Q2,2024-05-16,56.178,10.101
1975000,155,5,1963,villa,Harlev J,8462,13.3,2024,2024Q2,2024-05-16,56.138,9.998
3750000,152,4,1898,villa,Harlev J,8462,15.1,2024,2024Q2,2024-05-16,56.111,9.981
2225000,129,5,1985,villa,Aarhus N,8200,7.7,2024,2024Q2,2024-05-16,56.221,10.165
3050000,114,4,1984,villa,Aarhus V,8210,5.7,2024,2024Q2,2024-05-16,56.177,10.126
3375000,174,8,1970,villa,Skødstrup,8541,13.6,2024,2024Q2,2024-05-16,56.265,10.311
3700000,166,6,1974,townhouse,Beder,8330,10.2,2024,2024Q2,2024-05-16,56.065,10.216
5675000,189,5,2018,villa,Skødstrup,8541,14.6,2024,2024Q2,2024-05-17,56.273,10.318
2150000,120,6,1983,townhouse,Aarhus V,8210,4.8,2024,2024Q2,2024-05-18,56.173,10.139
4200000,148,4,1900,villa,Risskov,8240,4.3,2024,2024Q2,2024-05-19,56.196,10.215
3200000,130,4,1974,villa,Lystrup,8520,9.3,2024,2024Q2,2024-05-19,56.24,10.221
4675000,145,5,1998,villa,Viby J,8260,5.0,2024,2024Q2,2024-05-19,56.129,10.147
8750000,222,9,1944,villa,Viby J,8260,2.9,2024,2024Q2,2024-05-19,56.135,10.185
3810000,126,4,2016,townhouse,Egå,8250,6.4,2024,2024Q2,2024-05-19,56.207,10.261
3465000,99,4,1982,townhouse,Højbjerg,8270,6.0,2024,2024Q2,2024-05-20,56.103,10.204
3845000,126,4,1970,villa,Aarhus V,8210,3.9,2024,2024Q2,2024-05-20,56.177,10.16
4185000,152,7,2015,townhouse,Mårslet,8320,9.4,2024,2024Q2,2024-05-20,56.076,10.164
7450000,144,6,1918,villa,Viby J,8260,3.3,2024,2024Q2,2024-05-20,56.133,10.18
3125000,124,5,1970,villa,Tranbjerg J,8310,9.2,2024,2024Q2,2024-05-20,56.087,10.131
7175000,170,5,1956,villa,Højbjerg,8270,4.4,2024,2024Q2,2024-05-20,56.12,10.187
5200000,172,7,1966,villa,Risskov,8240,5.2,2024,2024Q2,2024-05-20,56.203,10.224
6515000,137,5,1969,villa,Åbyhøj,8230,3.1,2024,2024Q2,2024-05-20,56.159,10.161
3398000,120,4,1989,villa,Tranbjerg J,8310,8.7,2024,2024Q2,2024-05-21,56.096,10.122
3850000,147,4,2008,townhouse,Mårslet,8320,10.7,2024,2024Q2,2024-05-21,56.066,10.153
4250000,180,6,1962,villa,Risskov,8240,5.4,2024,2024Q2,2024-05-21,56.201,10.247
3650000,152,8,1907,villa,Tilst,8381,7.3,2024,2024Q2,2024-05-22,56.193,10.112
8375000,314,9,1930,villa,Viby J,8260,3.7,2024,2024Q2,2024-05-22,56.127,10.183
3185000,117,5,1966,townhouse,Egå,8250,8.1,2024,2024Q2,2024-05-22,56.218,10.284
3195000,158,5,1969,villa,Viby J,8260,6.3,2024,2024Q2,2024-05-22,56.113,10.146
5400000,167,6,1966,villa,Risskov,8240,6.1,2024,2024Q2,2024-05-22,56.209,10.241
6200000,95,3,1897,townhouse,Aarhus C,8000,1.5,2024,2024Q2,2024-05-23,56.147,10.194
2925000,114,4,1985,townhouse,Højbjerg,8270,5.9,2024,2024Q2,2024-05-23,56.107,10.179
4200000,156,4,2009,villa,Solbjerg,8355,14.3,2024,2024Q2,2024-05-23,56.046,10.093
6000000,174,7,1951,villa,Højbjerg,8270,3.8,2024,2024Q2,2024-05-23,56.124,10.193
3625000,137,5,1998,villa,Hasselager,8361,9.3,2024,2024Q2,2024-05-23,56.113,10.083
5550000,144,5,1960,villa,Højbjerg,8270,4.9,2024,2024Q2,2024-05-23,56.114,10.192
9220000,191,8,2004,villa,Højbjerg,8270,3.3,2024,2024Q2,2024-05-23,56.129,10.19
2765000,124,5,2005,townhouse,Skødstrup,8541,15.5,2024,2024Q2,2024-05-23,56.281,10.325
3895000,165,6,1969,villa,Hasselager,8361,8.8,2024,2024Q2,2024-05-24,56.107,10.099
1850000,38,2,1872,townhouse,Aarhus C,8000,1.1,2024,2024Q2,2024-05-24,56.15,10.198
5265000,182,7,1959,villa,Åbyhøj,8230,2.7,2024,2024Q2,2024-05-25,56.159,10.167
3848000,151,6,1927,villa,Tilst,8381,7.4,2024,2024Q2,2024-05-25,56.194,10.111
5200000,160,5,2006,villa,Brabrand,8220,7.2,2024,2024Q2,2024-05-26,56.159,10.094
5700000,150,6,1967,villa,Aarhus V,8210,3.3,2024,2024Q2,2024-05-26,56.164,10.16
3725000,140,5,1979,villa,Mårslet,8320,10.8,2024,2024Q2,2024-05-26,56.065,10.156
5400000,129,5,1964,townhouse,Risskov,8240,3.3,2024,2024Q2,2024-05-26,56.185,10.228
2000000,114,6,1951,villa,Tranbjerg J,8310,8.4,2024,2024Q2,2024-05-26,56.094,10.135
3500000,149,4,1973,villa,Malling,8340,13.3,2024,2024Q2,2024-05-26,56.037,10.204
2450000,116,4,1971,townhouse,Tranbjerg J,8310,8.1,2024,2024Q2,2024-05-26,56.092,10.151
2175000,100,4,1980,villa,Harlev J,8462,13.6,2024,2024Q2,2024-05-26,56.148,9.991
2150000,153,4,1977,villa,Hjortshøj,8530,14.9,2024,2024Q2,2024-05-26,56.291,10.215
5495000,149,4,1965,villa,Egå,8250,7.8,2024,2024Q2,2024-05-27,56.214,10.284
4400000,160,4,2016,villa,Skødstrup,8541,14.3,2024,2024Q2,2024-05-27,56.272,10.311
3825000,140,4,1981,villa,Lystrup,8520,10.4,2024,2024Q2,2024-05-28,56.249,10.236
2975000,128,4,2013,townhouse,Tranbjerg J,8310,9.8,2024,2024Q2,2024-05-28,56.082,10.126
4200000,189,3,1966,villa,Tranbjerg J,8310,9.1,2024,2024Q2,2024-05-28,56.085,10.139
4580000,139,5,1947,villa,Aarhus V,8210,2.8,2024,2024Q2,2024-05-28,56.167,10.169
1900000,100,3,2005,townhouse,Trige,8380,11.4,2024,2024Q2,2024-05-28,56.251,10.137
3000000,118,4,1981,townhouse,Beder,8330,11.3,2024,2024Q2,2024-05-28,56.055,10.213
2700000,113,4,1979,villa,Trige,8380,11.7,2024,2024Q2,2024-05-28,56.253,10.135
3350000,167,5,1962,villa,Tilst,8381,6.6,2024,2024Q2,2024-05-28,56.188,10.121
2350000,148,5,1967,villa,Trige,8380,11.4,2024,2024Q2,2024-05-28,56.254,10.15
3400000,101,4,2007,townhouse,Brabrand,8220,7.3,2024,2024Q2,2024-05-29,56.16,10.092
5750000,100,4,1919,villa,Risskov,8240,5.6,2024,2024Q2,2024-05-29,56.202,10.253
4600000,192,7,1977,villa,Brabrand,8220,6.4,2024,2024Q2,2024-05-29,56.16,10.108
4280000,163,5,1997,villa,Hasselager,8361,9.3,2024,2024Q2,2024-05-29,56.113,10.083
4750000,100,3,1957,villa,Højbjerg,8270,4.3,2024,2024Q2,2024-05-29,56.12,10.186
3910000,141,4,1974,villa,Mårslet,8320,9.6,2024,2024Q2,2024-05-29,56.077,10.152
3700000,100,3,1973,townhouse,Brabrand,8220,6.6,2024,2024Q2,2024-05-29,56.158,10.104
4999000,152,6,1999,villa,Hjortshøj,8530,10.6,2024,2024Q2,2024-05-30,56.245,10.275
3725000,191,7,2006,townhouse,Malling,8340,14.1,2024,2024Q2,2024-05-30,56.031,10.24
3200000,131,4,2022,townhouse,Solbjerg,8355,14.3,2024,2024Q2,2024-05-30,56.047,10.09
3600000,120,4,2016,townhouse,Viby J,8260,7.2,2024,2024Q2,2024-05-30,56.129,10.106
12375000,182,6,1913,villa,Aarhus N,8200,1.7,2024,2024Q2,2024-05-30,56.172,10.21
3825000,151,4,1986,villa,Sabro,8471,12.6,2024,2024Q2,2024-05-30,56.211,10.032
4950000,151,5,2004,villa,Lystrup,8520,10.2,2024,2024Q2,2024-05-30,56.247,10.247
4450000,157,4,1967,villa,Risskov,8240,4.8,2024,2024Q2,2024-05-30,56.199,10.224
3250000,100,3,1962,townhouse,Højbjerg,8270,5.1,2024,2024Q2,2024-05-30,56.119,10.163
5960000,173,5,2008,villa,Mårslet,8320,10.8,2024,2024Q2,2024-05-31,56.065,10.151
4095000,124,4,1971,townhouse,Egå,8250,7.4,2024,2024Q2,2024-05-31,56.211,10.281
4550000,146,3,2008,townhouse,Egå,8250,6.9,2024,2024Q2,2024-05-31,56.211,10.264
4380000,90,3,1892,villa,Aarhus C,8000,0.9,2024,2024Q2,2024-05-31,56.164,10.204
4650000,166,7,1949,villa,Brabrand,8220,6.8,2024,2024Q2,2024-05-31,56.158,10.101
9350000,195,6,1966,villa,Risskov,8240,4.1,2024,2024Q2,2024-05-31,56.191,10.235
1455000,67,2,1961,townhouse,Lystrup,8520,8.5,2024,2024Q2,2024-06-01,56.232,10.229
9200000,138,6,1949,villa,Højbjerg,8270,4.6,2024,2024Q2,2024-06-01,56.116,10.219
2650000,120,4,1970,villa,Sabro,8471,11.3,2024,2024Q2,2024-06-01,56.215,10.063
3825000,146,6,1971,villa,Skødstrup,8541,13.8,2024,2024Q2,2024-06-02,56.259,10.337
1750000,86,3,1985,townhouse,Viby J,8260,6.0,2024,2024Q2,2024-06-02,56.125,10.132
2830000,148,4,1972,townhouse,Viby J,8260,6.0,2024,2024Q2,2024-06-02,56.122,10.137
3350000,120,3,1912,villa,Tilst,8381,7.3,2024,2024Q2,2024-06-02,56.192,10.112
7250000,126,4,1932,villa,Åbyhøj,8230,3.6,2024,2024Q2,2024-06-02,56.156,10.152
4075000,153,5,1995,villa,Lystrup,8520,9.6,2024,2024Q2,2024-06-02,56.242,10.237
2200000,108,4,1962,villa,Lystrup,8520,8.9,2024,2024Q2,2024-06-02,56.237,10.22
2100000,150,5,1991,villa,Solbjerg,8355,12.6,2024,2024Q2,2024-06-02,56.061,10.102
4500000,99,4,1954,villa,Aarhus V,8210,3.1,2024,2024Q2,2024-06-02,56.165,10.162
2750000,103,4,1960,townhouse,Åbyhøj,8230,3.7,2024,2024Q2,2024-06-03,56.147,10.154
2730000,97,4,2001,townhouse,Aarhus V,8210,4.7,2024,2024Q2,2024-06-03,56.171,10.139
5750000,141,4,1961,villa,Egå,8250,8.7,2024,2024Q2,2024-06-03,56.22,10.294
3050000,134,4,1973,villa,Skødstrup,8541,13.8,2024,2024Q2,2024-06-03,56.257,10.341
7900000,120,5,1927,villa,Risskov,8240,4.9,2024,2024Q2,2024-06-03,56.195,10.249
8769100,177,5,2005,villa,Brabrand,8220,8.7,2024,2024Q2,2024-06-03,56.15,10.071
2750000,137,5,1989,villa,Tranbjerg J,8310,8.1,2024,2024Q2,2024-06-03,56.097,10.134
3700000,140,5,1949,villa,Beder,8330,11.3,2024,2024Q2,2024-06-03,56.056,10.201
1475000,69,2,1974,townhouse,Skødstrup,8541,15.0,2024,2024Q2,2024-06-03,56.279,10.311
6650000,90,4,1984,villa,Risskov,8240,5.1,2024,2024Q2,2024-06-04,56.196,10.251
2020000,116,4,1969,villa,Sabro,8471,12.3,2024,2024Q2,2024-06-04,56.211,10.037
3498000,122,5,1986,villa,Aarhus N,8200,7.8,2024,2024Q2,2024-06-04,56.223,10.17
2798000,107,4,1982,villa,Tranbjerg J,8310,9.5,2024,2024Q2,2024-06-04,56.091,10.115
3175000,152,5,2014,townhouse,Lystrup,8520,9.1,2024,2024Q2,2024-06-04,56.238,10.194
3525000,162,5,1877,villa,Solbjerg,8355,17.3,2024,2024Q2,2024-06-04,56.014,10.099
5300000,183,5,1949,villa,Aarhus N,8200,2.9,2024,2024Q2,2024-06-04,56.183,10.208
4500000,190,5,1953,villa,Viby J,8260,3.8,2024,2024Q2,2024-06-04,56.134,10.165
3375000,123,4,1976,townhouse,Brabrand,8220,7.6,2024,2024Q2,2024-06-05,56.15,10.088
6300000,129,5,1952,villa,Højbjerg,8270,4.3,2024,2024Q2,2024-06-05,56.12,10.188
2765000,169,7,1730,villa,Sabro,8471,10.3,2024,2024Q2,2024-06-05,56.216,10.084
4400000,142,3,1972,villa,Højbjerg,8270,5.3,2024,2024Q2,2024-06-05,56.112,10.185
3200000,171,3,1850,townhouse,Åbyhøj,8230,3.3,2024,2024Q2,2024-06-06,56.146,10.161
5175000,139,6,1913,townhouse,Åbyhøj,8230,2.6,2024,2024Q2,2024-06-06,56.155,10.169
2855000,114,4,1985,townhouse,Højbjerg,8270,6.0,2024,2024Q2,2024-06-06,56.103,10.205
4525000,145,5,1966,villa,Egå,8250,6.5,2024,2024Q2,2024-06-06,56.206,10.266
2000000,85,3,1969,townhouse,Tranbjerg J,8310,8.3,2024,2024Q2,2024-06-07,56.092,10.144
2345000,100,4,1971,townhouse,Tranbjerg J,8310,8.3,2024,2024Q2,2024-06-07,56.09,10.151
3250000,124,4,1950,villa,Tranbjerg J,8310,8.3,2024,2024Q2,2024-06-07,56.095,10.134
3475000,132,4,1965,villa,Lystrup,8520,8.8,2024,2024Q2,2024-06-07,56.235,10.224
4175000,140,5,1978,townhouse,Egå,8250,7.2,2024,2024Q2,2024-06-07,56.21,10.278
3200000,153,5,1984,villa,Hasselager,8361,9.6,2024,2024Q2,2024-06-08,56.108,10.083
8700000,174,5,1958,villa,Højbjerg,8270,4.3,2024,2024Q2,2024-06-09,56.118,10.206
5012000,105,3,1985,townhouse,Højbjerg,8270,5.3,2024,2024Q2,2024-06-09,56.109,10.215
6400000,132,4,1956,villa,Risskov,8240,5.2,2024,2024Q2,2024-06-09,56.199,10.247
2900000,172,5,1972,villa,Hjortshøj,8530,12.0,2024,2024Q2,2024-06-09,56.264,10.208
3998000,126,4,1969,townhouse,Risskov,8240,5.0,2024,2024Q2,2024-06-10,56.201,10.222
5700000,107,4,1924,townhouse,Aarhus N,8200,2.4,2024,2024Q2,2024-06-10,56.178,10.203
2600000,105,4,1991,townhouse,Lystrup,8520,8.6,2024,2024Q2,2024-06-10,56.233,10.229
4500000,86,3,1935,villa,Aarhus C,8000,1.5,2024,2024Q2,2024-06-10,56.166,10.193
4150000,163,7,1969,villa,Skødstrup,8541,14.9,2024,2024Q2,2024-06-10,56.278,10.314
1900000,120,4,1784,villa,Aarhus N,8200,7.6,2024,2024Q2,2024-06-10,56.22,10.167
7375000,140,4,1959,villa,Højbjerg,8270,5.2,2024,2024Q2,2024-06-10,56.11,10.224
2700000,135,4,1969,villa,Viby J,8260,6.6,2024,2024Q2,2024-06-10,56.109,10.147
1300000,140,5,1902,villa,Sabro,8471,10.4,2024,2024Q2,2024-06-10,56.217,10.082
3200000,125,4,1976,villa,Malling,8340,12.5,2024,2024Q2,2024-06-11,56.045,10.199
6200000,103,4,1936,villa,Viby J,8260,3.8,2024,2024Q2,2024-06-11,56.127,10.181
2150000,116,4,1968,villa,Tranbjerg J,8310,9.5,2024,2024Q2,2024-06-11,56.084,10.13
2938000,147,5,2021,villa,Tilst,8381,9.2,2024,2024Q2,2024-06-11,56.207,10.093
3425000,140,5,2014,villa,Skødstrup,8541,13.3,2024,2024Q2,2024-06-11,56.266,10.297
5100000,139,7,1964,villa,Åbyhøj,8230,3.6,2024,2024Q2,2024-06-11,56.159,10.153
3025000,106,4,1985,townhouse,Aarhus N,8200,3.8,2024,2024Q2,2024-06-11,56.19,10.197
3400000,167,5,1982,villa,Tilst,8381,6.3,2024,2024Q2,2024-06-11,56.179,10.117
2175000,95,3,1961,townhouse,Lystrup,8520,8.5,2024,2024Q2,2024-06-11,56.233,10.23
4150000,124,5,1947,townhouse,Viby J,8260,4.0,2024,2024Q2,2024-06-11,56.132,10.164
4150000,130,3,1982,villa,Egå,8250,10.8,2024,2024Q2,2024-06-11,56.233,10.319
3450000,150,5,2022,villa,Sabro,8471,16.5,2024,2024Q2,2024-06-12,56.225,9.973
4750000,154,4,1989,villa,Risskov,8240,6.2,2024,2024Q2,2024-06-12,56.209,10.243
2800000,128,5,1973,villa,Tilst,8381,6.7,2024,2024Q2,2024-06-12,56.178,10.11
2425000,290,11,1880,villa,Hasselager,8361,8.1,2024,2024Q2,2024-06-12,56.12,10.097
5850000,110,6,1929,villa,Aarhus V,8210,2.2,2024,2024Q2,2024-06-12,56.164,10.178
2900000,119,5,1986,townhouse,Mårslet,8320,10.9,2024,2024Q2,2024-06-12,56.062,10.167
3350000,146,5,2017,townhouse,Lystrup,8520,9.1,2024,2024Q2,2024-06-12,56.238,10.196
4150000,193,5,1974,villa,Lystrup,8520,9.2,2024,2024Q2,2024-06-12,56.237,10.248
3240000,161,5,1969,villa,Harlev J,8462,13.0,2024,2024Q2,2024-06-12,56.148,10.002
3450000,114,4,2003,townhouse,Højbjerg,8270,6.5,2024,2024Q2,2024-06-12,56.102,10.174
4075000,160,5,1975,villa,Viby J,8260,6.1,2024,2024Q2,2024-06-12,56.135,10.12
10050000,187,8,1909,villa,Viby J,8260,3.2,2024,2024Q2,2024-06-13,56.133,10.183
3400000,116,5,2018,townhouse,Egå,8250,7.1,2024,2024Q2,2024-06-13,56.213,10.265
3600000,150,5,2023,townhouse,Hasselager,8361,8.9,2024,2024Q2,2024-06-13,56.114,10.089
3300000,182,4,1750,townhouse,Skødstrup,8541,13.0,2024,2024Q2,2024-06-13,56.262,10.305
4200000,115,5,1928,villa,Aarhus N,8200,2.7,2024,2024Q2,2024-06-13,56.175,10.184
3360000,96,3,1977,villa,Aarhus V,8210,4.3,2024,2024Q2,2024-06-13,56.177,10.152
8200000,160,4,1984,villa,Risskov,8240,5.3,2024,2024Q2,2024-06-13,56.197,10.254
2500000,123,5,1985,villa,Hasselager,8361,9.4,2024,2024Q2,2024-06-13,56.108,10.088
4100000,130,5,1938,villa,Åbyhøj,8230,3.7,2024,2024Q2,2024-06-13,56.153,10.152
3995000,132,5,1925,villa,Aarhus V,8210,3.1,2024,2024Q2,2024-06-13,56.169,10.166
2725000,107,5,1977,townhouse,Tranbjerg J,8310,8.3,2024,2024Q2,2024-06-13,56.089,10.152
6250000,162,6,1998,villa,Højbjerg,8270,4.9,2024,2024Q2,2024-06-14,56.113,10.195
3600000,150,5,2023,townhouse,Hasselager,8361,8.9,2024,2024Q2,2024-06-14,56.114,10.09
3345000,124,4,2002,villa,Solbjerg,8355,14.4,2024,2024Q2,2024-06-14,56.043,10.099
3575000,170,6,1972,villa,Tranbjerg J,8310,9.3,2024,2024Q2,2024-06-14,56.086,10.132
3150000,120,6,1982,townhouse,Aarhus V,8210,4.8,2024,2024Q2,2024-06-14,56.173,10.139
3700000,150,6,1972,villa,Skødstrup,8541,13.9,2024,2024Q2,2024-06-15,56.269,10.309
8100000,149,6,1995,villa,Højbjerg,8270,5.1,2024,2024Q2,2024-06-15,56.112,10.224
3900000,134,5,2022,townhouse,Åbyhøj,8230,4.1,2024,2024Q2,2024-06-15,56.16,10.145
4165000,98,4,1962,townhouse,Højbjerg,8270,5.0,2024,2024Q2,2024-06-15,56.12,10.165
6100000,110,4,1886,townhouse,Aarhus C,8000,1.4,2024,2024Q2,2024-06-16,56.147,10.197
6140000,110,4,1973,villa,Egå,8250,9.1,2024,2024Q2,2024-06-16,56.224,10.294
2748000,108,3,2013,townhouse,Hasselager,8361,9.0,2024,2024Q2,2024-06-16,56.114,10.087
4000000,100,4,1960,villa,Åbyhøj,8230,3.5,2024,2024Q2,2024-06-16,56.152,10.154
3000000,175,6,1955,villa,Brabrand,8220,4.3,2024,2024Q2,2024-06-16,56.154,10.141
1945000,117,4,1908,villa,Sabro,8471,15.6,2024,2024Q2,2024-06-16,56.22,9.986
4850000,113,4,1992,townhouse,Højbjerg,8270,4.3,2024,2024Q2,2024-06-16,56.119,10.191
2825000,130,4,1972,villa,Viby J,8260,6.6,2024,2024Q2,2024-06-16,56.11,10.146
4300000,144,5,1958,villa,Aarhus V,8210,2.8,2024,2024Q2,2024-06-17,56.169,10.171
1650000,72,3,1970,townhouse,Tranbjerg J,8310,8.1,2024,2024Q2,2024-06-17,56.093,10.146
3295000,143,5,1987,townhouse,Beder,8330,11.0,2024,2024Q2,2024-06-17,56.057,10.205
1750000,119,4,1960,villa,Harlev J,8462,13.0,2024,2024Q2,2024-06-17,56.149,10.002
5925000,159,7,1977,villa,Risskov,8240,5.8,2024,2024Q2,2024-06-17,56.205,10.246
7750000,154,6,1933,villa,Risskov,8240,4.3,2024,2024Q2,2024-06-17,56.193,10.234
1750000,94,3,1964,villa,Skødstrup,8541,15.7,2024,2024Q2,2024-06-17,56.283,10.324
2875000,144,4,1980,townhouse,Tranbjerg J,8310,8.6,2024,2024Q2,2024-06-17,56.089,10.145
4350000,162,6,1962,villa,Viby J,8260,6.4,2024,2024Q2,2024-06-18,56.13,10.12
4500000,110,5,1966,villa,Egå,8250,7.7,2024,2024Q2,2024-06-18,56.213,10.284
6800000,135,6,1960,villa,Risskov,8240,3.7,2024,2024Q2,2024-06-18,56.189,10.226
1745302,91,4,1986,townhouse,Malling,8340,13.5,2024,2024Q2,2024-06-18,56.036,10.191
4995000,156,4,1973,villa,Egå,8250,10.0,2024,2024Q2,2024-06-18,56.231,10.303
2855000,103,3,2018,townhouse,Trige,8380,11.5,2024,2024Q2,2024-06-18,56.256,10.158
3390000,148,5,2017,townhouse,Lystrup,8520,9.1,2024,2024Q2,2024-06-18,56.238,10.197
4950000,127,3,1947,villa,Aarhus V,8210,2.9,2024,2024Q2,2024-06-18,56.175,10.178
1900000,117,4,1877,villa,Lystrup,8520,9.6,2024,2024Q2,2024-06-18,56.243,10.198
2025000,50,1,2017,townhouse,Risskov,8240,4.4,2024,2024Q2,2024-06-19,56.196,10.216
7500000,184,6,1978,villa,Højbjerg,8270,6.1,2024,2024Q2,2024-06-19,56.102,10.217
3700000,106,4,2007,townhouse,Beder,8330,10.4,2024,2024Q2,2024-06-19,56.063,10.206
2825000,120,4,2019,townhouse,Malling,8340,14.3,2024,2024Q2,2024-06-19,56.029,10.19
4600000,173,6,2015,villa,Solbjerg,8355,14.6,2024,2024Q2,2024-06-19,56.04,10.102
4475000,150,5,2018,villa,Solbjerg,8355,15.1,2024,2024Q2,2024-06-19,56.036,10.098
4150000,125,5,1976,villa,Aarhus V,8210,2.3,2024,2024Q2,2024-06-19,56.168,10.179
2550000,94,3,1987,townhouse,Risskov,8240,4.6,2024,2024Q2,2024-06-19,56.197,10.195
3375000,160,5,1981,villa,Mårslet,8320,10.0,2024,2024Q2,2024-06-19,56.07,10.167
2140000,61,3,1990,townhouse,Aarhus N,8200,3.4,2024,2024Q2,2024-06-19,56.179,10.173
2950000,128,5,1979,villa,Mårslet,8320,10.9,2024,2024Q2,2024-06-20,56.064,10.154
3075000,145,5,2006,villa,Sabro,8471,12.7,2024,2024Q2,2024-06-20,56.186,10.013
1595000,124,4,1905,villa,Trige,8380,16.3,2024,2024Q2,2024-06-20,56.299,10.145
2900000,135,4,1970,villa,Tilst,8381,7.1,2024,2024Q2,2024-06-20,56.18,10.104
4125000,194,5,2020,villa,Trige,8380,15.6,2024,2024Q2,2024-06-20,56.293,10.151
2995000,114,4,2007,townhouse,Mårslet,8320,11.3,2024,2024Q2,2024-06-20,56.059,10.16
3998000,108,4,1965,villa,Brabrand,8220,7.9,2024,2024Q2,2024-06-20,56.149,10.084
2850000,120,4,2015,townhouse,Malling,8340,14.2,2024,2024Q2,2024-06-20,56.029,10.186
2410000,150,5,1890,villa,Aarhus N,8200,7.7,2024,2024Q2,2024-06-20,56.221,10.165
3300000,222,7,1967,villa,Mårslet,8320,10.7,2024,2024Q2,2024-06-20,56.065,10.163
2300000,106,7,1953,villa,Solbjerg,8355,14.9,2024,2024Q2,2024-06-20,56.044,10.081
2474000,112,4,1971,townhouse,Tranbjerg J,8310,8.3,2024,2024Q2,2024-06-20,56.091,10.149
5350000,110,4,1960,townhouse,Risskov,8240,3.8,2024,2024Q2,2024-06-20,56.191,10.221
3650000,160,4,2007,villa,Sabro,8471,13.2,2024,2024Q2,2024-06-21,56.216,10.026
3500000,97,4,1990,townhouse,Viby J,8260,5.8,2024,2024Q2,2024-06-21,56.135,10.125
3850000,150,6,1979,villa,Viby J,8260,5.0,2024,2024Q2,2024-06-21,56.127,10.149
5025000,220,5,1967,villa,Brabrand,8220,5.2,2024,2024Q2,2024-06-22,56.159,10.126
2998000,123,4,1976,townhouse,Malling,8340,12.8,2024,2024Q2,2024-06-23,56.041,10.201
6000000,120,6,1954,townhouse,Risskov,8240,4.3,2024,2024Q2,2024-06-23,56.195,10.225
7550000,190,7,2020,villa,Viby J,8260,3.6,2024,2024Q2,2024-06-23,56.132,10.172
6750000,117,3,1984,villa,Malling,8340,14.9,2024,2024Q2,2024-06-23,56.025,10.261
5720000,133,6,1953,townhouse,Åbyhøj,8230,3.1,2024,2024Q2,2024-06-23,56.15,10.162
1695000,60,2,1987,townhouse,Lystrup,8520,9.6,2024,2024Q2,2024-06-23,56.242,10.241
10400000,189,8,1953,villa,Risskov,8240,3.8,2024,2024Q2,2024-06-24,56.19,10.226
5498000,180,5,2005,villa,Brabrand,8220,7.1,2024,2024Q2,2024-06-24,56.162,10.097
3400000,170,5,1973,townhouse,Tranbjerg J,8310,9.7,2024,2024Q2,2024-06-24,56.087,10.118
9500000,203,6,1900,villa,Åbyhøj,8230,2.3,2024,2024Q2,2024-06-24,56.156,10.173
5550000,169,4,1930,villa,Egå,8250,6.0,2024,2024Q2,2024-06-25,56.204,10.259
4000000,139,4,1964,villa,Brabrand,8220,5.3,2024,2024Q2,2024-06-25,56.161,10.125
6250000,210,5,2016,villa,Mårslet,8320,9.1,2024,2024Q2,2024-06-25,56.084,10.145
4850000,166,5,2006,villa,Brabrand,8220,7.2,2024,2024Q2,2024-06-25,56.16,10.094
4775000,160,5,2013,villa,Hjortshøj,8530,11.6,2024,2024Q2,2024-06-25,56.255,10.275
4445000,127,3,1963,villa,Egå,8250,8.7,2024,2024Q2,2024-06-25,56.22,10.293
2925000,126,4,1973,villa,Tilst,8381,6.7,2024,2024Q2,2024-06-26,56.179,10.11
3855000,98,4,1940,townhouse,Aarhus V,8210,2.5,2024,2024Q2,2024-06-26,56.163,10.172
5000000,152,5,2009,villa,Lystrup,8520,8.9,2024,2024Q2,2024-06-26,56.236,10.196
4975000,165,6,2011,villa,Lystrup,8520,10.4,2024,2024Q2,2024-06-26,56.248,10.245
2590000,102,4,1986,townhouse,Aarhus V,8210,3.8,2024,2024Q2,2024-06-26,56.171,10.155
4382500,164,4,2016,townhouse,Viby J,8260,7.4,2024,2024Q2,2024-06-26,56.13,10.101
3850000,131,4,1978,villa,Aarhus V,8210,4.3,2024,2024Q2,2024-06-26,56.179,10.153
5000000,132,4,1970,villa,Viby J,8260,6.2,2024,2024Q2,2024-06-26,56.132,10.122
3565000,122,4,1983,townhouse,Åbyhøj,8230,3.7,2024,2024Q2,2024-06-26,56.155,10.151
1775000,67,2,1972,townhouse,Tilst,8381,7.0,2024,2024Q2,2024-06-27,56.174,10.101
2595000,91,3,1999,townhouse,Lystrup,8520,9.8,2024,2024Q2,2024-06-27,56.243,10.241
2900000,133,3,1924,villa,Viby J,8260,3.4,2024,2024Q2,2024-06-27,56.133,10.175
2500000,129,5,1969,villa,Lystrup,8520,9.0,2024,2024Q2,2024-06-27,56.236,10.243
4100000,125,4,2001,villa,Lystrup,8520,9.8,2024,2024Q2,2024-06-27,56.243,10.246
2550000,129,4,1970,villa,Harlev J,8462,13.3,2024,2024Q2,2024-06-27,56.142,9.997
3875000,96,4,1963,villa,Brabrand,8220,6.9,2024,2024Q2,2024-06-27,56.159,10.099
3560000,155,5,1964,villa,Lystrup,8520,8.8,2024,2024Q2,2024-06-27,56.236,10.223
2925000,115,4,1980,villa,Aarhus V,8210,5.4,2024,2024Q2,2024-06-27,56.178,10.132
4840000,233,6,1978,villa,Aarhus V,8210,4.3,2024,2024Q2,2024-06-27,56.178,10.154
7375000,144,4,1985,villa,Risskov,8240,4.0,2024,2024Q2,2024-06-28,56.191,10.234
3900000,146,5,1984,villa,Mårslet,8320,9.9,2024,2024Q2,2024-06-28,56.07,10.171
4380000,153,8,1959,villa,Risskov,8240,4.9,2024,2024Q2,2024-06-28,56.199,10.232
3150000,130,4,2008,townhouse,Sabro,8471,11.7,2024,2024Q2,2024-06-29,56.209,10.047
3400000,113,5,1955,villa,Lystrup,8520,9.5,2024,2024Q2,2024-06-29,56.242,10.228
2598000,120,5,2013,townhouse,Hasselager,8361,8.6,2024,2024Q2,2024-06-29,56.113,10.096
9800000,191,7,1894,townhouse,Aarhus C,8000,0.7,2024,2024Q2,2024-06-29,56.16,10.202
6200000,328,13,1900,villa,Aarhus N,8200,1.7,2024,2024Q2,2024-06-30,56.172,10.21
4000000,144,5,1969,villa,Beder,8330,10.2,2024,2024Q2,2024-06-30,56.065,10.213
2425000,183,9,1914,villa,Sabro,8471,18.0,2024,2024Q2,2024-06-30,56.241,9.962
2750000,103,4,1982,villa,Risskov,8240,5.9,2024,2024Q2,2024-06-30,56.207,10.245
3075000,94,4,1991,townhouse,Viby J,8260,5.7,2024,2024Q2,2024-06-30,56.133,10.13
4220000,170,6,2004,villa,Solbjerg,8355,14.5,2024,2024Q3,2024-07-01,56.042,10.099
4225000,150,5,2019,townhouse,Brabrand,8220,7.2,2024,2024Q3,2024-07-01,56.156,10.094
3995000,118,5,2023,townhouse,Egå,8250,9.3,2024,2024Q3,2024-07-01,56.227,10.294
4248000,162,5,1975,villa,Mårslet,8320,9.7,2024,2024Q3,2024-07-01,56.076,10.152
10500000,215,9,1907,villa,Højbjerg,8270,5.4,2024,2024Q3,2024-07-01,56.108,10.221
1350000,45,2,1850,villa,Viby J,8260,10.2,2024,2024Q3,2024-07-02,56.125,10.057
4525000,170,5,2002,villa,Tranbjerg J,8310,8.8,2024,2024Q3,2024-07-02,56.089,10.138
3885000,104,5,2011,townhouse,Risskov,8240,5.7,2024,2024Q3,2024-07-02,56.205,10.241
5250000,124,4,1962,villa,Højbjerg,8270,4.7,2024,2024Q3,2024-07-02,56.118,10.182
3100000,83,3,1948,villa,Aarhus N,8200,5.0,2024,2024Q3,2024-07-02,56.19,10.155
1725000,91,3,1987,townhouse,Trige,8380,11.8,2024,2024Q3,2024-07-03,56.255,10.138
3150000,148,4,1969,villa,Tranbjerg J,8310,9.0,2024,2024Q3,2024-07-03,56.089,10.133
2350000,102,4,2013,townhouse,Hasselager,8361,8.7,2024,2024Q3,2024-07-03,56.113,10.095
1900000,95,3,1973,townhouse,Tranbjerg J,8310,9.7,2024,2024Q3,2024-07-03,56.087,10.116
3125000,98,4,1959,villa,Brabrand,8220,4.9,2024,2024Q3,2024-07-03,56.154,10.132
5550000,106,5,1954,townhouse,Risskov,8240,4.3,2024,2024Q3,2024-07-03,56.195,10.224
3075000,124,5,1976,villa,Lystrup,8520,10.0,2024,2024Q3,2024-07-03,56.245,10.236
4499000,185,7,1998,villa,Tranbjerg J,8310,8.9,2024,2024Q3,2024-07-04,56.088,10.137
2250000,128,3,1970,villa,Skødstrup,8541,15.0,2024,2024Q3,2024-07-04,56.279,10.312
2750000,125,4,1935,villa,Risskov,8240,5.2,2024,2024Q3,2024-07-04,56.201,10.24
5800000,112,4,1962,villa,Højbjerg,8270,4.6,2024,2024Q3,2024-07-04,56.116,10.199
2450000,105,4,1978,villa,Tilst,8381,6.3,2024,2024Q3,2024-07-04,56.176,10.115
8750000,273,8,1978,villa,Mårslet,8320,11.0,2024,2024Q3,2024-07-04,56.061,10.164
1770000,109,4,1967,villa,Trige,8380,16.5,2024,2024Q3,2024-07-04,56.301,10.146
2700000,104,3,1984,townhouse,Aarhus V,8210,5.7,2024,2024Q3,2024-07-05,56.178,10.126
2195000,90,3,1985,villa,Brabrand,8220,5.4,2024,2024Q3,2024-07-05,56.156,10.124
7400000,142,5,1987,villa,Risskov,8240,3.7,2024,2024Q3,2024-07-05,56.188,10.232
3850000,144,5,1977,villa,Tranbjerg J,8310,8.8,2024,2024Q3,2024-07-05,56.085,10.15
1125000,69,2,1992,townhouse,Sabro,8471,12.7,2024,2024Q3,2024-07-06,56.186,10.013
4100000,87,3,1948,villa,Aarhus V,8210,3.2,2024,2024Q3,2024-07-06,56.178,10.176
2550000,78,2,1985,townhouse,Aarhus N,8200,3.4,2024,2024Q3,2024-07-06,56.179,10.173
4650000,157,4,2013,townhouse,Aarhus N,8200,5.2,2024,2024Q3,2024-07-07,56.2,10.176
2850000,116,4,1984,townhouse,Højbjerg,8270,5.9,2024,2024Q3,2024-07-07,56.107,10.176
2675000,132,5,1969,villa,Malling,8340,13.2,2024,2024Q3,2024-07-07,56.038,10.205
4200000,161,5,1958,villa,Brabrand,8220,6.1,2024,2024Q3,2024-07-08,56.156,10.113
2500000,129,4,1972,villa,Tilst,8381,7.1,2024,2024Q3,2024-07-08,56.176,10.101
2790000,112,4,1962,villa,Lystrup,8520,8.6,2024,2024Q3,2024-07-08,56.233,10.23
5095000,193,6,2022,villa,Malling,8340,15.0,2024,2024Q3,2024-07-09,56.023,10.184
3200000,188,5,1984,villa,Skødstrup,8541,13.8,2024,2024Q3,2024-07-09,56.263,10.325
2800000,100,4,2012,townhouse,Egå,8250,7.0,2024,2024Q3,2024-07-09,56.212,10.266
7900000,152,4,1963,villa,Højbjerg,8270,3.7,2024,2024Q3,2024-07-09,56.126,10.189
1675000,72,3,1973,townhouse,Tranbjerg J,8310,9.1,2024,2024Q3,2024-07-09,56.089,10.128
4650000,106,5,1939,villa,Viby J,8260,4.0,2024,2024Q3,2024-07-09,56.125,10.18
4998000,113,3,1936,villa,Højbjerg,8270,4.9,2024,2024Q3,2024-07-09,56.121,10.165
2200000,85,4,1970,townhouse,Tranbjerg J,8310,8.2,2024,2024Q3,2024-07-09,56.091,10.152
4000000,139,5,1969,townhouse,Egå,8250,6.8,2024,2024Q3,2024-07-09,56.206,10.276
2900000,111,4,1974,villa,Aarhus V,8210,3.5,2024,2024Q3,2024-07-09,56.172,10.162
4450000,121,4,1978,villa,Egå,8250,11.5,2024,2024Q3,2024-07-10,56.239,10.323
2725000,94,4,1982,townhouse,Aarhus V,8210,5.4,2024,2024Q3,2024-07-10,56.175,10.131
3300000,131,4,2021,townhouse,Solbjerg,8355,14.2,2024,2024Q3,2024-07-10,56.048,10.091
3100000,132,4,2013,townhouse,Tranbjerg J,8310,9.8,2024,2024Q3,2024-07-10,56.082,10.126
3100000,86,3,1981,townhouse,Brabrand,8220,5.2,2024,2024Q3,2024-07-10,56.15,10.128
3600000,170,6,1987,villa,Tranbjerg J,8310,8.4,2024,2024Q3,2024-07-10,56.089,10.152
2200000,165,5,1970,villa,Solbjerg,8355,15.8,2024,2024Q3,2024-07-10,56.039,10.068
4325000,113,4,1960,villa,Åbyhøj,8230,3.2,2024,2024Q3,2024-07-11,56.158,10.159
2498000,125,4,1962,villa,Viby J,8260,5.6,2024,2024Q3,2024-07-11,56.119,10.151
2850000,127,5,1975,villa,Mårslet,8320,9.7,2024,2024Q3,2024-07-11,56.076,10.152
4400000,174,5,1984,villa,Egå,8250,10.2,2024,2024Q3,2024-07-11,56.232,10.304
2425000,174,6,1965,villa,Egå,8250,7.6,2024,2024Q3,2024-07-11,56.221,10.248
2245000,135,3,1967,villa,Tilst,8381,7.4,2024,2024Q3,2024-07-11,56.186,10.104
2600000,122,5,1967,villa,Tilst,8381,8.1,2024,2024Q3,2024-07-12,56.191,10.095
4750000,145,5,1960,villa,Viby J,8260,6.5,2024,2024Q3,2024-07-12,56.128,10.12
8450000,148,6,1948,townhouse,Risskov,8240,5.7,2024,2024Q3,2024-07-12,56.2,10.258
1950000,85,4,1974,townhouse,Tranbjerg J,8310,9.3,2024,2024Q3,2024-07-12,56.089,10.121
6000000,143,5,1968,villa,Åbyhøj,8230,3.2,2024,2024Q3,2024-07-14,56.16,10.16
2050000,103,4,1986,townhouse,Aarhus V,8210,3.8,2024,2024Q3,2024-07-14,56.171,10.155
4300000,165,5,1979,villa,Mårslet,8320,10.8,2024,2024Q3,2024-07-14,56.064,10.157
1498000,88,3,1971,townhouse,Harlev J,8462,13.0,2024,2024Q3,2024-07-14,56.142,10.002
2680000,86,3,1985,townhouse,Aarhus N,8200,3.9,2024,2024Q3,2024-07-15,56.191,10.197
2550000,88,4,1985,townhouse,Viby J,8260,6.0,2024,2024Q3,2024-07-15,56.125,10.132
2250000,90,4,1973,villa,Tranbjerg J,8310,9.2,2024,2024Q3,2024-07-15,56.089,10.125
4798000,110,4,1948,villa,Aarhus V,8210,2.9,2024,2024Q3,2024-07-15,56.165,10.167
1600000,180,5,1827,villa,Hjortshøj,8530,9.7,2024,2024Q3,2024-07-15,56.239,10.261
6250000,132,3,1921,villa,Risskov,8240,3.2,2024,2024Q3,2024-07-15,56.186,10.217
3350000,136,5,2017,townhouse,Skødstrup,8541,15.5,2024,2024Q3,2024-07-16,56.282,10.32
3300000,108,5,1965,villa,Beder,8330,10.6,2024,2024Q3,2024-07-16,56.061,10.21
2275000,120,5,1972,villa,Tranbjerg J,8310,9.6,2024,2024Q3,2024-07-16,56.086,10.122
4995000,130,4,1956,villa,Højbjerg,8270,4.3,2024,2024Q3,2024-07-16,56.12,10.186
4900000,181,5,1978,villa,Brabrand,8220,5.3,2024,2024Q3,2024-07-17,56.162,10.126
2450000,104,4,1987,townhouse,Lystrup,8520,9.7,2024,2024Q3,2024-07-17,56.243,10.241
3150000,152,5,2014,townhouse,Lystrup,8520,9.1,2024,2024Q3,2024-07-18,56.238,10.194
3800000,138,5,1969,villa,Egå,8250,7.0,2024,2024Q3,2024-07-19,56.209,10.275
4750000,144,5,1964,villa,Aarhus N,8200,2.5,2024,2024Q3,2024-07-20,56.175,10.187
3375000,149,5,1975,villa,Lystrup,8520,9.6,2024,2024Q3,2024-07-20,56.243,10.222
3325000,102,4,2021,townhouse,Aarhus N,8200,8.5,2024,2024Q3,2024-07-21,56.233,10.204
3075000,131,4,2014,townhouse,Tranbjerg J,8310,9.8,2024,2024Q3,2024-07-21,56.082,10.126
2875000,127,5,2005,villa,Sabro,8471,16.6,2024,2024Q3,2024-07-21,56.225,9.972
3200000,121,3,2013,townhouse,Sabro,8471,11.4,2024,2024Q3,2024-07-21,56.207,10.049
3300000,167,5,1977,villa,Tranbjerg J,8310,8.3,2024,2024Q3,2024-07-22,56.096,10.132
1500000,70,3,1883,townhouse,Aarhus V,8210,3.2,2024,2024Q3,2024-07-22,56.167,10.163
8400000,263,8,1980,villa,Risskov,8240,5.3,2024,2024Q3,2024-07-22,56.199,10.253
8200000,173,9,1957,villa,Risskov,8240,5.0,2024,2024Q3,2024-07-22,56.195,10.253
3500000,139,5,1983,villa,Aarhus V,8210,5.3,2024,2024Q3,2024-07-23,56.176,10.133
3900000,140,5,1999,villa,Hasselager,8361,9.3,2024,2024Q3,2024-07-23,56.096,10.108
5495000,105,5,1955,townhouse,Højbjerg,8270,4.0,2024,2024Q3,2024-07-23,56.122,10.192
7000000,198,7,1953,villa,Risskov,8240,5.1,2024,2024Q3,2024-07-23,56.199,10.242
3045000,169,7,1976,townhouse,Tilst,8381,7.2,2024,2024Q3,2024-07-23,56.174,10.098
7100000,191,6,2009,villa,Mårslet,8320,11.1,2024,2024Q3,2024-07-24,56.06,10.163
3500000,177,5,1969,villa,Sabro,8471,13.1,2024,2024Q3,2024-07-24,56.213,10.025
10800000,166,6,1930,villa,Risskov,8240,3.5,2024,2024Q3,2024-07-24,56.187,10.226
3030000,92,5,1929,villa,Tranbjerg J,8310,9.8,2024,2024Q3,2024-07-24,56.084,10.123
1995000,101,4,1978,villa,Trige,8380,11.2,2024,2024Q3,2024-07-24,56.248,10.135
3900000,189,6,1973,villa,Lystrup,8520,9.6,2024,2024Q3,2024-07-24,56.243,10.224
3235000,128,4,1973,villa,Tranbjerg J,8310,9.2,2024,2024Q3,2024-07-24,56.089,10.127
3600000,150,4,1967,villa,Risskov,8240,6.0,2024,2024Q3,2024-07-24,56.208,10.242
5800000,136,5,1950,villa,Åbyhøj,8230,4.0,2024,2024Q3,2024-07-25,56.157,10.146
7845000,179,6,2012,villa,Højbjerg,8270,4.7,2024,2024Q3,2024-07-25,56.118,10.182
3375000,108,4,1987,townhouse,Risskov,8240,5.2,2024,2024Q3,2024-07-25,56.204,10.207
2300000,140,5,1969,villa,Solbjerg,8355,14.8,2024,2024Q3,2024-07-25,56.042,10.089
5850000,182,6,2006,villa,Sabro,8471,13.9,2024,2024Q3,2024-07-25,56.218,10.015
5498000,155,7,1958,villa,Højbjerg,8270,4.1,2024,2024Q3,2024-07-25,56.123,10.182
3850000,134,8,1953,villa,Højbjerg,8270,5.3,2024,2024Q3,2024-07-25,56.118,10.163
3198000,100,4,1974,townhouse,Brabrand,8220,6.6,2024,2024Q3,2024-07-27,56.161,10.105
3420000,183,7,1914,villa,Hjortshøj,8530,12.9,2024,2024Q3,2024-07-28,56.273,10.214
1600000,120,4,1900,villa,Skødstrup,8541,13.9,2024,2024Q3,2024-07-28,56.262,10.332
2950000,100,4,2016,townhouse,Lystrup,8520,8.2,2024,2024Q3,2024-07-28,56.23,10.227
1600000,138,4,1968,villa,Sabro,8471,12.4,2024,2024Q3,2024-07-28,56.21,10.035
1925000,76,3,1980,townhouse,Hasselager,8361,10.7,2024,2024Q3,2024-07-29,56.103,10.067
4300000,188,5,1977,villa,Aarhus V,8210,2.2,2024,2024Q3,2024-07-29,56.168,10.182
4350000,182,6,1979,villa,Harlev J,8462,13.2,2024,2024Q3,2024-07-30,56.149,9.998
3498000,136,4,1857,villa,Beder,8330,11.4,2024,2024Q3,2024-07-30,56.056,10.242
5250000,117,4,1961,villa,Aarhus N,8200,2.6,2024,2024Q3,2024-07-30,56.178,10.194
3350000,133,5,1969,villa,Aarhus V,8210,3.8,2024,2024Q3,2024-07-30,56.176,10.16
1498000,89,4,1965,villa,Sabro,8471,9.9,2024,2024Q3,2024-07-30,56.196,10.068
3500000,123,5,2014,townhouse,Viby J,8260,7.2,2024,2024Q3,2024-07-30,56.131,10.104
12000000,186,6,1954,villa,Risskov,8240,3.1,2024,2024Q3,2024-07-30,56.183,10.227
1835000,85,3,1984,townhouse,Tilst,8381,7.2,2024,2024Q3,2024-07-30,56.193,10.114
3495000,218,8,1980,villa,Trige,8380,11.7,2024,2024Q3,2024-07-30,56.253,10.135
2615000,104,4,1900,villa,Malling,8340,12.9,2024,2024Q3,2024-07-31,56.041,10.193
3600000,122,5,1975,villa,Risskov,8240,6.1,2024,2024Q3,2024-07-31,56.208,10.246
1950000,109,4,1973,villa,Mårslet,8320,11.4,2024,2024Q3,2024-07-31,56.066,10.126
4350000,163,6,1900,villa,Aarhus N,8200,7.7,2024,2024Q3,2024-07-31,56.221,10.164
3561000,117,4,1980,villa,Lystrup,8520,10.4,2024,2024Q3,2024-07-31,56.249,10.239
3100000,123,7,1922,villa,Skødstrup,8541,15.1,2024,2024Q3,2024-07-31,56.278,10.318
5025000,123,7,1929,villa,Risskov,8240,5.3,2024,2024Q3,2024-07-31,56.199,10.249
2795000,146,4,1973,villa,Aarhus V,8210,4.2,2024,2024Q3,2024-08-01,56.173,10.15
1925000,125,4,1986,villa,Hjortshøj,8530,14.4,2024,2024Q3,2024-08-01,56.286,10.214
5625000,127,5,1967,villa,Egå,8250,9.0,2024,2024Q3,2024-08-01,56.223,10.296
1375000,147,6,1964,villa,Hjortshøj,8530,14.3,2024,2024Q3,2024-08-01,56.285,10.219
5195000,162,6,1971,villa,Risskov,8240,5.6,2024,2024Q3,2024-08-01,56.207,10.213
4850000,122,4,1953,villa,Aarhus N,8200,2.8,2024,2024Q3,2024-08-01,56.181,10.202
2750000,92,4,1987,townhouse,Aarhus N,8200,3.9,2024,2024Q3,2024-08-02,56.191,10.194
3490000,114,3,1986,townhouse,Risskov,8240,5.3,2024,2024Q3,2024-08-04,56.205,10.209
6500000,180,5,1964,villa,Højbjerg,8270,4.8,2024,2024Q3,2024-08-04,56.116,10.181
4100000,169,6,1970,villa,Aarhus V,8210,3.8,2024,2024Q3,2024-08-04,56.177,10.161
2399000,108,4,1984,villa,Skødstrup,8541,12.8,2024,2024Q3,2024-08-04,56.26,10.3
6600000,137,5,1996,villa,Risskov,8240,6.3,2024,2024Q3,2024-08-04,56.202,10.271
3030000,131,4,1965,townhouse,Beder,8330,10.7,2024,2024Q3,2024-08-04,56.06,10.206
2350000,98,3,1877,villa,Aarhus N,8200,5.2,2024,2024Q3,2024-08-04,56.2,10.176
2648000,157,5,1976,townhouse,Tilst,8381,7.5,2024,2024Q3,2024-08-04,56.192,10.107
3850000,184,6,1973,villa,Lystrup,8520,8.7,2024,2024Q3,2024-08-04,56.235,10.197
4350000,114,4,1933,villa,Aarhus V,8210,2.2,2024,2024Q3,2024-08-05,56.164,10.177
3095000,66,3,1948,townhouse,Risskov,8240,5.8,2024,2024Q3,2024-08-05,56.207,10.238
3498000,141,4,1956,villa,Brabrand,8220,5.9,2024,2024Q3,2024-08-05,56.154,10.116
4148000,155,4,2006,villa,Viby J,8260,9.9,2024,2024Q3,2024-08-06,56.123,10.063
3175000,159,6,1966,villa,Viby J,8260,6.4,2024,2024Q3,2024-08-06,56.129,10.119
2398000,110,4,1972,villa,Trige,8380,11.8,2024,2024Q3,2024-08-06,56.255,10.139
4220000,159,5,1961,villa,Risskov,8240,4.6,2024,2024Q3,2024-08-06,56.197,10.225
2800000,81,3,1989,townhouse,Brabrand,8220,5.5,2024,2024Q3,2024-08-06,56.151,10.123
3750000,91,3,1992,townhouse,Egå,8250,6.3,2024,2024Q3,2024-08-06,56.203,10.268
4500000,154,4,1990,villa,Højbjerg,8270,5.5,2024,2024Q3,2024-08-06,56.11,10.182
6275000,103,3,1983,townhouse,Risskov,8240,5.5,2024,2024Q3,2024-08-07,56.198,10.259
3550000,134,5,2016,townhouse,Viby J,8260,7.1,2024,2024Q3,2024-08-07,56.128,10.107
2765000,134,4,2019,townhouse,Harlev J,8462,13.7,2024,2024Q3,2024-08-07,56.141,9.992
3248000,110,4,2012,townhouse,Viby J,8260,7.4,2024,2024Q3,2024-08-07,56.128,10.102
3545000,100,3,1989,townhouse,Aarhus V,8210,2.6,2024,2024Q3,2024-08-07,56.165,10.171
2850000,250,6,1972,villa,Skødstrup,8541,15.1,2024,2024Q3,2024-08-07,56.279,10.316
2725000,92,4,1960,villa,Viby J,8260,5.5,2024,2024Q3,2024-08-07,56.119,10.152
1985000,78,4,1996,villa,Harlev J,8462,13.7,2024,2024Q3,2024-08-07,56.148,9.99
4000000,138,5,1974,townhouse,Egå,8250,7.3,2024,2024Q3,2024-08-07,56.21,10.279
2950000,142,5,1967,villa,Tilst,8381,7.5,2024,2024Q3,2024-08-08,56.186,10.101
5910000,187,6,2000,villa,Egå,8250,10.6,2024,2024Q3,2024-08-08,56.236,10.306
3598000,142,5,2016,townhouse,Skødstrup,8541,13.3,2024,2024Q3,2024-08-08,56.265,10.302
3050000,116,4,2016,townhouse,Skødstrup,8541,13.6,2024,2024Q3,2024-08-08,56.265,10.31
5000000,168,5,2014,villa,Skødstrup,8541,14.2,2024,2024Q3,2024-08-08,56.27,10.317
3198000,120,4,1957,villa,Højbjerg,8270,5.4,2024,2024Q3,2024-08-08,56.115,10.165
2780000,82,2,1989,townhouse,Skødstrup,8541,14.4,2024,2024Q3,2024-08-08,56.273,10.312
7500000,153,6,1961,villa,Viby J,8260,2.7,2024,2024Q3,2024-08-09,56.136,10.186
4161000,94,4,1962,villa,Aarhus N,8200,2.8,2024,2024Q3,2024-08-09,56.18,10.195
2300000,93,3,2006,townhouse,Skødstrup,8541,15.6,2024,2024Q3,2024-08-09,56.281,10.327
3975000,171,7,1963,villa,Højbjerg,8270,4.6,2024,2024Q3,2024-08-10,56.119,10.181
6750000,153,6,1898,townhouse,Aarhus C,8000,1.4,2024,2024Q3,2024-08-10,56.148,10.194
2675000,128,4,1970,townhouse,Lystrup,8520,9.3,2024,2024Q3,2024-08-10,56.24,10.236
2725000,139,5,2003,villa,Sabro,8471,16.8,2024,2024Q3,2024-08-11,56.226,9.97
2630000,102,4,1982,townhouse,Tranbjerg J,8310,8.5,2024,2024Q3,2024-08-11,56.088,10.149
3951000,117,4,1976,villa,Aarhus N,8200,2.4,2024,2024Q3,2024-08-11,56.178,10.21
1900000,91,3,1987,townhouse,Trige,8380,11.7,2024,2024Q3,2024-08-12,56.254,10.139
5000000,152,5,2016,villa,Egå,8250,9.5,2024,2024Q3,2024-08-12,56.231,10.286
2970000,90,3,1949,villa,Hasselager,8361,9.0,2024,2024Q3,2024-08-12,56.103,10.101
9725000,190,7,1921,villa,Viby J,8260,3.1,2024,2024Q3,2024-08-12,56.135,10.18
3375000,103,3,2000,townhouse,Viby J,8260,5.7,2024,2024Q3,2024-08-13,56.121,10.144
2600000,125,4,2000,townhouse,Skødstrup,8541,15.1,2024,2024Q3,2024-08-13,56.28,10.311
6000000,152,4,2014,villa,Viby J,8260,4.6,2024,2024Q3,2024-08-13,56.124,10.165
4900000,172,5,2006,villa,Brabrand,8220,7.2,2024,2024Q3,2024-08-13,56.16,10.095
5525000,165,10,1925,villa,Viby J,8260,3.0,2024,2024Q3,2024-08-13,56.136,10.179
6600000,148,5,1906,townhouse,Aarhus N,8200,1.9,2024,2024Q3,2024-08-13,56.173,10.22
4521000,148,5,1950,villa,Aarhus N,8200,2.8,2024,2024Q3,2024-08-13,56.182,10.208
1900000,116,5,1972,townhouse,Tranbjerg J,8310,9.6,2024,2024Q3,2024-08-13,56.086,10.12
3980000,131,4,2017,townhouse,Egå,8250,6.9,2024,2024Q3,2024-08-14,56.211,10.264
4500000,161,5,1955,villa,Aarhus N,8200,2.8,2024,2024Q3,2024-08-14,56.182,10.202
4000000,90,3,1935,villa,Aarhus N,8200,2.4,2024,2024Q3,2024-08-15,56.177,10.194
4250000,116,6,1956,villa,Aarhus V,8210,2.4,2024,2024Q3,2024-08-15,56.17,10.18
2895000,114,4,2008,townhouse,Mårslet,8320,11.2,2024,2024Q3,2024-08-15,56.06,10.161
2050000,132,5,1963,villa,Harlev J,8462,13.0,2024,2024Q3,2024-08-15,56.15,10.0
3012750,138,5,1980,townhouse,Tranbjerg J,8310,8.4,2024,2024Q3,2024-08-15,56.09,10.146
6620000,145,6,1963,villa,Højbjerg,8270,4.0,2024,2024Q3,2024-08-15,56.123,10.192
3129000,104,4,1951,villa,Skødstrup,8541,14.4,2024,2024Q3,2024-08-15,56.277,10.295
4045000,159,5,2015,villa,Trige,8380,12.0,2024,2024Q3,2024-08-16,56.257,10.142
3495000,120,3,2003,townhouse,Viby J,8260,5.7,2024,2024Q3,2024-08-17,56.134,10.128
1925000,137,5,1900,villa,Skødstrup,8541,14.5,2024,2024Q3,2024-08-17,56.279,10.295
3300000,130,4,1944,villa,Åbyhøj,8230,3.9,2024,2024Q3,2024-08-17,56.159,10.148
3198000,111,4,1967,villa,Viby J,8260,6.3,2024,2024Q3,2024-08-18,56.129,10.121
2698000,120,5,1973,villa,Harlev J,8462,13.2,2024,2024Q3,2024-08-18,56.149,9.998
2635000,178,4,1986,villa,Aarhus N,8200,5.1,2024,2024Q3,2024-08-18,56.199,10.181
4850000,99,4,1953,townhouse,Risskov,8240,4.0,2024,2024Q3,2024-08-18,56.193,10.222
2125000,104,4,1908,villa,Højbjerg,8270,5.0,2024,2024Q3,2024-08-18,56.117,10.174
3700000,151,5,1988,villa,Tilst,8381,6.6,2024,2024Q3,2024-08-18,56.186,10.118
8250000,283,8,1980,villa,Risskov,8240,4.7,2024,2024Q3,2024-08-19,56.196,10.238
2750000,160,6,1967,villa,Skødstrup,8541,15.0,2024,2024Q3,2024-08-19,56.279,10.313
2800000,123,4,1950,villa,Risskov,8240,5.6,2024,2024Q3,2024-08-19,56.204,10.241
9995000,195,5,1984,villa,Risskov,8240,5.8,2024,2024Q3,2024-08-19,56.2,10.264
2300000,85,3,1965,villa,Lystrup,8520,8.7,2024,2024Q3,2024-08-19,56.232,10.248
3200000,128,4,2018,townhouse,Skødstrup,8541,15.5,2024,2024Q3,2024-08-19,56.282,10.321
4200000,116,5,1961,townhouse,Åbyhøj,8230,2.9,2024,2024Q3,2024-08-19,56.161,10.164
4850000,97,4,1957,townhouse,Aarhus N,8200,2.5,2024,2024Q3,2024-08-19,56.177,10.193
2200000,87,4,1993,townhouse,Risskov,8240,4.5,2024,2024Q3,2024-08-19,56.196,10.198
2699000,99,4,2002,townhouse,Hjortshøj,8530,10.4,2024,2024Q3,2024-08-19,56.245,10.266
2490000,99,4,2002,townhouse,Hjortshøj,8530,10.5,2024,2024Q3,2024-08-19,56.246,10.266
2800000,114,4,1984,townhouse,Højbjerg,8270,6.0,2024,2024Q3,2024-08-19,56.107,10.176
6700000,103,4,1909,townhouse,Aarhus N,8200,1.9,2024,2024Q3,2024-08-19,56.173,10.217
3998000,148,4,1960,villa,Brabrand,8220,7.9,2024,2024Q3,2024-08-20,56.149,10.085
2900000,102,4,1959,villa,Viby J,8260,5.2,2024,2024Q3,2024-08-20,56.123,10.154
6150000,204,8,1974,villa,Risskov,8240,4.4,2024,2024Q3,2024-08-20,56.193,10.238
3975000,130,3,2008,townhouse,Mårslet,8320,10.7,2024,2024Q3,2024-08-21,56.066,10.152
2775000,143,5,1983,villa,Skødstrup,8541,13.8,2024,2024Q3,2024-08-21,56.267,10.313
2300000,123,4,1967,townhouse,Lystrup,8520,8.2,2024,2024Q3,2024-08-21,56.229,10.23
4300000,120,4,1936,villa,Aarhus N,8200,2.6,2024,2024Q3,2024-08-22,56.178,10.192
4900000,160,5,2008,villa,Brabrand,8220,7.5,2024,2024Q3,2024-08-22,56.162,10.091
3150000,165,6,1910,villa,Brabrand,8220,6.4,2024,2024Q3,2024-08-22,56.153,10.108
4275000,160,4,1976,villa,Lystrup,8520,9.1,2024,2024Q3,2024-08-22,56.237,10.247
2100000,105,2,1965,villa,Hjortshøj,8530,10.6,2024,2024Q3,2024-08-22,56.247,10.266
5505000,217,7,1964,villa,Brabrand,8220,5.5,2024,2024Q3,2024-08-22,56.16,10.122
3200000,123,5,1966,villa,Skødstrup,8541,14.0,2024,2024Q3,2024-08-23,56.259,10.343
3425000,105,4,1986,townhouse,Risskov,8240,5.3,2024,2024Q3,2024-08-23,56.204,10.206
3150000,99,4,1954,villa,Viby J,8260,4.2,2024,2024Q3,2024-08-23,56.131,10.16
3050000,139,5,1976,villa,Tilst,8381,7.2,2024,2024Q3,2024-08-24,56.175,10.099
2400000,130,5,1882,villa,Skødstrup,8541,13.2,2024,2024Q3,2024-08-24,56.262,10.307
2615000,135,4,1972,villa,Lystrup,8520,8.9,2024,2024Q3,2024-08-25,56.237,10.218
1750000,118,6,1998,villa,Hjortshøj,8530,16.1,2024,2024Q3,2024-08-25,56.301,10.212
3335000,149,5,1998,villa,Tilst,8381,6.8,2024,2024Q3,2024-08-25,56.192,10.121
7400000,177,6,1933,townhouse,Risskov,8240,3.8,2024,2024Q3,2024-08-25,56.19,10.221
2995000,92,3,1984,townhouse,Risskov,8240,5.0,2024,2024Q3,2024-08-25,56.202,10.209
1885000,76,3,2008,townhouse,Brabrand,8220,7.6,2024,2024Q3,2024-08-26,56.159,10.088
4900000,122,4,2022,townhouse,Aarhus N,8200,2.7,2024,2024Q3,2024-08-26,56.18,10.198
2968000,137,4,1988,townhouse,Hasselager,8361,8.7,2024,2024Q3,2024-08-26,56.109,10.1
5150000,120,3,1969,villa,Åbyhøj,8230,3.0,2024,2024Q3,2024-08-27,56.159,10.163
7600000,224,8,1942,villa,Risskov,8240,5.0,2024,2024Q3,2024-08-27,56.198,10.243
2400000,163,5,1971,villa,Tilst,8381,7.4,2024,2024Q3,2024-08-27,56.178,10.098
3560000,182,6,1973,villa,Harlev J,8462,13.3,2024,2024Q3,2024-08-27,56.143,9.997
9400000,154,5,1929,villa,Risskov,8240,5.4,2024,2024Q3,2024-08-27,56.199,10.255
2000000,75,3,2005,townhouse,Brabrand,8220,7.3,2024,2024Q3,2024-08-28,56.162,10.094
6200000,167,6,2007,villa,Mårslet,8320,10.7,2024,2024Q3,2024-08-28,56.066,10.151
3025000,151,4,1850,townhouse,Tilst,8381,7.3,2024,2024Q3,2024-08-28,56.192,10.112
2400000,95,4,1984,villa,Lystrup,8520,10.1,2024,2024Q3,2024-08-28,56.246,10.238
4150000,142,4,1966,villa,Brabrand,8220,5.5,2024,2024Q3,2024-08-28,56.161,10.122
4000000,120,2,1967,villa,Skødstrup,8541,14.0,2024,2024Q3,2024-08-28,56.26,10.342
2900000,131,4,1975,villa,Åbyhøj,8230,4.0,2024,2024Q3,2024-08-29,56.142,10.151
2995000,112,4,1961,villa,Risskov,8240,5.5,2024,2024Q3,2024-08-29,56.204,10.239
2802500,142,4,2011,townhouse,Hasselager,8361,10.8,2024,2024Q3,2024-08-29,56.105,10.063
5750000,165,5,2017,villa,Skødstrup,8541,14.8,2024,2024Q3,2024-08-29,56.274,10.323
5498000,137,4,1957,villa,Risskov,8240,4.7,2024,2024Q3,2024-08-29,56.195,10.243
2850000,116,3,1984,townhouse,Højbjerg,8270,6.0,2024,2024Q3,2024-08-29,56.106,10.176
3995000,149,5,1997,villa,Tranbjerg J,8310,8.9,2024,2024Q3,2024-08-30,56.088,10.138
3298000,92,4,1954,villa,Viby J,8260,3.6,2024,2024Q3,2024-08-30,56.134,10.168
3250000,102,4,1957,villa,Viby J,8260,5.0,2024,2024Q3,2024-09-01,56.128,10.149
5750000,116,5,1947,villa,Viby J,8260,5.0,2024,2024Q3,2024-09-01,56.123,10.158
5825000,132,4,1948,villa,Egå,8250,11.0,2024,2024Q3,2024-09-01,56.232,10.327
3500000,171,5,1917,villa,Harlev J,8462,14.1,2024,2024Q3,2024-09-01,56.128,9.989
4800000,164,6,1968,townhouse,Egå,8250,6.9,2024,2024Q3,2024-09-01,56.208,10.274
3390000,130,4,2016,villa,Tranbjerg J,8310,9.9,2024,2024Q3,2024-09-02,56.082,10.125
2200000,91,4,1980,townhouse,Tranbjerg J,8310,8.6,2024,2024Q3,2024-09-02,56.089,10.144
4800000,144,5,1966,villa,Aarhus V,8210,2.2,2024,2024Q3,2024-09-02,56.167,10.181
4400000,153,6,1969,villa,Højbjerg,8270,4.7,2024,2024Q3,2024-09-02,56.121,10.172
4000000,142,5,1972,villa,Egå,8250,10.4,2024,2024Q3,2024-09-03,56.233,10.309
2625000,117,4,1975,villa,Skødstrup,8541,15.1,2024,2024Q3,2024-09-03,56.279,10.317
6350000,112,4,1937,villa,Højbjerg,8270,4.3,2024,2024Q3,2024-09-03,56.118,10.199
3000000,119,4,1978,townhouse,Aarhus V,8210,2.6,2024,2024Q3,2024-09-03,56.166,10.172
7000000,100,3,1959,villa,Egå,8250,11.0,2024,2024Q3,2024-09-03,56.231,10.327
3250000,141,4,1946,villa,Højbjerg,8270,4.9,2024,2024Q3,2024-09-04,56.117,10.174
2223000,138,5,1929,villa,Viby J,8260,5.6,2024,2024Q3,2024-09-04,56.119,10.152
3750000,152,6,1965,villa,Lystrup,8520,8.9,2024,2024Q3,2024-09-05,56.237,10.229
9300000,130,6,1924,villa,Risskov,8240,4.3,2024,2024Q3,2024-09-05,56.191,10.241
3190000,121,4,2017,villa,Harlev J,8462,13.8,2024,2024Q3,2024-09-06,56.139,9.991
8500000,228,7,1947,villa,Åbyhøj,8230,2.7,2024,2024Q3,2024-09-06,56.159,10.167
3585000,120,5,1985,villa,Beder,8330,11.2,2024,2024Q3,2024-09-07,56.056,10.207
6050000,157,4,1927,villa,Aarhus N,8200,2.5,2024,2024Q3,2024-09-08,56.179,10.205
4155000,123,4,1962,townhouse,Åbyhøj,8230,2.9,2024,2024Q3,2024-09-08,56.161,10.165
2680000,97,4,2001,townhouse,Aarhus V,8210,4.7,2024,2024Q3,2024-09-09,56.171,10.14
3075000,101,4,2002,townhouse,Skødstrup,8541,13.3,2024,2024Q3,2024-09-09,56.265,10.304
2850000,138,5,1963,villa,Malling,8340,12.9,2024,2024Q3,2024-09-10,56.041,10.2
1920000,72,3,1972,townhouse,Tranbjerg J,8310,9.4,2024,2024Q3,2024-09-10,56.087,10.124
1800000,85,4,1978,townhouse,Lystrup,8520,9.3,2024,2024Q3,2024-09-10,56.24,10.228
2345000,83,4,1982,townhouse,Viby J,8260,5.9,2024,2024Q3,2024-09-10,56.126,10.133
3300000,148,5,2022,villa,Hjortshøj,8530,14.3,2024,2024Q3,2024-09-10,56.285,10.22
2900000,83,4,1987,townhouse,Aarhus N,8200,3.8,2024,2024Q3,2024-09-10,56.19,10.193
5495000,125,5,1962,villa,Højbjerg,8270,4.6,2024,2024Q3,2024-09-10,56.117,10.197
5350000,159,6,1966,villa,Aarhus V,8210,3.3,2024,2024Q3,2024-09-11,56.164,10.16
2730000,224,6,1972,villa,Tilst,8381,7.2,2024,2024Q3,2024-09-11,56.178,10.101
2420000,100,4,1973,townhouse,Brabrand,8220,6.6,2024,2024Q3,2024-09-11,56.159,10.104
4100000,95,4,1984,townhouse,Egå,8250,9.6,2024,2024Q3,2024-09-11,56.228,10.299
4850000,176,7,1968,villa,Lystrup,8520,9.0,2024,2024Q3,2024-09-11,56.237,10.225
5495000,151,7,1965,townhouse,Højbjerg,8270,4.8,2024,2024Q3,2024-09-11,56.116,10.187
5400000,174,5,2017,villa,Skødstrup,8541,13.2,2024,2024Q3,2024-09-12,56.261,10.313
5800000,181,5,2007,villa,Brabrand,8220,7.3,2024,2024Q3,2024-09-12,56.158,10.094
6950000,250,6,2019,villa,Skødstrup,8541,15.4,2024,2024Q3,2024-09-12,56.282,10.319
3998000,217,6,1897,villa,Aarhus N,8200,8.5,2024,2024Q3,2024-09-14,56.233,10.208
4350000,121,5,1948,villa,Aarhus V,8210,3.2,2024,2024Q3,2024-09-14,56.176,10.173
6700000,119,3,2020,villa,Egå,8250,11.2,2024,2024Q3,2024-09-15,56.234,10.328
2730000,119,5,1972,villa,Tranbjerg J,8310,9.3,2024,2024Q3,2024-09-15,56.088,10.124
1520000,73,3,2004,townhouse,Tilst,8381,6.9,2024,2024Q3,2024-09-15,56.184,10.111
1525000,141,5,1964,villa,Trige,8380,16.5,2024,2024Q3,2024-09-15,56.301,10.145
2385000,88,3,1960,villa,Brabrand,8220,5.8,2024,2024Q3,2024-09-15,56.154,10.117
2400000,117,4,1963,villa,Skødstrup,8541,14.4,2024,2024Q3,2024-09-16,56.274,10.31
7600000,164,5,1959,villa,Risskov,8240,4.9,2024,2024Q3,2024-09-16,56.195,10.249
2350000,177,7,1963,villa,Sabro,8471,10.2,2024,2024Q3,2024-09-16,56.202,10.067
2400000,153,6,2011,villa,Trige,8380,11.3,2024,2024Q3,2024-09-16,56.253,10.157
3395000,124,4,1976,villa,Skødstrup,8541,13.9,2024,2024Q3,2024-09-16,56.27,10.304
3550000,121,4,2016,villa,Hasselager,8361,9.0,2024,2024Q3,2024-09-17,56.115,10.086
2935000,136,5,1967,villa,Tilst,8381,8.2,2024,2024Q3,2024-09-17,56.19,10.093
4050000,150,3,1972,villa,Brabrand,8220,5.6,2024,2024Q3,2024-09-18,56.159,10.12
2935000,100,3,2017,townhouse,Hjortshøj,8530,11.4,2024,2024Q3,2024-09-18,56.253,10.273
2698000,85,3,2005,townhouse,Brabrand,8220,7.3,2024,2024Q3,2024-09-18,56.162,10.093
5872500,108,5,1912,villa,Viby J,8260,2.9,2024,2024Q3,2024-09-18,56.137,10.181
9500000,216,6,2006,villa,Højbjerg,8270,4.6,2024,2024Q3,2024-09-18,56.118,10.185
3500000,144,4,1997,villa,Tilst,8381,6.8,2024,2024Q3,2024-09-18,56.191,10.121
3250000,127,4,1987,townhouse,Højbjerg,8270,5.8,2024,2024Q3,2024-09-19,56.108,10.178
1800000,173,5,1930,villa,Skødstrup,8541,15.0,2024,2024Q3,2024-09-19,56.278,10.317
3450000,123,4,1976,townhouse,Brabrand,8220,7.7,2024,2024Q3,2024-09-19,56.15,10.088
3600000,96,3,1929,townhouse,Aarhus V,8210,3.2,2024,2024Q3,2024-09-19,56.166,10.162
7500000,233,8,1899,villa,Aarhus N,8200,1.7,2024,2024Q3,2024-09-20,56.172,10.211
5250000,168,5,1972,villa,Risskov,8240,5.4,2024,2024Q3,2024-09-22,56.205,10.214
5475000,127,5,1981,villa,Højbjerg,8270,5.9,2024,2024Q3,2024-09-22,56.104,10.213
5300000,170,5,2021,villa,Viby J,8260,6.6,2024,2024Q3,2024-09-23,56.123,10.123
3700000,159,5,2021,villa,Sabro,8471,16.5,2024,2024Q3,2024-09-23,56.225,9.975
3500000,109,7,1928,villa,Højbjerg,8270,5.1,2024,2024Q3,2024-09-24,56.116,10.175
2095000,119,4,1975,townhouse,Tilst,8381,7.5,2024,2024Q3,2024-09-24,56.192,10.108
3150000,150,5,2023,townhouse,Hasselager,8361,8.9,2024,2024Q3,2024-09-25,56.113,10.091
3350000,127,4,1970,villa,Brabrand,8220,5.6,2024,2024Q3,2024-09-25,56.161,10.12
6800000,150,5,2023,townhouse,Hasselager,8361,8.9,2024,2024Q3,2024-09-26,56.113,10.09
3200000,150,5,2023,townhouse,Hasselager,8361,8.9,2024,2024Q3,2024-09-26,56.113,10.09
4550000,176,6,1890,townhouse,Aarhus N,8200,5.4,2024,2024Q3,2024-09-26,56.2,10.172
6800000,150,5,2023,townhouse,Hasselager,8361,8.9,2024,2024Q3,2024-09-26,56.113,10.09
5900000,148,4,1973,townhouse,Egå,8250,8.6,2024,2024Q3,2024-09-26,56.22,10.29
2600000,136,4,1969,villa,Tranbjerg J,8310,9.4,2024,2024Q3,2024-09-26,56.086,10.127
2910000,113,4,1989,townhouse,Højbjerg,8270,5.9,2024,2024Q3,2024-09-26,56.108,10.175
5100000,120,8,1962,villa,Højbjerg,8270,4.1,2024,2024Q3,2024-09-27,56.122,10.187
3500000,126,3,1999,townhouse,Højbjerg,8270,6.4,2024,2024Q3,2024-09-29,56.099,10.219
3350000,150,5,2023,townhouse,Hasselager,8361,8.9,2024,2024Q3,2024-09-29,56.114,10.09
