limit,age,late_now,months_late,bill,paid,utilisation,default
20000,24,2,2,3913,0,0.1956,1
120000,26,0,2,2682,0,0.0223,1
90000,34,0,0,29239,1518,0.3249,0
50000,37,0,0,46990,2000,0.9398,0
50000,57,0,0,8617,2000,0.1723,0
50000,37,0,0,64400,2500,1.288,0
500000,29,0,0,367965,55000,0.7359,0
100000,23,0,0,11876,380,0.1188,0
140000,28,0,1,11285,3329,0.0806,0
20000,35,0,0,0,0,0.0,0
200000,34,0,1,11073,2306,0.0554,0
260000,51,0,1,12261,21818,0.0472,0
630000,41,0,0,12137,1000,0.0193,0
70000,30,1,4,65802,3200,0.94,1
250000,29,0,0,70887,3000,0.2835,0
50000,23,1,2,50614,0,1.0123,0
20000,24,0,4,15376,3200,0.7688,1
320000,49,0,0,253286,10358,0.7915,0
360000,49,1,1,0,0,0.0,0
180000,29,1,1,0,0,0.0,0
130000,39,0,0,38358,3000,0.2951,0
120000,39,0,0,316,316,0.0026,1
70000,26,2,4,41087,2007,0.587,1
450000,40,0,0,5512,19428,0.0122,1
90000,23,0,0,4744,5757,0.0527,0
50000,23,0,0,47620,1973,0.9524,0
60000,27,1,1,-109,0,-0.0018,1
50000,30,0,0,22541,1300,0.4508,0
50000,47,0,0,650,3415,0.013,0
50000,26,0,0,15329,1500,0.3066,0
230000,27,0,0,16646,17270,0.0724,0
50000,33,2,1,30518,1718,0.6104,1
100000,32,0,0,93036,3023,0.9304,0
500000,54,0,0,10929,4152,0.0219,0
500000,58,0,0,13709,5006,0.0274,0
160000,30,0,0,30265,131,0.1892,0
280000,40,0,0,186503,8026,0.6661,0
60000,22,0,0,15054,1500,0.2509,0
50000,25,1,1,0,780,0.0,1
280000,31,0,1,498,9075,0.0018,0
360000,33,0,0,218668,10000,0.6074,0
70000,25,0,0,67521,3000,0.9646,0
10000,22,0,0,1877,1500,0.1877,0
140000,37,0,0,59504,3000,0.425,0
40000,30,0,1,18927,3000,0.4732,0
210000,29,0,0,0,0,0.0,1
20000,22,0,1,14028,3000,0.7014,1
150000,46,0,0,4463,1013,0.0298,1
380000,32,0,0,22401,21540,0.059,0
20000,24,0,0,17447,1318,0.8724,0
70000,42,1,5,37042,0,0.5292,1
100000,43,0,0,61559,2000,0.6156,0
310000,49,0,0,13465,7875,0.0434,0
180000,25,1,2,41402,1300,0.23,0
150000,29,2,1,46224,1600,0.3082,0
500000,45,0,0,1905,3640,0.0038,0
180000,34,0,0,16386,8500,0.091,0
180000,34,0,0,175886,8083,0.9771,0
200000,34,0,5,1587,0,0.0079,0
400000,29,0,0,400134,17000,1.0003,0
500000,28,0,0,22848,1516,0.0457,1
70000,39,0,0,70800,4025,1.0114,0
50000,29,2,6,24987,0,0.4997,1
50000,46,0,0,28718,1000,0.5744,1
130000,51,0,0,99,0,0.0008,0
200000,57,0,2,152519,0,0.7626,1
10000,56,2,3,2097,2300,0.2097,1
210000,30,2,1,300,300,0.0014,0
130000,29,1,2,-190,0,-0.0015,0
20000,22,2,1,18565,0,0.9282,0
80000,31,0,0,780,0,0.0098,0
320000,29,2,6,58267,2500,0.1821,1
200000,32,0,1,9076,5818,0.0454,0
290000,37,1,1,0,0,0.0,0
340000,32,0,0,3048,5713,0.009,0
20000,24,0,1,14619,2850,0.731,0
50000,25,0,0,42838,1759,0.8568,0
300000,45,0,0,291,291,0.001,0
30000,22,0,0,28387,1686,0.9462,1
240000,44,1,1,0,0,0.0,1
470000,33,0,0,165254,6400,0.3516,0
360000,26,0,0,23411,4796,0.065,0
60000,30,0,0,26324,1576,0.4387,1
400000,44,0,1,131595,10700,0.329,0
50000,49,0,0,48909,1676,0.9782,0
160000,33,0,0,130028,4400,0.8127,0
360000,45,0,1,390,1170,0.0011,1
160000,32,0,0,3826,1147,0.0239,0
130000,35,0,0,81313,40000,0.6255,0
20000,44,2,3,8583,0,0.4292,0
200000,53,2,6,138180,6300,0.6909,1
280000,39,0,0,7524,0,0.0269,0
100000,27,0,0,-2000,7555,-0.02,0
160000,37,0,0,880,1602,0.0055,0
60000,23,0,0,45648,1937,0.7608,0
90000,35,0,0,83725,3621,0.9303,0
360000,43,0,0,3967,8339,0.011,0
150000,27,0,0,86009,4031,0.5734,0
50000,22,0,0,18722,1411,0.3744,0
20000,38,0,0,17973,1699,0.8986,1
140000,32,0,0,672,10212,0.0048,0
380000,30,0,0,-81,223,-0.0002,0
480000,63,0,2,422069,16078,0.8793,0
50000,22,0,0,44698,1767,0.894,1
60000,26,2,5,56685,0,0.9448,0
70000,24,0,0,5580,0,0.0797,0
80000,36,0,0,6108,2861,0.0764,0
350000,52,0,0,713,2272,0.002,0
130000,38,0,0,171438,10908,1.3188,0
360000,35,1,1,-103,0,-0.0003,0
330000,31,0,1,105879,9260,0.3208,0
50000,47,0,1,13244,2000,0.2649,0
280000,41,2,6,135673,6500,0.4845,0
100000,24,0,0,52128,2000,0.5213,0
50000,41,0,0,19015,1340,0.3803,0
30000,24,0,3,18199,0,0.6066,1
240000,28,0,0,326,326,0.0014,0
80000,26,2,1,14029,2000,0.1754,1
400000,34,0,0,19660,9677,0.0492,0
240000,38,0,0,50254,2000,0.2094,0
50000,37,2,6,46004,1000,0.9201,1
450000,40,1,1,0,0,0.0,1
110000,48,1,1,0,0,0.0,0
310000,35,2,1,304991,13019,0.9838,1
20000,27,0,0,19115,1404,0.9558,0
20000,23,1,1,0,0,0.0,0
200000,52,0,0,110151,3568,0.5508,0
180000,36,0,0,163736,4655,0.9096,1
50000,51,0,0,3347,1000,0.0669,1
60000,55,3,3,60521,2504,1.0087,0
30000,23,1,1,4000,5645,0.1333,0
240000,41,1,1,95,2622,0.0004,0
420000,34,0,0,253454,9744,0.6035,0
330000,46,0,0,227389,8210,0.6891,0
30000,22,0,0,28452,2000,0.9484,0
240000,34,0,3,10674,1500,0.0445,0
150000,27,0,0,17444,2500,0.1163,0
210000,33,0,0,7166,1500,0.0341,0
50000,51,0,0,752,300,0.015,1
50000,24,0,0,50801,2360,1.016,0
240000,47,1,1,0,0,0.0,1
180000,28,0,0,1832,0,0.0102,0
50000,23,1,4,10131,1000,0.2026,0
170000,29,0,0,12159,10000,0.0715,0
20000,29,0,0,1199,15586,0.06,0
50000,28,0,1,4999,1000,0.1,0
170000,27,0,0,19269,1661,0.1133,1
200000,34,1,2,197236,8000,0.9862,0
80000,23,1,4,9168,1650,0.1146,0
260000,60,1,1,-1100,0,-0.0042,0
140000,32,0,1,86627,3455,0.6188,0
80000,25,0,0,42444,30000,0.5306,0
350000,41,1,1,208,2906,0.0006,0
280000,56,0,0,208775,8042,0.7456,0
30000,26,0,0,9014,1700,0.3005,0
140000,34,0,0,23944,5000,0.171,0
200000,37,0,0,105420,4000,0.5271,0
200000,30,0,0,196031,7300,0.9802,0
210000,45,2,6,115785,10478,0.5514,1
50000,57,3,2,12854,0,0.2571,0
30000,41,2,5,24357,3500,0.8119,0
50000,27,2,2,390,390,0.0078,0
290000,47,0,0,1234,396,0.0043,0
250000,34,0,1,141223,17994,0.5649,0
60000,46,0,0,21148,3000,0.3525,0
110000,27,0,0,101640,5500,0.924,0
370000,50,0,0,6093,15383,0.0165,0
100000,27,0,2,102349,3166,1.0235,0
90000,35,0,1,72112,3500,0.8012,0
50000,22,0,0,28040,1510,0.5608,0
270000,37,0,0,37695,5000,0.1396,0
300000,30,0,0,688,3288,0.0023,0
50000,22,0,0,8567,15000,0.1713,0
50000,24,1,1,-709,0,-0.0142,1
360000,29,1,1,0,0,0.0,0
130000,56,1,6,64617,3000,0.4971,1
80000,30,0,0,6187,504,0.0773,0
50000,30,1,3,48860,0,0.9772,0
20000,22,0,0,16001,1212,0.8,0
80000,29,0,1,77883,5800,0.9735,0
240000,37,0,1,12212,15000,0.0509,0
80000,35,0,0,49608,12500,0.6201,0
500000,47,0,0,56422,70010,0.1128,0
60000,24,0,0,58024,2500,0.9671,1
20000,25,0,0,10642,1200,0.5321,0
100000,38,1,3,14483,0,0.1448,1
360000,32,1,1,2616,57087,0.0073,0
200000,47,2,6,199436,8214,0.9972,1
130000,34,1,1,0,5396,0.0,0
20000,31,1,6,21703,0,1.0852,0
310000,32,0,0,59901,10020,0.1932,0
60000,27,2,2,19625,1342,0.3271,1
180000,29,0,0,11386,199,0.0633,0
180000,24,0,1,14670,37867,0.0815,0
50000,36,0,0,47790,2000,0.9558,0
50000,24,1,6,36166,1900,0.7233,1
150000,34,0,0,0,0,0.0,0
20000,22,0,0,18553,1500,0.9276,0
500000,34,0,0,412,138,0.0008,0
30000,22,1,3,29010,1000,0.967,1
180000,38,0,0,750,0,0.0042,0
140000,31,0,2,27123,25000,0.1937,0
140000,26,0,0,13424,10000,0.0959,0
120000,26,0,0,107314,5000,0.8943,0
360000,48,0,0,226430,9100,0.629,0
20000,43,0,0,227,22359,0.0114,0
100000,47,0,0,390,1473,0.0039,0
210000,41,0,0,3088,1586,0.0147,1
80000,24,0,0,81625,3200,1.0203,1
330000,50,0,0,8872,4345,0.0269,0
220000,24,0,0,105607,5000,0.48,0
210000,38,1,1,0,0,0.0,1
40000,43,0,0,38257,1700,0.9564,0
30000,39,0,1,28347,3036,0.9449,0
470000,27,2,4,296573,13000,0.631,0
30000,42,0,1,390,390,0.013,0
240000,36,1,1,-946,0,-0.0039,1
80000,36,2,1,79278,3100,0.991,0
110000,31,0,0,89989,4000,0.8181,0
310000,38,0,0,1424,4542,0.0046,0
360000,40,2,3,105167,12000,0.2921,1
330000,45,0,0,335196,12388,1.0157,0
300000,35,0,0,291619,12019,0.9721,0
320000,33,0,0,91653,10042,0.2864,0
50000,37,1,3,52626,0,1.0525,1
170000,28,0,0,130370,6530,0.7669,0
350000,44,0,0,3265,2686,0.0093,0
20000,37,0,0,16455,1609,0.8228,0
50000,23,2,1,49758,2401,0.9952,1
20000,24,1,2,19154,0,0.9577,0
50000,24,0,0,35084,2090,0.7017,0
20000,23,1,3,20235,0,1.0118,1
50000,26,0,0,102800,0,2.056,0
190000,34,2,3,129801,5000,0.6832,1
60000,33,0,0,58203,1506,0.97,0
80000,35,0,0,7988,3983,0.0998,0
150000,27,0,0,127402,4500,0.8493,0
210000,31,0,0,1440,0,0.0069,0
240000,50,0,0,234205,10116,0.9759,1
140000,41,0,0,19346,3000,0.1382,1
60000,28,1,3,21501,0,0.3584,0
50000,39,0,0,47174,1800,0.9435,0
50000,27,0,0,26655,1800,0.5331,0
180000,32,0,2,3139,2821,0.0174,0
30000,40,0,4,142,355,0.0047,0
20000,40,0,0,19816,1601,0.9908,0
250000,75,0,0,52874,1631,0.2115,0
100000,27,0,0,37767,1788,0.3777,0
330000,25,0,1,46140,2504,0.1398,0
50000,46,0,0,35713,1561,0.7143,0
50000,26,1,3,50867,1710,1.0173,0
30000,28,0,0,29242,5006,0.9747,0
140000,26,0,0,101551,5366,0.7254,1
160000,28,0,0,70243,7042,0.439,0
400000,29,0,0,19532,3127,0.0488,0
50000,25,0,0,27699,1565,0.554,0
140000,48,0,0,1154,1233,0.0082,0
160000,33,0,0,8015,2453,0.0501,0
100000,43,0,0,62170,0,0.6217,0
220000,48,2,1,210380,10000,0.9563,1
510000,29,0,0,78331,40010,0.1536,0
50000,29,0,0,49276,1602,0.9855,0
160000,38,0,1,4473,4664,0.028,0
230000,37,0,0,2283,51315,0.0099,0
80000,37,0,0,10115,258,0.1264,0
150000,25,0,0,6156,0,0.041,0
10000,23,0,1,6974,1134,0.6974,0
130000,49,0,0,89003,4100,0.6846,1
40000,48,0,0,34871,1600,0.8718,0
50000,27,3,3,13694,1700,0.2739,1
100000,32,0,0,70003,2035,0.7,0
120000,34,0,1,1082,0,0.009,0
260000,58,1,1,0,0,0.0,1
200000,33,0,0,11253,2000,0.0563,0
360000,28,0,0,0,0,0.0,1
70000,36,0,0,68699,4483,0.9814,0
460000,40,2,1,171,2728,0.0004,1
50000,26,0,0,1156,316,0.0231,0
50000,33,0,0,50859,2007,1.0172,0
250000,31,0,0,103109,4000,0.4124,0
30000,27,0,0,1512,1000,0.0504,0
270000,44,0,0,127543,10063,0.4724,0
180000,30,0,0,163935,7722,0.9108,0
100000,28,0,0,53494,4173,0.5349,0
230000,32,0,0,195126,5000,0.8484,0
210000,46,0,0,110346,41986,0.5255,0
210000,38,2,1,60502,3276,0.2881,0
440000,46,0,0,180641,8610,0.4105,0
100000,25,2,1,70896,3472,0.709,1
240000,46,0,0,8751,1295,0.0365,0
280000,33,0,0,898,898,0.0032,1
50000,22,1,1,0,0,0.0,1
30000,43,3,6,1700,1100,0.0567,0
10000,27,0,1,7015,3507,0.7015,1
130000,29,1,1,0,0,0.0,0
200000,31,0,0,194353,9000,0.9718,0
120000,29,0,0,1686,657,0.014,0
210000,36,0,0,143225,6483,0.682,0
280000,36,0,0,58983,2755,0.2107,0
300000,34,1,1,0,0,0.0,1
100000,37,0,0,99209,3490,0.9921,0
440000,36,0,0,0,0,0.0,0
50000,40,0,0,49941,2400,0.9988,0
20000,25,0,1,11968,2800,0.5984,1
200000,27,0,0,871,665,0.0044,0
110000,26,0,0,432,3220,0.0039,0
500000,36,0,0,10483,23962,0.021,0
300000,27,1,1,0,5215,0.0,0
30000,55,2,6,9720,1200,0.324,1
60000,27,0,0,20847,13809,0.3474,0
400000,38,0,0,3697,1000,0.0092,0
180000,34,0,0,143301,7000,0.7961,0
20000,40,0,1,10934,3000,0.5467,0
200000,49,0,3,52439,0,0.2622,1
100000,27,0,0,55734,1631,0.5573,0
60000,23,0,0,49507,1970,0.8251,1
110000,36,0,0,47819,2200,0.4347,0
260000,53,1,1,0,165,0.0,0
50000,46,3,3,48522,3754,0.9704,0
180000,29,1,1,-2,0,-0.0,0
110000,29,1,3,58362,2500,0.5306,1
340000,27,0,0,172180,21105,0.5064,0
50000,24,0,0,1399,1070,0.028,0
230000,28,0,0,26361,1710,0.1146,1
360000,32,0,0,93029,10000,0.2584,0
210000,43,1,1,0,0,0.0,0
220000,41,0,3,650,325,0.003,1
60000,34,2,5,24898,3800,0.415,1
340000,55,0,0,50396,44665,0.1482,0
150000,40,2,6,99855,5200,0.6657,0
200000,37,1,2,-179,1000,-0.0009,1
130000,40,0,1,9559,3000,0.0735,1
60000,28,1,2,10540,0,0.1757,0
400000,43,1,1,0,0,0.0,0
20000,27,0,0,20571,1323,1.0286,0
190000,28,0,0,143464,5795,0.7551,0
260000,30,0,0,156882,10000,0.6034,0
140000,31,0,0,390,0,0.0028,0
50000,31,0,0,46512,1974,0.9302,1
120000,34,0,0,882,6900,0.0074,0
240000,30,0,0,92,92,0.0004,0
50000,36,0,0,5916,1212,0.1183,0
200000,29,0,2,2393,0,0.012,0
180000,39,0,0,274731,11000,1.5263,0
180000,26,0,0,145403,5440,0.8078,0
160000,29,0,0,3097,0,0.0194,0
100000,26,0,0,1370,4210,0.0137,0
50000,29,0,0,47081,3000,0.9416,1
140000,31,0,0,138119,6600,0.9866,0
30000,26,0,0,17893,1411,0.5964,1
90000,26,0,0,39128,1541,0.4348,0
200000,36,1,1,-14386,10118,-0.0719,0
380000,30,1,1,0,0,0.0,1
80000,43,0,0,77057,3177,0.9632,0
50000,58,2,4,15899,3400,0.318,0
180000,45,0,0,27679,1481,0.1538,1
240000,26,0,0,141315,6349,0.5888,0
380000,34,0,0,194314,9010,0.5114,0
110000,24,0,0,83755,3000,0.7614,0
260000,34,0,0,49657,291,0.191,0
500000,23,4,3,507726,10000,1.0155,1
320000,30,0,0,71305,2589,0.2228,0
50000,32,4,3,45734,0,0.9147,0
110000,40,1,1,0,0,0.0,1
230000,35,0,0,761,300,0.0033,0
330000,56,1,1,-9,1529,-0.0,0
50000,61,0,0,47166,3000,0.9433,0
10000,24,0,3,2887,0,0.2887,0
300000,40,1,1,0,0,0.0,0
20000,32,3,2,20631,0,1.0316,1
180000,36,2,2,83538,0,0.4641,1
160000,30,0,0,99,2977,0.0006,0
90000,34,0,3,34302,1640,0.3811,0
30000,54,0,0,22987,2500,0.7662,0
180000,46,0,0,173267,8100,0.9626,0
30000,58,0,0,19143,1640,0.6381,0
30000,43,1,3,20518,0,0.6839,0
140000,28,0,0,10833,14000,0.0774,0
210000,30,0,0,69937,3500,0.333,0
50000,31,0,0,20526,2000,0.4105,1
130000,29,0,0,89055,4200,0.685,0
50000,37,2,3,1894,1500,0.0379,1
140000,36,0,0,100594,3000,0.7185,0
170000,28,0,1,2948,1105,0.0173,1
80000,25,0,0,22619,10010,0.2827,0
410000,42,0,0,338106,15000,0.8246,0
80000,29,1,1,0,80000,0.0,0
80000,73,0,3,63144,3500,0.7893,1
150000,43,0,0,153249,7900,1.0217,0
260000,30,0,0,1131,291,0.0044,1
350000,38,1,1,0,0,0.0,0
280000,39,1,1,-1312,38621,-0.0047,1
310000,44,0,0,103797,4400,0.3348,0
140000,29,0,0,20110,3000,0.1436,0
360000,51,0,0,38000,25000,0.1056,0
140000,27,0,0,142428,10000,1.0173,0
100000,38,0,0,40810,2502,0.4081,0
50000,22,0,0,0,0,0.0,0
210000,30,0,0,104701,4002,0.4986,0
120000,25,2,6,120298,4007,1.0025,0
240000,29,0,0,156362,5233,0.6515,0
60000,42,0,0,41322,1488,0.6887,0
150000,41,0,1,1464,2091,0.0098,1
30000,48,0,0,27879,1774,0.9293,0
160000,29,2,6,160432,7500,1.0027,1
200000,52,0,0,3858,2690,0.0193,0
120000,25,0,0,26476,6000,0.2206,0
500000,37,1,2,507062,325,1.0141,0
320000,27,0,0,55607,11404,0.1738,0
280000,31,0,0,168382,10000,0.6014,0
60000,23,1,6,29332,0,0.4889,1
200000,38,0,0,190,0,0.001,0
230000,32,1,1,0,0,0.0,0
230000,27,1,2,13668,0,0.0594,1
480000,41,0,0,14867,26734,0.031,0
50000,35,0,0,22500,5000,0.45,0
200000,31,0,0,7184,17507,0.0359,0
50000,30,0,1,14811,2000,0.2962,0
50000,48,0,0,44338,3629,0.8868,0
260000,36,1,1,0,0,0.0,1
30000,24,2,2,25265,1500,0.8422,0
440000,29,0,0,169661,8071,0.3856,0
230000,38,0,0,10237,2795,0.0445,0
200000,38,2,3,104978,4500,0.5249,1
490000,30,0,0,192586,10000,0.393,0
80000,32,0,0,11262,0,0.1408,0
20000,49,2,4,9551,3000,0.4776,1
170000,31,0,0,199,199,0.0012,1
70000,27,0,0,70119,3600,1.0017,0
210000,33,0,0,212601,6000,1.0124,0
90000,25,0,0,91894,3200,1.021,0
390000,27,0,0,304867,13007,0.7817,1
110000,29,0,0,48123,2500,0.4375,0
580000,36,0,0,159760,6422,0.2754,0
360000,55,0,0,9210,6015,0.0256,0
270000,32,1,6,234752,10000,0.8695,1
60000,27,0,1,14072,0,0.2345,0
110000,37,0,0,61807,2300,0.5619,0
50000,25,0,0,51044,2500,1.0209,0
80000,23,0,0,77024,3212,0.9628,1
50000,23,0,0,350,350,0.007,0
100000,32,0,2,83831,4000,0.8383,0
30000,26,1,1,0,0,0.0,0
200000,27,0,0,122923,5704,0.6146,0
240000,44,0,0,246135,12026,1.0256,1
220000,34,0,0,37304,1600,0.1696,0
160000,28,0,0,146433,4500,0.9152,0
180000,53,0,0,46122,1260,0.2562,0
200000,42,0,0,38564,5000,0.1928,0
140000,30,0,1,96304,4505,0.6879,0
380000,51,1,1,0,0,0.0,1
600000,53,2,2,467150,0,0.7786,1
260000,37,0,0,255691,14000,0.9834,0
200000,26,0,0,156786,179,0.7839,0
80000,42,0,0,78129,2500,0.9766,0
40000,39,0,0,40034,2027,1.0008,0
130000,39,1,6,71034,0,0.5464,0
50000,32,0,0,23974,1800,0.4795,0
230000,41,0,0,819,18163,0.0036,0
70000,48,0,0,50927,2100,0.7275,1
180000,38,0,0,152510,5657,0.8473,0
80000,36,0,0,1689,8638,0.0211,0
290000,26,0,0,20807,80000,0.0717,0
230000,28,0,0,30141,120093,0.131,0
170000,56,1,1,0,0,0.0,0
230000,59,0,0,208459,7536,0.9063,1
220000,38,0,0,212795,8909,0.9672,1
230000,32,0,0,28114,1610,0.1222,0
500000,38,0,0,59372,10026,0.1187,0
90000,41,0,0,6160,3276,0.0684,0
390000,35,0,0,355215,13802,0.9108,1
400000,41,0,0,366193,14020,0.9155,0
180000,34,0,0,2927,2790,0.0163,0
60000,38,1,4,29295,1800,0.4882,0
120000,32,0,0,4158,2682,0.0346,0
60000,29,0,0,27199,1900,0.4533,0
50000,44,0,0,50893,1800,1.0179,0
70000,37,0,1,66759,2518,0.9537,0
500000,38,0,1,600,0,0.0012,0
200000,31,0,0,0,0,0.0,0
250000,40,0,1,44930,120041,0.1797,0
140000,26,0,4,131367,17000,0.9383,1
70000,28,0,1,41264,2112,0.5895,0
90000,48,1,6,77604,1700,0.8623,0
100000,43,0,0,2491,1709,0.0249,0
190000,31,0,0,177554,7600,0.9345,0
230000,42,0,0,6865,15111,0.0298,0
320000,39,0,0,93768,3317,0.293,0
220000,36,0,0,396,1648,0.0018,1
260000,34,0,0,16426,6277,0.0632,0
90000,32,0,0,573,157,0.0064,0
30000,43,2,5,28703,1300,0.9568,0
260000,30,0,1,98560,4000,0.3791,0
170000,28,0,0,28304,4000,0.1665,0
80000,28,0,0,8574,1203,0.1072,1
50000,41,0,0,508,1000,0.0102,0
200000,47,0,0,203183,7521,1.0159,0
20000,23,0,1,16440,7403,0.822,0
250000,49,0,0,66,0,0.0003,0
20000,38,0,2,15912,1623,0.7956,0
30000,38,0,2,20344,2000,0.6781,0
90000,35,1,6,23132,0,0.257,0
230000,46,0,0,221590,10000,0.9634,0
130000,33,0,0,19161,2000,0.1474,1
30000,53,0,0,0,0,0.0,0
160000,35,0,0,396,396,0.0025,0
500000,43,0,0,3959,0,0.0079,0
180000,28,0,1,42238,2500,0.2347,0
80000,30,0,1,21507,1700,0.2688,0
120000,26,0,0,884,0,0.0074,0
130000,31,0,1,1261,1261,0.0097,0
120000,35,0,0,240,240,0.002,1
360000,28,0,0,20223,53228,0.0562,0
50000,23,2,6,29509,2000,0.5902,1
20000,23,0,1,18355,2900,0.9178,0
100000,56,0,0,94265,2385,0.9426,0
70000,32,0,0,68739,3060,0.982,0
50000,47,0,0,13917,3000,0.2783,0
10000,22,1,2,10250,0,1.025,0
290000,34,0,0,93844,6000,0.3236,0
30000,31,0,0,16496,1597,0.5499,0
410000,27,1,1,-58,33049,-0.0001,0
360000,28,0,0,1210,390,0.0034,1
140000,42,0,0,111496,6022,0.7964,1
210000,32,0,0,67374,3200,0.3208,0
220000,27,0,0,1692,13250,0.0077,0
20000,27,1,3,18649,0,0.9324,0
620000,45,2,2,160837,0,0.2594,1
360000,26,1,1,-8,0,-0.0,0
20000,21,0,2,18763,14410,0.9382,0
50000,23,0,0,34549,2836,0.691,0
50000,30,0,0,97538,2454,1.9508,0
10000,46,0,3,4073,2400,0.4073,1
100000,50,2,4,53849,2050,0.5385,1
50000,26,0,0,2411,3068,0.0482,0
60000,25,0,0,480,1675,0.008,0
440000,35,0,0,330759,13100,0.7517,0
120000,44,0,0,92007,5417,0.7667,0
50000,52,0,0,3257,1000,0.0651,0
110000,40,1,6,92638,600,0.8422,0
200000,38,0,0,399,0,0.002,0
150000,28,1,1,0,0,0.0,0
30000,36,2,4,28778,0,0.9593,1
100000,24,0,0,30092,1553,0.3009,0
360000,34,0,0,12339,10000,0.0343,0
390000,31,0,0,50620,5000,0.1298,0
220000,41,1,1,-65,0,-0.0003,1
160000,25,0,0,0,0,0.0,0
230000,28,0,0,2403,7357,0.0104,0
120000,27,0,0,52437,5024,0.437,0
100000,52,0,3,4657,1500,0.0466,1
190000,41,0,0,28204,0,0.1484,1
50000,56,0,0,50715,2500,1.0143,1
240000,42,1,1,0,6370,0.0,0
40000,24,0,0,35285,2000,0.8821,0
630000,47,0,0,37850,38187,0.0601,0
160000,33,0,0,5233,5401,0.0327,0
110000,32,0,4,65299,11000,0.5936,0
20000,29,0,0,17208,2055,0.8604,0
210000,53,0,0,57192,2800,0.2723,0
270000,34,0,0,5780,12006,0.0214,0
360000,52,0,0,640,2231,0.0018,0
60000,42,0,0,631,2790,0.0105,0
360000,38,0,0,108351,8005,0.301,0
390000,45,2,5,834,1,0.0021,0
250000,35,0,0,7244,8514,0.029,0
90000,24,0,0,13141,1600,0.146,1
360000,28,0,0,7071,1510,0.0196,0
50000,26,0,0,35429,1537,0.7086,0
270000,40,0,0,18751,1000,0.0694,0
200000,29,1,1,55788,8394,0.2789,0
50000,23,0,0,49809,2040,0.9962,0
350000,33,0,0,10900,10530,0.0311,0
160000,60,0,0,3128,5156,0.0196,1
80000,49,0,0,3367,4641,0.0421,0
290000,53,2,1,279610,13000,0.9642,1
270000,28,0,0,475,475,0.0018,0
80000,31,0,1,5994,13647,0.0749,0
50000,36,0,0,5197,1300,0.1039,0
30000,35,0,0,7797,2687,0.2599,0
30000,28,1,1,0,780,0.0,1
90000,33,0,0,35785,15155,0.3976,0
160000,26,0,0,1433,3757,0.009,0
80000,53,0,0,77766,4000,0.9721,0
50000,42,0,0,50300,2200,1.006,0
20000,25,0,1,14603,1600,0.7302,0
220000,43,1,1,0,0,0.0,1
210000,25,0,1,8817,23776,0.042,1
130000,29,0,0,131575,6700,1.0121,0
260000,31,0,0,5841,23194,0.0225,0
230000,30,0,0,30341,5000,0.1319,0
160000,34,0,0,83255,4000,0.5203,0
50000,35,0,0,34976,1127,0.6995,0
80000,32,0,0,48747,2145,0.6093,0
110000,46,0,0,56700,2681,0.5155,0
200000,43,0,0,144678,5090,0.7234,0
360000,29,0,0,268112,9429,0.7448,0
210000,31,1,1,0,0,0.0,0
80000,24,2,1,79243,3249,0.9905,0
300000,36,0,1,-475,10000,-0.0016,1
310000,43,0,0,23396,1426,0.0755,0
30000,59,0,0,390,390,0.013,1
170000,53,0,0,17862,1323,0.1051,0
140000,28,2,4,26450,3007,0.1889,0
180000,31,1,1,0,0,0.0,0
50000,34,1,6,22746,0,0.4549,0
50000,36,0,0,9214,1351,0.1843,0
110000,24,0,1,40882,2000,0.3717,0
450000,36,0,0,3996,9120,0.0089,0
200000,34,0,0,390,390,0.002,0
220000,43,0,0,44177,1006,0.2008,0
360000,29,0,0,3280,0,0.0091,1
50000,37,0,0,48226,2000,0.9645,0
40000,23,2,2,36650,0,0.9162,0
190000,37,1,6,115049,6000,0.6055,0
150000,33,0,0,21724,2100,0.1448,0
200000,37,1,1,0,0,0.0,0
270000,56,0,0,137807,5000,0.5104,0
60000,25,0,0,58839,2018,0.9806,0
200000,39,0,0,80833,3315,0.4042,0
150000,39,0,0,36146,3000,0.241,0
180000,28,0,0,340,0,0.0019,0
90000,27,0,0,7624,0,0.0847,0
360000,37,1,1,0,0,0.0,0
90000,24,0,0,491,0,0.0055,0
20000,24,0,1,13168,1237,0.6584,0
70000,46,0,0,60040,2600,0.8577,0
230000,39,0,0,660,660,0.0029,0
30000,48,0,0,29434,1465,0.9811,0
200000,45,0,0,4430,7193,0.0222,0
100000,49,0,0,1440,0,0.0144,0
50000,23,0,1,26795,2000,0.5359,0
20000,25,0,0,16591,1155,0.8296,0
210000,47,0,0,0,0,0.0,0
110000,56,0,0,46486,4086,0.4226,0
20000,44,0,0,550,228,0.0275,0
50000,49,0,0,5630,1107,0.1126,0
50000,41,0,0,21986,1362,0.4397,0
400000,40,0,0,60125,1981,0.1503,0
170000,31,0,0,56364,3000,0.3316,0
280000,42,0,0,148363,6900,0.5299,0
130000,28,0,0,100143,2500,0.7703,0
210000,32,0,0,46255,5000,0.2203,0
370000,28,0,0,276436,20000,0.7471,0
30000,31,0,1,29493,3200,0.9831,0
150000,39,1,1,214450,5180,1.4297,0
60000,31,2,1,35369,1027,0.5895,1
80000,24,0,0,77615,3100,0.9702,0
280000,44,2,6,186149,0,0.6648,1
20000,46,8,6,21075,0,1.0538,0
270000,32,0,0,0,0,0.0,0
240000,26,0,0,14348,1000,0.0598,0
20000,22,0,0,20137,1300,1.0068,0
450000,42,1,1,-200,0,-0.0004,1
10000,33,0,0,8177,2500,0.8177,0
280000,39,0,0,2082,3597,0.0074,1
290000,27,0,0,13820,2000,0.0477,0
190000,28,0,0,46923,2500,0.247,1
80000,23,0,0,53261,4500,0.6658,0
280000,28,0,1,427,0,0.0015,0
160000,33,0,0,14150,8106,0.0884,0
90000,40,0,0,42856,3114,0.4762,1
140000,37,0,0,1034,40000,0.0074,0
50000,22,0,0,5137,1300,0.1027,0
40000,32,0,3,24114,2000,0.6028,0
130000,43,0,0,130067,5540,1.0005,0
70000,27,0,1,61611,3011,0.8802,0
30000,35,0,0,25078,1500,0.8359,0
100000,35,1,6,97002,8200,0.97,0
20000,30,2,3,5766,2000,0.2883,1
30000,34,2,5,99568,33000,3.3189,0
20000,34,0,0,12857,1541,0.6428,1
100000,28,2,1,96193,3600,0.9619,1
30000,25,2,6,2400,0,0.08,1
320000,41,0,0,97797,4520,0.3056,0
90000,42,2,6,64762,0,0.7196,1
190000,40,2,6,145613,15000,0.7664,1
200000,28,0,0,71989,52129,0.3599,0
300000,31,0,0,3345,1087,0.0112,0
30000,56,0,0,29033,1283,0.9678,0
110000,45,0,0,26650,1532,0.2423,0
230000,29,0,0,0,0,0.0,0
230000,35,0,0,4259,1250,0.0185,0
310000,28,0,0,106468,8000,0.3434,0
320000,40,0,0,247276,10000,0.7727,0
360000,47,0,0,1548,0,0.0043,0
20000,41,0,0,780,0,0.039,1
170000,27,0,0,162671,7500,0.9569,0
140000,40,0,0,123049,4310,0.8789,0
80000,32,0,0,51372,1853,0.6422,0
150000,35,0,0,60015,20000,0.4001,0
170000,27,0,2,1170,0,0.0069,0
200000,29,2,1,159398,6163,0.797,1
70000,30,0,2,55664,5800,0.7952,0
320000,37,0,0,43528,500,0.136,0
150000,29,0,0,0,0,0.0,0
50000,34,0,0,27966,1267,0.5593,0
90000,34,0,2,8792,0,0.0977,0
280000,41,0,0,28026,41346,0.1001,0
300000,31,0,1,43610,1655,0.1454,0
400000,40,0,0,0,8235,0.0,0
200000,27,0,0,5780,105,0.0289,0
10000,22,0,0,8109,2000,0.8109,1
50000,30,1,3,52515,0,1.0503,1
30000,22,1,6,22582,4600,0.7527,0
50000,26,0,0,15448,1500,0.309,1
50000,38,1,2,58102,2500,1.162,0
30000,46,1,6,12289,0,0.4096,0
20000,24,0,1,10476,1000,0.5238,0
20000,49,0,0,16326,1441,0.8163,0
50000,49,0,0,17681,1611,0.3536,0
30000,42,0,0,47912,1755,1.5971,0
360000,30,1,2,18886,0,0.0525,0
170000,42,1,1,0,1690,0.0,0
400000,31,0,0,203,770,0.0005,0
50000,49,0,0,34962,1613,0.6992,0
160000,27,0,0,80964,4000,0.506,0
70000,33,0,0,69418,2382,0.9917,1
150000,35,1,1,0,0,0.0,0
80000,48,0,0,45174,3000,0.5647,0
30000,22,0,1,23892,5300,0.7964,0
10000,22,0,0,7960,2000,0.796,1
180000,27,1,1,0,3338,0.0,0
320000,47,0,0,9192,13942,0.0287,0
80000,34,0,3,25935,2000,0.3242,0
10000,45,0,1,7139,1400,0.7139,1
360000,39,0,0,12865,4484,0.0357,0
450000,33,0,0,-14,2582,-0.0,0
330000,29,0,0,49549,90000,0.1501,0
60000,29,0,3,546,0,0.0091,1
50000,26,0,0,9935,1234,0.1987,0
200000,38,0,0,152856,6000,0.7643,0
120000,34,1,2,1278,0,0.0106,0
160000,37,0,0,316,316,0.002,0
110000,57,0,0,46132,2306,0.4194,0
70000,50,0,0,27345,1041,0.3906,0
150000,28,0,0,101593,4000,0.6773,0
610000,31,0,0,142764,6540,0.234,0
110000,25,0,0,92849,4346,0.8441,0
80000,25,2,2,17330,3000,0.2166,1
170000,33,0,0,109863,4380,0.6463,0
110000,30,0,0,1064,2007,0.0097,0
140000,51,0,0,56764,2115,0.4055,0
70000,51,0,1,43048,3000,0.615,0
260000,46,0,0,29484,10000,0.1134,0
170000,38,0,0,21310,2000,0.1254,0
50000,34,0,0,10821,1221,0.2164,0
300000,34,0,0,280823,11000,0.9361,1
150000,31,2,1,390,390,0.0026,1
50000,25,8,6,37647,0,0.7529,1
50000,26,1,1,0,0,0.0,0
90000,25,2,1,84710,4000,0.9412,0
50000,26,0,0,48036,2100,0.9607,1
500000,43,0,0,43346,4006,0.0867,0
470000,36,0,0,873,1005,0.0019,0
230000,58,0,0,110163,5600,0.479,0
140000,26,0,0,4113,2000,0.0294,0
230000,30,2,1,9636,1222,0.0419,1
420000,31,0,0,25103,1509,0.0598,0
30000,24,0,0,31319,1564,1.044,0
50000,52,1,3,43343,1300,0.8669,1
140000,24,0,0,197,0,0.0014,0
260000,35,0,0,7967,67650,0.0306,0
90000,29,0,1,19450,0,0.2161,0
240000,33,0,0,240878,10000,1.0037,0
510000,35,0,0,2115,1117,0.0041,0
110000,35,0,0,81665,2460,0.7424,0
210000,28,0,0,11442,3738,0.0545,0
220000,40,0,0,158,0,0.0007,0
200000,35,0,0,2257,4266,0.0113,0
360000,53,0,0,10733,15206,0.0298,0
260000,44,0,0,316,316,0.0012,0
20000,33,0,0,11026,1174,0.5513,0
120000,32,0,0,113869,5498,0.9489,0
50000,33,0,1,7363,39,0.1473,0
60000,26,1,2,29649,0,0.4942,0
200000,26,0,0,12716,16244,0.0636,0
20000,26,0,0,1438,1261,0.0719,0
50000,32,2,1,47858,2500,0.9572,1
50000,31,1,2,0,0,0.0,0
230000,29,0,3,40732,5000,0.1771,0
50000,27,0,1,819,2184,0.0164,0
100000,28,2,6,79580,3790,0.7958,1
210000,42,1,1,0,0,0.0,1
230000,32,0,1,87764,2630,0.3816,1
500000,26,1,1,31421,22157,0.0628,0
370000,38,0,0,929,328,0.0025,0
230000,35,0,0,2648,200,0.0115,0
80000,29,0,0,11894,1284,0.1487,0
60000,29,0,0,55064,5000,0.9177,0
30000,51,1,3,25382,1800,0.8461,0
70000,27,1,1,-54,600,-0.0008,0
410000,32,0,0,5335,5400,0.013,0
280000,40,1,1,-288,0,-0.001,0
50000,34,0,0,46750,2320,0.935,0
100000,30,0,0,97062,2800,0.9706,0
230000,29,0,0,0,0,0.0,0
50000,22,0,0,13801,1372,0.276,0
100000,48,2,5,15355,3164,0.1536,0
210000,35,0,0,37148,2000,0.1769,0
400000,37,0,0,385,13032,0.001,0
20000,25,4,3,20610,0,1.0305,1
50000,44,0,0,2000,780,0.04,0
230000,28,0,0,6666,6666,0.029,0
220000,29,0,0,31037,3050,0.1411,0
300000,36,0,0,25239,1713,0.0841,0
80000,23,1,2,998,6861,0.0125,0
20000,36,0,4,16754,2400,0.8377,1
190000,26,0,1,31061,1750,0.1635,0
160000,37,0,0,2694,35888,0.0168,0
120000,44,0,1,70096,8100,0.5841,0
700000,39,0,0,99259,5000,0.1418,0
140000,24,1,1,0,0,0.0,0
300000,29,0,0,24921,2000,0.0831,0
120000,33,1,6,66055,3000,0.5505,1
280000,39,0,1,213738,20300,0.7634,0
70000,51,2,2,54968,0,0.7853,1
20000,24,0,1,4101,507,0.205,0
150000,45,0,0,2605,2605,0.0174,0
60000,30,0,0,15380,4147,0.2563,0
200000,51,0,0,780,0,0.0039,0
50000,24,1,2,48861,2000,0.9772,1
150000,50,0,1,55336,5085,0.3689,0
20000,22,0,0,20243,1410,1.0122,0
40000,27,0,0,11058,2000,0.2764,1
170000,33,1,1,0,7042,0.0,0
50000,24,1,3,27087,0,0.5417,0
10000,37,0,2,8755,1167,0.8755,0
200000,58,0,0,3035,199646,0.0152,0
50000,48,0,0,20944,2360,0.4189,0
320000,28,0,0,2007,2000,0.0063,0
20000,24,8,6,24310,0,1.2155,0
470000,27,0,0,152478,3001,0.3244,1
230000,30,0,0,550,0,0.0024,0
20000,23,0,0,17246,2000,0.8623,0
30000,53,0,0,1598,2487,0.0533,1
80000,23,2,6,22895,1600,0.2862,0
110000,55,0,0,15069,1600,0.137,0
420000,34,0,0,88948,30000,0.2118,0
500000,43,1,1,0,0,0.0,1
80000,22,1,2,79318,2000,0.9915,0
350000,31,0,0,67648,3039,0.1933,0
30000,32,0,0,0,0,0.0,0
110000,33,1,1,0,0,0.0,1
500000,39,0,0,315201,25000,0.6304,0
490000,38,0,0,4290,4738,0.0088,0
300000,34,0,0,205064,0,0.6835,0
50000,42,2,2,47647,3700,0.9529,1
150000,37,4,5,151117,6500,1.0074,1
80000,57,0,1,726,0,0.0091,0
40000,23,0,3,20035,2000,0.5009,0
30000,32,1,3,29095,2500,0.9698,0
50000,37,0,0,30400,500,0.608,0
140000,23,0,0,44733,2100,0.3195,0
50000,49,0,0,4987,2000,0.0997,0
30000,25,0,0,26957,1333,0.8986,0
40000,29,0,4,26461,3400,0.6615,1
100000,43,2,6,50485,2200,0.5048,1
130000,29,0,0,131041,7000,1.008,0
20000,27,0,0,20218,1482,1.0109,0
50000,26,0,0,0,0,0.0,0
260000,41,0,0,1086,3552,0.0042,0
30000,52,2,6,2450,0,0.0817,1
10000,31,0,0,15915,2330,1.5915,0
200000,32,0,0,43515,1739,0.2176,0
30000,46,0,0,28234,1484,0.9411,0
180000,35,0,0,119333,6000,0.663,0
100000,35,0,0,29109,0,0.2911,0
140000,39,0,0,105192,3000,0.7514,0
290000,34,0,0,310403,12012,1.0704,0
20000,52,0,0,14591,1265,0.7296,0
80000,40,0,0,35660,2000,0.4458,0
500000,38,0,0,13655,8351,0.0273,0
180000,45,0,0,4453,3310,0.0247,0
20000,40,0,0,2946,0,0.1473,0
30000,25,0,1,30606,1800,1.0202,0
150000,33,0,0,45335,6000,0.3022,0
280000,27,0,0,5924,5174,0.0212,0
50000,43,0,0,23587,1800,0.4717,0
20000,43,2,2,15294,1300,0.7647,0
200000,30,0,0,4935,0,0.0247,0
210000,49,1,1,0,0,0.0,1
230000,38,0,0,224020,8750,0.974,0
50000,57,0,0,47917,1988,0.9583,0
50000,55,0,0,51737,2930,1.0347,1
70000,23,0,0,49605,3000,0.7086,0
310000,30,0,0,1544,1300,0.005,0
180000,30,0,0,2488,13476,0.0138,0
90000,24,0,1,24401,1454,0.2711,0
390000,28,0,0,149445,8046,0.3832,0
150000,34,0,0,772,340,0.0051,0
400000,37,1,4,13611,3019,0.034,0
80000,32,0,0,28408,1259,0.3551,0
320000,27,0,0,137574,6048,0.4299,0
240000,37,0,0,238,0,0.001,1
200000,31,0,0,100,100,0.0005,0
110000,55,1,6,92610,4500,0.8419,1
170000,28,2,6,131864,5600,0.7757,1
90000,51,0,1,11315,1212,0.1257,1
200000,36,0,0,3877,11496,0.0194,0
360000,30,0,0,0,2500,0.0,0
140000,36,0,0,4036,0,0.0288,0
220000,25,0,0,168286,10000,0.7649,0
100000,50,0,0,154970,0,1.5497,0
80000,40,2,3,57364,2200,0.717,0
30000,27,0,2,27772,3136,0.9257,0
50000,30,2,5,4187,2300,0.0837,1
120000,26,0,0,22431,1500,0.1869,0
50000,27,0,0,7010,3000,0.1402,0
360000,27,0,0,79837,27465,0.2218,0
90000,25,2,4,86014,8300,0.9557,0
500000,32,0,0,386405,25016,0.7728,0
140000,46,0,0,68075,3000,0.4862,0
30000,45,0,1,17187,7900,0.5729,0
70000,30,0,0,19882,1352,0.284,0
200000,39,0,0,0,0,0.0,0
350000,48,0,0,54969,2087,0.1571,0
120000,32,1,1,0,0,0.0,1
240000,46,0,0,471814,16044,1.9659,0
90000,23,0,0,22109,6000,0.2457,0
260000,33,1,1,0,0,0.0,0
50000,24,0,1,27245,1800,0.5449,0
110000,40,0,0,8481,4980,0.0771,0
20000,24,0,1,1371,796,0.0686,0
30000,24,0,0,27391,1767,0.913,0
180000,27,0,2,11392,3500,0.0633,1
20000,46,0,0,5902,1122,0.2951,0
50000,22,0,0,50342,1896,1.0068,0
180000,36,0,0,10737,21197,0.0596,0
200000,34,0,0,1242,4034,0.0062,0
260000,24,0,0,68411,2500,0.2631,0
320000,60,0,0,9955,3465,0.0311,1
160000,29,2,2,1989,0,0.0124,1
30000,32,2,4,7851,1500,0.2617,1
50000,36,0,0,16906,1314,0.3381,0
50000,30,0,0,21062,2000,0.4212,0
90000,29,0,0,47585,10000,0.5287,0
240000,34,1,2,11874,0,0.0495,0
180000,32,1,4,15548,0,0.0864,1
200000,32,0,0,5150,10190,0.0258,0
50000,25,0,1,42543,1900,0.8509,0
50000,44,0,0,1261,1261,0.0252,0
330000,37,0,0,4785,3523,0.0145,0
80000,24,2,6,1200,0,0.015,1
50000,23,0,0,3779,3955,0.0756,0
360000,29,0,0,15854,1000,0.044,0
240000,37,0,0,219099,8131,0.9129,0
50000,59,0,0,47069,2169,0.9414,0
470000,33,0,0,190258,40012,0.4048,0
160000,51,0,1,2000,0,0.0125,0
30000,27,0,0,12897,2011,0.4299,1
80000,32,0,0,81074,3700,1.0134,0
500000,42,0,0,10889,29987,0.0218,0
180000,39,0,0,3135,2833,0.0174,0
110000,46,0,0,2410,2151,0.0219,0
160000,41,0,2,117126,15315,0.732,0
210000,30,0,0,21780,1325,0.1037,0
200000,34,0,0,6206,1120,0.031,1
350000,35,0,0,4439,33891,0.0127,0
250000,41,0,0,1338,0,0.0054,1
380000,43,1,3,8201,39,0.0216,1
30000,47,0,0,396,396,0.0132,0
200000,31,0,0,33781,3000,0.1689,0
30000,30,0,0,27826,1600,0.9275,0
50000,24,0,0,14937,3027,0.2987,0
500000,36,0,0,294827,20007,0.5897,0
30000,28,1,1,0,0,0.0,0
220000,36,0,0,996,4102,0.0045,0
20000,27,0,0,42784,3000,2.1392,0
180000,32,0,0,74189,2000,0.4122,0
300000,42,0,0,11973,20979,0.0399,1
130000,33,0,0,133461,7010,1.0266,0
180000,39,2,5,10159,2710,0.0564,1
150000,30,0,0,50,8589,0.0003,0
140000,30,0,0,134203,5000,0.9586,1
50000,22,0,0,49609,2100,0.9922,0
20000,25,1,3,6174,2000,0.3087,1
180000,28,0,0,666,662,0.0037,0
180000,26,0,0,5591,1126,0.0311,1
150000,54,0,1,148747,5500,0.9916,0
70000,24,0,0,63903,3000,0.9129,0
30000,29,8,6,34423,0,1.1474,0
500000,36,0,0,45106,81690,0.0902,1
60000,49,0,0,44801,3000,0.7467,0
50000,23,0,0,49860,2500,0.9972,0
130000,43,1,1,1018,6433,0.0078,1
260000,33,0,0,134736,6067,0.5182,0
380000,53,0,0,0,0,0.0,0
360000,25,2,6,286732,10792,0.7965,0
50000,54,1,3,62847,2100,1.2569,0
50000,39,0,1,58300,7876,1.166,0
260000,44,0,2,1215,0,0.0047,1
80000,27,0,0,57376,2200,0.7172,0
360000,25,0,0,279846,7004,0.7774,1
290000,29,1,1,0,0,0.0,1
200000,39,0,0,-200,0,-0.001,0
140000,45,0,2,39716,1600,0.2837,0
360000,38,1,1,0,0,0.0,1
50000,23,0,0,780,0,0.0156,1
120000,25,2,2,113348,0,0.9446,0
100000,29,0,0,94453,3320,0.9445,0
200000,28,0,0,81865,5000,0.4093,0
90000,40,0,0,4989,0,0.0554,0
360000,36,1,1,0,0,0.0,1
150000,30,0,0,456,9664,0.003,1
140000,29,0,0,2937,2024,0.021,0
200000,36,0,0,1371,4077,0.0069,0
170000,37,0,0,166246,6700,0.9779,0
30000,34,0,3,19785,5500,0.6595,0
80000,27,0,0,80000,0,1.0,0
280000,31,0,1,164736,8833,0.5883,0
410000,31,0,2,2744,2051,0.0067,0
450000,38,0,0,29747,30323,0.0661,0
80000,36,0,0,79148,2000,0.9894,0
360000,46,0,0,92961,10125,0.2582,0
130000,36,0,0,129689,5000,0.9976,0
160000,26,0,0,2198,9155,0.0137,1
140000,57,2,1,131795,6743,0.9414,1
240000,40,1,1,-55,0,-0.0002,0
180000,45,0,0,4148,0,0.023,0
70000,57,0,0,69398,2667,0.9914,0
150000,25,0,0,142827,5000,0.9522,0
210000,37,0,0,138398,5000,0.659,0
200000,35,0,0,9918,1219,0.0496,0
310000,33,0,0,4040,4068,0.013,0
180000,38,0,1,153099,7005,0.8506,0
300000,31,0,0,62198,1600,0.2073,0
450000,41,0,0,11343,75459,0.0252,0
200000,33,1,1,-5,3470,-0.0,0
30000,67,2,4,30374,0,1.0125,1
400000,40,0,0,1107,3891,0.0028,0
170000,33,0,0,764,1105,0.0045,0
140000,31,0,1,652,0,0.0047,1
200000,35,0,0,64195,3000,0.321,0
60000,39,1,1,-1540,0,-0.0257,0
60000,27,1,4,43356,0,0.7226,1
150000,23,0,0,11109,78016,0.0741,0
180000,54,0,0,149698,4834,0.8317,1
50000,23,0,0,43979,2000,0.8796,0
50000,24,0,0,2562,8769,0.0512,0
20000,26,0,0,70,0,0.0035,0
230000,52,2,2,1292,3951,0.0056,1
110000,42,0,0,55349,2096,0.5032,0
90000,36,0,0,90922,4273,1.0102,0
20000,22,2,6,16233,5383,0.8116,1
30000,23,0,0,26847,2500,0.8949,0
220000,30,0,1,162105,10000,0.7368,1
140000,24,1,4,42897,3821,0.3064,1
300000,42,0,0,3000,3300,0.01,0
100000,49,0,1,34704,2011,0.347,0
110000,31,2,5,279,0,0.0025,0
270000,33,0,0,10000,10000,0.037,0
30000,42,0,0,28033,1525,0.9344,0
70000,41,0,0,70476,2700,1.0068,0
230000,53,2,2,1350,0,0.0059,0
20000,23,0,0,18852,1500,0.9426,0
190000,33,1,2,115056,0,0.6056,0
20000,29,0,0,15890,2000,0.7945,0
80000,67,0,0,20255,6000,0.2532,0
20000,33,2,1,20500,2191,1.025,1
60000,34,0,1,9928,1500,0.1655,1
50000,49,0,0,10750,1507,0.215,0
280000,56,0,0,284204,10261,1.015,1
300000,42,0,0,120151,4229,0.4005,0
30000,55,2,1,29278,1600,0.9759,1
270000,25,0,0,21586,239104,0.0799,0
100000,30,0,0,87579,4172,0.8758,0
240000,43,0,0,291,291,0.0012,1
200000,40,0,0,2159,1086,0.0108,0
110000,35,0,2,32691,4500,0.2972,0
230000,61,0,0,1477,3710,0.0064,0
150000,44,0,0,390,5104,0.0026,1
350000,33,0,0,148341,8405,0.4238,0
360000,66,0,0,47615,75351,0.1323,0
150000,40,1,1,-19,3913,-0.0001,0
100000,47,0,0,94925,3889,0.9492,0
500000,27,0,0,204198,7434,0.4084,0
500000,35,0,0,172041,58761,0.3441,0
180000,47,0,0,316,316,0.0018,0
400000,39,1,1,2384,3603,0.006,0
100000,29,0,0,61383,1908,0.6138,0
10000,32,1,6,8425,0,0.8425,0
60000,30,2,6,34735,0,0.5789,0
50000,25,1,6,47054,2000,0.9411,1
80000,23,0,0,57314,2145,0.7164,0
110000,43,0,1,108616,9600,0.9874,0
410000,41,0,0,354506,14600,0.8646,1
260000,40,1,1,0,342,0.0,0
30000,35,0,0,28786,1500,0.9595,0
310000,28,0,0,36513,2500,0.1178,0
70000,38,0,0,22578,1397,0.3225,0
250000,31,0,0,215316,6845,0.8613,0
210000,29,1,2,198510,0,0.9453,0
360000,41,1,1,0,0,0.0,1
50000,31,1,3,48657,0,0.9731,0
670000,29,0,0,244663,10000,0.3652,0
130000,26,0,0,2343,32322,0.018,0
170000,42,1,1,0,0,0.0,0
30000,29,0,0,390,0,0.013,0
110000,50,0,0,36802,2000,0.3346,0
210000,46,1,2,5816,13,0.0277,1
30000,24,0,3,24238,3462,0.8079,1
260000,46,0,3,18256,2934,0.0702,0
150000,28,0,0,1723,6876,0.0115,0
20000,35,1,5,18648,0,0.9324,1
380000,40,0,0,6614,49094,0.0174,0
200000,41,0,0,7812,0,0.0391,0
120000,47,0,0,1188,2512,0.0099,0
80000,54,0,0,76962,4000,0.962,1
30000,33,1,2,31089,0,1.0363,0
110000,29,1,4,83687,3900,0.7608,0
50000,44,0,0,3424,155,0.0685,0
90000,24,0,0,84148,5006,0.935,0
110000,33,0,0,12633,80004,0.1148,0
50000,54,0,0,38607,2000,0.7721,0
60000,27,0,0,11862,1861,0.1977,0
150000,37,0,0,80463,3348,0.5364,1
20000,24,1,2,18738,20,0.9369,0
140000,54,1,1,-150,0,-0.0011,1
120000,34,1,1,-9,907,-0.0001,0
200000,40,2,1,176502,8000,0.8825,1
20000,30,1,6,19977,2000,0.9988,1
50000,26,0,0,48221,2571,0.9644,0
200000,41,0,0,18012,1385,0.0901,0
100000,29,0,0,75912,10000,0.7591,0
300000,38,0,0,2285,0,0.0076,0
500000,35,0,0,22369,14128,0.0447,0
360000,52,0,0,2995,2406,0.0083,0
160000,29,1,1,0,0,0.0,0
50000,23,0,3,47053,1842,0.9411,1
230000,34,0,0,234328,8913,1.0188,1
200000,34,1,1,0,3346,0.0,0
270000,44,3,6,256402,17944,0.9496,0
50000,36,2,4,45159,4700,0.9032,0
20000,28,1,4,15764,500,0.7882,0
60000,31,0,1,59643,3200,0.994,0
50000,31,0,0,2522,0,0.0504,0
50000,41,0,0,19339,1703,0.3868,0
130000,44,0,1,109006,4500,0.8385,0
230000,47,0,0,147300,10000,0.6404,0
20000,25,0,0,3400,1000,0.17,0
30000,25,0,2,19801,3000,0.66,0
200000,39,0,0,8432,3746,0.0422,0
140000,24,0,0,2515,0,0.018,0
100000,35,2,3,98845,4600,0.9884,1
240000,32,2,3,127418,10400,0.5309,1
70000,31,2,6,2400,0,0.0343,1
360000,33,1,2,71195,0,0.1978,0
140000,30,1,2,149389,0,1.0671,0
50000,52,0,1,2072,0,0.0414,0
210000,36,0,0,396,590,0.0019,0
280000,30,1,3,191493,1000,0.6839,0
180000,42,2,6,50420,2500,0.2801,1
150000,30,0,0,10705,1000,0.0714,0
20000,47,1,3,19739,0,0.987,0
350000,29,0,0,8760,5932,0.025,0
130000,23,0,0,3820,2640,0.0294,0
470000,39,1,1,0,0,0.0,0
340000,48,0,0,4052,0,0.0119,0
80000,26,1,4,77389,0,0.9674,0
70000,33,0,0,70524,2500,1.0075,0
230000,44,0,0,5990,1677,0.026,0
180000,36,0,0,21494,5000,0.1194,0
210000,39,0,0,26749,14000,0.1274,0
20000,24,0,0,780,0,0.039,0
140000,25,2,1,137606,6000,0.9829,0
200000,52,0,0,115702,5517,0.5785,0
50000,59,0,0,47822,2009,0.9564,0
80000,23,0,0,3526,6687,0.0441,0
30000,48,0,0,1445,2000,0.0482,0
140000,28,0,1,9305,4800,0.0665,1
80000,62,0,0,1262,1642,0.0158,0
220000,38,0,0,20000,3450,0.0909,0
180000,32,0,0,666,666,0.0037,0
140000,29,0,0,81764,20167,0.584,1
180000,25,2,3,10022,3000,0.0557,1
50000,35,0,0,14536,1700,0.2907,0
170000,27,0,0,97474,2932,0.5734,0
50000,38,0,0,50958,2042,1.0192,0
50000,24,0,0,49144,1500,0.9829,0
300000,29,0,0,1874,0,0.0062,0
390000,27,2,1,386301,17000,0.9905,0
90000,55,2,2,81998,4003,0.9111,1
200000,29,0,0,194241,12000,0.9712,0
460000,29,0,0,410033,16088,0.8914,0
10000,23,0,0,3714,1104,0.3714,0
20000,30,0,0,1261,2835,0.063,1
50000,50,0,0,1232,1846,0.0246,0
480000,38,0,0,90258,30000,0.188,0
180000,24,0,0,169263,8000,0.9404,0
240000,29,0,0,3093,2000,0.0129,0
250000,38,0,0,584,3307,0.0023,0
270000,34,0,0,381,3406,0.0014,1
200000,37,0,0,123337,11202,0.6167,0
100000,66,0,0,100036,4702,1.0004,0
160000,39,0,0,710,666,0.0044,0
80000,45,0,0,81841,4100,1.023,0
130000,44,0,1,29547,0,0.2273,0
340000,44,0,0,142836,7000,0.4201,1
360000,36,0,0,0,394,0.0,0
120000,40,0,0,108300,5000,0.9025,0
120000,29,0,0,30101,2000,0.2508,0
300000,48,0,0,247279,10005,0.8243,0
60000,23,2,2,2516,0,0.0419,0
210000,50,0,0,106724,4037,0.5082,0
210000,29,0,0,209807,5088,0.9991,1
70000,49,2,6,21024,1400,0.3003,1
200000,33,0,1,50612,10023,0.2531,0
230000,51,0,0,51802,3000,0.2252,1
20000,23,0,0,3675,19316,0.1838,1
210000,37,0,0,211749,7000,1.0083,0
160000,26,0,0,390,390,0.0024,0
290000,30,0,0,1312,1318,0.0045,1
80000,26,0,0,63677,2000,0.796,0
360000,43,0,0,4134,2134,0.0115,0
230000,32,0,0,164634,7326,0.7158,0
360000,54,0,0,16230,0,0.0451,0
340000,30,0,0,351828,30076,1.0348,0
50000,22,0,0,8537,1200,0.1707,0
80000,38,0,0,89394,5000,1.1174,0
50000,24,0,0,97043,2000,1.9409,0
30000,24,0,0,3019,1479,0.1006,0
210000,26,0,0,1360,0,0.0065,0
150000,42,0,0,3260,2270,0.0217,1
20000,21,0,0,20297,1240,1.0148,0
20000,22,0,0,19624,1000,0.9812,1
240000,41,0,0,5325,5,0.0222,0
500000,50,0,0,16984,87004,0.034,0
90000,23,0,0,12770,2500,0.1419,1
50000,46,0,0,50131,1388,1.0026,0
50000,22,0,0,50834,2200,1.0167,1
680000,37,0,0,18314,2700,0.0269,0
50000,47,0,4,45717,3000,0.9143,0
100000,40,0,0,326,326,0.0033,0
280000,30,0,0,270276,11000,0.9653,0
30000,54,0,0,26278,1700,0.8759,1
50000,27,2,2,23901,4146,0.478,1
60000,33,0,0,8308,7565,0.1385,0
120000,57,0,0,118709,5000,0.9892,1
80000,35,0,0,2890,9796,0.0361,0
500000,45,0,0,140,94,0.0003,0
70000,32,2,2,18317,0,0.2617,0
160000,45,0,0,0,0,0.0,0
100000,50,2,3,110537,0,1.1054,1
10000,35,0,0,7877,1174,0.7877,0
90000,26,0,0,10750,100,0.1194,0
170000,39,2,6,74298,7000,0.437,1
90000,35,0,0,2667,2667,0.0296,0
180000,42,0,0,67414,10000,0.3745,0
350000,52,2,6,2400,0,0.0069,1
270000,35,0,0,225400,9000,0.8348,0
200000,29,0,0,65935,1011,0.3297,1
20000,22,0,0,15829,1600,0.7914,0
100000,30,0,0,44953,3000,0.4495,0
290000,46,0,0,194301,10744,0.67,0
70000,28,1,2,68970,0,0.9853,0
230000,26,0,0,416,371,0.0018,0
180000,28,0,0,950,4369,0.0053,0
210000,33,0,0,291,291,0.0014,0
50000,24,2,2,49946,0,0.9989,0
150000,37,0,0,45000,3000,0.3,0
380000,50,0,0,385662,12020,1.0149,1
50000,44,0,0,45335,1524,0.9067,0
150000,43,0,1,264,1000,0.0018,1
220000,29,0,0,122286,5008,0.5558,0
80000,27,0,0,45268,2600,0.5658,0
220000,32,0,0,194961,7200,0.8862,0
70000,34,1,4,24208,1500,0.3458,0
120000,37,0,2,16241,1000,0.1353,1
180000,32,0,0,20730,1582,0.1152,0
50000,57,0,0,49017,2500,0.9803,0
10000,46,1,2,9532,0,0.9532,0
370000,53,0,0,21160,8162,0.0572,0
20000,26,0,0,10658,1072,0.5329,0
150000,34,0,0,132214,4414,0.8814,0
20000,26,0,0,416,416,0.0208,1
480000,54,0,0,17189,6026,0.0358,0
50000,26,0,1,25060,2000,0.5012,0
170000,31,0,0,24581,1728,0.1446,0
400000,30,0,0,-200,0,-0.0005,0
200000,31,0,0,38635,3031,0.1932,0
360000,34,1,1,0,0,0.0,0
140000,36,0,0,91226,4182,0.6516,0
260000,34,0,0,12071,2114,0.0464,0
440000,26,0,0,96190,3513,0.2186,0
500000,43,0,0,12200,1518,0.0244,0
230000,29,0,0,64982,3000,0.2825,0
470000,41,0,0,13780,12300,0.0293,0
20000,48,1,6,14589,2700,0.7294,1
210000,24,0,0,108491,5800,0.5166,0
20000,23,0,0,6733,0,0.3366,0
20000,53,0,0,12197,1600,0.6098,0
200000,34,1,1,-2,760,-0.0,0
250000,36,0,0,6220,27225,0.0249,1
300000,41,0,1,34480,1472,0.1149,0
320000,30,0,0,113801,5017,0.3556,0
50000,29,1,4,37170,0,0.7434,0
200000,34,0,0,6626,2476,0.0331,0
80000,29,0,0,16936,1303,0.2117,1
70000,37,0,1,10323,0,0.1475,1
60000,36,3,2,56807,0,0.9468,0
10000,22,0,1,10012,2452,1.0012,1
50000,30,0,1,50332,4210,1.0066,0
140000,26,2,1,133572,6169,0.9541,1
30000,25,0,0,7160,1300,0.2387,0
190000,49,0,0,435,435,0.0023,0
70000,23,0,0,853,3128,0.0122,0
330000,28,0,0,390,0,0.0012,0
110000,24,0,1,6470,2654,0.0588,0
270000,47,0,0,165303,6200,0.6122,0
160000,31,3,2,26295,1500,0.1643,1
20000,24,3,2,18937,0,0.9468,0
320000,32,0,0,21460,3000,0.0671,0
430000,31,0,0,29860,10000,0.0694,0
50000,37,2,2,8014,1200,0.1603,0
140000,48,0,1,1600,5012,0.0114,1
500000,49,0,0,4214,6378,0.0084,0
80000,45,0,0,26637,1490,0.333,0
390000,34,1,1,0,0,0.0,0
250000,43,0,0,17454,24890,0.0698,0
390000,31,0,0,6466,6266,0.0166,0
100000,35,0,0,57612,2134,0.5761,0
360000,42,0,0,179851,10005,0.4996,0
140000,36,1,1,-5,1140,-0.0,0
110000,51,0,0,45964,2000,0.4179,0
170000,48,2,1,316,316,0.0019,0
170000,48,0,0,137823,5396,0.8107,0
180000,25,0,2,4745,1257,0.0264,0
140000,41,0,0,109326,5600,0.7809,0
20000,49,0,0,13882,2018,0.6941,0
150000,28,0,0,0,0,0.0,0
50000,28,0,0,48072,2518,0.9614,0
160000,38,1,1,0,0,0.0,1
80000,41,0,0,3153,1013,0.0394,0
300000,29,0,0,-140,28232,-0.0005,1
60000,32,0,0,62552,1500,1.0425,0
70000,26,2,6,42583,2000,0.6083,1
290000,31,0,0,632,0,0.0022,0
80000,23,0,0,8766,1600,0.1096,0
50000,53,1,1,0,0,0.0,1
200000,49,0,0,7697,20071,0.0385,0
200000,34,0,0,267,6817,0.0013,0
50000,22,0,0,586,297,0.0117,1
20000,26,2,1,1041,10758,0.052,0
200000,38,0,0,6186,735,0.0309,1
120000,35,1,2,77785,0,0.6482,0
220000,49,0,0,172184,7583,0.7827,0
630000,40,0,0,440474,18000,0.6992,0
300000,34,0,0,19357,5032,0.0645,0
10000,49,1,2,8184,0,0.8184,1
50000,29,1,1,0,0,0.0,0
280000,39,0,0,7791,1000,0.0278,1
130000,30,0,0,4536,1161,0.0349,0
30000,28,0,1,23182,2000,0.7727,0
50000,27,0,0,9877,1140,0.1975,0
70000,38,0,0,24758,1273,0.3537,0
80000,29,0,0,41815,2100,0.5227,0
20000,22,2,3,16726,3000,0.8363,1
390000,41,0,0,495559,10218,1.2707,0
470000,32,0,0,147113,5000,0.313,0
240000,30,0,0,7818,9434,0.0326,0
140000,29,0,0,14943,2888,0.1067,0
260000,37,2,3,244738,12000,0.9413,1
150000,25,1,1,191,1964,0.0013,0
120000,46,0,4,14682,3200,0.1224,0
20000,47,0,1,18021,1280,0.901,0
260000,42,0,0,399,2101,0.0015,0
50000,22,0,0,42678,1500,0.8536,1
180000,27,2,4,126195,6000,0.7011,0
310000,35,1,1,10350,0,0.0334,0
360000,44,0,0,5101,9419,0.0142,0
180000,30,0,0,14445,1500,0.0802,0
270000,42,2,6,1250,0,0.0046,0
70000,28,0,0,67857,3000,0.9694,0
50000,24,0,0,2155,0,0.0431,0
30000,50,0,1,0,0,0.0,0
50000,54,0,0,11351,1150,0.227,0
350000,37,0,0,325,294,0.0009,0
200000,58,0,0,192461,7822,0.9623,0
80000,26,1,6,71661,0,0.8958,0
60000,31,0,3,47000,3000,0.7833,0
30000,52,0,1,15743,1300,0.5248,0
110000,36,0,0,108316,4600,0.9847,0
300000,27,0,0,42189,83754,0.1406,0
50000,22,0,0,22854,9000,0.4571,0
500000,39,0,0,2450,11833,0.0049,0
360000,36,0,0,356913,210000,0.9914,0
20000,39,1,3,14112,3520,0.7056,0
220000,39,0,0,75190,100000,0.3418,0
20000,22,0,2,11192,5000,0.5596,0
60000,37,3,6,30381,366,0.5064,1
170000,30,0,0,1560,1000,0.0092,0
200000,26,0,0,47236,1800,0.2362,0
20000,23,0,0,19990,1438,0.9995,0
140000,23,0,0,67505,2000,0.4822,0
330000,35,0,0,1663,0,0.005,0
180000,24,1,6,108580,0,0.6032,1
360000,35,0,0,5157,1012,0.0143,0
20000,51,2,1,14815,1264,0.7408,0
50000,23,0,1,34422,1544,0.6884,0
100000,25,0,0,20755,2000,0.2076,0
30000,36,2,2,30573,0,1.0191,0
70000,44,0,0,4221,2500,0.0603,1
470000,33,0,0,5613,11606,0.0119,0
300000,36,0,0,8385,27,0.028,0
300000,45,0,0,6608,10017,0.022,1
200000,26,0,0,2179,6440,0.0109,0
150000,41,0,0,79021,4023,0.5268,0
220000,25,0,0,165040,6809,0.7502,1
420000,31,0,0,1569,565,0.0037,0
210000,45,0,0,467,2050,0.0022,0
450000,58,0,0,8940,6271,0.0199,0
30000,38,0,0,184,1522,0.0061,0
240000,30,0,0,2816,7608,0.0117,0
420000,25,0,0,28206,100000,0.0672,0
60000,25,0,0,57174,3000,0.9529,0
30000,24,0,0,4882,14630,0.1627,0
80000,29,0,3,2673,0,0.0334,0
50000,37,0,0,48206,2120,0.9641,0
230000,27,0,0,19200,10000,0.0835,0
200000,31,0,0,6618,1900,0.0331,0
230000,28,0,0,12218,6000,0.0531,0
130000,24,0,0,122750,4966,0.9442,0
200000,27,1,1,0,0,0.0,0
90000,33,0,0,80919,9000,0.8991,0
120000,27,0,0,316,316,0.0026,0
200000,42,0,0,470,740,0.0024,0
20000,32,2,5,17757,0,0.8878,0
210000,37,2,6,76089,3700,0.3623,1
80000,44,0,0,80610,6502,1.0076,0
50000,29,0,0,50486,2200,1.0097,0
70000,42,2,6,50886,2200,0.7269,1
230000,32,2,6,189567,9000,0.8242,1
20000,52,0,0,17420,2000,0.871,0
30000,44,0,0,21043,1196,0.7014,0
100000,31,2,6,33752,0,0.3375,1
80000,29,0,1,81337,2842,1.0167,1
210000,33,0,0,187610,8500,0.8934,0
50000,54,1,2,48153,0,0.9631,0
130000,23,0,0,133622,4752,1.0279,0
70000,24,0,4,48432,5000,0.6919,0
210000,33,0,0,17420,1236,0.083,0
100000,44,0,0,780,0,0.0078,1
200000,51,0,0,3556,5020,0.0178,0
40000,24,1,3,28926,0,0.7232,1
80000,25,2,6,69602,0,0.87,0
210000,37,1,1,0,732,0.0,1
20000,23,0,1,7186,8060,0.3593,0
10000,34,0,0,8813,2148,0.8813,0
60000,50,0,0,61600,3300,1.0267,1
40000,25,0,0,11273,1520,0.2818,0
290000,33,0,0,413,486,0.0014,1
50000,54,0,0,1583,2134,0.0317,0
20000,25,0,2,17384,1500,0.8692,0
30000,26,0,0,33195,1600,1.1065,0
20000,32,0,1,17104,1613,0.8552,0
50000,43,0,0,24443,1800,0.4889,0
500000,42,1,3,-984,4500,-0.002,1
90000,24,0,0,595,207,0.0066,1
10000,26,0,0,15147,2234,1.5147,0
50000,37,2,6,1050,0,0.021,1
120000,36,0,2,24466,4500,0.2039,0
200000,27,0,0,157607,7194,0.788,0
300000,50,0,0,8924,3131,0.0297,0
90000,24,0,0,17524,5000,0.1947,0
90000,27,0,0,70482,2580,0.7831,0
140000,23,1,1,0,0,0.0,1
180000,39,0,0,1081,148,0.006,0
360000,39,0,0,1761,2816,0.0049,0
160000,29,1,1,0,0,0.0,1
100000,45,0,0,10529,2688,0.1053,0
20000,21,0,1,19277,5000,0.9638,1
360000,36,0,0,40434,2000,0.1123,0
230000,39,0,0,326,652,0.0014,0
110000,29,0,0,101006,5300,0.9182,1
210000,37,0,0,142149,6534,0.6769,0
200000,26,0,0,1747,12957,0.0087,0
50000,44,0,0,27560,1159,0.5512,0
210000,30,1,1,0,0,0.0,1
280000,31,1,1,-32,0,-0.0001,0
500000,40,0,0,94585,2659,0.1892,0
30000,25,0,0,3924,1099,0.1308,0
340000,36,0,0,167474,7106,0.4926,0
360000,32,0,0,389,389,0.0011,0
70000,22,0,0,71358,3280,1.0194,0
20000,44,2,6,2400,0,0.12,1
230000,32,0,0,44734,10120,0.1945,0
60000,41,0,0,48979,5070,0.8163,0
50000,28,3,3,49828,2121,0.9966,1
50000,29,0,4,10532,2800,0.2106,1
130000,28,0,0,36108,3000,0.2778,0
160000,52,0,0,155684,6525,0.973,0
60000,48,2,1,43533,1700,0.7256,0
160000,43,0,0,12458,7545,0.0779,0
180000,25,0,0,23800,1246,0.1322,0
170000,36,2,3,75960,2000,0.4468,0
360000,35,2,3,360023,14693,1.0001,1
130000,34,0,1,59955,2260,0.4612,0
180000,48,1,1,2551,3044,0.0142,0
20000,27,1,2,6274,0,0.3137,0
230000,43,0,0,7806,1295,0.0339,0
220000,30,1,1,0,0,0.0,0
240000,43,0,0,0,0,0.0,0
50000,54,0,0,50356,2000,1.0071,0
310000,39,0,0,7246,1155,0.0234,0
350000,70,0,0,100895,3371,0.2883,0
50000,24,0,0,629,351,0.0126,0
200000,30,1,1,26223,0,0.1311,0
480000,53,0,0,482250,18093,1.0047,0
180000,27,2,5,81044,2600,0.4502,1
200000,33,0,0,184676,7900,0.9234,0
20000,34,2,1,15736,1284,0.7868,0
50000,48,0,0,51631,1800,1.0326,0
210000,33,1,1,0,0,0.0,1
20000,24,0,0,19433,1700,0.9716,0
150000,31,1,1,6526,783,0.0435,0
50000,25,0,1,46528,1794,0.9306,0
190000,49,2,6,178367,5000,0.9388,1
290000,27,2,3,232523,16500,0.8018,0
420000,39,0,0,171141,5700,0.4075,0
340000,36,2,1,337981,17181,0.9941,0
60000,40,3,6,9744,1500,0.1624,0
90000,27,0,0,81111,3500,0.9012,0
30000,27,2,6,28207,1800,0.9402,1
160000,37,0,0,1988,0,0.0124,0
20000,35,0,5,11916,0,0.5958,0
90000,25,0,0,87525,4200,0.9725,1
120000,27,0,0,20874,1700,0.174,0
120000,38,1,1,-284,0,-0.0024,0
360000,50,0,0,147,686,0.0004,0
160000,32,0,0,16922,2555,0.1058,0
320000,34,0,0,65083,23750,0.2034,0
20000,25,0,4,16508,3400,0.8254,0
230000,29,0,0,63184,3100,0.2747,0
50000,44,0,0,15931,2000,0.3186,0
50000,48,0,0,2722,33895,0.0544,0
40000,24,0,1,5496,0,0.1374,0
120000,27,2,2,390,390,0.0032,0
130000,25,0,0,1031,1583,0.0079,1
110000,28,0,2,85918,4000,0.7811,0
20000,22,1,2,8222,0,0.4111,1
50000,22,1,1,0,0,0.0,0
120000,30,0,0,115583,4178,0.9632,0
50000,34,0,0,50375,2400,1.0075,0
360000,34,1,1,0,0,0.0,1
240000,44,0,0,3313,7458,0.0138,1
150000,32,0,0,46272,1082,0.3085,0
50000,23,0,1,30501,3113,0.61,0
500000,42,0,1,30439,1844,0.0609,1
110000,33,0,0,115895,6000,1.0536,0
170000,48,0,0,93420,4371,0.5495,1
230000,29,0,0,30818,2000,0.134,0
20000,47,0,0,9417,1179,0.4708,0
100000,41,1,1,0,0,0.0,0
110000,28,1,2,44278,0,0.4025,0
340000,52,0,0,30832,33670,0.0907,1
50000,37,0,0,37774,1976,0.7555,0
310000,50,0,0,316,316,0.001,0
50000,31,1,6,38102,2830,0.762,1
240000,38,0,1,107148,9500,0.4464,1
50000,48,0,0,10929,2526,0.2186,0
150000,34,0,1,0,13206,0.0,0
140000,44,0,0,108033,4000,0.7717,0
30000,56,0,2,16088,9000,0.5363,0
300000,30,0,0,93738,3000,0.3125,1
50000,29,0,0,2087,1000,0.0417,0
280000,37,0,0,29078,1515,0.1038,0
120000,23,0,0,118063,4700,0.9839,0
30000,27,1,1,0,306,0.0,0
30000,23,0,0,3226,3596,0.1075,1
180000,45,1,2,24400,1500,0.1356,0
150000,33,1,4,8967,3001,0.0598,0
110000,40,0,1,84589,3700,0.769,0
50000,24,0,0,50716,3029,1.0143,1
230000,43,1,2,0,5655,0.0,0
230000,25,0,1,95311,4500,0.4144,0
160000,46,0,0,6241,8805,0.039,0
50000,36,0,0,52855,2206,1.0571,0
210000,36,1,1,0,1690,0.0,0
120000,38,0,0,4100,7270,0.0342,0
240000,42,0,1,21943,15000,0.0914,0
20000,47,0,0,18768,1400,0.9384,0
50000,40,0,0,5538,1271,0.1108,0
50000,70,2,2,49546,0,0.9909,0
50000,32,0,0,48508,3037,0.9702,0
100000,52,0,0,73904,2781,0.739,0
390000,49,0,0,15026,13357,0.0385,0
550000,31,0,0,43769,2018,0.0796,0
450000,36,0,0,13500,6364,0.03,0
80000,50,0,0,2587,2587,0.0323,0
50000,48,0,0,4064,2000,0.0813,0
50000,33,1,3,49617,1813,0.9923,0
180000,44,0,0,70721,8000,0.3929,0
240000,35,0,0,15432,10851,0.0643,0
320000,29,0,0,500,500,0.0016,0
480000,35,0,2,18214,0,0.0379,0
150000,37,0,2,1184,0,0.0079,0
110000,29,0,1,107195,7845,0.9745,0
240000,30,0,0,7744,7305,0.0323,0
50000,33,0,0,47853,2412,0.9571,1
120000,27,0,0,2474,2469,0.0206,0
150000,31,1,1,0,0,0.0,0
100000,53,0,0,101503,1538,1.015,0
260000,38,0,0,-2,0,-0.0,0
250000,26,0,0,16884,2000,0.0675,0
100000,26,0,0,9614,0,0.0961,0
160000,51,2,3,79244,0,0.4953,1
270000,37,0,0,264,264,0.001,1
390000,42,0,0,5895,42016,0.0151,0
210000,43,0,1,80527,4000,0.3835,0
30000,23,0,1,24285,3002,0.8095,0
300000,30,0,0,12090,15042,0.0403,0
190000,38,0,0,89619,15000,0.4717,0
130000,35,0,0,6348,321,0.0488,1
360000,44,0,1,270248,5000,0.7507,0
320000,35,1,1,291,2594,0.0009,1
20000,35,1,1,0,0,0.0,1
360000,32,0,0,10729,2535,0.0298,0
190000,25,0,0,110031,8614,0.5791,0
90000,33,0,0,63626,1000,0.707,1
30000,26,0,1,2635,1270,0.0878,0
240000,29,0,0,240248,11000,1.001,0
40000,26,0,0,12308,1500,0.3077,0
170000,36,0,0,2104,2081,0.0124,0
180000,37,0,0,22121,10000,0.1229,0
20000,63,2,5,16097,1400,0.8048,1
150000,48,0,1,37800,4000,0.252,0
50000,47,0,0,44624,2355,0.8925,1
140000,31,2,6,89910,5000,0.6422,0
50000,31,0,1,40011,1566,0.8002,0
200000,34,0,0,67002,10000,0.335,0
100000,43,0,0,9122,22982,0.0912,0
250000,32,0,0,33323,2038,0.1333,0
80000,38,0,0,1927,446,0.0241,0
170000,50,0,0,177956,7262,1.0468,0
80000,29,0,0,46638,2091,0.583,0
50000,49,0,0,49816,3000,0.9963,0
30000,40,2,4,23687,0,0.7896,0
70000,34,1,3,70971,2000,1.0139,1
30000,47,0,0,1355,5174,0.0452,0
200000,34,0,0,5023,621,0.0251,0
100000,27,0,0,11540,1303,0.1154,0
20000,44,0,0,17636,1375,0.8818,1
200000,29,0,0,2290,0,0.0114,0
50000,72,2,3,35417,1908,0.7083,1
50000,48,0,0,40931,1880,0.8186,1
50000,27,1,6,36794,0,0.7359,1
220000,44,0,0,217743,7000,0.9897,0
240000,39,0,0,0,1234,0.0,0
50000,40,0,0,42549,2200,0.851,0
500000,45,0,0,36954,0,0.0739,0
170000,26,0,0,23594,1512,0.1388,0
30000,34,0,0,220,2500,0.0073,0
300000,43,1,1,0,0,0.0,1
50000,30,0,0,50507,4000,1.0101,0
100000,31,0,0,16033,1716,0.1603,0
150000,29,0,1,108817,7500,0.7254,1
50000,28,0,0,46176,2000,0.9235,0
190000,31,0,0,771,0,0.0041,0
20000,22,0,0,14562,1121,0.7281,0
50000,55,1,4,49003,2005,0.9801,0
30000,39,0,0,223,223,0.0074,1
90000,27,0,2,1179,7020,0.0131,0
500000,36,0,0,-312,0,-0.0006,1
280000,40,0,0,5310,2196,0.019,0
30000,31,0,0,13265,1632,0.4422,0
90000,36,2,6,49295,2000,0.5477,0
200000,42,1,4,38187,44,0.1909,1
100000,30,0,0,914,1475,0.0091,0
20000,40,0,4,12649,3103,0.6324,0
50000,51,0,0,49613,3036,0.9923,0
50000,51,0,0,10571,2477,0.2114,0
290000,32,0,0,1520,1200,0.0052,0
220000,36,0,0,0,420,0.0,0
440000,37,0,0,4330,8369,0.0098,0
50000,49,0,0,90231,2852,1.8046,1
300000,31,0,0,40779,5401,0.1359,0
290000,50,0,0,165563,7000,0.5709,0
390000,40,1,2,424244,587,1.0878,0
50000,24,0,0,29186,1500,0.5837,0
220000,31,0,0,38746,0,0.1761,1
150000,29,0,0,3559,1222,0.0237,0
50000,24,0,0,50963,1844,1.0193,0
200000,44,0,0,667,0,0.0033,0
120000,30,0,0,16812,1358,0.1401,0
230000,61,0,0,1443,1443,0.0063,0
180000,28,0,0,133868,5300,0.7437,0
20000,22,0,0,23538,3000,1.1769,0
20000,23,0,1,18804,2150,0.9402,0
50000,46,0,2,13473,0,0.2695,1
290000,24,0,0,14931,15090,0.0515,0
290000,54,0,0,-68,0,-0.0002,0
150000,27,0,0,0,610,0.0,0
190000,53,0,0,173058,6300,0.9108,0
80000,25,0,0,81003,8213,1.0125,1
250000,47,0,0,1170,1863,0.0047,0
20000,35,1,3,19755,1000,0.9878,1
180000,45,0,0,396,396,0.0022,0
80000,25,0,1,2109,1257,0.0264,0
300000,31,0,0,2166,2918,0.0072,0
50000,51,0,0,20454,2100,0.4091,0
70000,40,0,0,51959,1597,0.7423,0
150000,30,0,2,44795,10000,0.2986,1
320000,29,0,0,179226,0,0.5601,0
60000,24,0,0,60381,1639,1.0064,0
20000,32,0,3,3677,2400,0.1839,1
230000,35,2,6,117277,5800,0.5099,0
310000,29,0,0,74955,4000,0.2418,0
230000,36,0,0,1545,306,0.0067,0
200000,40,0,0,2552,8084,0.0128,0
100000,30,0,1,28383,5000,0.2838,1
310000,64,0,0,1920,0,0.0062,0
180000,33,2,3,159999,0,0.8889,1
390000,38,0,0,164418,9000,0.4216,0
20000,26,1,1,0,0,0.0,0
50000,26,0,0,45663,2300,0.9133,0
140000,29,0,0,142087,5528,1.0149,0
170000,37,0,0,4334,1343,0.0255,1
250000,45,0,0,100323,2500,0.4013,0
50000,40,2,2,49157,0,0.9831,1
250000,36,0,0,130360,5000,0.5214,0
90000,27,0,3,56608,2800,0.629,0
90000,44,2,1,89875,4000,0.9986,1
160000,27,0,0,13234,0,0.0827,0
360000,29,0,0,114527,20046,0.3181,0
330000,26,0,0,58667,2213,0.1778,0
50000,54,1,2,64069,0,1.2814,0
60000,42,2,2,57598,0,0.96,1
10000,42,0,0,4908,1275,0.4908,0
70000,41,1,4,34779,2000,0.4968,0
150000,31,0,0,2977,1408,0.0198,1
250000,33,0,0,255223,1600,1.0209,1
130000,33,0,0,122199,5100,0.94,0
130000,27,0,0,84664,2039,0.6513,0
100000,36,0,0,2205,0,0.022,0
130000,37,0,0,131446,5000,1.0111,0
80000,29,2,1,77416,2661,0.9677,1
380000,41,0,1,350341,28400,0.922,0
20000,23,0,0,17257,1230,0.8628,1
20000,25,0,3,15789,6500,0.7894,0
140000,54,0,0,139406,5545,0.9958,1
180000,33,0,0,2217,0,0.0123,0
230000,29,0,0,-5,0,-0.0,0
90000,32,0,1,6546,1498,0.0727,0
160000,29,0,0,7002,7229,0.0438,0
50000,22,0,0,49459,2300,0.9892,0
140000,29,0,0,945,945,0.0068,0
250000,31,0,0,42441,4000,0.1698,0
120000,24,0,0,100,0,0.0008,0
120000,27,0,0,79072,3000,0.6589,0
260000,40,0,0,243196,20008,0.9354,0
10000,38,2,6,1050,0,0.105,1
60000,38,0,0,4764,30500,0.0794,0
60000,29,0,0,33147,24511,0.5524,0
50000,27,0,0,17771,1311,0.3554,0
130000,34,0,0,5444,1321,0.0419,0
130000,34,0,0,31179,2002,0.2398,0
360000,32,0,0,0,0,0.0,0
80000,36,0,0,20366,1352,0.2546,0
50000,26,1,1,0,0,0.0,0
290000,33,1,2,7064,0,0.0244,0
200000,53,0,0,195050,0,0.9752,0
20000,27,0,0,18290,2458,0.9145,0
500000,33,0,0,5379,2065,0.0108,0
130000,26,1,6,22415,0,0.1724,0
30000,27,0,0,23447,1500,0.7816,1
20000,24,2,3,7919,1000,0.396,1
70000,26,0,0,30139,2000,0.4306,0
200000,27,0,0,4890,3630,0.0244,0
50000,46,0,0,569,1440,0.0114,1
360000,56,0,0,750,1236,0.0021,0
50000,56,0,0,33197,2407,0.6639,0
180000,26,0,0,32023,10000,0.1779,0
50000,25,2,3,7180,0,0.1436,1
120000,28,0,0,-8,2054,-0.0001,0
80000,37,2,6,15234,2200,0.1904,1
330000,47,1,1,2246,13990,0.0068,0
40000,43,0,0,41094,1611,1.0274,1
50000,26,0,0,27570,2000,0.5514,0
80000,48,0,0,71515,3679,0.8939,0
450000,41,0,0,697,505,0.0015,0
30000,48,0,0,27947,2000,0.9316,0
160000,28,0,2,62312,5856,0.3894,0
80000,22,0,0,10439,11501,0.1305,0
400000,34,0,1,52271,6000,0.1307,0
220000,60,0,0,1994,1606,0.0091,1
40000,25,0,4,21590,3400,0.5397,1
280000,27,0,1,82742,10077,0.2955,0
50000,25,0,0,50380,4000,1.0076,0
110000,26,0,0,106417,9026,0.9674,0
180000,44,1,1,2788,5646,0.0155,0
200000,26,0,0,18630,1502,0.0932,0
390000,33,0,0,85538,3500,0.2193,0
400000,29,0,0,5154,1060,0.0129,0
120000,37,0,0,776,1616,0.0065,1
200000,34,1,1,-800,0,-0.004,0
280000,33,0,0,207982,8644,0.7428,0
230000,27,0,0,105217,4326,0.4575,0
280000,36,0,0,21251,33840,0.0759,0
130000,28,0,0,132258,6900,1.0174,0
160000,35,0,0,776,1172,0.0048,1
120000,47,0,0,1051,671,0.0088,0
300000,31,0,0,331,332,0.0011,0
20000,31,0,0,264,264,0.0132,0
450000,31,0,0,10350,3629,0.023,1
250000,30,0,0,2419,29062,0.0097,0
100000,58,0,0,101249,3642,1.0125,0
150000,27,0,0,23165,1723,0.1544,0
140000,35,0,0,101038,4215,0.7217,0
500000,46,0,0,33332,163500,0.0667,0
20000,36,0,0,3152,0,0.1576,0
50000,53,0,0,18922,1329,0.3784,0
100000,39,0,0,121895,4500,1.219,1
200000,27,2,2,186806,0,0.934,0
150000,37,0,0,86037,5000,0.5736,0
80000,23,0,2,60130,2550,0.7516,0
160000,40,1,1,0,567,0.0,0
180000,44,0,0,816,803,0.0045,0
270000,32,0,0,23351,30972,0.0865,0
180000,41,0,0,37353,1012,0.2075,0
120000,54,0,0,390,390,0.0032,1
110000,29,0,0,48088,2000,0.4372,0
50000,61,0,0,42200,0,0.844,0
200000,30,0,0,185723,8009,0.9286,0
70000,23,2,1,254,6840,0.0036,0
360000,30,0,0,23900,0,0.0664,0
260000,35,0,0,425349,14347,1.636,1
50000,32,0,0,40992,2026,0.8198,0
380000,39,0,0,19261,81975,0.0507,0
50000,24,0,0,402,0,0.008,0
20000,38,0,0,19805,1000,0.9902,1
270000,32,0,0,24089,52398,0.0892,0
460000,32,0,0,386437,15000,0.8401,0
60000,24,0,1,58819,3000,0.9803,0
200000,35,0,0,25663,14224,0.1283,0
50000,37,1,6,14008,0,0.2802,1
20000,22,0,0,19760,1376,0.988,0
290000,40,0,0,274558,10700,0.9468,1
110000,36,0,0,116486,4353,1.059,0
160000,51,2,6,142064,6600,0.8879,1
70000,31,0,0,60058,1834,0.858,0
200000,39,0,0,0,0,0.0,1
80000,40,0,0,78717,3300,0.984,0
20000,41,0,0,18803,36147,0.9402,1
210000,48,0,0,0,570,0.0,0
180000,39,2,1,172488,3450,0.9583,1
50000,53,0,0,34664,1500,0.6933,0
30000,26,1,4,31305,0,1.0435,1
150000,30,0,0,6708,1098,0.0447,0
150000,28,0,2,1111,0,0.0074,1
260000,43,1,1,0,2000,0.0,0
310000,30,0,0,304329,14027,0.9817,0
150000,33,0,0,96066,4400,0.6404,0
200000,27,0,0,16093,11197,0.0805,0
150000,45,0,0,99247,4268,0.6616,0
220000,54,0,0,8727,3011,0.0397,0
540000,34,0,0,1784,892,0.0033,0
280000,30,0,0,204773,8038,0.7313,0
230000,32,0,0,49619,2072,0.2157,0
50000,39,0,4,33849,3817,0.677,0
20000,24,1,1,0,0,0.0,0
10000,35,1,6,8257,0,0.8257,1
500000,46,0,0,407331,15043,0.8147,0
50000,24,0,0,49819,1672,0.9964,0
420000,35,0,0,7572,18920,0.018,0
50000,23,0,1,21998,2063,0.44,0
280000,29,0,0,0,0,0.0,0
50000,46,0,0,3656,1000,0.0731,0
160000,41,2,4,46017,2200,0.2876,1
40000,23,2,6,33895,0,0.8474,1
100000,31,0,0,92265,5000,0.9226,0
50000,26,0,0,41003,1733,0.8201,0
130000,32,0,1,119312,20021,0.9178,0
30000,22,0,0,27358,2000,0.9119,0
140000,34,0,0,430,430,0.0031,1
210000,32,0,1,164015,9320,0.781,0
50000,38,0,0,48797,1864,0.9759,0
310000,29,0,0,31132,20000,0.1004,0
300000,31,0,0,0,1110,0.0,0
30000,47,2,6,16039,1600,0.5346,1
90000,40,0,0,89928,3416,0.9992,0
150000,34,2,3,39465,4000,0.2631,1
90000,25,0,0,32755,2000,0.3639,0
80000,65,0,0,84985,4000,1.0623,0
100000,28,0,0,555,712,0.0056,1
10000,33,0,0,0,0,0.0,0
210000,31,0,0,161159,8000,0.7674,0
170000,41,0,0,21170,9734,0.1245,0
90000,32,1,6,85997,0,0.9555,0
210000,36,1,1,0,4866,0.0,1
50000,26,0,0,36806,2000,0.7361,0
150000,30,1,2,-819,36276,-0.0055,0
80000,30,1,1,0,1313,0.0,0
130000,38,0,0,64942,4000,0.4996,1
100000,30,1,6,72652,20000,0.7265,1
160000,41,0,0,53935,5000,0.3371,0
250000,31,0,0,14451,1504,0.0578,0
500000,42,0,0,60246,40000,0.1205,0
260000,32,0,0,106093,4410,0.4081,0
50000,44,0,0,1473,390,0.0295,0
30000,22,0,0,27388,2075,0.9129,0
110000,42,1,2,57046,0,0.5186,0
500000,39,0,0,6057,9418,0.0121,0
310000,32,0,0,35064,4000,0.1131,0
580000,37,0,0,110417,3757,0.1904,0
340000,36,0,0,185268,160444,0.5449,0
360000,42,0,0,22237,6695,0.0618,0
290000,29,0,0,578,7129,0.002,0
30000,36,3,6,20424,0,0.6808,0
80000,29,0,0,26524,1500,0.3316,0
360000,38,0,0,780,0,0.0022,1
170000,31,0,0,1561,1239,0.0092,0
100000,42,0,1,56256,3000,0.5626,0
450000,37,0,0,457627,1000,1.0169,0
260000,33,0,0,0,204,0.0,0
240000,29,0,0,25700,5009,0.1071,0
110000,28,0,0,5660,2000,0.0515,0
240000,26,0,0,184501,7627,0.7688,0
220000,35,0,0,34819,2006,0.1583,0
20000,33,0,0,2508,1000,0.1254,0
100000,51,1,3,0,0,0.0,1
300000,32,0,0,264,264,0.0009,0
20000,33,0,0,8488,2000,0.4244,1
360000,30,0,0,139762,6000,0.3882,0
220000,28,0,0,221268,8700,1.0058,1
470000,26,0,0,169699,6200,0.3611,0
70000,22,0,0,65793,2000,0.9399,0
120000,26,0,0,10172,3000,0.0848,0
50000,35,0,0,18510,1500,0.3702,0
470000,49,0,0,169260,6600,0.3601,0
130000,49,0,0,24008,3000,0.1847,0
20000,24,0,3,390,1097,0.0195,1
260000,36,0,0,1891,2637,0.0073,0
20000,39,0,0,628,700,0.0314,0
300000,28,2,1,1314,170,0.0044,1
460000,35,0,0,449790,17610,0.9778,0
20000,24,1,3,0,20087,0.0,1
360000,27,0,0,238971,10381,0.6638,1
290000,40,0,0,98441,4000,0.3395,0
90000,30,0,0,38921,12000,0.4325,0
180000,26,0,0,2049,0,0.0114,0
360000,53,0,0,0,0,0.0,0
120000,45,0,0,20877,1369,0.174,0
220000,30,0,0,217800,7261,0.99,0
220000,34,2,3,203101,311,0.9232,1
10000,27,0,0,499,0,0.0499,1
320000,31,0,0,104850,3600,0.3277,0
320000,33,0,0,325445,10000,1.017,0
90000,39,0,0,50477,3000,0.5609,0
180000,50,0,0,66114,5000,0.3673,0
90000,28,0,0,88345,3360,0.9816,0
100000,36,0,0,23070,1700,0.2307,0
340000,41,0,0,331003,15110,0.9735,0
50000,22,0,1,47726,5500,0.9545,1
240000,41,0,0,20272,1000,0.0845,0
10000,41,1,6,8722,1157,0.8722,0
220000,42,2,6,2500,0,0.0114,1
100000,37,0,0,107669,3536,1.0767,0
220000,31,0,0,3785,1142,0.0172,0
70000,57,0,0,67864,2620,0.9695,0
30000,37,3,3,29657,1763,0.9886,1
130000,53,0,0,11085,45697,0.0853,0
140000,25,0,0,81960,3005,0.5854,0
20000,32,0,0,4485,1000,0.2242,0
150000,38,1,1,0,0,0.0,1
50000,26,0,0,4136,0,0.0827,0
90000,29,1,3,41073,3100,0.4564,0
170000,37,0,0,158920,8000,0.9348,0
70000,30,2,2,34985,0,0.4998,1
200000,43,0,0,830,0,0.0042,0
200000,42,0,0,19318,19067,0.0966,0
20000,40,1,2,20498,0,1.0249,1
200000,41,0,0,96910,10000,0.4846,0
170000,26,0,0,0,0,0.0,0
130000,25,1,1,-2000,0,-0.0154,1
100000,27,0,1,90118,4110,0.9012,0
180000,31,0,1,28566,5000,0.1587,0
230000,26,0,0,1200,990,0.0052,0
20000,50,0,0,2191,1140,0.1096,0
500000,35,0,0,35176,2504,0.0704,1
150000,38,1,1,0,0,0.0,1
80000,40,3,6,38503,2500,0.4813,1
230000,29,0,0,56171,5000,0.2442,0
80000,37,1,1,0,0,0.0,1
230000,24,0,0,24973,5000,0.1086,0
50000,49,2,1,38947,2000,0.7789,1
50000,35,0,0,48813,5000,0.9763,0
10000,25,1,3,10438,0,1.0438,0
140000,34,2,6,135949,8408,0.9711,0
50000,42,0,0,39236,2094,0.7847,1
180000,28,0,0,129719,6070,0.7207,0
360000,65,1,1,0,0,0.0,1
580000,67,2,6,453985,25704,0.7827,0
310000,43,0,0,14619,12484,0.0472,0
20000,52,0,1,16735,4008,0.8368,0
180000,43,0,0,8657,6847,0.0481,0
60000,24,0,0,15050,2000,0.2508,0
40000,59,0,1,14769,1573,0.3692,0
140000,34,0,1,121374,8200,0.867,0
220000,32,0,0,8000,8288,0.0364,0
10000,22,0,0,8602,1158,0.8602,1
20000,52,0,0,19965,390,0.9982,0
50000,23,0,0,15036,1300,0.3007,0
50000,33,2,1,27752,1487,0.555,1
320000,35,0,0,98697,3891,0.3084,0
20000,34,0,0,2199,1530,0.11,0
50000,40,0,0,48219,2037,0.9644,0
340000,49,0,1,1960,1228,0.0058,0
360000,32,1,1,-301,0,-0.0008,1
300000,33,1,1,0,0,0.0,0
40000,26,0,2,31475,2000,0.7869,0
150000,51,0,1,128968,12900,0.8598,0
20000,40,2,3,18278,0,0.9139,1
30000,35,1,1,-5,0,-0.0002,0
80000,27,0,0,390,390,0.0049,0
390000,38,0,0,241,0,0.0006,1
20000,22,1,6,5613,0,0.2806,1
200000,42,0,0,68670,4000,0.3434,1
80000,35,0,0,49544,1970,0.6193,0
50000,36,2,1,50922,1715,1.0184,1
230000,38,0,0,10906,1364,0.0474,0
190000,31,0,0,147586,10000,0.7768,0
260000,36,0,0,154462,7425,0.5941,0
100000,39,0,0,29449,55139,0.2945,0
140000,41,0,0,132758,4002,0.9483,0
20000,42,2,1,12426,1225,0.6213,1
80000,30,0,0,69392,3046,0.8674,0
360000,32,0,0,304907,12557,0.847,0
70000,31,0,1,46079,2200,0.6583,1
30000,24,2,2,31214,0,1.0405,1
500000,39,0,0,358020,15000,0.716,0
320000,30,2,1,416,416,0.0013,0
500000,34,0,0,32715,30007,0.0654,0
240000,27,1,1,0,0,0.0,0
50000,25,0,0,574,801,0.0115,0
120000,39,0,0,31611,1562,0.2634,0
250000,32,0,0,26465,5000,0.1059,0
180000,39,0,0,65710,2500,0.3651,0
10000,22,0,0,5208,654,0.5208,0
200000,53,0,0,98426,52306,0.4921,0
120000,29,0,0,380,380,0.0032,0
230000,38,0,0,326,326,0.0014,0
330000,36,1,1,0,0,0.0,0
50000,28,0,0,28457,1492,0.5691,1
130000,32,0,0,27495,0,0.2115,0
110000,26,2,6,58112,0,0.5283,1
30000,40,0,2,2208,7006,0.0736,0
120000,25,0,0,8676,5000,0.0723,0
120000,28,0,0,398,958,0.0033,0
210000,40,0,1,42820,1856,0.2039,0
30000,47,1,4,15148,0,0.5049,0
50000,27,2,6,54529,1800,1.0906,0
140000,42,0,0,176,395,0.0013,0
140000,37,2,6,136184,6400,0.9727,0
50000,55,0,0,50528,2100,1.0106,0
130000,46,1,2,26582,100,0.2045,1
80000,30,1,2,6393,0,0.0799,1
50000,51,0,1,44766,4000,0.8953,0
100000,35,1,5,17365,1310,0.1736,0
220000,48,0,0,61614,45889,0.2801,0
260000,28,0,0,711,711,0.0027,0
320000,40,0,0,304702,20000,0.9522,0
80000,30,0,0,5123,3000,0.064,0
140000,55,0,0,65640,2800,0.4689,0
180000,26,0,1,175539,3826,0.9752,1
80000,23,1,1,-24,3056,-0.0003,0
250000,40,1,1,0,0,0.0,0
80000,33,0,0,75454,4100,0.9432,0
30000,50,0,0,28339,1681,0.9446,1
120000,26,0,0,13587,11433,0.1132,0
120000,29,0,0,82064,4000,0.6839,0
20000,29,2,3,8024,4000,0.4012,0
50000,40,0,0,26566,3000,0.5313,0
250000,50,0,0,390,390,0.0016,0
260000,37,0,0,112053,5000,0.431,0
180000,27,0,2,980,0,0.0054,0
20000,49,0,0,390,678,0.0195,0
150000,55,1,3,76516,3800,0.5101,1
260000,34,0,0,6776,3222,0.0261,0
230000,43,1,6,9462,1000,0.0411,0
70000,24,0,0,69572,2828,0.9939,0
160000,33,0,0,7429,8000,0.0464,0
50000,42,1,1,0,0,0.0,0
170000,37,0,0,490,0,0.0029,0
210000,39,0,0,106028,6000,0.5049,0
230000,28,1,1,0,0,0.0,0
110000,36,2,6,57135,0,0.5194,1
80000,39,0,0,44002,2300,0.55,0
90000,54,0,0,692,394,0.0077,0
90000,41,2,6,78700,3500,0.8744,1
250000,42,0,2,744,2186,0.003,0
270000,31,1,5,16616,2500,0.0615,0
20000,23,0,0,10103,1205,0.5052,0
80000,34,1,2,2898,0,0.0362,0
20000,23,2,2,15077,1000,0.7538,0
150000,36,0,1,83853,5000,0.559,0
80000,37,1,3,99396,3560,1.2424,1
130000,47,0,0,46096,2167,0.3546,0
320000,28,0,0,18506,1062,0.0578,0
50000,24,2,3,43379,3628,0.8676,1
260000,34,0,0,135489,5007,0.5211,0
140000,35,2,6,56528,2800,0.4038,0
10000,53,1,6,4479,0,0.4479,1
180000,30,0,0,139804,7000,0.7767,0
250000,71,0,0,177484,6243,0.7099,0
20000,23,0,5,15383,1300,0.7692,1
50000,28,0,0,48963,2500,0.9793,0
120000,38,1,1,0,0,0.0,0
160000,49,1,6,58943,2800,0.3684,0
60000,22,0,0,11718,1000,0.1953,0
130000,31,0,0,116437,4911,0.8957,0
320000,41,1,1,0,0,0.0,1
50000,43,0,0,35268,1600,0.7054,0
50000,33,0,0,48058,2097,0.9612,1
70000,44,2,6,12662,1500,0.1809,1
80000,44,0,0,76992,2000,0.9624,0
230000,27,0,0,416,568,0.0018,1
20000,43,0,1,390,1736,0.0195,1
20000,39,0,4,12241,4000,0.612,0
360000,42,0,0,10000,10000,0.0278,0
90000,28,0,0,-1886,0,-0.021,0
160000,34,2,3,77290,4500,0.4831,0
50000,36,1,4,49845,2505,0.9969,0
220000,27,0,0,164855,6102,0.7493,0
350000,42,2,1,320982,12618,0.9171,1
120000,29,0,0,3945,5894,0.0329,0
210000,30,1,2,73903,0,0.3519,0
100000,31,2,3,17606,0,0.1761,0
50000,52,0,0,34781,1725,0.6956,1
340000,26,0,0,58363,56270,0.1717,0
140000,57,2,6,108660,0,0.7761,1
50000,42,0,0,47691,3304,0.9538,0
50000,31,1,3,16617,0,0.3323,0
90000,27,0,0,56754,3000,0.6306,0
160000,66,2,6,67771,3400,0.4236,1
250000,27,0,0,34799,2027,0.1392,0
50000,23,1,1,0,0,0.0,0
300000,36,0,0,141486,6000,0.4716,0
230000,34,1,1,-2,0,-0.0,0
260000,43,1,1,0,0,0.0,1
60000,22,2,1,58841,3700,0.9807,0
140000,41,0,0,2139,0,0.0153,0
70000,49,2,1,92033,3078,1.3148,1
20000,41,2,1,18738,1376,0.9369,1
20000,27,3,4,4899,0,0.245,1
170000,28,0,0,171098,14000,1.0065,0
150000,55,0,0,1080,17498,0.0072,0
50000,26,0,1,13117,4000,0.2623,0
60000,49,2,1,60289,1580,1.0048,1
230000,29,0,0,1960,11055,0.0085,0
100000,30,0,0,31373,1602,0.3137,0
150000,24,0,0,1050,3258,0.007,0
70000,51,0,0,67880,3028,0.9697,0
150000,25,0,0,52952,60086,0.353,0
50000,25,0,0,23529,4820,0.4706,0
110000,29,2,6,95690,11000,0.8699,1
290000,25,0,0,305823,15000,1.0546,1
310000,42,0,0,128166,3844,0.4134,0
80000,38,0,0,74236,2125,0.928,0
220000,54,0,0,0,0,0.0,0
230000,62,0,0,167635,6474,0.7288,0
360000,52,0,0,236171,8500,0.656,0
320000,48,0,0,25840,13326,0.0808,0
20000,30,0,1,14406,6500,0.7203,0
360000,35,0,0,61793,79651,0.1716,0
360000,38,1,1,0,0,0.0,0
440000,37,0,0,10858,50004,0.0247,0
400000,49,2,6,175904,8000,0.4398,1
180000,35,1,2,32082,0,0.1782,0
230000,30,1,1,0,0,0.0,0
200000,29,0,0,9078,3000,0.0454,0
230000,34,0,0,22954,1700,0.0998,0
50000,53,0,0,47824,1948,0.9565,0
270000,36,0,0,15986,2008,0.0592,0
440000,29,0,0,485921,20000,1.1044,0
340000,53,0,0,3780,3295,0.0111,0
320000,35,0,0,12233,7000,0.0382,0
500000,36,0,0,339,0,0.0007,0
30000,33,0,0,29568,3701,0.9856,0
120000,55,0,0,102735,3000,0.8561,0
310000,37,0,0,10513,1193,0.0339,0
110000,31,0,0,2705,2487,0.0246,0
400000,31,0,0,185677,7000,0.4642,0
150000,55,0,0,2070,7620,0.0138,0
50000,42,0,0,47454,3000,0.9491,0
270000,27,0,0,21256,1618,0.0787,0
30000,39,0,0,14517,2500,0.4839,1
30000,57,0,3,23978,3478,0.7993,1
20000,24,0,0,10700,510,0.535,0
50000,22,0,0,18471,1329,0.3694,0
100000,50,0,0,101430,5001,1.0143,0
200000,29,1,1,0,0,0.0,0
500000,38,0,0,419487,13000,0.839,0
190000,43,0,0,90580,10000,0.4767,0
130000,47,0,0,5837,21038,0.0449,0
50000,23,0,1,17792,2956,0.3558,0
10000,22,0,0,9363,1200,0.9363,0
1000000,47,0,0,964511,50784,0.9645,0
150000,35,0,0,11500,4998,0.0767,0
20000,37,0,0,17219,2000,0.861,1
140000,30,2,1,1070,4593,0.0076,1
210000,45,0,0,-200,0,-0.001,0
360000,53,0,0,8669,1303,0.0241,0
60000,30,0,2,59959,10020,0.9993,0
30000,33,0,0,15662,1500,0.5221,0
140000,37,0,0,127693,2000,0.9121,0
20000,21,0,0,17471,1400,0.8736,0
120000,32,0,1,15602,2000,0.13,1
80000,45,1,1,-50,0,-0.0006,0
50000,41,0,0,21910,2000,0.4382,0
360000,27,1,1,0,0,0.0,0
500000,30,0,0,416171,30000,0.8323,0
10000,21,0,0,7985,1217,0.7985,0
210000,25,0,0,13899,0,0.0662,0
50000,41,0,1,22358,1900,0.4472,0
200000,38,0,1,6677,0,0.0334,0
300000,36,0,0,10700,890,0.0357,0
110000,24,0,0,44737,2103,0.4067,1
50000,58,4,6,51996,300,1.0399,1
340000,41,0,2,6814,0,0.02,1
50000,32,0,0,819,699,0.0164,1
110000,63,1,2,49992,0,0.4545,0
600000,38,0,0,459600,13713,0.766,0
160000,32,0,0,2507,800,0.0157,0
450000,38,0,0,10591,7964,0.0235,0
60000,31,1,1,0,1012,0.0,1
310000,43,0,1,250708,11000,0.8087,1
20000,24,0,0,10361,10000,0.518,0
60000,29,0,0,53274,2591,0.8879,0
170000,38,0,0,521,6439,0.0031,0
190000,50,1,1,0,2329,0.0,0
230000,49,2,2,113,0,0.0005,1
80000,25,0,0,1174,0,0.0147,0
120000,50,0,1,111564,4200,0.9297,0
20000,30,1,4,17260,2422,0.863,0
140000,26,0,0,37283,7023,0.2663,0
50000,24,0,0,49076,2063,0.9815,0
180000,35,0,0,104335,5500,0.5796,0
150000,50,0,0,3644,875,0.0243,0
300000,35,0,0,294344,15000,0.9811,0
380000,45,0,0,202,37791,0.0005,0
90000,27,2,1,92290,4183,1.0254,1
10000,22,1,4,8925,0,0.8925,0
90000,28,2,2,63869,2368,0.7097,1
240000,34,0,0,228,23295,0.001,0
180000,32,0,0,396,712,0.0022,0
140000,32,0,0,101458,3997,0.7247,0
280000,36,1,4,168708,8000,0.6025,1
120000,30,0,0,711,878,0.0059,1
550000,32,0,0,546741,22863,0.9941,1
170000,30,0,1,90727,5000,0.5337,0
50000,36,2,4,2590,2458,0.0518,0
140000,35,0,0,137692,5202,0.9835,0
10000,48,0,0,8858,1228,0.8858,0
240000,32,0,0,1386,1207,0.0058,0
30000,24,2,2,27954,0,0.9318,0
30000,25,1,6,14149,1543,0.4716,1
200000,36,0,0,2324,1064,0.0116,0
140000,33,0,0,56426,2000,0.403,0
200000,28,1,1,0,0,0.0,0
80000,37,0,0,21054,1365,0.2632,0
100000,30,0,0,46675,1800,0.4668,1
220000,26,2,5,215477,5516,0.9794,0
80000,25,0,0,7536,1200,0.0942,0
350000,27,0,0,312770,14599,0.8936,0
50000,26,0,0,33428,1800,0.6686,1
360000,39,0,0,23690,60284,0.0658,0
230000,33,0,1,9530,7000,0.0414,0
30000,39,2,5,13888,3000,0.4629,1
70000,24,0,4,41485,4200,0.5926,0
70000,23,0,0,3082,1500,0.044,0
150000,44,1,1,0,0,0.0,0
360000,35,0,1,1195,23944,0.0033,0
210000,56,1,1,-325,0,-0.0015,0
50000,29,0,0,32312,1700,0.6462,0
180000,48,0,1,3116,0,0.0173,0
210000,40,0,0,6223,8146,0.0296,0
160000,53,0,0,2475,2475,0.0155,0
50000,37,2,1,38527,2000,0.7705,1
200000,35,1,1,0,0,0.0,0
20000,41,0,0,13723,1500,0.6862,0
500000,56,0,0,139117,4500,0.2782,0
90000,49,0,0,104494,3592,1.161,0
70000,29,0,2,47310,4500,0.6759,0
50000,49,0,0,33782,4000,0.6756,1
180000,37,0,0,121915,7416,0.6773,0
50000,27,1,4,41322,0,0.8264,0
230000,33,0,0,232796,9000,1.0122,0
70000,28,1,2,35155,23,0.5022,0
30000,39,0,0,10178,4491,0.3393,1
10000,54,1,2,8210,0,0.821,0
90000,35,1,4,0,800,0.0,0
80000,43,2,6,68152,5000,0.8519,1
360000,46,1,3,-200,2916,-0.0006,0
150000,29,0,3,766,0,0.0051,1
200000,32,1,3,25830,0,0.1291,0
300000,38,0,0,35103,10000,0.117,0
500000,37,0,0,0,0,0.0,1
210000,27,0,0,25025,5000,0.1192,0
80000,33,0,0,17254,1000,0.2157,0
200000,44,2,1,188553,8011,0.9428,0
230000,30,0,0,2212,17402,0.0096,1
60000,29,0,3,51855,2200,0.8642,0
180000,32,1,3,172842,8500,0.9602,1
80000,26,0,0,51751,2000,0.6469,0
220000,44,0,0,0,0,0.0,0
30000,26,0,1,10540,1081,0.3513,0
30000,30,1,1,0,0,0.0,0
30000,25,0,0,8864,1500,0.2955,0
150000,40,0,0,54021,2003,0.3601,0
30000,47,1,2,23709,0,0.7903,0
180000,26,0,0,93169,4500,0.5176,0
30000,56,2,1,27033,1480,0.9011,0
240000,28,0,0,236772,10000,0.9866,0
120000,31,0,0,26307,1483,0.2192,0
150000,43,0,0,17541,2000,0.1169,0
180000,47,1,1,0,0,0.0,0
50000,46,0,0,44573,2200,0.8915,0
360000,26,1,1,-200,0,-0.0006,1
30000,60,0,0,2365,0,0.0788,0
50000,24,0,0,390,918,0.0078,0
30000,39,0,3,1742,0,0.0581,0
50000,53,0,0,50777,2504,1.0155,0
90000,30,0,0,46927,4000,0.5214,0
200000,39,7,6,195156,0,0.9758,1
50000,52,0,0,47479,29456,0.9496,0
80000,40,0,0,33918,20000,0.424,0
50000,41,0,0,45408,2025,0.9082,0
200000,23,0,0,964,0,0.0048,0
90000,36,0,0,89309,5000,0.9923,0
240000,28,0,0,199671,7000,0.832,0
90000,29,0,0,1709,2522,0.019,1
10000,23,2,4,2724,3000,0.2724,0
210000,38,0,2,2360,4465,0.0112,0
140000,26,0,0,12436,3380,0.0888,0
50000,29,0,0,29719,1815,0.5944,0
50000,28,0,0,36380,30000,0.7276,1
230000,45,0,0,1633,8435,0.0071,0
150000,27,0,0,4914,6237,0.0328,0
240000,36,0,0,10767,140013,0.0449,0
80000,25,1,4,81774,0,1.0222,0
140000,33,1,1,0,0,0.0,0
290000,50,0,0,88713,3459,0.3059,0
80000,29,0,0,80534,3006,1.0067,0
400000,34,0,0,372724,28000,0.9318,0
20000,46,0,0,20393,1425,1.0196,0
360000,30,0,0,11487,307,0.0319,0
260000,25,0,0,16373,5006,0.063,1
30000,28,1,3,10056,2000,0.3352,0
130000,27,0,0,131406,5000,1.0108,1
490000,41,0,0,95997,3600,0.1959,0
580000,42,0,0,264482,9431,0.456,0
20000,34,0,1,12619,2800,0.631,1
180000,32,0,0,64008,3414,0.3556,0
90000,26,0,0,1224,3128,0.0136,0
90000,25,0,0,2908,1052,0.0323,0
440000,54,2,1,276955,8752,0.6294,1
280000,52,0,0,50667,2007,0.181,0
230000,29,0,0,121344,6317,0.5276,0
300000,35,0,0,276536,26531,0.9218,0
20000,41,0,1,6565,0,0.3282,0
80000,26,0,0,27041,5879,0.338,0
20000,24,8,6,24348,0,1.2174,0
220000,34,0,0,17875,3431,0.0812,1
210000,44,0,0,73487,3748,0.3499,0
130000,49,2,1,60273,2536,0.4636,1
400000,66,0,0,258070,47000,0.6452,0
120000,25,0,0,9642,12557,0.0804,0
460000,33,0,0,128302,2371,0.2789,0
230000,42,0,0,2915,4203,0.0127,0
210000,28,0,0,187992,8500,0.8952,0
30000,23,0,0,318,0,0.0106,0
50000,39,0,0,41250,1501,0.825,0
250000,29,0,0,1181,1545,0.0047,0
50000,25,3,6,35592,1800,0.7118,1
40000,38,2,6,33152,1300,0.8288,1
230000,35,0,1,28827,8000,0.1253,0
210000,33,1,1,0,0,0.0,1
60000,30,0,3,15145,2000,0.2524,1
500000,41,0,0,190730,8501,0.3815,0
110000,28,0,0,81449,4000,0.7404,0
400000,44,0,0,95719,4652,0.2393,0
280000,51,0,0,1323,445,0.0047,0
60000,35,0,0,22226,1292,0.3704,0
100000,47,0,0,3933,1000,0.0393,0
230000,42,0,0,64489,3100,0.2804,0
80000,24,1,1,0,0,0.0,0
110000,43,0,0,45021,2100,0.4093,0
390000,47,0,0,9361,0,0.024,0
150000,39,1,4,21019,1602,0.1401,0
180000,29,1,4,5265,0,0.0292,1
500000,32,1,1,-218,1000,-0.0004,0
50000,32,2,6,39589,1500,0.7918,1
20000,49,0,1,8503,3008,0.4252,0
130000,24,1,1,-10,0,-0.0001,0
110000,27,0,0,61152,2326,0.5559,0
200000,29,0,3,45982,2078,0.2299,0
50000,47,0,0,48991,2000,0.9798,0
130000,29,0,0,126974,5988,0.9767,0
260000,28,0,1,149814,107000,0.5762,0
180000,30,0,0,220,4686,0.0012,0
330000,29,0,0,730,213,0.0022,0
80000,29,1,6,54033,0,0.6754,0
320000,32,0,1,752,0,0.0024,1
20000,38,0,0,10462,10287,0.5231,0
50000,43,2,6,2400,0,0.048,1
210000,40,0,0,201169,16286,0.9579,0
420000,31,2,3,239293,0,0.5697,1
210000,35,0,0,2593,0,0.0123,0
160000,42,0,0,35815,3000,0.2238,0
20000,25,0,0,17776,1700,0.8888,0
360000,35,0,0,2010,2936,0.0056,0
30000,50,2,1,11479,2000,0.3826,1
50000,27,1,1,-697,49900,-0.0139,0
30000,38,1,1,0,2281,0.0,1
30000,24,0,0,28008,2000,0.9336,0
280000,24,0,0,1006,1855,0.0036,0
30000,24,2,3,30279,1500,1.0093,1
20000,33,0,1,12518,1300,0.6259,0
300000,51,0,0,108639,4107,0.3621,0
180000,35,0,3,1880,0,0.0104,0
20000,24,4,6,16549,0,0.8274,1
80000,39,0,0,4948,1000,0.0618,0
20000,47,0,0,19553,1417,0.9776,0
60000,29,0,0,31462,6037,0.5244,0
20000,22,0,3,18743,3000,0.9372,0
30000,67,1,2,30734,0,1.0245,0
50000,33,1,4,26957,2000,0.5391,1
80000,47,0,0,49735,25144,0.6217,0
170000,24,0,1,1166,3000,0.0069,1
160000,36,0,0,816,316,0.0051,1
130000,27,1,4,60024,4000,0.4617,0
30000,34,2,4,31746,1800,1.0582,1
100000,36,1,1,0,780,0.0,0
120000,25,3,6,87057,0,0.7255,1
150000,49,0,0,850,0,0.0057,1
100000,24,1,2,56341,0,0.5634,1
30000,24,2,3,25851,1779,0.8617,1
160000,45,0,0,2057,2147,0.0129,0
120000,48,0,0,2468,7890,0.0206,0
160000,40,0,0,67925,3509,0.4245,0
340000,35,1,1,-8,1730,-0.0,1
240000,55,0,0,25631,2500,0.1068,0
30000,42,1,2,30607,10,1.0202,0
50000,54,0,1,47872,2000,0.9574,0
200000,25,1,1,0,0,0.0,1
80000,44,0,0,17047,1435,0.2131,0
50000,41,2,6,5025,0,0.1005,1
130000,29,0,0,18157,2000,0.1397,0
290000,57,1,1,0,0,0.0,1
30000,44,0,0,27631,2000,0.921,1
340000,40,0,0,77181,5305,0.227,0
180000,28,0,0,651,1883,0.0036,0
60000,23,0,1,59423,5500,0.9904,0
390000,25,0,0,83514,4013,0.2141,0
460000,35,0,0,384919,15045,0.8368,0
500000,51,0,0,396402,14034,0.7928,0
30000,44,0,5,8347,1500,0.2782,0
80000,25,1,6,28789,2998,0.3599,0
250000,41,0,0,37137,51811,0.1485,0
280000,26,0,0,146130,5042,0.5219,0
30000,26,2,6,25615,5000,0.8538,1
30000,28,2,1,22329,2000,0.7443,1
20000,27,1,6,19443,0,0.9722,1
380000,56,0,0,0,1349,0.0,1
100000,29,4,3,175441,0,1.7544,1
180000,32,0,0,1071,1671,0.006,1
80000,25,0,0,3409,1144,0.0426,0
220000,31,0,0,163148,5725,0.7416,0
170000,26,0,0,141476,5113,0.8322,0
140000,29,2,6,97905,4700,0.6993,1
20000,29,2,6,10512,2000,0.5256,1
100000,38,0,0,62427,2500,0.6243,0
50000,47,0,0,32516,1870,0.6503,0
300000,30,0,1,2186,0,0.0073,0
30000,25,0,2,26769,1500,0.8923,0
50000,53,0,0,49696,2000,0.9939,0
160000,37,0,0,3090,52165,0.0193,0
80000,27,0,1,45920,5013,0.574,0
140000,28,0,0,132070,6000,0.9434,0
20000,23,1,2,19403,0,0.9702,1
50000,51,0,0,17453,8338,0.3491,0
200000,34,1,3,0,0,0.0,1
80000,23,0,0,780,0,0.0098,1
80000,27,1,3,81635,3716,1.0204,0
210000,39,0,0,6000,0,0.0286,0
260000,28,0,0,26303,5030,0.1012,0
200000,46,1,1,0,552,0.0,1
110000,33,2,5,110327,5332,1.003,1
10000,23,0,2,5857,1117,0.5857,0
200000,30,0,2,91936,7500,0.4597,0
300000,31,0,0,360,360,0.0012,1
360000,39,0,0,7001,1224,0.0194,0
290000,32,0,0,78200,3700,0.2697,0
30000,26,1,2,30814,0,1.0271,1
300000,47,0,0,0,225,0.0,0
300000,28,0,0,986,2964,0.0033,0
210000,45,0,0,316,312,0.0015,0
50000,36,0,0,74969,2846,1.4994,1
340000,26,0,0,337871,11208,0.9937,0
330000,34,0,0,138009,7015,0.4182,1
220000,28,0,0,44109,5000,0.2005,0
100000,30,0,0,23939,1500,0.2394,0
260000,30,0,0,399,399,0.0015,1
180000,30,0,0,440,30404,0.0024,0
200000,44,0,1,780,390,0.0039,0
110000,41,0,0,90599,2213,0.8236,1
20000,48,0,1,7186,2000,0.3593,1
60000,25,0,0,13123,1500,0.2187,0
30000,28,2,6,23848,700,0.7949,1
30000,24,2,3,31202,2415,1.0401,1
420000,37,0,0,38386,316,0.0914,1
340000,34,0,1,332,332,0.001,1
270000,38,1,1,0,0,0.0,0
360000,36,0,0,15019,2074,0.0417,0
230000,25,0,0,736,645,0.0032,0
50000,33,0,0,47327,2200,0.9465,0
230000,28,0,0,-5,2153,-0.0,0
200000,38,0,0,-3,690,-0.0,0
100000,24,0,0,101887,4902,1.0189,0
150000,47,0,0,153404,6900,1.0227,0
50000,28,0,0,46709,1690,0.9342,0
60000,29,0,0,34081,2000,0.568,0
70000,30,0,1,10149,2000,0.145,0
20000,23,0,0,5044,1011,0.2522,0
50000,25,0,0,24408,1300,0.4882,0
500000,33,2,2,1569,0,0.0031,0
390000,49,1,1,0,0,0.0,0
90000,27,0,0,0,0,0.0,0
10000,22,0,0,5748,1189,0.5748,0
30000,24,0,0,390,390,0.013,1
240000,35,1,1,-2,0,-0.0,1
180000,29,0,0,36567,1682,0.2032,0
70000,23,0,0,22658,9397,0.3237,0
50000,26,0,0,1530,750,0.0306,0
20000,46,0,0,11325,1519,0.5662,0
260000,36,0,0,200593,8500,0.7715,1
160000,26,0,0,0,0,0.0,1
250000,42,0,0,25298,0,0.1012,0
20000,49,0,0,1044,0,0.0522,0
210000,37,0,0,2359,1519,0.0112,0
100000,35,2,4,47253,3000,0.4725,1
100000,28,0,0,72970,30000,0.7297,0
230000,34,0,0,2329,1894,0.0101,0
20000,25,0,0,13896,2000,0.6948,1
40000,24,0,0,30096,1300,0.7524,1
100000,51,0,0,54530,55000,0.5453,0
20000,26,0,0,16514,1306,0.8257,0
140000,32,0,0,31367,1614,0.224,0
50000,23,2,3,44470,7800,0.8894,0
30000,26,0,0,17341,485,0.578,0
80000,28,0,0,15268,1315,0.1908,0
20000,31,0,0,15654,1330,0.7827,1
210000,26,0,0,9899,1008,0.0471,0
220000,33,0,0,3378,1531,0.0154,0
150000,30,0,0,40046,7995,0.267,0
200000,28,0,0,508,10712,0.0025,0
200000,28,2,4,68398,6900,0.342,1
50000,39,0,0,26813,1708,0.5363,0
80000,28,0,2,9782,2001,0.1223,0
310000,32,0,0,20138,8267,0.065,1
210000,29,0,1,140619,7000,0.6696,0
140000,40,2,4,136785,5051,0.977,1
20000,32,0,0,15498,1600,0.7749,0
10000,23,1,1,0,0,0.0,0
250000,30,0,1,5607,10000,0.0224,0
280000,31,1,1,0,3495,0.0,0
210000,48,0,0,8666,8666,0.0413,0
10000,54,0,2,5186,3300,0.5186,0
60000,59,0,0,59174,3298,0.9862,0
180000,38,0,0,184650,0,1.0258,0
10000,31,1,1,0,0,0.0,0
200000,41,0,1,0,5932,0.0,0
120000,29,0,0,1171,1000,0.0098,0
160000,28,0,0,54232,2100,0.3389,0
180000,48,0,0,167140,8000,0.9286,0
60000,42,0,0,58186,2382,0.9698,0
80000,27,0,0,73000,5000,0.9125,0
200000,27,0,0,9747,10051,0.0487,0
20000,22,1,4,18590,0,0.9295,1
360000,31,0,0,17582,0,0.0488,0
140000,43,1,2,147560,3,1.054,0
110000,46,0,2,94025,8942,0.8548,1
360000,33,1,1,-200,0,-0.0006,0
30000,22,0,0,3963,6222,0.1321,0
100000,25,0,0,76222,4700,0.7622,0
60000,34,0,0,35187,1616,0.5864,1
130000,32,1,1,0,0,0.0,0
240000,34,0,0,5516,4950,0.023,0
210000,35,2,4,61189,3100,0.2914,1
360000,25,0,0,586,14076,0.0016,0
30000,22,1,3,22167,1000,0.7389,0
480000,49,1,1,-220,39149,-0.0005,0
90000,49,0,0,1722,0,0.0191,0
50000,42,0,0,4908,3000,0.0982,0
20000,41,0,0,9186,1200,0.4593,0
160000,27,0,0,490,3085,0.0031,0
90000,24,0,0,14520,1240,0.1613,0
300000,34,0,0,9474,0,0.0316,0
500000,43,0,0,640,600,0.0013,0
130000,36,1,1,0,0,0.0,1
250000,62,0,0,38924,5000,0.1557,0
10000,25,2,1,4693,1300,0.4693,1
340000,30,0,0,1933,1000,0.0057,0
60000,24,0,0,15527,2000,0.2588,0
50000,47,0,0,48308,2200,0.9662,0
170000,34,0,1,7885,2336,0.0464,0
490000,51,0,0,389,377,0.0008,1
20000,26,0,1,17679,1300,0.884,1
550000,47,0,0,68328,10000,0.1242,0
340000,39,0,0,66623,2500,0.196,0
10000,32,0,0,9576,1384,0.9576,0
230000,25,0,0,0,0,0.0,0
30000,39,1,2,29388,0,0.9796,0
200000,42,0,0,73032,12928,0.3652,0
450000,37,0,0,13371,4000,0.0297,0
380000,44,0,0,329877,12055,0.8681,1
50000,31,2,1,29767,1615,0.5953,1
80000,27,0,0,23107,5034,0.2888,0
150000,42,1,1,0,0,0.0,1
50000,44,0,0,49006,2000,0.9801,0
210000,39,1,1,0,0,0.0,0
100000,24,0,1,59712,3000,0.5971,0
100000,38,0,0,25994,1994,0.2599,0
500000,45,0,0,3136,2002,0.0063,0
30000,58,0,0,9819,1230,0.3273,0
50000,46,0,0,53541,31483,1.0708,0
50000,23,0,0,0,0,0.0,0
420000,36,0,0,3663,4338,0.0087,0
30000,32,2,2,28156,0,0.9385,1
240000,32,0,0,240790,6892,1.0033,0
80000,55,0,0,69116,2500,0.864,0
330000,45,0,0,265362,7500,0.8041,1
50000,30,1,3,49371,1800,0.9874,1
200000,42,0,0,0,0,0.0,1
210000,34,1,2,-300,0,-0.0014,0
130000,31,1,4,70722,0,0.544,0
390000,28,0,0,10439,15007,0.0268,0
100000,40,0,0,12878,2000,0.1288,0
140000,33,0,0,85314,4000,0.6094,0
80000,35,2,5,70002,3100,0.875,1
50000,42,1,5,44498,3240,0.89,1
50000,25,0,1,21316,2375,0.4263,0
360000,39,1,1,0,0,0.0,0
170000,49,1,2,153322,0,0.9019,1
50000,41,0,0,48152,2043,0.963,0
310000,25,2,1,266270,11677,0.8589,1
210000,31,0,0,326,326,0.0016,1
140000,37,0,0,90186,2805,0.6442,0
150000,37,0,0,127111,3878,0.8474,0
170000,40,0,0,2000,2210,0.0118,1
260000,25,0,1,148,7,0.0006,1
170000,26,0,1,99387,5250,0.5846,0
310000,35,1,1,0,0,0.0,0
50000,23,0,1,34364,1861,0.6873,0
260000,35,2,2,1013,0,0.0039,1
100000,27,0,4,36014,4200,0.3601,1
40000,25,0,2,40633,4300,1.0158,0
180000,46,1,6,82505,6000,0.4584,0
50000,41,2,3,26184,3500,0.5237,0
200000,29,0,0,4810,0,0.024,1
320000,53,0,0,33589,3000,0.105,0
220000,45,0,0,4624,2888,0.021,0
180000,46,0,0,60005,3000,0.3334,0
50000,36,0,1,94228,2000,1.8846,1
50000,22,0,0,29637,1826,0.5927,0
150000,32,0,0,83275,3006,0.5552,0
120000,38,0,1,6856,19600,0.0571,0
30000,34,0,0,29302,1530,0.9767,0
10000,43,0,0,17560,2537,1.756,1
380000,34,0,0,34869,6336,0.0918,0
320000,38,1,1,0,0,0.0,1
30000,41,0,1,1448,1261,0.0483,0
470000,29,0,0,72830,4003,0.155,0
80000,40,0,0,75768,3500,0.9471,0
20000,60,0,1,8570,2620,0.4285,0
120000,51,0,1,125702,8300,1.0475,0
150000,37,1,1,0,0,0.0,0
200000,43,0,0,180680,8155,0.9034,0
20000,40,0,0,45429,2819,2.2715,0
170000,36,0,0,85780,2906,0.5046,0
150000,34,0,0,900,0,0.006,0
160000,30,0,0,632,0,0.004,0
280000,32,0,0,45536,11509,0.1626,0
60000,42,2,2,39986,2000,0.6664,1
100000,44,0,0,39649,5000,0.3965,0
360000,48,0,0,68032,4500,0.189,0
500000,44,0,0,71921,368199,0.1438,0
290000,30,0,0,284239,11000,0.9801,1
160000,31,0,0,0,0,0.0,0
50000,47,0,0,22923,1400,0.4585,0
250000,35,0,0,27107,10000,0.1084,0
350000,42,0,0,3800,3138,0.0109,0
100000,22,0,0,99415,4600,0.9942,0
30000,33,1,2,31956,0,1.0652,0
450000,36,1,1,0,2500,0.0,0
20000,40,0,0,9755,894,0.4878,0
30000,26,0,0,28063,1700,0.9354,0
150000,47,0,1,103226,2627,0.6882,0
30000,36,1,3,22327,0,0.7442,0
10000,23,0,0,6001,2000,0.6001,0
50000,47,0,1,17569,1613,0.3514,0
50000,22,0,0,4124,1070,0.0825,0
130000,23,2,3,6271,1500,0.0482,0
50000,22,0,0,47066,2300,0.9413,0
180000,25,0,0,177633,5203,0.9868,0
30000,47,2,3,24081,6155,0.8027,1
60000,24,0,0,29717,2076,0.4953,0
200000,26,0,0,16811,5023,0.0841,0
30000,23,0,0,18292,1000,0.6097,0
320000,36,0,0,262613,10043,0.8207,0
360000,37,0,2,1605,14,0.0045,0
60000,39,0,1,56045,5000,0.9341,0
50000,28,0,0,13733,2037,0.2747,0
30000,35,2,6,27143,1800,0.9048,0
50000,31,1,2,34644,0,0.6929,0
70000,24,0,0,42105,1614,0.6015,0
310000,44,1,1,-42,7323,-0.0001,0
170000,39,0,0,2860,15643,0.0168,0
150000,49,0,0,111348,6000,0.7423,0
120000,30,0,0,3333,0,0.0278,0
100000,33,0,0,75374,2000,0.7537,0
140000,41,2,3,138379,9000,0.9884,1
180000,47,0,0,14525,1347,0.0807,0
20000,51,0,0,19684,1000,0.9842,0
80000,25,1,1,0,0,0.0,0
200000,39,0,0,178665,3677,0.8933,0
200000,27,0,1,25334,2204,0.1267,0
30000,42,0,2,14617,6000,0.4872,0
250000,40,0,0,0,1069,0.0,0
50000,30,1,6,31217,3000,0.6243,0
250000,31,0,0,-23,3125,-0.0001,1
140000,25,0,0,23409,2000,0.1672,0
170000,31,2,1,520,1339,0.0031,0
240000,47,0,0,316,21359,0.0013,0
140000,37,0,0,135134,6703,0.9652,0
50000,28,0,0,50998,2209,1.02,0
240000,47,1,6,124425,10839,0.5184,1
420000,57,0,0,666,2629,0.0016,0
220000,53,0,0,1136,642,0.0052,0
70000,28,0,0,44230,1747,0.6319,0
90000,28,0,0,55779,2100,0.6198,0
220000,40,0,0,0,0,0.0,0
200000,27,0,0,9314,2020,0.0466,0
240000,55,0,0,229254,8737,0.9552,0
310000,28,0,0,19610,10000,0.0633,0
80000,34,2,3,76142,6611,0.9518,1
290000,38,0,0,144160,6000,0.4971,0
260000,43,0,0,175247,8500,0.674,1
120000,43,1,1,0,0,0.0,1
260000,32,0,1,598,2268,0.0023,0
360000,39,0,2,655,0,0.0018,0
30000,36,0,0,7963,1321,0.2654,1
30000,22,0,1,27444,2000,0.9148,1
20000,22,0,0,3281,1100,0.164,0
240000,25,0,0,175764,6500,0.7323,0
200000,31,7,6,254266,0,1.2713,1
70000,38,0,1,27000,5600,0.3857,0
200000,23,0,0,488,878,0.0024,0
150000,31,0,0,18395,312,0.1226,0
160000,35,0,0,17742,2000,0.1109,0
180000,30,0,0,113647,3000,0.6314,0
190000,39,0,0,144414,7000,0.7601,0
20000,22,0,0,15749,1500,0.7874,0
150000,27,0,0,82494,3100,0.55,0
310000,35,0,0,7589,2000,0.0245,0
180000,36,0,0,98736,6025,0.5485,0
80000,24,0,0,81908,5501,1.0238,1
350000,41,0,0,85339,5000,0.2438,0
50000,47,0,0,32547,1582,0.6509,0
90000,23,2,1,87669,3499,0.9741,0
220000,35,0,0,112460,8500,0.5112,0
50000,25,2,6,43870,0,0.8774,1
90000,46,0,1,1651,0,0.0183,0
400000,30,0,0,161226,5000,0.4031,0
210000,40,0,0,2309,4791,0.011,0
180000,39,2,5,177113,7800,0.984,1
500000,55,0,0,3925,11253,0.0078,0
260000,39,2,2,228443,10698,0.8786,1
180000,26,0,0,7149,5946,0.0397,0
180000,34,0,0,8000,0,0.0444,1
30000,24,0,0,22236,1696,0.7412,0
360000,33,0,0,31482,5119,0.0874,0
280000,47,0,2,2002,0,0.0072,0
100000,27,1,2,53213,6,0.5321,1
50000,49,0,0,49467,1472,0.9893,0
20000,31,0,0,17557,1466,0.8778,0
80000,27,0,0,1672,0,0.0209,1
110000,36,1,1,0,780,0.0,0
50000,25,1,2,6300,9195,0.126,1
50000,50,0,0,48119,1554,0.9624,1
20000,33,0,1,16117,1285,0.8058,0
200000,41,0,0,98184,5143,0.4909,0
250000,44,1,1,0,664,0.0,0
150000,33,1,1,0,0,0.0,1
50000,23,1,1,0,0,0.0,1
200000,38,0,3,1779,1354,0.0089,0
220000,38,0,0,147048,6364,0.6684,0
60000,36,0,0,0,2426,0.0,0
100000,43,0,0,47730,1808,0.4773,0
20000,46,0,0,15523,2000,0.7762,0
140000,28,1,5,82265,5747,0.5876,1
50000,46,0,0,48677,2000,0.9735,1
50000,28,0,0,28639,2100,0.5728,0
120000,30,0,0,686,686,0.0057,0
120000,39,1,1,0,0,0.0,0
30000,38,0,0,28637,2002,0.9546,0
180000,26,1,1,0,0,0.0,0
500000,46,0,0,53049,16018,0.1061,0
420000,44,0,0,337792,12011,0.8043,0
20000,45,0,1,14296,1262,0.7148,0
50000,24,0,0,39083,1700,0.7817,1
260000,30,0,0,19674,2000,0.0757,0
50000,27,0,0,47481,1910,0.9496,0
50000,26,0,0,750,0,0.015,0
50000,49,0,0,43342,2100,0.8668,0
100000,49,0,0,69896,2588,0.699,0
50000,24,4,6,38965,0,0.7793,1
180000,27,0,0,174546,8269,0.9697,0
240000,38,1,1,0,0,0.0,0
30000,38,2,1,28484,1905,0.9495,0
30000,60,0,3,5867,0,0.1956,1
270000,45,0,0,96175,3626,0.3562,0
30000,57,0,0,347,1353,0.0116,1
200000,31,0,0,1319,4997,0.0066,1
40000,29,0,0,8801,1000,0.22,1
360000,31,0,0,0,18540,0.0,0
150000,57,0,0,5483,9136,0.0366,0
80000,24,0,1,9933,1370,0.1242,1
300000,32,1,1,-227,45018,-0.0008,0
220000,32,0,0,202010,3746,0.9182,0
110000,42,0,0,776,776,0.0071,0
50000,30,0,0,11787,1300,0.2357,0
50000,60,0,0,31164,1756,0.6233,0
230000,37,0,0,400,20123,0.0017,0
50000,27,2,4,43333,4000,0.8667,1
240000,39,0,0,171907,7200,0.7163,0
130000,26,0,0,20054,1298,0.1543,0
160000,34,0,0,43729,2045,0.2733,0
210000,31,0,0,121697,5000,0.5795,0
210000,32,0,0,1952,1526,0.0093,0
330000,47,0,0,240063,9500,0.7275,0
110000,51,0,3,10141,1500,0.0922,0
120000,28,1,6,108993,5500,0.9083,0
100000,29,0,0,5466,5652,0.0547,0
210000,34,0,0,63672,2200,0.3032,0
350000,31,0,1,181550,10000,0.5187,0
180000,25,0,0,141836,5124,0.788,0
150000,28,0,0,66296,3000,0.442,0
50000,37,1,2,49457,0,0.9891,0
230000,47,0,0,5482,15900,0.0238,0
30000,39,2,3,9884,0,0.3295,1
90000,24,2,6,86643,3881,0.9627,1
390000,24,0,0,16406,1500,0.0421,0
50000,25,2,6,15679,1100,0.3136,1
320000,39,0,0,51058,1240,0.1596,0
20000,34,0,0,15907,1498,0.7954,0
200000,41,0,0,42292,3000,0.2115,0
500000,40,0,0,5255,721,0.0105,1
190000,28,1,1,0,0,0.0,0
70000,25,2,1,5730,2000,0.0819,1
220000,35,0,0,8304,11526,0.0377,1
50000,28,0,1,28864,2000,0.5773,0
50000,37,0,0,15175,1579,0.3035,0
50000,46,2,6,28390,2000,0.5678,0
70000,42,0,0,70730,3500,1.0104,0
80000,26,0,0,66982,2986,0.8373,0
50000,41,0,0,45487,1858,0.9097,0
150000,27,0,0,1345,0,0.009,0
300000,36,0,0,540,1283,0.0018,0
50000,25,0,0,10973,1300,0.2195,0
170000,42,0,0,4600,2000,0.0271,0
350000,37,0,0,316,316,0.0009,0
470000,33,0,0,43353,5000,0.0922,0
20000,25,0,0,13610,1360,0.6805,0
140000,26,1,1,0,811,0.0,0
60000,23,1,3,45014,1774,0.7502,0
160000,23,0,2,122339,18518,0.7646,0
150000,26,0,0,101569,3756,0.6771,0
20000,23,0,0,292,780,0.0146,0
210000,35,0,0,6808,4960,0.0324,0
50000,23,0,0,3352,18685,0.067,0
210000,31,0,0,15332,10000,0.073,0
280000,44,0,0,593,1777,0.0021,0
300000,36,0,0,15536,10000,0.0518,0
230000,37,0,0,228342,6100,0.9928,0
250000,47,0,0,8996,18069,0.036,0
500000,36,0,0,24170,8091,0.0483,0
50000,48,0,0,12592,2017,0.2518,0
50000,46,0,0,5942,1056,0.1188,0
150000,36,0,0,296846,7143,1.979,0
180000,53,1,1,0,41300,0.0,0
450000,37,0,0,136655,13492,0.3037,0
70000,24,1,2,4177,0,0.0597,0
110000,40,0,0,93357,4100,0.8487,0
200000,43,1,2,203393,0,1.017,1
210000,37,1,1,0,0,0.0,0
320000,36,0,0,146201,5465,0.4569,0
20000,37,0,0,66599,2317,3.33,1
130000,29,0,1,1110,1170,0.0085,0
20000,29,0,0,16961,2000,0.848,0
210000,39,0,3,3391,1000,0.0161,0
30000,33,0,0,25498,1451,0.8499,1
60000,36,1,3,47987,1788,0.7998,1
110000,49,0,0,75565,4009,0.687,0
130000,32,0,0,32236,10000,0.248,0
500000,38,0,0,74615,4010,0.1492,0
500000,38,0,0,499231,22600,0.9985,1
100000,35,0,3,8102,2500,0.081,1
220000,25,0,1,29664,1018,0.1348,0
50000,40,0,0,40561,18280,0.8112,0
500000,49,0,0,1320,1320,0.0026,0
50000,29,0,0,2459,2471,0.0492,1
200000,45,0,0,1417,12660,0.0071,0
320000,50,0,0,5714,3000,0.0179,0
450000,29,1,2,16524,676,0.0367,0
20000,26,8,6,43340,0,2.167,0
310000,44,0,0,500,0,0.0016,0
120000,23,0,0,100727,4324,0.8394,1
200000,48,0,0,354304,8000,1.7715,0
50000,53,0,0,49466,2442,0.9893,0
130000,48,0,0,100522,4650,0.7732,0
50000,23,0,0,25421,2000,0.5084,0
130000,26,0,2,16435,1300,0.1264,1
50000,42,0,0,50221,2215,1.0044,0
30000,32,2,1,17287,3000,0.5762,0
30000,34,2,6,24014,2274,0.8005,1
160000,34,0,0,390,390,0.0024,1
50000,27,0,1,43341,1800,0.8668,0
80000,28,0,0,18112,10084,0.2264,0
60000,25,0,0,50269,4749,0.8378,0
230000,27,1,2,46628,0,0.2027,0
390000,30,0,0,86124,4300,0.2208,0
110000,28,0,0,3242,1300,0.0295,0
50000,24,1,1,0,0,0.0,0
20000,35,1,3,22382,0,1.1191,1
100000,29,0,0,65324,2106,0.6532,0
70000,33,0,0,32405,10580,0.4629,0
150000,31,2,2,156286,57,1.0419,0
390000,31,0,0,19469,2227,0.0499,0
50000,22,0,0,47559,3690,0.9512,0
90000,26,2,3,121368,0,1.3485,0
290000,30,0,0,288994,12549,0.9965,1
20000,24,0,1,19401,3232,0.97,0
90000,28,0,4,87916,5800,0.9768,1
260000,48,0,0,266762,11500,1.026,0
90000,26,0,0,92472,4600,1.0275,0
100000,27,3,2,104489,0,1.0449,1
150000,31,0,0,126419,7000,0.8428,0
60000,46,0,0,60987,2145,1.0164,0
80000,42,2,1,80586,3000,1.0073,0
80000,24,0,0,15621,3768,0.1953,0
30000,26,1,2,30349,0,1.0116,0
20000,38,0,0,2638,3016,0.1319,0
50000,24,0,0,34500,0,0.69,0
250000,37,0,0,43971,1007,0.1759,0
50000,22,0,0,41940,1748,0.8388,1
120000,32,0,1,5152,1015,0.0429,0
20000,36,1,1,-25,0,-0.0012,0
280000,33,0,0,2186,2196,0.0078,0
50000,35,0,0,46532,3000,0.9306,0
360000,49,0,0,348,8047,0.001,0
100000,32,0,1,671,671,0.0067,1
140000,42,2,5,47556,2300,0.3397,0
170000,33,0,0,172382,6558,1.014,0
50000,33,0,0,25658,1700,0.5132,0
50000,46,0,0,49083,1463,0.9817,0
120000,47,0,0,2486,260,0.0207,1
170000,38,0,2,86401,3991,0.5082,0
380000,43,0,0,195221,8000,0.5137,0
400000,37,0,0,76917,4000,0.1923,0
50000,30,0,0,30145,5000,0.6029,0
440000,42,1,1,22597,7324,0.0514,0
30000,24,2,6,150,0,0.005,0
470000,39,0,0,5572,3595,0.0119,0
180000,40,0,0,1903,0,0.0106,0
110000,32,0,0,34000,223,0.3091,1
300000,25,0,0,76918,4103,0.2564,0
120000,31,0,0,325,325,0.0027,0
220000,33,0,0,3233,2108,0.0147,0
50000,27,0,0,50459,1600,1.0092,0
100000,43,1,1,0,0,0.0,0
170000,30,0,0,3733,1958,0.022,0
360000,37,0,0,3355,5865,0.0093,0
180000,43,0,0,4819,1010,0.0268,0
120000,27,0,0,33474,1789,0.2789,0
210000,32,0,0,1649,1000,0.0079,0
60000,56,0,0,28842,2000,0.4807,1
130000,40,0,0,20733,7261,0.1595,0
50000,36,0,0,3781,1710,0.0756,0
50000,52,1,4,30505,0,0.6101,1
100000,33,0,0,3976,0,0.0398,1
150000,43,0,0,90606,4348,0.604,0
240000,38,2,1,6848,836,0.0285,1
120000,38,0,0,7787,3505,0.0649,0
80000,32,0,0,199,199,0.0025,1
210000,27,2,2,174134,16,0.8292,1
80000,37,0,1,1118,0,0.014,0
50000,38,0,1,20838,3000,0.4168,1
50000,52,0,0,50671,1844,1.0134,0
330000,34,0,0,1406,1488,0.0043,0
230000,28,0,0,152966,65722,0.6651,0
30000,44,4,4,7221,0,0.2407,1
50000,41,2,1,39159,1669,0.7832,1
220000,37,2,2,185955,0,0.8452,0
270000,27,0,0,11306,1500,0.0419,0
160000,44,0,0,156400,7200,0.9775,0
10000,24,1,6,3892,0,0.3892,0
20000,25,0,0,15006,1406,0.7503,0
30000,25,2,4,22440,2390,0.748,1
210000,32,0,1,85965,4000,0.4094,0
250000,50,0,1,116256,11500,0.465,0
50000,28,0,0,23244,1500,0.4649,0
180000,28,0,0,584,1133,0.0032,0
200000,35,0,0,7429,24325,0.0371,0
350000,38,0,0,16459,941,0.047,1
20000,22,0,0,18093,1300,0.9046,0
30000,36,0,0,30328,1768,1.0109,1
20000,34,2,4,6099,2000,0.305,0
140000,59,2,1,62042,3000,0.4432,1
30000,44,2,3,18659,4500,0.622,1
180000,30,0,0,15743,1205,0.0875,0
20000,25,0,1,8011,1320,0.4006,0
100000,36,2,6,53530,3000,0.5353,1
100000,36,0,2,101972,16608,1.0197,1
20000,45,0,0,0,0,0.0,0
350000,31,0,1,18685,3000,0.0534,1
80000,32,0,0,80237,3000,1.003,0
120000,49,0,0,44244,2000,0.3687,0
210000,30,0,0,1654,32000,0.0079,0
120000,37,0,0,32050,3872,0.2671,0
20000,22,0,1,8134,2000,0.4067,0
200000,25,0,0,848,753,0.0042,0
50000,54,0,5,1126,0,0.0225,0
170000,37,0,0,5635,6321,0.0331,0
450000,37,1,1,0,245,0.0,0
300000,34,0,0,396,396,0.0013,0
300000,36,0,0,295433,13000,0.9848,0
280000,37,0,0,2035,11009,0.0073,0
170000,39,0,0,171160,13000,1.0068,0
60000,38,2,3,30013,2000,0.5002,1
50000,29,0,0,23469,1437,0.4694,0
380000,38,0,0,0,0,0.0,0
70000,40,2,4,45251,1800,0.6464,1
430000,48,0,0,4469,52226,0.0104,0
180000,38,0,0,326,326,0.0018,0
330000,41,1,6,289884,0,0.8784,0
250000,26,0,0,7374,0,0.0295,0
480000,38,0,0,384150,15000,0.8003,0
210000,37,0,1,1890,3037,0.009,0
160000,26,0,0,25060,8026,0.1566,0
390000,29,1,2,407399,0,1.0446,0
280000,44,1,1,-136,360,-0.0005,0
50000,33,0,0,390,390,0.0078,0
350000,60,1,1,0,1150,0.0,1
230000,40,0,0,360,0,0.0016,0
200000,36,0,0,5644,89187,0.0282,0
30000,47,0,0,29596,1600,0.9865,0
50000,37,0,0,4719,22530,0.0944,0
180000,26,0,0,24464,1573,0.1359,0
150000,45,0,0,141415,5457,0.9428,1
70000,27,0,1,39449,2100,0.5636,0
150000,26,0,0,10111,1158,0.0674,0
50000,25,1,4,43685,2000,0.8737,0
430000,42,0,0,89395,3243,0.2079,0
70000,25,0,4,3635,1100,0.0519,1
20000,36,1,1,0,832,0.0,0
310000,33,0,0,115,894,0.0004,1
160000,23,0,0,96814,10008,0.6051,0
30000,38,1,2,30771,0,1.0257,0
480000,39,0,0,51303,73428,0.1069,0
180000,28,0,1,99307,6700,0.5517,1
210000,40,0,0,5130,15266,0.0244,0
360000,30,0,0,312,313,0.0009,1
180000,31,2,2,36864,0,0.2048,0
200000,29,1,4,16198,0,0.081,0
50000,22,0,0,48423,2150,0.9685,1
240000,48,0,0,3972,783,0.0166,1
180000,29,0,0,35619,1745,0.1979,0
80000,33,0,0,325,107,0.0041,0
50000,32,0,0,42740,3000,0.8548,0
280000,36,0,0,101803,5005,0.3636,0
70000,29,0,0,43462,3000,0.6209,0
400000,36,0,0,6233,11219,0.0156,0
210000,45,0,0,430,430,0.002,0
80000,33,0,0,55424,2068,0.6928,0
30000,24,2,6,300,0,0.01,0
310000,29,2,4,400,0,0.0013,0
360000,27,1,1,0,0,0.0,0
200000,28,0,0,29804,20044,0.149,0
50000,33,0,0,50431,1823,1.0086,0
320000,41,0,0,49846,5000,0.1558,0
60000,27,0,2,23439,3300,0.3906,0
230000,30,2,6,216409,10000,0.9409,0
150000,44,0,0,1843,1367,0.0123,1
360000,39,0,0,165,853,0.0005,0
50000,34,0,0,20613,10000,0.4123,0
280000,37,0,0,3915,6691,0.014,0
50000,50,0,0,38499,1743,0.77,0
500000,32,0,0,15491,12992,0.031,0
400000,41,0,0,18487,2620,0.0462,1
280000,28,0,0,1799,1782,0.0064,0
360000,41,0,0,158277,50000,0.4397,0
260000,29,1,1,15502,18000,0.0596,1
330000,42,0,0,241191,10000,0.7309,0
350000,33,0,0,-7438,152000,-0.0213,0
500000,39,0,0,36550,18795,0.0731,0
440000,35,0,0,128808,10000,0.2927,0
260000,28,0,0,234867,10500,0.9033,0
500000,48,0,1,36875,1192,0.0738,0
100000,35,0,0,81415,4000,0.8142,0
70000,47,0,0,67670,2730,0.9667,0
440000,43,0,0,58108,2400,0.1321,0
220000,44,0,0,208858,7611,0.9494,0
160000,32,0,0,3189,3248,0.0199,0
200000,46,0,2,7340,0,0.0367,0
30000,25,0,0,24458,5000,0.8153,0
110000,27,0,0,113461,4251,1.0315,0
60000,43,0,0,57033,2880,0.9506,0
260000,28,0,0,76996,11515,0.2961,0
110000,36,0,0,109361,3940,0.9942,0
260000,44,0,0,257987,7100,0.9923,0
280000,32,0,0,157480,6400,0.5624,0
210000,30,0,0,462,1032,0.0022,0
80000,37,0,0,5744,33115,0.0718,0
200000,37,0,0,75360,2050,0.3768,0
100000,33,2,2,74763,0,0.7476,0
210000,42,0,0,9377,9540,0.0447,0
140000,35,1,2,148305,0,1.0593,0
180000,29,0,2,93962,3500,0.522,0
240000,34,0,0,122810,10066,0.5117,0
150000,24,0,0,4857,1733,0.0324,0
80000,54,0,0,105365,5030,1.3171,1
210000,37,0,0,22908,32513,0.1091,1
180000,28,0,0,12595,7000,0.07,0
100000,26,0,0,96353,4900,0.9635,0
20000,28,0,0,17359,2700,0.868,0
140000,34,0,0,128312,5000,0.9165,0
200000,40,0,0,390,1799,0.002,0
80000,25,0,0,77142,2000,0.9643,0
20000,49,1,4,18718,0,0.9359,1
80000,24,0,0,0,0,0.0,0
170000,41,0,0,165602,80000,0.9741,0
70000,41,2,6,50241,2000,0.7177,1
90000,40,0,0,3569,7385,0.0397,0
30000,30,0,0,22221,1391,0.7407,0
50000,25,0,0,2543,14439,0.0509,0
50000,21,0,0,390,1499,0.0078,1
260000,39,0,0,231024,10000,0.8886,0
360000,33,0,0,50067,17607,0.1391,0
500000,52,0,0,0,0,0.0,1
160000,46,2,2,168501,0,1.0531,0
460000,39,0,0,89095,6000,0.1937,0
20000,26,2,1,19366,1800,0.9683,1
360000,25,1,2,0,1647,0.0,0
300000,38,0,0,1008,228,0.0034,0
70000,28,1,5,29836,1800,0.4262,1
50000,26,0,0,26808,30040,0.5362,0
150000,51,0,0,113647,5001,0.7576,0
390000,42,0,0,1565,1733,0.004,0
280000,37,0,0,251486,9352,0.8982,0
50000,28,0,0,3377,1000,0.0675,0
280000,38,1,1,0,0,0.0,1
50000,41,1,1,0,0,0.0,0
50000,32,0,1,13185,1255,0.2637,0
150000,28,0,0,0,0,0.0,0
120000,31,1,1,0,1730,0.0,1
360000,37,0,0,10764,1052,0.0299,0
20000,33,0,0,3010,1272,0.1505,0
50000,46,0,0,48797,2000,0.9759,0
20000,23,1,4,10407,0,0.5204,1
90000,35,0,0,90467,4000,1.0052,1
230000,35,0,0,176853,10000,0.7689,0
20000,22,0,2,17990,0,0.8995,0
100000,23,0,0,45756,9187,0.4576,0
270000,26,0,0,214277,10000,0.7936,0
160000,28,0,0,1390,550,0.0087,0
80000,29,0,0,46724,2000,0.584,0
10000,24,2,2,7554,1500,0.7554,1
500000,27,0,0,11354,9983,0.0227,0
90000,43,0,1,16139,4367,0.1793,0
150000,59,0,0,11067,12405,0.0738,0
50000,49,0,0,2522,1173,0.0504,0
260000,48,0,0,200716,8812,0.772,0
50000,22,0,0,836,10214,0.0167,0
30000,28,0,2,1190,1098,0.0397,1
70000,26,2,4,46599,0,0.6657,0
360000,52,1,1,0,0,0.0,1
430000,39,0,0,673,4576,0.0016,0
50000,23,0,0,1291,1100,0.0258,0
150000,26,0,1,22683,2219,0.1512,0
70000,23,1,4,17461,0,0.2494,1
150000,25,0,0,42437,2265,0.2829,0
110000,38,0,0,14084,2500,0.128,0
20000,38,0,3,3527,1241,0.1764,1
20000,39,0,2,7824,1307,0.3912,0
50000,31,0,0,11479,12002,0.2296,0
10000,33,0,0,8417,1700,0.8417,0
20000,24,0,1,15703,4663,0.7852,0
180000,34,1,1,149172,4600,0.8287,1
60000,26,0,1,60597,5504,1.0099,1
20000,30,1,5,6885,2000,0.3442,1
70000,25,0,0,71106,3292,1.0158,0
60000,38,0,0,48399,1764,0.8066,0
200000,28,0,0,3330,2686,0.0167,0
200000,34,1,1,-1730,0,-0.0086,1
300000,37,0,0,3144,5734,0.0105,0
390000,34,0,0,13006,524,0.0333,0
80000,23,0,0,72364,2756,0.9046,0
100000,25,0,0,12660,5000,0.1266,0
230000,30,1,6,213894,10040,0.93,0
40000,49,1,1,0,0,0.0,0
180000,25,0,0,33322,1900,0.1851,0
420000,28,0,0,22872,1700,0.0545,0
20000,59,0,0,2946,0,0.1473,0
340000,31,0,0,33639,5000,0.0989,0
20000,25,2,6,9317,10000,0.4658,1
320000,52,0,0,31858,5000,0.0996,0
360000,39,0,0,0,0,0.0,0
100000,29,0,0,33330,3500,0.3333,0
310000,36,0,0,0,298887,0.0,0
140000,24,0,0,35806,3000,0.2558,0
200000,33,1,4,98990,0,0.495,0
30000,28,0,0,1743,0,0.0581,1
130000,25,0,0,132110,6359,1.0162,0
20000,44,0,1,17095,3000,0.8548,0
120000,57,0,0,116497,5000,0.9708,0
190000,32,0,0,8010,922,0.0422,0
50000,26,0,0,43721,2228,0.8744,0
130000,27,0,0,107599,4030,0.8277,0
220000,48,0,0,28132,2700,0.1279,1
200000,29,0,0,70422,3500,0.3521,0
50000,59,0,0,37201,1503,0.744,0
30000,26,2,6,30954,2074,1.0318,0
200000,33,1,1,0,0,0.0,0
400000,50,2,1,5523,8037,0.0138,1
120000,41,0,0,118847,5000,0.9904,0
60000,38,0,0,45972,5000,0.7662,0
150000,25,0,0,3167,13879,0.0211,0
240000,44,0,3,16925,1411,0.0705,0
130000,29,0,0,3594,0,0.0276,0
200000,40,2,4,91368,4000,0.4568,1
240000,56,2,2,2500,0,0.0104,1
30000,22,0,1,14885,1939,0.4962,1
50000,26,0,0,44335,2126,0.8867,0
30000,26,2,3,13660,1269,0.4553,0
310000,33,0,0,0,0,0.0,0
120000,28,2,4,111840,5300,0.932,1
290000,34,0,0,16196,1292,0.0558,0
50000,45,0,0,45911,2350,0.9182,0
130000,27,0,0,86883,40000,0.6683,0
50000,30,0,0,47311,2900,0.9462,0
210000,33,0,0,98,1120,0.0005,0
50000,47,1,3,4759,0,0.0952,1
10000,40,0,0,6160,1123,0.616,0
10000,22,0,0,5757,1200,0.5757,0
80000,24,2,6,75444,6400,0.943,1
360000,65,1,1,0,0,0.0,1
530000,32,0,0,12451,24120,0.0235,0
20000,46,0,0,20376,2000,1.0188,0
170000,42,0,0,131629,5300,0.7743,0
220000,33,0,1,16090,4991,0.0731,0
180000,40,0,0,991,991,0.0055,0
440000,37,0,0,5302,13333,0.012,0
20000,62,2,1,17870,1462,0.8935,1
400000,39,1,1,0,0,0.0,1
130000,27,0,0,44826,1092,0.3448,0
420000,29,0,0,194505,5479,0.4631,0
80000,34,0,0,78688,4000,0.9836,0
20000,45,0,0,18569,2500,0.9284,0
320000,29,1,4,93070,0,0.2908,1
160000,40,0,0,27563,5002,0.1723,0
50000,23,0,1,48725,4987,0.9745,0
50000,35,0,0,14536,2000,0.2907,0
70000,43,0,0,71037,3352,1.0148,0
20000,59,1,6,19074,0,0.9537,1
160000,24,0,0,157389,6800,0.9837,0
130000,33,1,1,0,0,0.0,1
20000,23,0,3,16918,4000,0.8459,0
170000,48,0,0,18727,66513,0.1102,0
300000,39,0,0,729,0,0.0024,0
160000,31,0,0,1672,4411,0.0104,0
110000,52,1,1,0,0,0.0,0
230000,27,0,0,92167,3340,0.4007,0
60000,21,0,0,40969,1859,0.6828,0
280000,35,0,1,146368,101585,0.5227,0
180000,47,1,1,-6,0,-0.0,0
30000,30,2,6,12109,1300,0.4036,1
50000,28,0,0,48010,5000,0.9602,0
270000,41,0,1,832,0,0.0031,0
80000,24,0,0,2346,0,0.0293,1
120000,31,2,2,25719,5000,0.2143,1
120000,53,0,0,291,291,0.0024,0
30000,23,0,0,29025,1507,0.9675,0
380000,36,0,0,68943,8000,0.1814,0
80000,37,2,3,80508,3100,1.0064,1
20000,26,0,0,17938,1456,0.8969,0
160000,34,0,1,2947,2000,0.0184,0
230000,26,0,3,8328,0,0.0362,1
370000,39,2,1,334394,14005,0.9038,1
30000,41,1,3,29717,0,0.9906,0
20000,24,0,0,20073,1319,1.0036,0
20000,23,1,4,17529,0,0.8764,1
470000,52,0,0,84672,5000,0.1802,0
220000,29,0,0,36106,3000,0.1641,1
80000,32,0,0,78887,2569,0.9861,0
180000,33,0,0,0,0,0.0,0
100000,39,0,0,24110,2000,0.2411,0
10000,21,0,0,7888,1383,0.7888,0
280000,51,0,0,2477,3470,0.0088,0
110000,31,2,3,107507,7960,0.9773,1
210000,27,0,0,135066,5600,0.6432,0
200000,36,0,0,10317,5788,0.0516,0
260000,27,0,0,868,1320,0.0033,0
600000,36,0,0,-1,0,-0.0,0
330000,47,0,0,19540,25487,0.0592,0
500000,31,0,0,258257,25239,0.5165,0
200000,29,0,0,7505,5919,0.0375,0
200000,36,2,1,7300,3238,0.0365,1
210000,27,0,1,5353,280,0.0255,0
500000,46,0,0,3982,3718,0.008,0
10000,44,0,0,4125,1275,0.4125,0
160000,24,0,0,37000,0,0.2312,0
50000,42,0,0,50906,2009,1.0181,0
130000,33,1,3,130565,5012,1.0043,0
140000,28,0,0,138036,6600,0.986,1
80000,45,0,0,83150,0,1.0394,0
500000,31,0,0,17496,2000,0.035,1
500000,39,0,0,146700,4585,0.2934,0
320000,35,0,1,4050,1073,0.0127,0
50000,29,1,2,49612,0,0.9922,0
120000,40,0,0,4180,1000,0.0348,0
500000,59,0,0,0,0,0.0,1
290000,42,0,0,-132,18496,-0.0005,0
280000,50,0,0,19378,348,0.0692,0
30000,41,0,0,39230,1618,1.3077,1
80000,31,1,6,21004,0,0.2626,1
50000,24,0,1,48136,3700,0.9627,0
10000,24,1,6,7826,1200,0.7826,0
550000,49,0,0,42141,1522,0.0766,1
60000,41,0,0,14895,6750,0.2482,0
140000,28,0,0,5925,2000,0.0423,0
50000,28,0,0,46096,1442,0.9219,0
300000,27,0,0,286321,20000,0.9544,1
30000,29,2,5,26836,2500,0.8945,1
50000,25,1,1,0,0,0.0,1
250000,33,2,2,2500,0,0.01,1
60000,39,0,0,54978,2050,0.9163,0
80000,44,2,3,57076,2800,0.7134,0
480000,33,1,1,-897,0,-0.0019,0
30000,44,1,6,23171,0,0.7724,1
10000,25,0,0,9150,1185,0.915,0
410000,41,0,0,0,0,0.0,0
100000,33,0,4,38219,5000,0.3822,0
200000,41,0,0,84573,2544,0.4229,0
380000,48,0,0,363191,15504,0.9558,0
100000,27,0,1,41298,2000,0.413,0
50000,27,0,1,37651,1754,0.753,1
130000,28,0,1,107216,4000,0.8247,1
120000,34,0,1,131773,3000,1.0981,0
150000,42,0,1,139172,6022,0.9278,0
310000,39,0,1,1989,4566,0.0064,0
110000,51,0,0,150000,0,1.3636,0
420000,37,0,0,415257,16850,0.9887,1
140000,28,0,1,6007,7340,0.0429,1
500000,37,1,1,0,0,0.0,1
260000,26,0,2,258364,45446,0.9937,0
90000,48,0,0,316,316,0.0035,1
90000,41,0,0,48276,2281,0.5364,0
20000,35,0,2,8918,0,0.4459,0
30000,36,0,0,36124,2500,1.2041,1
140000,36,0,0,45849,2100,0.3275,0
340000,32,0,0,80174,3871,0.2358,0
120000,31,0,0,-66,0,-0.0006,0
420000,34,0,0,18037,3048,0.0429,0
100000,48,0,0,6345,0,0.0635,0
350000,37,0,0,128146,4052,0.3661,0
50000,26,0,0,48992,1769,0.9798,0
30000,28,2,6,37,0,0.0012,0
360000,29,0,0,1766,4534,0.0049,0
20000,23,0,0,17432,1165,0.8716,0
400000,38,0,0,2988,1222,0.0075,0
170000,45,0,0,40441,5000,0.2379,0
110000,36,1,4,10448,0,0.095,1
200000,37,0,0,390,31638,0.002,1
200000,32,0,0,6540,17301,0.0327,0
360000,29,0,0,5143,6159,0.0143,0
500000,37,0,0,1961,1188,0.0039,0
20000,22,0,0,18462,1510,0.9231,0
270000,32,3,2,150616,0,0.5578,0
20000,44,1,2,6535,0,0.3268,1
350000,43,0,0,0,0,0.0,0
150000,26,0,0,115786,10000,0.7719,0
260000,30,0,0,83138,14038,0.3198,0
90000,33,0,2,1650,721,0.0183,0
310000,32,0,0,162530,6100,0.5243,0
210000,43,1,1,-3309,184212,-0.0158,0
40000,45,1,2,11402,0,0.2851,1
80000,25,1,1,0,0,0.0,0
50000,22,0,0,6673,1056,0.1335,1
370000,46,0,0,26555,1572,0.0718,0
130000,28,0,0,113613,5847,0.8739,0
710000,40,0,1,5200,0,0.0073,1
180000,24,1,1,0,35300,0.0,0
80000,30,0,1,42755,3000,0.5344,0
560000,32,0,0,68199,1548,0.1218,0
170000,26,0,0,47642,4000,0.2802,0
30000,63,0,0,8866,5884,0.2955,0
430000,30,0,0,2202,7232,0.0051,0
500000,37,0,0,7325,355,0.0146,0
10000,26,0,0,7606,2000,0.7606,1
130000,25,0,0,5279,4000,0.0406,0
160000,50,0,0,3,13333,0.0,0
150000,33,1,4,88590,0,0.5906,1
340000,43,0,0,33245,249,0.0978,0
200000,37,0,0,184144,8017,0.9207,0
130000,37,0,0,125780,6500,0.9675,0
320000,30,0,0,49889,2825,0.1559,0
50000,54,2,1,55518,3000,1.1104,0
360000,46,0,0,2171,1068,0.006,0
420000,29,0,0,408568,18000,0.9728,0
110000,30,1,2,2932,0,0.0267,0
80000,35,0,0,26994,2000,0.3374,0
60000,43,0,0,60283,3000,1.0047,1
60000,24,0,0,47757,1468,0.796,0
210000,26,0,0,186109,5929,0.8862,0
360000,46,0,0,42094,10600,0.1169,0
20000,48,0,1,6111,4500,0.3056,0
150000,42,1,1,-874,0,-0.0058,0
310000,30,0,0,-44,0,-0.0001,0
240000,40,0,1,3571,2309,0.0149,1
160000,55,0,0,4144,2016,0.0259,0
240000,40,0,2,1841,2,0.0077,0
20000,22,0,0,14677,3004,0.7338,0
190000,55,0,0,390,390,0.0021,1
280000,40,1,1,-10,0,-0.0,0
80000,58,0,0,3719,1000,0.0465,0
290000,49,0,0,169004,7600,0.5828,0
200000,34,0,0,3987,1631,0.0199,0
320000,50,0,0,6426,0,0.0201,0
350000,27,0,0,16022,1600,0.0458,0
110000,33,0,4,39768,5548,0.3615,0
300000,37,1,1,0,0,0.0,1
500000,44,1,1,706,1242,0.0014,0
120000,35,0,0,500,2483,0.0042,0
80000,31,0,0,5154,1124,0.0644,0
200000,33,0,0,198878,7700,0.9944,1
150000,26,0,0,1551,2990,0.0103,1
150000,40,0,0,145074,11000,0.9672,0
210000,42,1,1,652,0,0.0031,0
150000,36,0,0,5382,0,0.0359,1
50000,26,0,1,39052,6000,0.781,0
80000,33,0,0,79537,2359,0.9942,0
50000,34,0,0,2522,0,0.0504,0
20000,50,2,1,17393,1315,0.8696,0
50000,37,0,0,27516,2000,0.5503,0
50000,29,1,6,14497,0,0.2899,0
280000,46,1,6,188894,10101,0.6746,1
230000,51,0,0,197993,2965,0.8608,0
230000,30,0,1,38651,8000,0.168,1
80000,37,0,0,63185,5021,0.7898,0
60000,35,0,1,12695,3000,0.2116,0
200000,37,0,0,199669,9300,0.9983,0
30000,22,0,0,-854,33404,-0.0285,0
340000,34,0,0,32488,42552,0.0956,0
250000,40,0,0,4843,2942,0.0194,0
200000,52,0,0,1015,934,0.0051,0
150000,39,0,0,146736,7027,0.9782,0
100000,53,1,1,0,0,0.0,0
220000,41,0,0,126532,4500,0.5751,0
140000,32,1,1,-4,0,-0.0,1
40000,28,0,1,10371,2567,0.2593,1
200000,30,0,0,185070,7022,0.9254,0
520000,35,0,0,60912,7000,0.1171,0
30000,22,0,0,16534,2002,0.5511,0
20000,28,0,0,17973,1318,0.8986,0
50000,40,0,0,14633,1218,0.2927,1
300000,29,0,0,143568,7951,0.4786,0
500000,36,0,0,10935,4081,0.0219,0
490000,27,0,0,222705,5011,0.4545,0
200000,27,0,0,630,825,0.0032,0
40000,23,2,3,19827,1500,0.4957,1
150000,28,0,0,3752,2730,0.025,0
50000,29,0,0,48310,2300,0.9662,1
100000,27,0,0,99668,4850,0.9967,0
50000,42,2,4,44961,4000,0.8992,1
130000,25,0,0,390,780,0.003,0
70000,27,0,0,157,157,0.0022,0
30000,30,0,1,28289,2013,0.943,0
50000,28,0,0,31170,2005,0.6234,0
80000,45,0,0,1473,1473,0.0184,1
220000,30,0,0,72546,5206,0.3298,0
200000,45,0,0,200378,6061,1.0019,0
120000,24,0,0,11296,1400,0.0941,0
100000,25,2,3,98499,5000,0.985,0
100000,59,1,1,0,7240,0.0,0
50000,23,0,0,50025,1626,1.0005,0
240000,37,0,0,2208,5665,0.0092,0
60000,28,0,1,2295,6000,0.0382,0
260000,34,0,0,8214,2151,0.0316,1
30000,56,2,6,17643,1500,0.5881,1
440000,40,0,0,54408,5000,0.1237,0
360000,30,0,0,132250,5000,0.3674,0
50000,26,0,0,5310,29000,0.1062,1
270000,50,0,0,316,316,0.0012,0
150000,27,0,0,30585,6000,0.2039,0
200000,26,0,0,8355,8355,0.0418,0
50000,36,0,0,44510,3000,0.8902,0
210000,33,0,2,970,1303,0.0046,0
50000,27,2,4,47760,0,0.9552,1
50000,24,0,0,19839,1328,0.3968,0
440000,29,0,0,26430,1249,0.0601,0
60000,28,2,6,43662,0,0.7277,1
70000,41,0,0,6017,3000,0.086,0
290000,25,0,0,71559,2500,0.2468,0
140000,29,0,0,487,487,0.0035,0
310000,33,0,0,110786,6555,0.3574,0
450000,36,1,1,-44,10267,-0.0001,0
360000,34,0,0,997,1270,0.0028,0
550000,34,0,0,383973,15000,0.6981,0
180000,44,1,1,0,0,0.0,0
140000,37,0,0,34661,5334,0.2476,0
50000,33,0,0,17094,2000,0.3419,0
200000,30,0,0,0,0,0.0,0
60000,39,0,0,54282,2128,0.9047,0
140000,28,0,0,3234,4340,0.0231,0
70000,42,0,0,70293,3300,1.0042,0
20000,50,1,6,7973,2000,0.3986,0
100000,24,0,0,68963,3000,0.6896,0
360000,33,1,1,0,0,0.0,0
100000,24,0,0,440,500,0.0044,0
160000,41,0,2,26736,3000,0.1671,0
160000,27,0,0,163418,6200,1.0214,0
130000,26,0,0,296,1003,0.0023,1
100000,40,0,0,48923,2084,0.4892,0
90000,35,0,4,15952,3100,0.1772,1
80000,23,2,1,8613,4000,0.1077,0
220000,28,5,6,216435,8355,0.9838,1
260000,39,0,0,5912,3786,0.0227,1
30000,45,2,6,25161,0,0.8387,1
100000,40,1,3,4535,0,0.0454,1
80000,39,0,0,55084,3012,0.6886,0
20000,31,0,0,5526,1032,0.2763,0
140000,41,0,0,19853,3000,0.1418,0
30000,25,1,1,0,0,0.0,1
90000,39,0,0,20612,1676,0.229,0
150000,23,0,0,59555,2812,0.397,0
250000,28,0,0,191305,3899,0.7652,0
20000,37,1,3,19911,1500,0.9956,1
50000,28,0,0,20914,10087,0.4183,0
100000,31,3,2,2000,0,0.02,1
500000,46,0,0,3580,18785,0.0072,0
50000,36,2,1,47357,3000,0.9471,0
40000,27,0,0,32228,8040,0.8057,0
80000,35,0,2,75530,7000,0.9441,0
100000,35,0,0,45124,1730,0.4512,0
180000,29,0,0,1073,3206,0.006,0
90000,53,0,0,87235,4000,0.9693,0
10000,23,0,0,1082,2731,0.1082,0
200000,33,0,0,165,145,0.0008,0
80000,57,2,6,7431,2600,0.0929,1
90000,33,2,6,62011,3000,0.689,1
80000,42,0,0,30900,0,0.3862,1
90000,24,2,3,124457,6600,1.3829,1
80000,46,0,0,2350,2350,0.0294,0
140000,27,0,0,832,0,0.0059,1
480000,39,0,0,398380,20091,0.83,0
230000,39,1,5,276758,12000,1.2033,0
70000,27,0,2,4168,0,0.0595,1
200000,39,0,0,126082,6216,0.6304,0
180000,35,0,0,66376,5000,0.3688,0
190000,37,0,0,181295,8019,0.9542,0
20000,24,1,4,18817,0,0.9408,0
10000,24,0,1,7680,2616,0.768,1
80000,45,0,0,81133,3502,1.0142,0
60000,28,2,6,53567,6950,0.8928,0
500000,37,0,0,4168,19169,0.0083,0
50000,42,0,3,550,1974,0.011,1
360000,28,1,1,0,420,0.0,0
10000,56,0,3,7324,2609,0.7324,0
300000,54,0,0,206,555,0.0007,1
70000,48,0,0,8439,1188,0.1206,0
250000,32,0,0,39936,8666,0.1597,0
10000,51,2,4,3577,2500,0.3577,1
140000,28,0,0,25184,5000,0.1799,0
100000,40,1,1,0,0,0.0,0
110000,31,1,1,0,0,0.0,0
210000,38,0,0,291,291,0.0014,0
210000,40,0,0,14472,680,0.0689,0
70000,26,3,6,49201,0,0.7029,1
20000,47,0,0,15166,1257,0.7583,0
220000,31,0,0,4935,3796,0.0224,0
20000,51,2,2,18355,1600,0.9178,1
80000,28,2,3,56272,4000,0.7034,0
500000,42,0,0,506787,21000,1.0136,1
210000,66,0,0,209396,6510,0.9971,0
80000,27,2,1,76896,3613,0.9612,1
50000,37,2,3,40994,5500,0.8199,0
240000,35,1,1,0,11901,0.0,0
150000,23,0,1,198,4848,0.0013,0
210000,49,1,1,0,0,0.0,0
360000,28,1,1,0,0,0.0,1
230000,29,0,0,70069,3000,0.3046,0
500000,35,1,1,-453,2336,-0.0009,0
150000,34,0,0,50523,1763,0.3368,0
30000,31,1,4,27254,0,0.9085,1
470000,57,0,0,83852,3477,0.1784,0
200000,59,0,3,27119,1700,0.1356,0
470000,35,0,0,211775,9883,0.4506,0
310000,32,0,0,53340,69220,0.1721,0
210000,28,0,0,204191,9000,0.9723,0
500000,41,0,0,24433,187206,0.0489,0
80000,27,0,2,72991,3320,0.9124,0
20000,38,0,0,11805,1400,0.5903,1
150000,32,1,1,3706,40093,0.0247,0
390000,39,0,0,475934,59324,1.2203,0
10000,29,0,0,10208,1500,1.0208,0
390000,46,0,0,14315,7097,0.0367,0
210000,41,0,1,390,1732,0.0019,1
350000,33,0,0,16414,693,0.0469,1
150000,35,0,0,3299,599,0.022,0
210000,36,0,0,54717,2017,0.2606,0
100000,55,0,0,18135,2000,0.1814,0
210000,36,0,0,210463,5187,1.0022,1
290000,48,0,0,31386,31401,0.1082,0
330000,50,1,1,-13,2763,-0.0,1
50000,37,0,0,50701,2202,1.014,0
80000,27,0,0,47163,1821,0.5895,0
340000,35,0,0,39229,2000,0.1154,0
120000,38,0,0,40538,1988,0.3378,0
30000,22,0,0,3158,5572,0.1053,0
260000,35,0,0,20556,9581,0.0791,0
50000,64,0,0,48369,2384,0.9674,0
420000,25,1,2,72874,0,0.1735,1
130000,28,0,0,71983,4000,0.5537,0
270000,30,0,0,62599,5000,0.2318,0
50000,30,0,1,6615,1135,0.1323,0
20000,34,0,0,17179,1300,0.859,1
140000,34,0,0,132541,7000,0.9467,0
100000,35,0,0,106229,3000,1.0623,0
50000,41,2,6,29368,0,0.5874,0
500000,37,0,0,27181,7254,0.0544,0
80000,35,0,0,78507,3085,0.9813,0
220000,34,0,0,51565,15683,0.2344,1
30000,34,2,2,27358,1750,0.9119,0
240000,26,0,0,161766,7000,0.674,0
220000,41,0,0,10804,34415,0.0491,0
320000,32,0,0,6443,451,0.0201,0
230000,36,0,2,52689,0,0.2291,0
20000,44,0,1,780,0,0.039,0
280000,34,0,0,82691,3500,0.2953,0
110000,44,0,0,111188,6010,1.0108,0
180000,26,0,0,186248,18000,1.0347,0
100000,51,0,0,93970,3799,0.9397,0
80000,37,0,0,43311,5377,0.5414,0
260000,30,0,0,1264,6894,0.0049,0
110000,25,2,5,111483,5900,1.0135,0
150000,31,0,0,104014,5500,0.6934,0
180000,35,0,0,15288,4194,0.0849,0
230000,28,0,0,53542,36000,0.2328,0
500000,27,0,0,73798,4794,0.1476,0
300000,30,0,0,1485,0,0.005,0
180000,31,0,0,326,326,0.0018,0
30000,24,2,6,1050,0,0.035,1
110000,29,1,5,6467,1114,0.0588,0
100000,28,0,0,36428,6000,0.3643,0
390000,31,0,0,381453,15024,0.9781,0
180000,35,0,0,29197,2000,0.1622,0
300000,37,1,3,5975,1905,0.0199,0
260000,36,0,0,7740,1445,0.0298,0
360000,29,1,1,0,0,0.0,0
80000,26,0,0,509,525,0.0064,0
100000,26,0,0,26273,0,0.2627,1
20000,47,2,5,14328,3114,0.7164,1
210000,33,0,0,27042,0,0.1288,0
10000,25,0,1,6991,1126,0.6991,0
150000,26,0,0,360,360,0.0024,0
360000,37,0,0,390,390,0.0011,0
80000,42,0,0,16959,1235,0.212,0
130000,29,0,0,13194,9403,0.1015,0
30000,36,0,0,9934,1000,0.3311,0
430000,30,2,1,332721,10896,0.7738,1
20000,23,0,1,16641,1602,0.832,0
50000,32,0,0,50342,8025,1.0068,0
140000,26,0,0,129996,7000,0.9285,0
200000,32,0,0,11494,9139,0.0575,0
80000,28,2,5,65499,0,0.8187,0
50000,23,0,0,12630,1211,0.2526,1
280000,27,1,2,297192,0,1.0614,0
710000,51,1,1,0,0,0.0,0
180000,29,1,1,0,100000,0.0,0
500000,39,0,0,12106,13351,0.0242,0
360000,33,1,1,0,0,0.0,1
50000,29,0,1,20258,3000,0.4052,0
80000,27,2,1,62824,2178,0.7853,1
50000,44,0,1,43596,5000,0.8719,0
50000,23,0,0,13717,2008,0.2743,0
150000,33,0,1,1532,0,0.0102,0
360000,28,1,1,0,0,0.0,1
50000,32,0,0,49547,2100,0.9909,0
50000,48,0,0,83400,1600,1.668,0
200000,29,0,0,9344,723,0.0467,0
80000,29,1,1,-54,36710,-0.0007,0
140000,46,0,0,390,390,0.0028,0
20000,22,0,0,14993,1800,0.7496,1
80000,34,1,1,0,0,0.0,0
110000,30,0,0,107372,5000,0.9761,0
140000,27,0,0,143536,5341,1.0253,0
300000,31,0,0,32608,20018,0.1087,0
50000,29,0,0,47411,1300,0.9482,1
180000,39,0,0,84484,3007,0.4694,0
290000,39,0,0,212943,16923,0.7343,0
60000,36,1,2,0,0,0.0,0
100000,38,1,3,12893,0,0.1289,0
30000,41,0,0,29866,1900,0.9955,0
220000,27,2,5,150739,7000,0.6852,0
230000,30,0,0,0,0,0.0,0
30000,29,1,1,0,0,0.0,0
20000,47,0,0,1343,1547,0.0672,0
50000,30,0,2,780,780,0.0156,0
80000,46,1,1,0,0,0.0,1
90000,29,0,1,24802,3200,0.2756,0
80000,31,0,0,19824,5000,0.2478,0
50000,23,2,1,37350,3000,0.747,1
50000,29,0,0,5520,0,0.1104,0
20000,53,2,2,19369,3900,0.9684,0
250000,38,0,0,532,1106,0.0021,0
120000,24,0,0,889,1742,0.0074,0
110000,28,1,3,112597,0,1.0236,1
160000,33,0,0,100,0,0.0006,0
80000,52,2,1,82198,3543,1.0275,0
410000,36,0,0,41116,5071,0.1003,0
100000,43,0,0,21293,70973,0.2129,0
750000,43,0,0,72495,99664,0.0967,0
30000,47,0,0,29554,1895,0.9851,0
80000,33,1,2,19073,3895,0.2384,0
430000,31,0,0,10226,5873,0.0238,0
480000,44,0,0,350110,14082,0.7294,0
360000,29,1,1,0,0,0.0,1
150000,37,0,0,26416,2497,0.1761,0
130000,28,0,0,89418,4000,0.6878,0
40000,47,1,5,37611,0,0.9403,0
280000,34,0,0,11584,7011,0.0414,1
40000,45,2,5,33547,4000,0.8387,0
120000,26,0,0,10415,5771,0.0868,0
290000,39,0,0,1757,3579,0.0061,0
250000,39,0,0,1976,3318,0.0079,0
200000,43,0,0,1144,2506,0.0057,0
80000,32,0,0,81115,5000,1.0139,0
130000,27,0,0,18776,3000,0.1444,0
290000,37,0,0,1428,1500,0.0049,1
180000,29,0,0,1010,3394,0.0056,0
360000,31,0,0,-5,0,-0.0,0
140000,37,0,1,316,586,0.0023,0
350000,41,0,0,57956,15987,0.1656,0
260000,36,0,0,0,0,0.0,0
40000,26,0,0,18338,2000,0.4584,0
180000,27,1,1,-200,0,-0.0011,1
80000,27,0,0,22381,1500,0.2798,1
500000,45,0,0,3852,2403,0.0077,0
80000,27,0,0,46089,4840,0.5761,0
30000,57,0,0,20976,2000,0.6992,0
220000,37,1,1,0,0,0.0,0
70000,22,0,0,68247,2120,0.975,0
510000,41,0,0,3196,16447,0.0063,0
20000,22,0,0,18011,2000,0.9006,0
100000,40,2,6,47243,2000,0.4724,1
340000,30,0,0,338272,15000,0.9949,0
180000,29,0,0,0,0,0.0,0
290000,38,1,1,0,1437,0.0,0
80000,53,0,0,80577,3261,1.0072,0
280000,42,0,0,1751,22909,0.0063,0
180000,40,0,0,0,0,0.0,0
140000,66,1,2,0,0,0.0,0
500000,32,0,0,103880,39560,0.2078,0
230000,34,0,0,151778,5556,0.6599,0
250000,26,1,5,631,0,0.0025,1
10000,24,0,1,5803,1300,0.5803,0
230000,39,0,0,220706,11200,0.9596,0
70000,29,0,0,63603,7666,0.9086,0
140000,39,0,0,4654,5525,0.0332,0
430000,48,0,0,9900,0,0.023,0
120000,28,0,1,200,1986,0.0017,1
20000,25,0,0,16654,2000,0.8327,0
30000,32,0,1,29250,3600,0.975,0
80000,43,7,6,81071,0,1.0134,1
400000,39,0,0,404924,13521,1.0123,0
200000,37,1,1,0,0,0.0,0
30000,23,0,0,2700,899,0.09,0
50000,46,1,2,50471,0,1.0094,0
250000,46,0,0,1197,0,0.0048,1
120000,28,0,0,8922,35000,0.0744,1
80000,45,1,1,-1213,38677,-0.0152,0
430000,33,0,0,1837,373,0.0043,0
120000,24,0,0,75796,3700,0.6316,0
20000,22,0,0,20386,1510,1.0193,0
20000,32,0,0,129106,4420,6.4553,0
80000,25,0,0,0,0,0.0,0
20000,44,0,0,7678,3347,0.3839,0
140000,27,1,1,0,0,0.0,0
10000,22,0,0,14896,7000,1.4896,0
220000,34,0,0,99518,937,0.4524,0
60000,48,0,1,282,62773,0.0047,0
80000,59,1,2,21723,0,0.2715,0
30000,25,0,0,29745,2500,0.9915,1
140000,27,1,3,139058,4900,0.9933,0
20000,26,0,0,4491,1500,0.2246,0
100000,46,0,0,94657,3000,0.9466,0
220000,35,0,0,158882,8000,0.7222,0
80000,40,0,0,27432,1833,0.3429,0
80000,46,0,0,76184,3345,0.9523,0
130000,28,2,2,70952,0,0.5458,1
300000,33,1,1,0,0,0.0,0
60000,42,0,0,58264,3200,0.9711,0
360000,32,0,0,249,0,0.0007,0
10000,24,0,0,12,0,0.0012,1
50000,32,0,1,32813,3000,0.6563,1
50000,48,0,0,42156,4022,0.8431,0
200000,35,1,1,0,0,0.0,0
30000,24,1,3,15164,2000,0.5055,1
220000,42,0,2,3208,6000,0.0146,0
200000,41,0,0,5954,10464,0.0298,0
80000,27,1,4,84718,0,1.059,1
200000,39,0,0,15109,3155,0.0755,0
240000,34,0,1,652,0,0.0027,1
500000,28,0,0,72620,873,0.1452,0
230000,38,0,0,6901,0,0.03,0
20000,22,0,0,11242,1282,0.5621,0
50000,35,0,0,40730,4069,0.8146,0
100000,35,0,0,5830,1118,0.0583,0
230000,37,0,0,0,0,0.0,0
60000,28,0,1,42243,7773,0.704,0
120000,48,0,1,3845,0,0.032,1
130000,23,0,0,5719,10000,0.044,0
50000,25,2,2,31097,0,0.6219,1
400000,30,0,0,14013,5460,0.035,0
240000,27,0,1,4400,0,0.0183,1
70000,53,0,0,9928,1497,0.1418,0
20000,22,0,0,28758,1423,1.4379,0
50000,28,2,4,28129,1800,0.5626,1
240000,54,0,1,60381,5000,0.2516,0
380000,31,0,0,167061,6000,0.4396,0
50000,24,0,0,5219,1500,0.1044,0
50000,33,0,0,12498,4000,0.25,0
430000,33,0,2,40984,10000,0.0953,0
60000,26,0,1,22921,5000,0.382,0
30000,25,0,0,3638,1130,0.1213,0
170000,48,0,0,170845,6800,1.005,0
70000,29,0,4,40783,4100,0.5826,0
130000,28,0,0,390,7412,0.003,0
50000,50,1,2,49252,1521,0.985,1
20000,38,1,1,0,3796,0.0,1
50000,48,0,0,1058,1726,0.0212,1
20000,28,2,2,14043,1600,0.7022,0
110000,32,0,0,2015,1403,0.0183,0
90000,24,0,0,76453,2500,0.8495,0
180000,24,0,0,64800,4000,0.36,0
50000,28,0,1,43747,1746,0.8749,0
200000,36,1,1,-1,0,-0.0,0
20000,32,2,6,11337,6000,0.5668,1
50000,44,0,0,51671,1928,1.0334,0
170000,39,0,1,114007,7000,0.6706,1
380000,48,0,0,356375,40000,0.9378,0
30000,39,1,3,1623,1000,0.0541,1
30000,23,0,0,19594,1346,0.6531,0
160000,36,0,0,4030,6720,0.0252,0
60000,39,2,2,29565,3000,0.4928,1
450000,31,2,1,1638,54490,0.0036,0
80000,43,0,0,398,381,0.005,1
90000,26,1,4,23812,0,0.2646,0
30000,33,1,1,0,0,0.0,1
50000,25,2,1,48885,2200,0.9777,1
30000,49,2,6,26343,1500,0.8781,0
50000,52,1,2,32119,0,0.6424,1
320000,34,0,0,7417,8000,0.0232,0
300000,43,0,0,1314,0,0.0044,0
390000,43,0,0,90294,3200,0.2315,0
50000,23,0,0,47662,2000,0.9532,0
20000,26,2,6,1050,0,0.0525,1
90000,52,0,0,87186,3505,0.9687,0
300000,51,0,0,18341,19854,0.0611,0
300000,32,0,0,54053,15235,0.1802,0
200000,34,0,0,5392,1938,0.027,0
50000,24,0,0,33715,6600,0.6743,0
20000,24,0,1,390,780,0.0195,1
390000,35,0,0,30356,33074,0.0778,0
70000,41,0,0,69866,10000,0.9981,0
300000,43,0,0,158741,5823,0.5291,0
140000,50,0,0,139153,6006,0.994,0
200000,37,0,0,97821,4220,0.4891,0
80000,28,0,0,2147,612,0.0268,0
80000,45,0,0,80250,0,1.0031,0
170000,36,0,0,1218,2434,0.0072,0
50000,29,0,0,50187,3000,1.0037,0
100000,27,0,0,82609,3106,0.8261,0
30000,22,0,1,1924,7096,0.0641,0
30000,49,0,0,26305,1500,0.8768,0
320000,36,0,0,73024,2904,0.2282,0
70000,25,0,1,41511,4000,0.593,1
50000,24,0,0,49387,2000,0.9877,0
130000,48,0,0,68629,2187,0.5279,0
50000,27,1,6,8951,200,0.179,1
50000,33,0,0,16149,1223,0.323,0
50000,30,0,1,2496,2254,0.0499,0
160000,30,1,2,102867,31,0.6429,0
450000,46,0,0,130,1926,0.0003,0
380000,33,0,0,112926,4677,0.2972,0
30000,29,1,3,12517,1006,0.4172,1
50000,24,0,0,47530,1537,0.9506,0
220000,30,0,3,776,1552,0.0035,1
50000,32,0,1,390,390,0.0078,1
90000,27,1,1,0,0,0.0,0
80000,26,0,0,67692,2763,0.8462,0
390000,44,0,0,4197,4711,0.0108,0
140000,43,0,0,128947,4039,0.921,0
360000,32,0,0,101403,2389,0.2817,0
50000,26,2,1,50951,2500,1.019,1
260000,37,0,0,244736,10000,0.9413,1
180000,43,0,0,1207,60267,0.0067,1
360000,26,1,1,-1917,0,-0.0053,0
230000,35,0,0,2630,0,0.0114,1
130000,25,0,0,13350,6141,0.1027,0
20000,42,0,0,17775,1500,0.8888,0
200000,41,0,0,-140,0,-0.0007,0
220000,35,0,0,100252,3500,0.4557,0
20000,25,0,0,8226,1349,0.4113,0
20000,24,0,0,17697,1634,0.8848,0
240000,40,0,0,227819,8200,0.9492,1
480000,50,0,0,14638,11956,0.0305,0
50000,29,0,0,26052,2000,0.521,0
100000,40,0,0,37596,1000,0.376,0
120000,34,0,3,105356,3931,0.878,1
230000,27,0,0,104001,4000,0.4522,0
20000,32,0,0,16849,1434,0.8424,0
50000,27,0,0,25140,1252,0.5028,0
130000,32,2,6,114227,5000,0.8787,0
150000,38,0,0,1736,0,0.0116,0
60000,30,1,6,41259,400,0.6876,0
260000,44,0,0,36048,1688,0.1386,0
500000,40,0,0,30415,2006,0.0608,0
270000,34,0,0,74813,3000,0.2771,0
410000,34,1,1,0,13621,0.0,1
60000,29,2,2,2469,59068,0.0412,0
200000,31,0,0,261,6229,0.0013,0
50000,45,0,0,780,0,0.0156,0
500000,35,0,0,-73,0,-0.0001,1
150000,35,0,0,329,0,0.0022,0
170000,44,1,1,0,0,0.0,0
50000,25,0,1,51461,2000,1.0292,0
130000,42,0,0,1048,1048,0.0081,0
120000,30,2,4,122246,6000,1.0187,0
70000,28,0,0,9214,1500,0.1316,0
320000,44,0,0,3493,12498,0.0109,0
110000,37,0,0,79646,50000,0.7241,0
420000,30,0,0,34567,10000,0.0823,0
240000,49,0,0,18045,17409,0.0752,0
380000,33,0,0,70591,10000,0.1858,0
20000,22,0,0,17356,1274,0.8678,0
50000,42,0,4,35539,3600,0.7108,1
20000,23,0,1,780,0,0.039,0
20000,31,0,1,16659,1600,0.833,0
240000,28,0,0,237633,7065,0.9901,0
340000,57,1,1,-8,0,-0.0,1
90000,23,2,6,18168,0,0.2019,1
50000,56,0,0,31276,1556,0.6255,0
210000,33,0,0,137009,20000,0.6524,0
60000,25,0,4,44331,5000,0.7388,0
50000,53,0,2,12291,3300,0.2458,0
50000,26,1,1,0,1950,0.0,0
90000,26,0,0,21854,1536,0.2428,0
250000,31,0,0,3759,8873,0.015,0
290000,47,2,1,255412,5130,0.8807,1
240000,35,0,0,8602,18718,0.0358,0
360000,29,0,0,1360,8035,0.0038,0
340000,36,0,0,11951,5000,0.0352,0
290000,48,0,0,74864,1411,0.2582,0
50000,25,2,1,48690,1692,0.9738,0
310000,41,0,0,530,7233,0.0017,0
10000,22,0,0,9358,1216,0.9358,0
260000,31,0,0,181679,8900,0.6988,0
180000,26,0,0,71702,2950,0.3983,1
20000,26,0,0,96,1560,0.0048,0
360000,28,0,0,2400,2500,0.0067,0
80000,30,0,1,65622,3300,0.8203,0
450000,44,0,0,10716,8000,0.0238,0
30000,22,0,0,30190,1532,1.0063,1
500000,39,0,0,26501,1261,0.053,0
210000,34,0,0,146756,5500,0.6988,0
300000,64,0,0,1068,1168,0.0036,0
100000,52,0,0,90939,3467,0.9094,1
240000,47,1,6,138103,500,0.5754,1
50000,56,0,0,30121,2295,0.6024,0
20000,22,3,6,17710,0,0.8855,1
110000,23,0,0,1877,1000,0.0171,1
200000,43,0,0,9873,0,0.0494,0
220000,33,1,1,-117,1000,-0.0005,0
50000,43,0,0,9784,2303,0.1957,1
60000,26,0,0,40171,1491,0.6695,0
20000,23,2,6,9736,3500,0.4868,1
170000,39,0,1,2429,8077,0.0143,1
30000,29,2,2,2030,1533,0.0677,0
160000,29,0,0,1778,0,0.0111,1
200000,35,0,0,199891,8500,0.9995,1
120000,25,0,1,81129,7504,0.6761,0
230000,38,0,0,12907,316,0.0561,0
20000,42,0,0,10665,637,0.5332,0
10000,46,2,6,1050,0,0.105,1
100000,24,1,1,0,0,0.0,0
130000,24,1,1,0,0,0.0,0
50000,47,0,0,91481,3956,1.8296,0
140000,31,0,0,92636,3500,0.6617,0
50000,49,0,0,47864,3473,0.9573,0
360000,29,0,0,3206,2358,0.0089,0
20000,22,4,6,19529,0,0.9764,1
110000,33,0,0,107028,4000,0.973,0
100000,33,5,6,90822,0,0.9082,1
260000,39,0,0,256557,6726,0.9868,0
50000,23,0,0,46750,1505,0.935,0
360000,39,1,1,0,0,0.0,1
30000,27,2,6,27896,0,0.9299,1
50000,23,0,0,49798,2193,0.996,0
270000,31,0,0,0,0,0.0,0
250000,44,0,0,4976,5417,0.0199,0
250000,48,0,0,5241,2754,0.021,0
120000,24,1,1,0,0,0.0,0
250000,36,0,0,44242,25000,0.177,0
260000,29,0,0,1267,553,0.0049,0
240000,39,2,1,234661,10200,0.9778,0
60000,27,0,0,18224,2000,0.3037,0
250000,40,0,0,326,326,0.0013,1
100000,26,0,0,98542,3326,0.9854,0
150000,35,1,1,0,1070,0.0,0
170000,45,0,0,165243,7067,0.972,0
710000,32,0,0,28585,3561,0.0403,0
20000,50,0,1,6620,1200,0.331,0
360000,36,0,0,83412,3700,0.2317,0
150000,60,1,1,0,0,0.0,1
150000,49,0,0,3114,23979,0.0208,0
50000,58,0,0,7556,1140,0.1511,0
140000,38,2,4,122283,0,0.8734,0
250000,42,1,1,-8,0,-0.0,0
20000,36,0,4,11423,2749,0.5712,0
360000,42,0,0,2333,6295,0.0065,0
160000,34,0,0,2734,0,0.0171,1
180000,30,0,0,27225,1765,0.1512,0
50000,23,0,0,28569,1400,0.5714,0
50000,45,0,1,19834,1340,0.3967,0
220000,60,2,5,19024,2000,0.0865,1
150000,39,0,3,76415,4150,0.5094,1
160000,40,0,0,1672,2941,0.0104,0
160000,30,0,0,1055,2579,0.0066,0
200000,29,0,0,73700,3304,0.3685,0
190000,32,0,1,5484,2450,0.0289,0
50000,32,0,0,47445,1697,0.9489,1
50000,24,0,0,390,390,0.0078,0
140000,35,0,0,88394,3280,0.6314,0
60000,26,0,2,48867,2200,0.8144,0
10000,24,0,0,8283,1500,0.8283,0
400000,28,1,2,-1320,9952,-0.0033,0
500000,44,0,0,380502,10481,0.761,0
320000,24,0,0,44500,51334,0.1391,0
240000,50,0,0,2115,0,0.0088,0
110000,44,0,0,128341,4861,1.1667,0
240000,29,1,1,0,0,0.0,1
50000,31,2,3,26411,3231,0.5282,1
100000,46,2,2,216,964,0.0022,0
50000,25,0,0,25045,15522,0.5009,0
50000,24,0,0,25437,2000,0.5087,1
50000,43,0,1,1040,4254,0.0208,1
150000,30,0,4,63150,6000,0.421,0
200000,37,0,0,4157,606,0.0208,0
80000,28,0,0,47234,3000,0.5904,0
360000,35,0,0,11936,21983,0.0332,0
120000,49,0,0,38878,2000,0.324,0
230000,28,0,1,70966,5606,0.3085,0
60000,34,0,0,54316,2770,0.9053,1
90000,37,1,5,9549,0,0.1061,0
50000,29,3,3,49747,2500,0.9949,1
240000,31,0,0,1051,475,0.0044,0
230000,42,0,0,6946,500,0.0302,0
80000,23,0,0,23998,3150,0.3,0
400000,28,0,0,3299,6978,0.0082,0
120000,45,0,1,117775,5700,0.9815,0
250000,39,1,1,0,93,0.0,0
30000,24,1,4,29846,0,0.9949,0
150000,54,0,0,152059,7100,1.0137,0
310000,37,2,2,207995,8000,0.671,0
150000,34,0,0,135587,4000,0.9039,0
80000,29,0,0,11040,1500,0.138,0
200000,37,1,1,0,0,0.0,1
50000,24,0,0,35166,1300,0.7033,0
190000,23,0,0,223483,11837,1.1762,1
50000,33,2,4,30773,4000,0.6155,0
100000,31,1,6,24377,1400,0.2438,1
150000,33,0,0,144761,6005,0.9651,0
80000,43,0,3,19260,1270,0.2408,0
200000,30,1,1,736,736,0.0037,0
120000,46,0,0,116697,4200,0.9725,0
60000,49,2,2,61093,1739,1.0182,1
450000,51,0,0,144396,6396,0.3209,0
120000,32,0,0,890,390,0.0074,1
130000,43,0,0,0,0,0.0,0
240000,36,0,2,5367,6959,0.0224,1
90000,26,0,0,11181,3194,0.1242,0
210000,25,2,2,7474,1500,0.0356,1
90000,23,0,0,803,16983,0.0089,0
420000,40,0,0,1794,7786,0.0043,0
290000,63,0,1,183800,6820,0.6338,1
390000,29,0,1,43062,5100,0.1104,0
230000,32,0,0,489,0,0.0021,0
90000,29,0,0,13770,1522,0.153,0
280000,45,1,1,0,0,0.0,0
280000,28,0,0,21670,15846,0.0774,0
30000,25,0,1,0,20657,0.0,0
20000,38,0,0,18596,1342,0.9298,0
180000,43,0,0,36484,24049,0.2027,0
70000,26,0,0,7139,1500,0.102,1
230000,34,0,0,2007,3229,0.0087,0
50000,36,0,1,17003,3000,0.3401,0
250000,47,0,0,10735,19269,0.0429,0
140000,47,0,0,109259,5400,0.7804,0
140000,41,0,1,43616,2100,0.3115,0
130000,25,0,0,1088,1521,0.0084,0
120000,40,0,0,73900,0,0.6158,0
60000,43,1,4,44193,0,0.7366,1
80000,32,0,0,77385,2900,0.9673,0
240000,41,0,0,4420,16920,0.0184,0
50000,32,0,0,46727,2000,0.9345,1
270000,33,0,0,12091,0,0.0448,0
170000,52,0,1,2939,3000,0.0173,0
50000,51,0,0,42462,1928,0.8492,1
230000,29,0,0,123436,7000,0.5367,0
390000,26,0,0,5044,1248,0.0129,0
200000,39,0,1,151955,9201,0.7598,1
500000,27,0,0,174725,6630,0.3494,0
30000,25,3,2,14190,0,0.473,1
450000,33,0,0,30627,4008,0.0681,0
50000,25,0,0,11014,1402,0.2203,0
50000,26,0,0,48150,1797,0.963,0
220000,48,0,1,115294,6000,0.5241,0
30000,33,0,0,29965,2000,0.9988,0
50000,42,3,3,34542,1000,0.6908,0
50000,31,0,0,48469,2138,0.9694,0
30000,24,2,1,28510,2000,0.9503,1
200000,42,0,1,660,1320,0.0033,1
50000,46,1,6,43244,0,0.8649,1
80000,26,0,0,47788,4000,0.5974,0
20000,26,3,4,10135,2100,0.5068,1
70000,44,0,0,68687,2545,0.9812,0
130000,44,0,0,15722,0,0.1209,0
200000,34,0,0,192910,10000,0.9646,0
320000,34,0,0,11317,2617,0.0354,0
170000,27,0,0,61785,3848,0.3634,0
280000,30,0,0,8527,13244,0.0305,0
10000,34,0,0,8014,1300,0.8014,0
200000,35,1,2,204441,0,1.0222,0
70000,27,0,0,63298,4100,0.9043,0
230000,45,0,0,204625,15006,0.8897,0
150000,40,0,0,800,2400,0.0053,0
320000,29,0,0,95322,5000,0.2979,0
50000,25,4,6,35906,2000,0.7181,0
200000,44,1,4,2667,0,0.0133,1
200000,39,0,0,326,326,0.0016,1
160000,29,0,0,2248,0,0.014,0
380000,42,0,1,1837,3000,0.0048,0
50000,51,0,3,11583,5000,0.2317,1
500000,51,0,0,8864,1462,0.0177,0
150000,34,0,0,38808,2000,0.2587,0
90000,33,0,0,56291,3000,0.6255,1
60000,46,0,4,24677,3000,0.4113,1
140000,27,0,0,13497,15688,0.0964,0
220000,40,0,0,13654,12312,0.0621,0
450000,41,0,0,262138,10027,0.5825,0
200000,48,0,0,205150,0,1.0258,0
140000,34,0,1,30996,3200,0.2214,1
290000,46,0,0,6615,2000,0.0228,1
260000,34,0,0,87281,15000,0.3357,0
60000,27,0,0,61015,3016,1.0169,0
280000,31,0,0,12740,17352,0.0455,0
310000,40,0,0,69569,3366,0.2244,0
80000,50,0,0,6627,3000,0.0828,0
150000,33,0,0,74033,237,0.4936,0
80000,28,0,0,49302,1412,0.6163,0
480000,45,0,0,1223,22313,0.0025,1
350000,34,1,2,23589,0,0.0674,0
230000,30,1,1,0,0,0.0,0
180000,46,0,0,109114,2835,0.6062,0
50000,32,0,0,50764,2200,1.0153,1
310000,43,1,6,266629,9500,0.8601,1
10000,41,0,4,6859,3000,0.6859,0
280000,25,0,0,9895,3011,0.0353,0
50000,52,0,0,50557,2283,1.0111,1
50000,51,2,4,10728,1504,0.2146,1
10000,22,1,6,8352,0,0.8352,0
290000,43,0,0,294475,12021,1.0154,0
240000,33,1,1,0,0,0.0,0
100000,26,1,2,48006,0,0.4801,1
160000,25,0,0,21570,7545,0.1348,0
230000,46,0,0,170354,7200,0.7407,0
230000,46,0,0,0,0,0.0,0
300000,41,1,1,0,1018,0.0,0
500000,32,0,1,211508,10070,0.423,0
200000,29,0,1,1124,1000,0.0056,0
210000,44,0,0,125615,5000,0.5982,0
50000,23,0,0,373,0,0.0075,0
130000,25,0,3,112561,12421,0.8659,0
90000,37,0,0,2522,0,0.028,0
80000,36,0,0,5587,6906,0.0698,0
30000,23,2,6,10732,10000,0.3577,0
480000,30,1,1,0,0,0.0,0
80000,41,0,0,54074,10000,0.6759,0
90000,24,0,0,36179,1953,0.402,0
70000,31,1,6,32945,0,0.4706,0
50000,31,0,1,5458,2000,0.1092,0
110000,39,0,0,73064,3900,0.6642,0
120000,30,0,0,100802,5200,0.84,0
180000,24,0,1,2294,1296,0.0127,0
50000,33,1,6,40159,2100,0.8032,1
150000,29,0,0,2565,3648,0.0171,0
340000,30,1,1,0,0,0.0,0
300000,33,0,0,351232,9198,1.1708,0
150000,36,0,1,123160,20000,0.8211,1
30000,38,2,1,69707,4000,2.3236,0
50000,52,0,0,47595,8080,0.9519,0
100000,42,0,1,2206,0,0.0221,1
270000,35,0,0,165,165,0.0006,0
320000,43,0,0,3274,86682,0.0102,1
160000,26,0,0,1236,1234,0.0077,0
300000,26,0,0,10545,3000,0.0352,0
30000,49,0,1,2273,2000,0.0758,1
290000,41,0,0,-4,0,-0.0,0
180000,49,0,0,106,3166,0.0006,0
150000,57,0,0,153664,22000,1.0244,0
60000,30,0,0,54379,2269,0.9063,0
260000,33,0,0,6475,2500,0.0249,0
150000,32,0,0,143706,6010,0.958,1
230000,55,0,0,214423,10000,0.9323,0
250000,29,1,1,0,0,0.0,0
70000,29,0,0,1929,1054,0.0276,0
360000,44,0,0,1982,0,0.0055,1
200000,34,0,0,5879,5884,0.0294,0
30000,30,0,0,27851,2100,0.9284,0
20000,30,0,0,1473,1473,0.0736,0
80000,66,0,0,58592,2912,0.7324,0
260000,32,0,0,-34,6880,-0.0001,0
210000,35,0,0,64740,3000,0.3083,0
50000,35,0,2,35214,3900,0.7043,0
140000,26,0,0,66526,3990,0.4752,0
90000,42,2,6,48674,2300,0.5408,0
20000,31,0,0,35651,4960,1.7826,0
360000,44,0,0,165,165,0.0005,0
580000,57,0,0,20498,2290,0.0353,0
180000,39,0,1,29478,3353,0.1638,0
60000,51,0,0,60557,3040,1.0093,0
60000,25,0,0,39831,4500,0.6639,0
50000,30,0,0,50995,2500,1.0199,0
100000,39,0,0,200,200,0.002,0
380000,46,0,0,141102,5034,0.3713,0
310000,37,0,0,325,4373,0.001,0
50000,37,1,2,28731,0,0.5746,1
20000,33,0,0,16128,2000,0.8064,0
30000,50,0,1,27284,4664,0.9095,0
50000,32,1,3,32814,0,0.6563,1
30000,52,1,4,10033,0,0.3344,1
490000,42,0,0,497657,18260,1.0156,0
500000,34,0,0,218570,18978,0.4371,0
80000,27,0,0,13165,2100,0.1646,0
200000,33,0,0,205150,0,1.0258,0
360000,29,0,0,205119,8270,0.5698,0
30000,39,0,0,29493,2006,0.9831,1
170000,36,0,0,46113,3182,0.2713,0
10000,21,0,0,6703,2000,0.6703,0
230000,52,1,1,0,0,0.0,0
200000,49,0,0,416,416,0.0021,1
160000,35,0,0,61089,1965,0.3818,0
270000,34,2,1,275572,10332,1.0206,1
80000,28,0,0,57798,2050,0.7225,0
360000,29,0,0,1146,2500,0.0032,1
140000,27,0,0,111820,3817,0.7987,0
80000,43,0,0,76594,3100,0.9574,0
200000,25,0,0,1698,1086,0.0085,0
80000,25,0,0,390,390,0.0049,0
390000,35,0,0,28804,20000,0.0739,0
80000,31,0,0,1019,8479,0.0127,1
80000,44,0,0,40821,2281,0.5103,1
20000,31,1,2,21635,0,1.0818,1
30000,22,0,0,28579,2006,0.9526,0
60000,23,0,0,5363,1000,0.0894,0
100000,25,0,0,59219,2197,0.5922,0
100000,52,0,0,81382,4611,0.8138,0
40000,48,0,0,69282,3500,1.732,0
120000,30,0,0,316,316,0.0026,0
20000,56,0,0,12685,1188,0.6342,0
310000,26,0,0,87717,9156,0.283,0
50000,23,1,2,19203,0,0.3841,1
500000,49,1,2,9502,0,0.019,0
290000,40,0,1,151996,7800,0.5241,0
30000,34,0,0,19101,1653,0.6367,0
100000,23,0,0,850,0,0.0085,0
360000,31,0,0,8288,21888,0.023,0
20000,51,0,0,2300,0,0.115,1
150000,37,1,3,108784,4800,0.7252,1
360000,31,0,1,3680,13517,0.0102,0
490000,30,0,0,26088,2003,0.0532,0
40000,44,0,0,11770,4740,0.2942,0
100000,36,0,0,1490,0,0.0149,0
20000,24,0,0,14367,2001,0.7184,0
500000,32,0,0,37664,3000,0.0753,0
50000,28,0,0,49703,1761,0.9941,0
260000,34,0,0,324,828,0.0012,0
140000,49,0,0,2457,0,0.0176,0
260000,49,0,0,316,316,0.0012,0
200000,32,0,0,3450,12174,0.0173,0
50000,28,0,0,47132,1651,0.9426,0
200000,32,1,1,0,2300,0.0,0
20000,26,0,0,6690,2600,0.3345,0
10000,24,0,0,4050,2000,0.405,0
30000,34,0,0,28014,1694,0.9338,0
170000,40,0,0,73784,3663,0.434,0
50000,45,0,0,4410,4050,0.0882,0
420000,34,0,0,13207,6222,0.0314,1
70000,30,0,0,8432,1300,0.1205,0
300000,31,0,0,316,316,0.0011,0
500000,31,2,3,533142,3089,1.0663,0
20000,49,0,3,15945,1288,0.7972,0
280000,30,0,0,161001,5000,0.575,0
150000,41,0,0,390,390,0.0026,0
180000,35,0,0,1099,1099,0.0061,0
50000,25,0,0,50401,5000,1.008,0
150000,24,1,1,0,0,0.0,0
30000,26,1,6,24386,0,0.8129,0
250000,37,0,0,-207,0,-0.0008,0
300000,39,0,4,37672,4000,0.1256,0
80000,30,0,0,110692,3500,1.3836,0
50000,58,0,0,50019,1400,1.0004,0
120000,36,0,0,326,326,0.0027,0
330000,39,8,6,377779,0,1.1448,1
140000,30,0,0,107060,4598,0.7647,0
150000,50,3,2,3227,0,0.0215,0
330000,57,0,0,3166,552,0.0096,0
380000,34,2,6,322199,16001,0.8479,0
50000,32,0,0,46253,1998,0.9251,0
120000,26,0,0,104546,4000,0.8712,0
150000,37,0,0,135211,10109,0.9014,0
130000,38,0,0,127626,5400,0.9817,0
160000,27,0,0,78592,3700,0.4912,0
30000,44,0,1,1072,4440,0.0357,0
370000,33,1,3,0,0,0.0,0
180000,51,0,0,513,396,0.0028,0
50000,54,2,2,48580,0,0.9716,0
170000,34,0,0,326,326,0.0019,1
60000,25,0,1,34733,3600,0.5789,1
20000,34,0,0,13936,8735,0.6968,0
20000,23,1,5,16332,2500,0.8166,1
50000,25,0,2,35427,2000,0.7085,0
150000,52,0,0,5678,1010,0.0379,0
170000,34,0,0,166851,5000,0.9815,0
30000,43,0,2,27862,2000,0.9287,0
50000,25,1,1,0,0,0.0,1
100000,25,0,0,416,416,0.0042,0
500000,53,0,0,107782,11016,0.2156,0
180000,35,0,0,326,326,0.0018,0
280000,33,0,0,640,0,0.0023,0
50000,27,0,0,1500,0,0.03,0
360000,49,0,0,338321,12323,0.9398,0
170000,44,0,0,6569,29069,0.0386,0
90000,36,4,3,62737,0,0.6971,1
50000,25,0,0,49772,2082,0.9954,0
20000,24,0,0,625,709,0.0312,1
220000,34,0,0,109815,3634,0.4992,0
200000,25,0,0,2017,0,0.0101,0
70000,29,0,0,66648,3000,0.9521,0
400000,28,0,0,181178,4000,0.4529,1
90000,36,0,0,9999,0,0.1111,0
50000,54,4,5,51300,0,1.026,1
60000,31,1,2,69311,0,1.1552,1
50000,47,1,1,0,0,0.0,0
100000,52,1,4,21509,0,0.2151,1
180000,34,2,6,95008,4500,0.5278,1
210000,42,1,1,0,0,0.0,0
430000,35,0,0,3642,492,0.0085,0
20000,41,0,0,2468,1087,0.1234,0
40000,51,0,0,144397,3988,3.6099,1
180000,27,0,0,12275,6491,0.0682,0
140000,28,0,1,13159,30000,0.094,0
30000,45,0,0,28611,1352,0.9537,0
210000,36,0,0,102245,5000,0.4869,0
90000,35,8,6,112662,0,1.2518,1
160000,29,0,0,50989,1695,0.3187,0
130000,27,1,1,-191,382,-0.0015,0
10000,21,0,0,8660,1800,0.866,1
170000,39,0,0,143339,20000,0.8432,0
20000,29,0,0,15760,1593,0.788,0
50000,29,0,0,38242,1799,0.7648,0
360000,59,0,0,17154,5095,0.0476,0
50000,23,0,0,1413,0,0.0283,0
80000,25,0,1,390,5250,0.0049,0
160000,32,0,0,5315,8300,0.0332,0
380000,37,0,0,173252,10069,0.4559,0
220000,32,0,0,33710,8959,0.1532,0
50000,54,0,0,0,0,0.0,0
140000,50,0,1,95310,4000,0.6808,0
270000,48,2,1,56376,2680,0.2088,0
50000,26,0,0,51212,2000,1.0242,0
100000,25,1,6,53111,4000,0.5311,1
360000,28,0,0,9780,6712,0.0272,0
20000,39,0,0,19592,1334,0.9796,0
50000,27,0,0,50902,2128,1.018,0
360000,46,1,2,361863,0,1.0052,0
20000,50,1,1,-5,5000,-0.0002,0
100000,42,0,0,70542,3000,0.7054,0
80000,27,0,0,76817,3000,0.9602,0
140000,39,0,0,136918,5000,0.978,0
390000,28,0,0,64440,5000,0.1652,0
350000,39,0,1,325,2770,0.0009,0
170000,48,0,0,390,390,0.0023,0
270000,37,1,1,265044,73000,0.9816,0
460000,42,0,0,43792,1600,0.0952,0
200000,37,0,0,3938,8576,0.0197,0
450000,28,0,0,108,0,0.0002,0
240000,47,0,0,207,99,0.0009,0
260000,29,0,0,1476,1476,0.0057,0
110000,34,0,0,24147,2000,0.2195,0
50000,51,0,0,38434,1681,0.7687,0
250000,49,1,3,260260,13000,1.041,0
380000,41,0,0,3907,13345,0.0103,1
110000,28,0,0,41799,2027,0.38,0
200000,44,0,0,26814,368,0.1341,0
500000,41,0,1,10386,28854,0.0208,0
260000,35,0,1,70098,2598,0.2696,0
270000,38,0,0,60654,3000,0.2246,0
150000,29,0,0,15453,4000,0.103,0
30000,42,3,6,27669,0,0.9223,0
290000,46,0,0,289002,1343,0.9966,0
200000,30,0,0,326,326,0.0016,0
210000,35,0,0,552,0,0.0026,0
100000,49,1,1,0,0,0.0,0
50000,45,0,0,45390,2321,0.9078,0
210000,56,0,0,27316,15316,0.1301,0
240000,44,0,0,-9095,10000,-0.0379,0
140000,25,0,1,33740,1363,0.241,0
50000,49,0,0,35623,1168,0.7125,0
360000,27,1,1,0,0,0.0,1
180000,47,0,0,84973,6000,0.4721,0
100000,36,8,6,110072,0,1.1007,0
90000,29,0,0,5618,1125,0.0624,0
90000,37,0,0,1243,0,0.0138,0
90000,52,2,6,90603,3900,1.0067,0
30000,25,0,0,780,0,0.026,1
300000,29,0,0,49833,5000,0.1661,0
20000,36,0,0,18839,1690,0.942,0
30000,25,0,0,8341,2000,0.278,1
50000,27,0,0,12814,3000,0.2563,0
50000,45,0,0,1189,300,0.0238,0
30000,22,0,3,8679,1190,0.2893,1
60000,28,1,2,47262,0,0.7877,0
200000,25,1,1,0,0,0.0,1
450000,39,0,0,810,1000,0.0018,0
140000,32,0,0,129653,5820,0.9261,0
120000,47,0,0,112448,6500,0.9371,0
270000,45,0,0,7088,1173,0.0263,0
130000,46,0,0,110766,6000,0.852,1
50000,27,0,0,9837,1010,0.1967,0
220000,52,0,0,20208,5209,0.0919,0
50000,26,0,0,28440,1436,0.5688,0
20000,36,2,1,19597,1503,0.9798,0
110000,54,0,0,105449,4500,0.9586,0
70000,36,0,0,75021,2893,1.0717,0
380000,38,0,0,380781,16750,1.0021,0
160000,26,0,0,2810,16261,0.0176,0
70000,35,2,6,47702,2200,0.6815,0
90000,29,0,0,18858,11056,0.2095,0
130000,52,0,0,106140,3003,0.8165,1
240000,26,1,1,-11,3930,-0.0,0
120000,32,2,6,67502,3000,0.5625,0
240000,44,0,0,188307,6600,0.7846,0
300000,45,0,0,62296,3000,0.2077,0
100000,40,0,0,26702,2008,0.267,0
200000,25,0,0,6096,2886,0.0305,0
50000,39,0,0,39323,7031,0.7865,0
100000,40,1,3,-166,0,-0.0017,0
500000,39,0,0,83528,472,0.1671,0
20000,50,0,0,19062,1333,0.9531,0
280000,39,0,0,1726,350,0.0062,0
160000,23,0,0,151246,10517,0.9453,0
30000,21,0,0,26587,1385,0.8862,0
50000,45,0,0,20408,6000,0.4082,0
20000,24,0,0,3808,4515,0.1904,0
140000,32,0,1,50890,9395,0.3635,0
130000,27,0,0,89956,2317,0.692,0
100000,23,0,0,13530,1258,0.1353,0
100000,25,0,0,86098,3200,0.861,0
50000,26,2,6,32976,2000,0.6595,1
360000,31,1,1,0,0,0.0,0
10000,42,1,3,5674,0,0.5674,1
50000,65,0,0,48341,2068,0.9668,0
10000,24,2,1,223,3000,0.0223,0
210000,38,1,1,-9,0,-0.0,1
320000,31,0,0,6927,10063,0.0216,0
70000,23,0,0,39935,1683,0.5705,0
160000,24,0,0,52373,1676,0.3273,1
180000,36,0,0,4524,2000,0.0251,1
70000,27,1,2,71570,0,1.0224,1
280000,30,0,0,1373,207,0.0049,0
40000,29,1,1,0,0,0.0,0
50000,51,2,4,33384,2000,0.6677,0
80000,25,0,0,75296,4000,0.9412,0
30000,42,5,4,32755,0,1.0918,1
20000,24,0,0,750,165,0.0375,0
130000,42,2,6,119378,6000,0.9183,0
10000,25,0,0,1261,1261,0.1261,0
70000,25,0,0,68839,3213,0.9834,0
280000,34,0,0,212093,18685,0.7575,0
300000,34,0,0,66176,3000,0.2206,0
50000,40,0,0,47374,2200,0.9475,1
230000,29,0,0,113736,4028,0.4945,0
80000,39,0,1,63368,5000,0.7921,0
50000,38,0,0,390,390,0.0078,1
470000,40,0,0,277185,10257,0.5898,0
210000,39,0,0,33459,3000,0.1593,0
200000,32,0,0,146,0,0.0007,0
50000,46,0,0,49566,1968,0.9913,0
300000,37,2,2,51893,2000,0.173,0
500000,33,0,0,1110,1110,0.0022,0
150000,36,0,0,48020,8000,0.3201,0
50000,25,0,0,11391,1286,0.2278,0
270000,37,0,0,156346,7000,0.5791,1
60000,27,1,4,49099,1800,0.8183,1
200000,31,0,4,167358,11000,0.8368,0
50000,23,0,0,32822,1150,0.6564,0
140000,31,0,0,15953,25148,0.114,1
120000,25,0,0,5259,1290,0.0438,0
20000,29,0,0,14275,1297,0.7138,0
210000,30,0,0,23375,20000,0.1113,0
70000,27,0,1,57879,2600,0.8268,0
230000,37,1,1,0,0,0.0,1
270000,33,0,0,2323,5434,0.0086,0
20000,56,1,2,0,0,0.0,0
120000,30,0,0,326,326,0.0027,0
140000,24,0,0,4679,1000,0.0334,0
180000,33,0,0,153833,7107,0.8546,0
190000,36,0,0,1779,1288,0.0094,0
100000,29,2,6,80234,2000,0.8023,0
50000,26,1,2,42207,2200,0.8441,0
150000,44,0,0,146277,3952,0.9752,0
250000,38,0,0,255571,10605,1.0223,0
220000,24,2,5,184761,0,0.8398,1
200000,28,0,0,54663,11000,0.2733,0
250000,44,0,0,47463,3000,0.1899,0
280000,32,0,0,202506,10547,0.7232,0
30000,64,2,3,13594,1000,0.4531,1
80000,29,0,0,89061,4000,1.1133,0
380000,31,0,0,381530,32640,1.004,0
350000,32,0,0,19637,242247,0.0561,0
160000,48,0,2,23037,0,0.144,1
70000,45,2,1,67505,2600,0.9644,1
150000,33,1,1,0,0,0.0,0
160000,39,0,1,43583,7500,0.2724,0
40000,27,0,1,26663,5700,0.6666,1
350000,30,0,1,245211,15000,0.7006,0
50000,27,0,0,50577,2138,1.0115,1
220000,38,0,0,4438,3000,0.0202,0
200000,26,0,0,6666,6666,0.0333,0
390000,41,0,0,7445,10038,0.0191,0
330000,32,0,0,28106,2701,0.0852,0
100000,60,0,0,101761,3856,1.0176,1
70000,58,0,0,138681,3500,1.9812,0
240000,41,0,0,126395,5000,0.5266,0
30000,23,0,0,27275,2000,0.9092,0
30000,43,2,6,15246,3141,0.5082,1
160000,29,0,0,163982,6150,1.0249,0
120000,40,0,0,22462,5000,0.1872,0
10000,55,3,6,5358,1200,0.5358,1
470000,33,0,0,72083,5031,0.1534,0
200000,26,0,1,3374,4053,0.0169,1
50000,22,0,0,6514,1500,0.1303,0
90000,29,1,1,0,194,0.0,0
220000,35,0,0,288,500,0.0013,0
40000,23,0,1,652,0,0.0163,1
200000,50,1,6,177088,0,0.8854,1
120000,43,0,0,33131,2000,0.2761,0
210000,43,0,0,880,724,0.0042,1
30000,22,0,3,31176,0,1.0392,0
110000,54,2,6,56839,2700,0.5167,1
280000,35,0,0,278948,10609,0.9962,0
150000,31,1,1,0,0,0.0,0
20000,49,0,0,15237,1600,0.7618,0
80000,25,0,0,29820,2306,0.3728,0
50000,43,2,1,30106,1878,0.6021,1
170000,36,0,0,92480,4000,0.544,0
200000,45,1,1,0,479,0.0,1
300000,38,0,0,390,390,0.0013,0
100000,46,2,3,17497,1300,0.175,1
80000,28,1,2,5431,0,0.0679,0
30000,32,0,1,28401,3434,0.9467,1
80000,35,0,0,27560,1701,0.3445,0
60000,30,0,0,264,264,0.0044,1
110000,24,0,0,94597,4260,0.86,0
10000,46,1,2,9841,121,0.9841,1
290000,32,0,0,21981,3000,0.0758,0
30000,26,0,0,27172,1000,0.9057,0
60000,45,0,0,59475,2500,0.9912,0
150000,49,0,0,4029,4054,0.0269,0
750000,40,0,0,16372,15420,0.0218,0
30000,29,0,0,10721,2000,0.3574,0
160000,51,0,0,6136,5932,0.0384,0
50000,31,0,0,50628,2350,1.0126,1
50000,42,0,1,1310,37073,0.0262,0
160000,30,2,6,75406,3300,0.4713,0
150000,23,0,0,151669,5900,1.0111,0
30000,42,0,1,27276,3671,0.9092,0
350000,35,0,3,19734,3000,0.0564,0
20000,24,0,0,18821,2000,0.941,0
50000,39,0,0,47206,1500,0.9441,0
180000,27,0,0,12303,2000,0.0683,1
30000,23,2,1,29144,2033,0.9715,1
100000,52,0,0,55120,2403,0.5512,0
20000,24,1,6,11893,1500,0.5946,0
80000,29,0,0,73722,3300,0.9215,0
150000,43,0,0,89488,5016,0.5966,0
230000,30,0,0,754,0,0.0033,0
50000,25,0,1,5472,1500,0.1094,0
210000,39,0,0,3962,1777,0.0189,0
50000,41,0,0,52260,1679,1.0452,0
240000,37,0,0,1854,1346,0.0077,0
500000,40,0,0,264961,20078,0.5299,0
210000,28,0,0,5373,1000,0.0256,0
160000,40,0,0,0,0,0.0,0
250000,48,1,1,0,0,0.0,1
500000,46,0,0,20614,5001,0.0412,0
100000,35,1,6,59121,0,0.5912,1
20000,26,0,0,16385,1700,0.8192,0
30000,30,0,0,14451,1525,0.4817,0
50000,27,0,0,13301,1400,0.266,0
160000,27,0,2,109405,12000,0.6838,0
50000,28,1,1,-9802,10000,-0.196,0
90000,25,0,0,3363,174,0.0374,1
20000,28,0,0,11449,1582,0.5724,0
50000,44,0,0,35145,2000,0.7029,0
230000,39,1,2,11391,0,0.0495,0
150000,31,3,4,76113,3400,0.5074,0
50000,45,0,0,48719,2212,0.9744,0
280000,36,0,0,27290,0,0.0975,0
500000,37,0,0,315816,10000,0.6316,0
90000,47,0,0,1887,43542,0.021,0
360000,29,0,0,64606,5135,0.1795,0
140000,50,0,0,98668,4410,0.7048,0
140000,44,0,0,5287,5717,0.0378,0
230000,44,1,1,0,0,0.0,1
50000,25,0,1,39033,6455,0.7807,0
130000,50,0,0,1504,1027,0.0116,0
330000,44,0,1,243621,21400,0.7382,1
210000,30,0,0,4830,0,0.023,0
10000,27,2,2,4920,1256,0.492,0
50000,54,0,0,49320,1925,0.9864,0
100000,46,0,1,39245,3000,0.3924,0
70000,26,0,0,65763,3000,0.9395,0
50000,45,0,0,40650,2850,0.813,0
170000,28,0,0,20302,3000,0.1194,0
100000,50,2,6,44078,2000,0.4408,1
80000,36,0,0,60110,2186,0.7514,0
150000,27,0,0,77298,3029,0.5153,0
50000,23,0,0,26956,1462,0.5391,0
80000,34,1,1,0,0,0.0,0
120000,24,0,0,78304,2900,0.6525,0
470000,47,0,0,163529,4700,0.3479,0
80000,52,0,0,18100,1244,0.2262,0
60000,30,0,1,46307,6000,0.7718,0
80000,42,0,0,75264,3200,0.9408,0
50000,57,0,1,25551,2733,0.511,1
500000,43,0,0,403800,17000,0.8076,1
110000,26,0,0,49732,2300,0.4521,0
80000,44,0,0,40769,2150,0.5096,0
50000,27,2,6,48655,460,0.9731,1
400000,44,4,3,278863,0,0.6972,1
90000,29,0,0,90749,3481,1.0083,0
150000,53,0,0,135903,7474,0.906,0
360000,35,0,0,10621,0,0.0295,0
170000,29,0,0,165027,7200,0.9707,0
110000,37,2,2,103356,2700,0.9396,1
220000,29,0,0,224852,10235,1.0221,0
200000,36,0,0,198807,10700,0.994,0
500000,47,0,0,0,3270,0.0,0
340000,48,0,0,321046,13690,0.9443,0
180000,32,1,1,0,0,0.0,0
490000,44,0,0,2920,4060,0.006,0
60000,26,0,0,56146,2314,0.9358,0
250000,30,0,0,2729,2543,0.0109,0
20000,30,2,1,15997,1600,0.7998,1
170000,39,1,4,171062,0,1.0062,0
160000,37,2,3,16626,0,0.1039,1
80000,25,0,0,1672,0,0.0209,0
380000,36,0,0,8183,10617,0.0215,0
70000,33,0,0,71230,2500,1.0176,1
80000,29,0,0,78038,3000,0.9755,0
380000,58,0,0,369699,12172,0.9729,0
230000,24,0,0,14979,2480,0.0651,0
130000,28,2,3,134505,6200,1.0347,1
160000,35,0,0,2851,0,0.0178,0
50000,42,0,0,44332,8802,0.8866,0
180000,45,2,3,106462,10000,0.5915,0
220000,31,0,0,75451,4000,0.343,0
200000,41,1,1,0,340,0.0,1
520000,41,2,2,435924,0,0.8383,1
30000,46,0,1,12485,1221,0.4162,1
150000,41,1,1,0,0,0.0,0
210000,32,0,0,733,737,0.0035,0
50000,36,2,1,42380,1901,0.8476,1
20000,37,0,0,17843,1280,0.8922,0
290000,44,0,0,19213,33548,0.0663,0
50000,32,1,1,30382,54608,0.6076,0
130000,42,0,0,127524,5051,0.981,0
60000,24,0,0,54809,0,0.9135,0
20000,25,0,4,11394,3600,0.5697,0
160000,35,0,0,124459,10000,0.7779,0
250000,39,0,0,5086,14180,0.0203,0
80000,38,0,0,19277,1400,0.241,0
60000,33,0,0,54660,1879,0.911,0
80000,30,0,0,13793,63023,0.1724,1
60000,25,2,3,60323,2000,1.0054,0
410000,38,0,0,10867,2719,0.0265,0
240000,34,0,0,14038,12000,0.0585,0
30000,46,3,2,13784,0,0.4595,1
200000,31,0,0,8350,2001,0.0418,0
180000,46,1,2,35916,1711,0.1995,0
100000,32,0,0,88550,5000,0.8855,0
50000,42,0,0,50806,1545,1.0161,1
60000,45,0,0,1876,1876,0.0313,1
50000,26,0,4,5800,2500,0.116,1
240000,34,0,0,597,6507,0.0025,0
220000,29,0,0,47944,5000,0.2179,0
40000,42,0,1,1978,3,0.0494,0
80000,23,0,0,71487,2157,0.8936,0
320000,52,0,0,1122,5000,0.0035,0
420000,43,0,0,44670,30253,0.1064,0
500000,48,0,0,28352,35465,0.0567,0
290000,24,0,0,145341,7000,0.5012,0
190000,45,0,0,181814,7035,0.9569,0
100000,33,2,1,101329,3900,1.0133,1
230000,26,1,1,0,0,0.0,0
50000,36,1,4,19606,0,0.3921,0
210000,43,0,0,47025,2300,0.2239,0
90000,24,1,1,0,0,0.0,1
480000,56,0,0,103497,5300,0.2156,0
120000,41,1,1,-8,0,-0.0001,0
160000,28,1,6,162761,6000,1.0173,0
110000,27,1,6,46657,3000,0.4242,0
260000,60,1,1,-20,0,-0.0001,0
80000,24,0,1,2130,1010,0.0266,0
50000,58,0,0,1956,2060,0.0391,0
50000,45,0,0,35116,1441,0.7023,1
100000,29,0,0,75012,4000,0.7501,0
20000,56,1,4,8766,0,0.4383,1
260000,44,1,2,0,6500,0.0,0
680000,42,0,0,189514,8000,0.2787,0
50000,25,0,1,1789,48731,0.0358,0
170000,27,0,0,118801,4000,0.6988,0
210000,37,0,0,326,326,0.0016,1
500000,51,0,0,10063,10395,0.0201,0
180000,45,0,1,18472,2690,0.1026,0
340000,37,1,1,-653,3254,-0.0019,0
160000,30,0,0,160388,142159,1.0024,0
30000,22,2,1,26846,2000,0.8949,1
230000,44,0,0,205938,8476,0.8954,0
30000,22,2,1,28328,1704,0.9443,0
480000,33,0,0,57732,55614,0.1203,0
360000,44,0,0,16731,4864,0.0465,0
500000,50,1,6,74850,3400,0.1497,1
220000,37,0,1,17039,7540,0.0774,0
100000,29,3,3,87791,0,0.8779,1
200000,31,1,1,0,0,0.0,0
200000,40,0,0,193048,6410,0.9652,0
90000,23,0,0,91653,4200,1.0184,0
50000,24,0,0,27963,2001,0.5593,0
80000,42,2,6,45691,2000,0.5711,1
260000,48,0,0,8339,5000,0.0321,0
80000,25,0,0,61943,2215,0.7743,0
20000,23,1,1,-348,0,-0.0174,1
50000,53,1,1,0,3333,0.0,0
90000,29,0,0,92464,3600,1.0274,0
290000,30,0,0,351890,11000,1.2134,0
20000,30,0,0,18920,1700,0.946,0
230000,36,1,1,0,0,0.0,0
360000,34,1,1,0,1680,0.0,0
50000,40,0,0,48331,2300,0.9666,1
80000,36,0,0,59223,1141,0.7403,0
100000,56,0,1,97549,9300,0.9755,1
390000,28,0,0,286888,11000,0.7356,0
120000,52,2,1,107269,4449,0.8939,0
20000,35,1,3,20971,0,1.0486,0
150000,24,2,3,63486,4330,0.4232,1
20000,38,0,1,16828,20192,0.8414,1
20000,44,0,0,17974,2000,0.8987,0
250000,44,0,0,98727,5000,0.3949,0
230000,25,0,0,19225,2000,0.0836,0
20000,40,0,0,20167,1308,1.0084,0
80000,41,0,0,21709,1378,0.2714,0
310000,32,0,0,51007,2200,0.1645,0
480000,49,0,0,456668,14706,0.9514,0
20000,24,0,0,16199,0,0.8099,0
50000,22,0,0,46450,2200,0.929,0
190000,35,6,5,254951,0,1.3418,1
50000,41,0,0,45284,1844,0.9057,0
50000,29,2,3,8281,1000,0.1656,1
50000,38,0,0,22619,2000,0.4524,0
300000,45,0,0,41051,71277,0.1368,0
60000,33,0,0,42246,2008,0.7041,0
260000,28,1,1,-1197,40000,-0.0046,0
190000,27,1,1,-4370,87998,-0.023,0
500000,53,0,0,415022,12602,0.83,0
300000,31,0,0,60700,5000,0.2023,0
50000,43,0,0,50665,1940,1.0133,1
50000,27,0,2,29321,1503,0.5864,1
130000,42,0,0,24565,5000,0.189,0
80000,38,0,0,604,0,0.0076,0
50000,37,0,0,44828,2005,0.8966,0
50000,31,0,0,40019,2006,0.8004,0
120000,27,0,0,70835,3000,0.5903,0
220000,33,0,0,3217,11435,0.0146,0
50000,35,0,0,51505,2500,1.0301,0
90000,29,0,0,88254,4200,0.9806,0
360000,43,0,0,0,0,0.0,0
280000,49,0,0,20650,0,0.0738,0
270000,57,0,0,13559,736,0.0502,0
200000,31,0,0,160292,6036,0.8015,0
80000,25,0,0,80493,3035,1.0062,0
60000,34,1,1,0,0,0.0,0
60000,31,0,0,58173,3400,0.9696,0
90000,28,0,0,23940,75000,0.266,0
10000,48,0,0,7065,1200,0.7065,0
140000,36,0,0,94586,3519,0.6756,0
280000,42,0,0,173092,5853,0.6182,1
140000,24,0,1,121241,4000,0.866,0
110000,52,0,0,13962,1500,0.1269,0
120000,26,0,0,22492,1534,0.1874,0
130000,39,0,0,131657,5000,1.0127,0
290000,48,0,0,224662,10160,0.7747,0
80000,33,0,0,22064,1700,0.2758,0
50000,22,2,6,15006,0,0.3001,1
450000,33,0,0,318,316,0.0007,0
50000,37,3,3,30411,1500,0.6082,1
170000,27,0,0,154189,5926,0.907,0
210000,30,0,0,38967,10000,0.1856,0
30000,23,2,1,21684,2000,0.7228,0
230000,33,0,0,57171,2100,0.2486,0
170000,34,0,0,2806,652,0.0165,1
20000,22,0,0,17958,1329,0.8979,0
50000,54,1,4,49271,1000,0.9854,0
100000,42,0,0,65917,4000,0.6592,0
140000,27,0,0,390,0,0.0028,0
100000,30,0,0,90375,3007,0.9038,0
150000,37,1,3,0,1505,0.0,1
60000,23,1,2,28831,0,0.4805,1
200000,33,0,0,199343,10021,0.9967,1
200000,27,0,0,11912,14443,0.0596,0
50000,35,0,0,48585,2220,0.9717,1
60000,32,0,0,51934,2000,0.8656,0
50000,32,1,4,45652,0,0.913,1
140000,55,0,1,22662,2500,0.1619,0
640000,41,0,0,55645,3000,0.0869,0
210000,41,2,6,87705,4800,0.4176,1
60000,27,0,0,43757,2000,0.7293,0
80000,32,3,4,72385,2000,0.9048,1
290000,37,0,0,3486,550,0.012,1
150000,28,1,1,0,0,0.0,0
200000,40,0,0,99729,59201,0.4986,0
130000,29,2,6,2880,2000,0.0222,1
490000,34,0,0,0,0,0.0,0
200000,40,0,0,9759,0,0.0488,1
210000,54,0,0,7771,7078,0.037,0
260000,29,0,0,3735,0,0.0144,1
80000,42,0,0,48237,2200,0.603,0
50000,53,0,0,41674,1660,0.8335,0
210000,30,0,1,77637,4400,0.3697,0
210000,52,0,0,815,815,0.0039,0
40000,41,1,5,20057,1500,0.5014,0
110000,33,0,1,184406,7400,1.6764,0
50000,49,0,0,25277,3000,0.5055,0
80000,27,0,0,3199,1325,0.04,0
80000,37,0,0,6734,1990,0.0842,1
250000,43,0,0,93163,4409,0.3727,0
100000,27,0,0,75296,3000,0.753,0
50000,29,2,6,43205,4000,0.8641,1
150000,32,2,4,120800,6000,0.8053,1
70000,30,0,4,17526,3000,0.2504,1
150000,29,0,0,249,0,0.0017,0
360000,31,0,0,1483,9386,0.0041,0
90000,29,0,0,51864,2098,0.5763,0
160000,28,0,0,6031,1280,0.0377,0
70000,36,0,0,67864,2044,0.9695,0
360000,33,0,0,325839,11083,0.9051,0
420000,33,0,0,25718,0,0.0612,0
50000,47,0,0,48888,1900,0.9778,0
160000,28,3,6,110819,0,0.6926,1
100000,38,1,1,0,199,0.0,0
240000,41,0,0,3973,3724,0.0166,0
390000,42,0,1,98262,5003,0.252,0
80000,37,0,0,57830,2103,0.7229,0
360000,29,0,0,25633,2000,0.0712,1
210000,34,0,0,3402,4774,0.0162,0
320000,28,1,1,0,0,0.0,1
20000,50,0,1,8612,2202,0.4306,0
180000,27,2,2,186895,0,1.0383,1
490000,50,0,0,205873,10000,0.4201,0
30000,22,0,1,25536,1800,0.8512,0
290000,34,0,0,111,0,0.0004,0
340000,46,0,0,0,0,0.0,0
40000,43,0,0,220,960,0.0055,0
50000,23,0,0,-29,9910,-0.0006,0
30000,30,2,3,21326,1400,0.7109,1
60000,34,2,1,493,240,0.0082,0
180000,29,1,1,92245,11400,0.5125,0
160000,57,0,0,390,390,0.0024,0
170000,33,1,2,9020,0,0.0531,0
50000,42,2,1,12664,2000,0.2533,0
50000,45,0,1,8558,1471,0.1712,0
360000,32,0,0,0,0,0.0,0
160000,35,2,6,131104,6300,0.8194,1
260000,39,0,0,107801,30054,0.4146,0
350000,31,2,2,20042,100000,0.0573,0
30000,26,0,1,27376,1500,0.9125,0
180000,27,1,3,17207,0,0.0956,0
230000,30,0,0,1219,283,0.0053,0
50000,29,1,1,0,0,0.0,0
370000,38,2,1,376014,16000,1.0163,1
30000,42,0,1,24317,4491,0.8106,0
280000,31,1,3,0,3405,0.0,0
210000,53,0,0,390,390,0.0019,1
150000,49,0,3,416,797,0.0028,0
170000,30,0,0,8404,16835,0.0494,0
80000,28,0,0,73233,3400,0.9154,0
30000,29,1,6,16609,0,0.5536,1
50000,38,0,0,51047,1849,1.0209,0
140000,24,0,0,38483,10169,0.2749,0
30000,22,2,2,26505,0,0.8835,0
50000,45,0,0,42614,10016,0.8523,0
20000,24,0,0,390,390,0.0195,0
180000,37,0,0,15288,1500,0.0849,0
30000,46,0,0,24794,2000,0.8265,0
210000,26,0,0,92083,4000,0.4385,0
30000,35,0,0,20180,2000,0.6727,0
50000,31,0,0,20451,1600,0.409,0
270000,31,0,0,973,592,0.0036,0
70000,25,0,0,22935,1398,0.3276,0
110000,32,0,0,2308,101780,0.021,0
20000,24,0,0,3305,2296,0.1652,1
150000,37,0,0,147891,5004,0.9859,1
420000,59,0,0,175795,5300,0.4186,0
20000,24,0,0,299,0,0.015,0
50000,51,0,0,50383,2304,1.0077,0
170000,51,0,0,195038,7509,1.1473,0
20000,35,1,2,24122,1300,1.2061,0
360000,36,0,0,2473,0,0.0069,1
280000,34,0,2,8719,0,0.0311,0
340000,35,0,0,842,2873,0.0025,0
180000,46,0,0,160580,13714,0.8921,1
280000,33,0,0,8814,151650,0.0315,1
60000,27,0,1,14853,5000,0.2476,1
150000,56,2,1,116928,5006,0.7795,1
300000,24,0,0,35040,1518,0.1168,0
210000,34,0,0,200239,9510,0.9535,0
50000,29,0,0,27878,1484,0.5576,0
140000,30,0,0,282,282,0.002,0
180000,42,0,0,4314,2500,0.024,0
380000,44,0,0,40352,1523,0.1062,0
10000,22,0,0,7418,1000,0.7418,0
50000,45,0,0,45982,1421,0.9196,0
50000,22,0,0,50186,1994,1.0037,1
50000,25,0,0,8540,1479,0.1708,0
140000,37,0,0,10025,2000,0.0716,0
110000,36,0,0,109345,4400,0.994,0
260000,63,0,0,3382,2519,0.013,0
50000,26,0,0,49722,2200,0.9944,0
180000,30,3,2,1782,0,0.0099,0
150000,26,2,1,56956,2716,0.3797,0
80000,39,0,0,36444,3015,0.4556,0
210000,31,0,0,0,0,0.0,0
320000,44,0,0,7500,8500,0.0234,0
100000,36,0,0,92688,3000,0.9269,0
100000,35,0,0,52708,9967,0.5271,0
50000,24,0,0,16277,4006,0.3255,0
240000,43,0,4,2690,2500,0.0112,1
300000,33,1,1,0,0,0.0,0
200000,30,0,0,199229,6101,0.9961,1
270000,31,0,0,86716,6000,0.3212,0
150000,26,2,6,75373,3300,0.5025,1
260000,29,0,0,-5,0,-0.0,0
50000,24,0,0,26239,1300,0.5248,0
130000,32,1,3,51559,0,0.3966,1
80000,28,0,1,57776,1200,0.7222,0
20000,32,0,2,11777,3276,0.5888,0
410000,50,0,0,246659,11000,0.6016,0
80000,36,2,6,77054,6900,0.9632,1
160000,58,0,0,2034,68942,0.0127,0
500000,40,0,0,15929,18222,0.0319,0
20000,36,0,0,16320,2000,0.816,0
180000,34,0,0,6892,6892,0.0383,0
200000,45,0,0,193641,4543,0.9682,1
310000,44,0,0,238739,10000,0.7701,0
160000,40,0,0,1430,0,0.0089,0
170000,61,1,1,0,0,0.0,0
500000,45,0,0,5307,6616,0.0106,1
140000,28,1,1,0,330,0.0,0
80000,48,0,0,44508,1785,0.5564,0
420000,28,0,0,27186,5009,0.0647,0
90000,24,0,0,3700,20108,0.0411,0
280000,31,0,0,326,326,0.0012,0
20000,44,0,4,11007,4525,0.5504,0
170000,31,0,0,63948,5000,0.3762,0
30000,26,0,0,12479,1233,0.416,0
20000,26,0,0,16320,0,0.816,0
280000,49,0,0,4378,2,0.0156,1
30000,40,1,6,53720,0,1.7907,0
170000,38,0,0,5556,0,0.0327,0
290000,38,1,1,0,7023,0.0,0
290000,24,1,1,0,0,0.0,0
360000,33,0,0,5344,9860,0.0148,0
190000,34,0,3,86730,9310,0.4565,0
90000,26,0,0,70182,0,0.7798,0
20000,48,1,3,16434,1577,0.8217,0
290000,42,0,0,154753,7000,0.5336,0
460000,38,0,0,296815,10279,0.6452,0
230000,26,0,1,-10,2122,-0.0,0
170000,37,0,0,326,326,0.0019,0
180000,40,0,0,4236,3016,0.0235,0
20000,27,0,0,19331,1209,0.9666,0
50000,25,0,0,48213,1800,0.9643,0
200000,30,0,0,0,0,0.0,0
80000,53,0,0,0,0,0.0,0
380000,53,0,0,4901,22000,0.0129,0
500000,40,0,0,11640,12836,0.0233,1
170000,49,2,6,26991,4019,0.1588,1
20000,23,0,0,14605,2000,0.7302,0
320000,32,0,0,160832,8000,0.5026,0
50000,23,0,0,48064,2091,0.9613,1
400000,45,0,2,337135,44000,0.8428,0
320000,33,0,1,368,10550,0.0012,0
200000,28,0,0,220343,7000,1.1017,0
20000,28,0,0,7381,3000,0.369,1
230000,42,1,1,0,0,0.0,1
130000,29,0,0,280,2038,0.0022,1
310000,28,0,0,272588,9978,0.8793,1
50000,58,0,0,24885,1772,0.4977,0
90000,45,0,0,86519,4100,0.9613,0
260000,42,0,0,56437,3000,0.2171,0
270000,36,0,1,78630,10076,0.2912,0
210000,30,0,0,52771,44767,0.2513,0
220000,52,0,0,127624,6046,0.5801,0
80000,30,2,4,72183,10895,0.9023,1
50000,61,0,2,36205,3000,0.7241,0
20000,39,0,0,45629,2500,2.2814,0
20000,23,0,0,11967,1031,0.5984,0
100000,25,0,0,16659,10000,0.1666,0
320000,32,0,0,75122,4000,0.2348,0
200000,31,1,1,0,0,0.0,0
80000,25,0,0,232,815,0.0029,0
120000,34,2,6,64139,2900,0.5345,1
20000,43,0,0,19197,1500,0.9598,0
200000,35,0,0,10118,2106,0.0506,0
140000,24,0,0,696,696,0.005,0
50000,52,2,1,27548,1478,0.551,1
60000,25,1,3,61514,1800,1.0252,0
50000,30,0,0,47110,2401,0.9422,0
200000,33,0,0,189740,6450,0.9487,0
20000,53,0,4,16039,4000,0.802,1
200000,32,1,1,0,0,0.0,0
350000,49,0,1,10658,9004,0.0305,0
50000,40,0,1,20831,1400,0.4166,1
120000,44,0,1,4936,0,0.0411,1
150000,35,0,0,4030,593,0.0269,0
180000,48,0,0,11054,11272,0.0614,0
120000,27,1,1,0,0,0.0,1
130000,55,0,0,126205,4998,0.9708,0
80000,41,0,0,7274,6280,0.0909,0
390000,49,0,0,7383,1066,0.0189,0
50000,27,1,4,21824,0,0.4365,1
50000,31,1,3,25859,1800,0.5172,0
320000,29,0,0,3196,7655,0.01,1
50000,48,2,1,18460,2813,0.3692,1
200000,43,2,6,171647,0,0.8582,0
30000,59,1,2,13486,0,0.4495,1
290000,36,0,0,754,0,0.0026,0
50000,57,0,0,3964,1690,0.0793,0
50000,52,0,0,600,972,0.012,0
140000,45,2,6,134073,0,0.9577,1
50000,43,0,0,15941,1255,0.3188,1
80000,23,0,0,4125,6174,0.0516,0
50000,31,0,0,30291,2000,0.6058,0
280000,28,0,0,17795,4125,0.0636,0
80000,53,0,0,37242,2000,0.4655,0
60000,29,0,0,62325,2864,1.0388,0
360000,26,0,0,1374,12534,0.0038,0
520000,32,0,0,17718,1222,0.0341,0
210000,43,1,1,0,0,0.0,1
360000,26,0,0,11910,1500,0.0331,0
100000,27,0,0,99777,4252,0.9978,0
50000,45,2,1,47639,1271,0.9528,1
280000,31,0,3,127609,6000,0.4557,0
120000,26,0,0,19544,5000,0.1629,0
50000,29,2,4,45728,3800,0.9146,1
360000,48,0,0,2119,3,0.0059,0
140000,35,0,0,4694,4340,0.0335,1
130000,25,1,1,0,0,0.0,0
240000,33,0,0,9187,5005,0.0383,0
70000,40,0,0,60525,14011,0.8646,0
80000,45,0,0,28219,1816,0.3527,0
20000,35,0,0,17962,1336,0.8981,0
180000,29,0,1,172271,11600,0.9571,1
80000,25,0,0,63771,2500,0.7971,0
300000,39,0,0,8386,341,0.028,0
70000,31,0,0,62737,4030,0.8962,0
180000,30,1,1,0,0,0.0,1
150000,33,0,4,87721,7200,0.5848,0
30000,36,2,6,25437,2000,0.8479,1
180000,24,0,0,130780,4700,0.7266,0
20000,31,5,6,21763,0,1.0882,0
30000,29,2,3,20501,5000,0.6834,0
500000,38,0,0,0,2326,0.0,1
290000,29,0,0,62029,3000,0.2139,0
500000,47,0,0,182516,5000,0.365,0
150000,37,0,0,69012,2500,0.4601,0
200000,37,0,1,446,0,0.0022,1
50000,23,0,1,20821,1190,0.4164,0
180000,47,1,1,-12,0,-0.0001,1
150000,40,1,1,-15,17686,-0.0001,0
210000,34,1,1,0,1075,0.0,1
30000,23,2,2,2826,0,0.0942,0
360000,51,0,0,3019,2444,0.0084,0
60000,38,1,4,22212,0,0.3702,0
230000,25,0,0,2045,44711,0.0089,0
260000,39,0,1,3518,0,0.0135,0
210000,34,0,0,8547,2996,0.0407,0
200000,42,0,0,4359,3841,0.0218,0
20000,37,0,0,16436,1418,0.8218,0
30000,53,2,1,28033,1788,0.9344,0
180000,32,2,6,73618,4500,0.409,1
50000,28,2,1,42435,3000,0.8487,1
200000,43,0,0,146206,5404,0.731,0
140000,27,0,0,16437,3000,0.1174,0
250000,42,0,0,4673,17381,0.0187,0
200000,43,0,0,202225,1029,1.0111,0
80000,30,0,0,44999,2100,0.5625,0
60000,48,0,0,62652,2300,1.0442,0
360000,29,0,1,780,0,0.0022,0
50000,23,0,0,3063,3625,0.0613,1
240000,36,1,1,-28,0,-0.0001,0
330000,30,0,0,13204,12500,0.04,1
50000,25,1,6,13750,2000,0.275,1
110000,33,1,2,7128,0,0.0648,1
30000,29,1,1,0,0,0.0,1
20000,36,1,3,5566,1200,0.2783,1
20000,43,0,1,13361,6020,0.668,1
160000,31,0,0,136809,6000,0.8551,0
80000,24,0,0,79047,3837,0.9881,0
180000,47,0,0,8059,11680,0.0448,0
80000,27,0,1,390,390,0.0049,0
150000,30,0,0,4785,2087,0.0319,0
130000,29,0,0,81907,3034,0.6301,1
240000,32,0,0,4717,11980,0.0197,0
400000,28,0,0,1416,1052,0.0035,0
500000,32,0,0,10339,6405,0.0207,0
20000,22,0,1,18523,3500,0.9262,1
240000,35,0,0,446,2852,0.0019,0
110000,26,2,6,85814,8500,0.7801,1
80000,26,0,0,56373,2129,0.7047,0
50000,58,0,0,4025,5318,0.0805,0
330000,37,0,0,8447,0,0.0256,0
200000,40,0,0,187431,8124,0.9372,0
230000,32,0,0,11000,0,0.0478,0
140000,26,0,1,28282,125000,0.202,1
360000,34,1,1,-62,0,-0.0002,0
70000,46,2,6,29258,2352,0.418,1
360000,40,1,1,-242,649,-0.0007,0
260000,27,1,1,0,0,0.0,0
80000,29,0,0,76121,2456,0.9515,0
180000,48,0,0,10000,10000,0.0556,0
190000,30,0,0,6544,19699,0.0344,0
190000,50,2,6,69518,3500,0.3659,1
260000,39,0,0,259394,9876,0.9977,0
200000,27,0,1,233637,7000,1.1682,1
340000,47,0,0,326065,20070,0.959,1
200000,47,0,0,528,13921,0.0026,0
150000,36,0,0,13447,17914,0.0896,0
100000,40,0,0,99958,2975,0.9996,0
100000,45,0,1,87590,17200,0.8759,1
200000,34,0,0,13943,8964,0.0697,0
230000,39,0,0,38395,2500,0.1669,0
200000,40,0,0,-7,1772,-0.0,0
140000,28,2,6,113780,5800,0.8127,0
30000,24,0,0,26931,1598,0.8977,0
100000,30,1,2,0,0,0.0,0
50000,41,0,0,390,390,0.0078,1
330000,41,0,0,4122,0,0.0125,0
500000,36,2,1,197231,8500,0.3945,1
500000,31,0,0,4543,9001,0.0091,0
50000,28,0,0,47605,2300,0.9521,0
50000,25,0,0,16762,4029,0.3352,0
50000,42,0,0,47971,2087,0.9594,0
20000,51,0,1,16849,2116,0.8424,0
70000,24,1,3,69346,3200,0.9907,0
60000,34,0,0,55447,2178,0.9241,1
230000,36,0,0,218637,10034,0.9506,0
60000,58,2,3,22658,700,0.3776,0
330000,43,0,0,13200,9863,0.04,0
500000,35,0,0,2153,9869,0.0043,0
30000,45,0,0,0,1930,0.0,0
160000,53,0,0,52607,2834,0.3288,0
110000,40,0,0,109191,5000,0.9926,0
50000,35,0,1,30716,1600,0.6143,0
50000,43,0,0,560,1121,0.0112,0
20000,25,1,1,0,0,0.0,1
50000,23,2,2,49365,1200,0.9873,0
210000,28,1,1,0,0,0.0,0
500000,30,0,0,344,5757,0.0007,0
320000,50,0,2,29943,4300,0.0936,0
350000,32,0,0,10830,2749,0.0309,0
50000,27,0,0,45557,2300,0.9111,0
50000,34,0,1,10745,1200,0.2149,0
20000,33,2,1,18075,1600,0.9038,1
80000,47,0,1,77714,5000,0.9714,1
170000,35,0,0,169282,10126,0.9958,0
50000,24,0,0,48928,2000,0.9786,1
400000,49,0,0,36560,0,0.0914,0
90000,48,2,3,87673,9100,0.9741,1
50000,22,2,3,50262,2009,1.0052,0
60000,24,0,1,57693,2700,0.9616,0
50000,50,0,0,20800,0,0.416,0
250000,45,0,0,214000,3188,0.856,0
320000,53,0,0,3479,3479,0.0109,1
260000,27,0,0,15178,12007,0.0584,0
20000,24,0,0,19102,1318,0.9551,0
50000,25,0,0,18595,1310,0.3719,0
50000,35,1,3,29273,1000,0.5855,0
50000,35,3,2,39437,0,0.7887,0
150000,27,0,0,7310,4756,0.0487,0
20000,21,1,4,21003,39,1.0502,1
190000,39,2,2,171462,0,0.9024,1
250000,46,0,1,5379,0,0.0215,0
380000,32,0,0,53369,30307,0.1404,0
330000,28,0,0,255834,9425,0.7753,0
50000,31,0,0,45861,3687,0.9172,0
140000,31,0,3,41314,1732,0.2951,0
20000,50,1,6,5065,0,0.2532,1
70000,28,0,0,53690,2208,0.767,0
160000,31,0,0,160843,6000,1.0053,0
240000,34,0,0,6170,0,0.0257,0
300000,27,0,0,3102,1506,0.0103,0
70000,28,0,1,24510,2000,0.3501,0
30000,28,0,1,11692,3000,0.3897,1
390000,32,0,0,22008,2000,0.0564,0
20000,40,0,0,6689,1300,0.3345,0
330000,44,0,0,234447,8903,0.7104,0
420000,29,0,0,4406,4205,0.0105,0
200000,63,0,0,316,316,0.0016,0
70000,29,0,2,61762,9500,0.8823,1
180000,40,0,0,20831,1000,0.1157,0
260000,55,0,0,185441,10000,0.7132,0
80000,25,0,0,571,3952,0.0071,0
250000,32,0,0,165,165,0.0007,0
140000,29,0,0,137708,5730,0.9836,0
40000,24,1,4,36890,0,0.9222,1
50000,36,0,0,27433,1161,0.5487,0
210000,37,0,0,162518,8006,0.7739,0
180000,33,0,0,30781,2000,0.171,0
50000,45,0,0,46090,3000,0.9218,0
320000,54,0,0,156238,10000,0.4882,0
230000,41,0,0,9360,9650,0.0407,0
160000,40,0,0,671,671,0.0042,0
110000,25,0,0,99353,3500,0.9032,0
250000,39,0,0,18376,2000,0.0735,0
20000,37,0,0,6725,2000,0.3362,0
170000,28,0,0,12324,1350,0.0725,0
140000,32,0,0,140456,5200,1.0033,0
60000,42,0,3,56166,2760,0.9361,1
20000,24,0,0,10283,0,0.5142,1
80000,53,0,0,66484,2731,0.831,0
60000,34,2,1,58501,2300,0.975,0
210000,35,0,0,84018,2000,0.4001,0
320000,27,0,0,319069,12661,0.9971,0
50000,55,0,0,37234,1963,0.7447,0
10000,37,0,0,8634,1000,0.8634,0
50000,51,0,0,48726,2100,0.9745,1
140000,33,0,0,133094,5005,0.9507,0
50000,38,0,0,588,588,0.0118,0
80000,36,2,6,600,0,0.0075,1
300000,36,0,0,272899,9251,0.9097,0
520000,33,0,0,485298,22000,0.9333,1
200000,57,0,0,79761,3500,0.3988,0
200000,35,1,1,0,0,0.0,0
60000,44,0,0,56970,3000,0.9495,0
180000,42,0,1,102449,5500,0.5692,0
120000,24,0,0,32317,2000,0.2693,0
50000,47,0,0,49032,2599,0.9806,0
20000,33,0,0,17593,1472,0.8796,0
10000,27,0,1,16944,2296,1.6944,1
520000,34,0,0,9568,5014,0.0184,0
500000,33,0,0,125,4366,0.0002,0
50000,24,0,0,50244,1400,1.0049,0
200000,29,0,0,61518,25138,0.3076,0
360000,36,1,1,-8,2387,-0.0,0
400000,48,0,0,5880,18368,0.0147,0
90000,30,0,0,370,370,0.0041,0
90000,29,0,1,917,2000,0.0102,0
200000,29,0,1,61099,4160,0.3055,0
150000,38,0,0,110,567,0.0007,1
350000,31,0,0,360347,13100,1.0296,0
500000,31,0,0,378886,15057,0.7578,0
160000,24,0,0,13038,155000,0.0815,0
80000,35,0,0,52065,5000,0.6508,0
130000,38,0,0,133400,0,1.0262,0
100000,31,0,0,85030,1820,0.8503,0
80000,46,0,1,30773,10036,0.3847,0
50000,24,0,1,18201,14813,0.364,0
80000,50,1,1,0,0,0.0,0
200000,27,1,1,0,0,0.0,0
330000,28,0,0,37637,1500,0.1141,0
50000,26,2,2,10622,1500,0.2124,1
80000,23,0,0,309,0,0.0039,1
270000,33,0,0,11489,8874,0.0426,0
30000,60,0,1,11575,1600,0.3858,0
500000,30,0,0,869,2507,0.0017,0
60000,26,0,1,3437,16960,0.0573,0
20000,34,2,3,17151,300,0.8576,0
180000,28,1,1,0,0,0.0,0
30000,38,0,0,3656,0,0.1219,0
200000,45,0,0,577,0,0.0029,0
320000,32,0,0,3916,2886,0.0122,0
210000,28,0,0,37608,2000,0.1791,0
200000,30,0,0,665,2618,0.0033,0
170000,41,0,0,6175,7417,0.0363,0
50000,42,0,0,47838,2180,0.9568,0
20000,52,0,1,8586,1600,0.4293,0
20000,22,0,0,18475,1400,0.9238,0
580000,31,0,0,484798,19000,0.8359,0
80000,25,0,0,80012,3010,1.0002,0
50000,38,0,0,19926,4158,0.3985,1
30000,31,0,0,26788,2001,0.8929,0
50000,31,0,0,45614,2450,0.9123,1
20000,25,2,6,1650,0,0.0825,1
100000,41,2,1,71978,3500,0.7198,0
80000,48,0,0,80002,3500,1.0,0
40000,48,2,3,780,0,0.0195,0
80000,27,1,3,79108,3200,0.9888,0
10000,31,0,1,10119,3000,1.0119,0
200000,41,0,0,10529,1940,0.0526,0
50000,28,1,2,51068,0,1.0214,0
140000,23,0,0,100448,5450,0.7175,0
340000,34,0,0,76786,39749,0.2258,0
220000,28,2,4,205130,9975,0.9324,1
80000,23,1,4,80461,37,1.0058,1
20000,24,0,1,12188,1220,0.6094,1
500000,36,0,0,25334,6867,0.0507,0
100000,48,1,4,7828,430,0.0783,0
150000,39,1,1,-7,4429,-0.0,0
360000,27,0,0,160317,4700,0.4453,0
60000,37,0,0,57694,2800,0.9616,0
500000,34,0,0,1895,1086,0.0038,0
270000,27,0,0,2016,2000,0.0075,0
230000,30,0,0,74664,3000,0.3246,0
160000,33,0,0,140225,5211,0.8764,0
20000,26,0,0,14554,1260,0.7277,0
230000,34,0,0,131887,5005,0.5734,0
50000,23,0,0,33239,6010,0.6648,0
500000,52,0,0,7593,8677,0.0152,0
80000,30,2,4,71165,2700,0.8896,0
50000,55,0,0,45555,1968,0.9111,1
20000,29,1,2,20832,0,1.0416,0
200000,40,0,0,6549,9421,0.0327,0
100000,44,0,1,39000,1900,0.39,0
390000,44,0,0,169658,8000,0.435,0
450000,44,0,0,3004,5971,0.0067,0
10000,40,1,6,7229,0,0.7229,1
270000,29,0,0,18465,3022,0.0684,0
190000,33,0,0,137502,6112,0.7237,0
30000,30,0,0,32751,1600,1.0917,0
360000,28,0,0,23088,12000,0.0641,0
50000,28,0,0,19969,8000,0.3994,0
240000,41,0,0,10839,10000,0.0452,0
150000,26,0,0,144614,6700,0.9641,0
150000,44,0,0,143650,0,0.9577,0
20000,23,1,2,17682,1500,0.8841,0
50000,24,0,0,390,0,0.0078,1
40000,38,0,0,38491,3000,0.9623,0
20000,25,1,4,16688,2300,0.8344,1
150000,29,1,1,0,0,0.0,0
50000,48,0,1,1079,7651,0.0216,0
50000,44,1,1,-42,26309,-0.0008,1
50000,23,0,0,2165,15000,0.0433,1
50000,24,0,0,7198,1500,0.144,1
200000,35,0,0,75203,4000,0.376,0
200000,37,2,6,157131,13500,0.7857,1
120000,38,0,0,117738,5820,0.9812,0
90000,28,2,3,18978,2000,0.2109,1
30000,24,0,0,784,390,0.0261,0
70000,29,0,1,2343,15000,0.0335,0
490000,52,0,0,2779,22595,0.0057,0
50000,39,0,0,2522,13196,0.0504,0
320000,55,0,0,235477,11000,0.7359,0
50000,27,1,4,12884,2000,0.2577,1
140000,25,0,0,2229,15980,0.0159,1
500000,49,0,0,27891,8982,0.0558,0
500000,58,0,0,7285,28730,0.0146,0
50000,34,0,0,48559,2573,0.9712,0
170000,31,0,0,3062,112000,0.018,0
130000,36,0,4,23997,3440,0.1846,1
150000,27,0,1,3081,5000,0.0205,0
50000,25,0,0,43875,2200,0.8775,0
410000,48,0,0,231152,12000,0.5638,0
60000,33,0,0,52176,2000,0.8696,0
150000,45,0,0,29169,1000,0.1945,0
260000,43,0,0,690,2500,0.0027,0
230000,40,0,0,0,0,0.0,0
50000,49,0,1,24282,1500,0.4856,0
230000,23,0,0,61580,2862,0.2677,0
280000,44,0,0,235635,7665,0.8416,0
500000,67,0,0,4410,2681,0.0088,0
30000,38,0,0,29723,2000,0.9908,0
330000,31,0,0,298644,13000,0.905,0
180000,50,0,0,181624,9021,1.009,0
30000,47,3,3,29774,1800,0.9925,1
200000,36,0,0,1801,9556,0.009,0
80000,41,0,0,52456,11500,0.6557,0
80000,25,0,0,31780,2000,0.3972,1
100000,27,0,0,3904,400,0.039,0
300000,54,0,0,0,0,0.0,0
240000,58,1,1,0,222,0.0,1
50000,49,0,0,12515,9115,0.2503,1
50000,50,0,1,35415,6960,0.7083,0
100000,42,0,3,17565,3183,0.1756,0
110000,40,0,0,84965,3280,0.7724,0
180000,40,0,0,23820,2005,0.1323,0
140000,26,0,0,140881,8140,1.0063,0
80000,28,0,0,77701,2000,0.9713,0
90000,26,0,0,17018,3692,0.1891,0
90000,45,2,1,37681,1519,0.4187,1
240000,41,0,0,188983,7106,0.7874,0
150000,41,1,1,-200,0,-0.0013,0
240000,33,0,0,153062,7000,0.6378,0
80000,34,0,0,78562,2100,0.982,0
110000,42,2,5,28383,0,0.258,0
120000,39,0,1,22033,2400,0.1836,0
360000,42,0,0,18186,9548,0.0505,0
150000,30,0,0,175348,9304,1.169,0
80000,53,0,0,2783,1200,0.0348,0
140000,47,3,4,192182,0,1.3727,1
50000,40,0,0,15090,1577,0.3018,0
20000,36,1,2,17216,900,0.8608,0
240000,29,0,0,21409,1000,0.0892,0
50000,49,0,0,47754,2280,0.9551,0
380000,57,0,0,319243,150039,0.8401,0
30000,49,0,0,1659,1473,0.0553,0
50000,31,1,4,23781,1800,0.4756,0
160000,36,0,0,2511,2242,0.0157,1
50000,53,0,0,49170,2009,0.9834,0
80000,31,0,3,34620,2000,0.4328,0
70000,28,1,4,70736,3000,1.0105,1
200000,29,0,0,187889,8000,0.9394,0
100000,28,3,4,110946,0,1.1095,1
180000,38,2,2,21564,0,0.1198,1
360000,53,0,0,45421,68536,0.1262,0
230000,39,0,1,834,0,0.0036,0
190000,48,0,0,210612,7496,1.1085,0
260000,32,0,0,122423,5940,0.4709,0
30000,25,0,2,4471,1500,0.149,0
150000,25,1,1,0,0,0.0,0
80000,34,1,1,0,7400,0.0,0
80000,37,2,4,81562,11,1.0195,1
180000,43,0,0,1242,0,0.0069,0
350000,33,0,0,-2,0,-0.0,0
200000,30,0,1,1120,1100,0.0056,0
140000,27,0,0,24050,50000,0.1718,0
20000,25,0,0,2652,1200,0.1326,1
20000,55,1,6,18558,2400,0.9279,1
220000,37,0,0,34339,1294,0.1561,0
290000,36,1,5,170422,7594,0.5877,1
80000,40,0,0,29676,1513,0.371,0
16000,48,2,2,4577,0,0.2861,0
100000,33,0,0,82308,3261,0.8231,0
390000,37,0,0,200612,8315,0.5144,0
550000,35,0,0,83707,3023,0.1522,0
80000,31,0,0,81358,3126,1.017,0
150000,39,0,0,12365,53444,0.0824,0
20000,27,0,0,7286,1006,0.3643,0
20000,21,0,0,20000,1685,1.0,0
100000,29,0,0,2038,11386,0.0204,0
30000,28,2,6,300,0,0.01,1
80000,47,0,0,33590,2079,0.4199,0
30000,33,2,6,27274,0,0.9091,1
140000,23,0,0,390,390,0.0028,0
200000,32,0,0,180461,8300,0.9023,0
290000,41,0,0,255049,9006,0.8795,0
50000,23,0,0,96234,1052,1.9247,0
260000,28,1,1,0,0,0.0,0
60000,24,0,0,24608,1400,0.4101,0
280000,34,0,0,212968,237000,0.7606,0
100000,36,0,2,10672,2355,0.1067,0
290000,48,0,0,284990,10000,0.9827,0
50000,49,0,1,10644,2000,0.2129,0
150000,66,0,3,131027,6600,0.8735,0
390000,39,0,0,48417,2000,0.1241,0
180000,44,0,0,161186,10000,0.8955,0
290000,55,1,2,0,166,0.0,1
180000,34,0,0,22387,1500,0.1244,0
80000,31,0,1,14401,4374,0.18,0
450000,42,0,0,72517,0,0.1611,0
20000,37,0,0,20009,1700,1.0004,0
80000,25,0,0,31443,1800,0.393,0
100000,36,0,0,87656,5000,0.8766,0
70000,39,0,0,58665,6852,0.8381,0
330000,49,0,0,217148,7849,0.658,0
200000,30,0,0,1488,2505,0.0074,0
30000,36,0,2,27748,1500,0.9249,0
200000,69,2,5,2500,0,0.0125,1
80000,27,0,0,5060,0,0.0632,0
340000,40,0,1,68616,7355,0.2018,0
20000,56,0,0,17091,3000,0.8546,1
130000,29,2,1,126509,6000,0.9731,0
400000,31,0,1,115506,10000,0.2888,0
200000,29,0,0,34391,1507,0.172,0
80000,47,0,0,4762,1000,0.0595,0
50000,39,0,0,26979,1328,0.5396,0
30000,25,0,0,19783,1500,0.6594,0
70000,22,0,1,31377,6000,0.4482,0
500000,33,0,0,3933,5954,0.0079,0
80000,27,0,0,6544,4924,0.0818,0
120000,40,0,0,94166,3500,0.7847,0
390000,33,0,0,17794,6000,0.0456,0
30000,52,0,0,28889,2002,0.963,0
70000,30,0,1,6749,64626,0.0964,0
140000,39,0,0,115940,10000,0.8281,0
30000,27,0,0,52636,3164,1.7545,0
190000,25,1,1,0,0,0.0,0
270000,33,0,1,117705,8000,0.4359,0
290000,35,0,0,184910,4166,0.6376,1
50000,29,0,0,1972,2500,0.0394,1
200000,41,0,0,30689,5003,0.1534,0
30000,24,0,2,5807,1600,0.1936,0
150000,29,0,0,46625,30151,0.3108,0
30000,48,0,0,2946,0,0.0982,1
500000,34,0,0,33348,90889,0.0667,0
20000,23,0,1,17229,1300,0.8614,0
50000,29,1,2,22446,0,0.4489,0
280000,30,2,5,110550,6600,0.3948,0
80000,24,1,1,0,1248,0.0,0
200000,27,1,1,0,0,0.0,0
30000,60,0,0,27331,2000,0.911,0
30000,24,0,0,22280,1748,0.7427,0
380000,35,0,0,2661,2022,0.007,0
260000,26,0,0,164351,7000,0.6321,0
50000,22,1,2,50043,1000,1.0009,0
90000,53,0,0,99905,3763,1.1101,0
20000,40,1,3,15919,1570,0.796,0
10000,27,1,1,-2000,4475,-0.2,0
400000,44,1,1,0,0,0.0,0
300000,32,0,0,2081,1925,0.0069,0
150000,25,0,0,1072,1321,0.0071,0
50000,33,0,0,51444,2000,1.0289,0
100000,25,2,2,101827,0,1.0183,1
150000,38,0,0,0,0,0.0,1
110000,34,0,0,111576,4100,1.0143,0
100000,28,0,0,106750,3004,1.0675,0
50000,33,0,0,21460,1300,0.4292,1
80000,29,0,0,6228,589,0.0778,0
210000,25,0,0,4576,1837,0.0218,0
140000,60,0,0,137730,4990,0.9838,1
240000,43,0,0,8862,3220,0.0369,0
110000,36,0,0,48120,5000,0.4375,0
100000,48,0,0,2422,894,0.0242,0
50000,24,0,0,17961,1700,0.3592,0
90000,35,0,0,82164,2926,0.9129,0
150000,33,0,0,26739,7000,0.1783,0
100000,30,2,6,29778,1600,0.2978,1
140000,62,0,0,142250,5200,1.0161,0
230000,33,0,0,172567,7000,0.7503,0
20000,25,0,0,19223,1293,0.9612,1
230000,38,0,0,14887,10000,0.0647,0
150000,26,0,0,3627,0,0.0242,1
20000,24,0,0,10534,1300,0.5267,0
120000,35,0,0,27666,1500,0.2306,0
30000,58,1,6,24921,2000,0.8307,1
220000,42,1,2,59932,0,0.2724,0
250000,41,0,0,9146,10957,0.0366,0
80000,34,0,0,11460,5000,0.1432,0
60000,22,0,1,57392,4400,0.9565,0
130000,37,1,1,0,0,0.0,0
400000,43,0,0,145801,6100,0.3645,0
150000,28,0,0,103227,3900,0.6882,0
230000,58,0,0,316,316,0.0014,1
70000,24,0,0,75894,10004,1.0842,0
50000,39,0,0,47407,2039,0.9481,0
90000,38,0,0,380,2132,0.0042,0
30000,49,0,1,27838,3330,0.9279,0
30000,49,3,6,26319,1800,0.8773,0
250000,26,0,0,1245,712,0.005,0
30000,23,1,1,-1,605,-0.0,0
150000,27,0,0,929,0,0.0062,0
400000,48,0,0,24478,10846,0.0612,0
30000,52,0,0,20533,2000,0.6844,1
270000,50,0,0,3095,2340,0.0115,0
360000,37,0,0,303,0,0.0008,0
80000,23,2,1,82628,2500,1.0328,1
70000,33,0,1,14320,1600,0.2046,0
50000,29,0,0,41897,4000,0.8379,0
220000,38,0,0,142846,6000,0.6493,0
70000,29,0,1,56626,2800,0.8089,1
340000,39,0,0,250571,9125,0.737,0
20000,43,0,0,390,0,0.0195,0
300000,32,0,0,139578,6000,0.4653,0
180000,29,0,0,0,0,0.0,0
60000,33,1,1,-64,0,-0.0011,0
160000,27,2,6,157818,7500,0.9864,1
50000,37,0,0,50148,2064,1.003,0
100000,38,0,0,1669,710,0.0167,0
60000,48,0,0,2970,430,0.0495,0
30000,23,0,0,26725,2000,0.8908,0
500000,33,0,0,13284,17311,0.0266,0
20000,35,0,0,18126,1347,0.9063,0
50000,23,0,0,35131,5582,0.7026,0
180000,35,0,0,174635,8155,0.9702,0
90000,23,0,0,19204,2000,0.2134,0
150000,33,0,0,37794,2000,0.252,0
30000,44,0,0,30003,1643,1.0001,0
130000,45,0,0,13513,1000,0.1039,0
80000,39,0,0,0,0,0.0,0
210000,33,0,0,206409,8546,0.9829,0
530000,39,0,0,439330,17045,0.8289,0
360000,51,1,3,3551,0,0.0099,1
140000,36,0,0,134183,8144,0.9584,0
20000,24,2,1,19618,1451,0.9809,0
200000,40,0,0,316,316,0.0016,0
40000,25,0,1,39092,1967,0.9773,1
200000,27,0,0,60225,4119,0.3011,0
90000,34,0,0,101023,3580,1.1225,0
410000,45,0,0,278405,13000,0.679,0
170000,42,0,0,77795,5000,0.4576,0
230000,37,0,0,89299,5000,0.3883,0
210000,42,0,0,1631,1024,0.0078,0
200000,29,0,1,7468,30035,0.0373,0
50000,25,1,2,43099,0,0.862,0
130000,42,0,0,83521,3087,0.6425,0
210000,34,0,0,24708,1995,0.1177,0
130000,42,0,0,42946,1676,0.3304,0
80000,41,0,5,66053,3000,0.8257,0
360000,49,0,0,15000,0,0.0417,0
500000,42,1,2,9615,1054,0.0192,0
60000,53,0,0,390,390,0.0065,1
160000,26,0,0,8218,1216,0.0514,0
50000,22,2,1,47076,2617,0.9415,1
50000,33,0,1,19374,1346,0.3875,0
360000,36,0,0,256324,12009,0.712,0
30000,38,1,3,0,0,0.0,0
20000,27,0,2,226,0,0.0113,0
360000,32,0,0,37736,1174,0.1048,1
50000,28,0,0,6608,2000,0.1322,0
460000,43,0,0,7677,21958,0.0167,0
20000,24,0,3,19318,0,0.9659,0
330000,39,1,1,-208,416,-0.0006,0
200000,29,1,1,0,0,0.0,0
50000,38,2,4,50965,1101,1.0193,1
50000,24,0,0,7052,2003,0.141,0
50000,24,1,1,-22,3000,-0.0004,0
270000,42,0,1,1138,11921,0.0042,0
200000,33,0,0,7770,5846,0.0388,0
300000,28,0,0,199801,5017,0.666,0
50000,26,1,1,-1,0,-0.0,0
250000,55,0,0,296963,8000,1.1879,1
400000,33,0,0,201800,9150,0.5045,0
360000,27,0,0,119138,20006,0.3309,0
120000,29,0,0,122842,6500,1.0237,1
50000,49,2,1,19169,1341,0.3834,1
340000,40,0,0,0,0,0.0,0
180000,29,0,0,98535,3977,0.5474,0
50000,23,1,1,-1971,53267,-0.0394,0
150000,37,0,0,111880,4000,0.7459,0
100000,41,2,5,97031,3500,0.9703,1
200000,28,1,1,0,1732,0.0,0
160000,43,0,0,8460,0,0.0529,0
50000,55,0,0,44258,2489,0.8852,0
150000,40,0,0,40548,2000,0.2703,0
50000,52,0,0,0,0,0.0,0
220000,36,0,0,126695,4000,0.5759,0
30000,23,2,6,11851,2762,0.395,1
30000,26,2,2,25369,1700,0.8456,1
50000,57,0,0,18599,1321,0.372,0
160000,35,0,1,25590,4000,0.1599,0
180000,31,0,0,0,48544,0.0,0
190000,31,0,0,158416,6004,0.8338,0
480000,39,0,0,106660,302000,0.2222,0
270000,32,0,0,25343,20000,0.0939,0
200000,37,0,0,162,536,0.0008,0
80000,38,0,0,780,259,0.0098,1
410000,36,0,0,3827,10534,0.0093,0
50000,25,0,1,2823,0,0.0565,1
50000,42,0,0,2389,1064,0.0478,0
210000,39,0,0,980,0,0.0047,1
20000,28,0,0,16196,1600,0.8098,0
150000,28,0,0,109835,5500,0.7322,0
130000,25,1,2,2576,0,0.0198,1
200000,26,0,0,121830,3311,0.6092,0
110000,23,0,0,106963,5023,0.9724,0
180000,30,0,0,2743,0,0.0152,1
300000,40,0,0,10920,3939,0.0364,0
360000,32,0,0,27,185,0.0001,0
380000,30,0,0,3745,745,0.0099,0
360000,29,0,0,2868,0,0.008,1
80000,28,0,0,8598,9467,0.1075,1
350000,48,0,0,181212,6046,0.5177,0
20000,28,0,1,21501,1674,1.075,0
320000,35,0,0,227927,10000,0.7123,0
90000,62,0,0,86200,2500,0.9578,0
40000,27,0,0,32540,14163,0.8135,1
50000,40,0,0,46616,2005,0.9323,0
210000,24,0,0,4055,114482,0.0193,0
30000,22,3,4,30078,87,1.0026,0
310000,27,1,1,0,113,0.0,1
280000,35,0,0,1616,1198,0.0058,0
280000,41,0,0,99755,3000,0.3563,0
260000,33,2,2,1381,493,0.0053,0
90000,41,0,0,-1750,79786,-0.0194,0
280000,49,0,0,11797,6231,0.0421,0
360000,34,0,2,2500,0,0.0069,0
30000,27,2,6,13257,1300,0.4419,1
380000,48,0,0,379080,13000,0.9976,0
80000,22,3,3,42080,0,0.526,0
50000,25,2,6,45708,3900,0.9142,1
280000,37,1,1,449,12611,0.0016,0
120000,37,2,6,26446,2000,0.2204,1
180000,49,0,0,63444,3000,0.3525,0
380000,33,0,0,2989,3742,0.0079,0
110000,27,0,1,30961,1700,0.2815,0
50000,37,0,0,1149,1424,0.023,0
200000,48,0,2,0,0,0.0,0
200000,44,0,0,25929,1582,0.1296,0
150000,35,0,0,27329,20228,0.1822,0
60000,40,0,0,58078,2354,0.968,1
200000,30,0,0,155768,7325,0.7788,0
90000,35,2,2,63426,2700,0.7047,1
150000,32,0,0,1758,468,0.0117,0
20000,23,1,6,9126,0,0.4563,1
150000,34,0,0,112391,5000,0.7493,0
180000,34,0,0,16953,1000,0.0942,0
470000,34,0,0,23747,1116,0.0505,0
30000,59,2,6,21767,3363,0.7256,1
20000,22,0,1,8266,2313,0.4133,0
400000,36,0,0,14421,8911,0.0361,0
210000,27,0,0,15663,1500,0.0746,0
120000,38,2,6,77468,3000,0.6456,1
160000,42,0,0,-1582,5624,-0.0099,0
200000,26,0,0,6242,1776,0.0312,0
160000,30,0,1,9640,0,0.0602,0
160000,37,2,6,147333,200,0.9208,1
250000,51,0,0,179,1540,0.0007,0
140000,56,0,0,7272,1299,0.0519,0
330000,30,0,0,0,0,0.0,1
220000,24,2,1,161081,7100,0.7322,1
30000,29,1,6,13164,0,0.4388,0
260000,35,1,3,149124,0,0.5736,1
380000,30,0,0,295543,11000,0.7777,0
10000,33,0,0,15004,2452,1.5004,1
190000,44,0,0,181045,8000,0.9529,0
30000,38,0,0,23819,1553,0.794,0
300000,39,1,2,6077,29,0.0203,0
20000,27,0,1,17062,2850,0.8531,0
20000,35,0,0,17584,3013,0.8792,0
80000,22,0,0,37990,2400,0.4749,0
240000,33,0,0,225312,8000,0.9388,0
90000,26,0,0,14692,1269,0.1632,0
100000,43,0,0,98944,4000,0.9894,0
320000,32,0,0,802,4929,0.0025,0
360000,45,2,2,2500,0,0.0069,0
180000,38,1,3,2826,2000,0.0157,1
300000,40,0,0,15876,4347,0.0529,0
20000,22,0,0,-9,0,-0.0004,0
270000,26,0,0,29951,1300,0.1109,0
20000,49,0,0,19437,1337,0.9718,0
360000,35,0,0,39685,1600,0.1102,0
120000,38,0,0,50441,2000,0.4203,0
130000,27,0,0,129150,5300,0.9935,0
60000,45,0,0,54920,1726,0.9153,0
60000,36,0,0,46064,2000,0.7677,0
120000,31,0,0,1769,390,0.0147,0
130000,33,0,0,92457,6000,0.7112,0
360000,31,0,0,460,460,0.0013,0
10000,24,0,0,6217,5112,0.6217,0
120000,24,0,0,600,0,0.005,0
60000,26,2,4,61103,3000,1.0184,1
240000,40,2,4,2500,0,0.0104,1
160000,40,0,2,137695,12121,0.8606,0
200000,44,0,0,0,138,0.0,0
300000,29,0,0,0,0,0.0,0
100000,26,0,0,780,0,0.0078,0
280000,30,0,0,217773,8155,0.7778,0
190000,26,0,0,11613,10000,0.0611,0
50000,48,1,5,17613,1298,0.3523,0
210000,33,0,1,31570,2000,0.1503,0
120000,26,0,0,110934,4432,0.9244,0
140000,33,0,0,1825,0,0.013,0
50000,23,0,0,807,0,0.0161,0
150000,31,0,0,2005,2876,0.0134,0
50000,23,4,4,27101,88,0.542,0
120000,50,1,1,0,0,0.0,1
240000,29,0,0,30380,10023,0.1266,0
20000,26,0,0,1490,3150,0.0745,0
80000,24,0,0,78913,2900,0.9864,0
140000,28,0,0,99296,3205,0.7093,0
50000,25,0,0,28428,2000,0.5686,0
150000,26,0,0,4181,26034,0.0279,0
90000,53,0,0,65237,2255,0.7249,1
640000,36,0,0,192325,4000,0.3005,0
360000,31,0,0,15285,53751,0.0425,0
130000,33,0,0,2454,1500,0.0189,0
210000,34,0,0,201324,10646,0.9587,0
190000,36,2,6,107689,5200,0.5668,1
150000,44,0,0,1365,0,0.0091,0
10000,25,0,0,3161,390,0.3161,0
30000,24,0,0,9280,2643,0.3093,1
200000,67,1,1,0,0,0.0,1
140000,25,3,2,21593,0,0.1542,1
170000,30,0,1,121009,19078,0.7118,0
20000,24,2,4,6270,2284,0.3135,1
80000,45,0,0,82150,0,1.0269,0
110000,49,0,0,51803,1921,0.4709,0
150000,28,0,0,147933,3202,0.9862,0
50000,43,0,0,26342,1547,0.5268,0
50000,70,2,2,54084,0,1.0817,0
50000,50,2,1,48607,2100,0.9721,0
10000,22,0,0,2274,1067,0.2274,1
280000,38,0,0,17878,2000,0.0638,1
50000,42,2,3,51614,2000,1.0323,0
10000,22,0,0,9397,1200,0.9397,0
140000,28,0,0,131292,7000,0.9378,0
140000,34,2,4,104651,5000,0.7475,1
300000,45,0,0,193462,6835,0.6449,0
30000,26,1,4,27330,1500,0.911,0
200000,47,0,1,185272,10000,0.9264,0
270000,26,0,0,33224,52425,0.1231,1
90000,36,0,0,91458,3137,1.0162,0
10000,26,2,6,2400,0,0.24,1
50000,22,2,2,22719,0,0.4544,0
80000,25,0,0,0,0,0.0,0
110000,26,0,0,65800,2510,0.5982,0
370000,30,0,0,6592,4000,0.0178,0
50000,23,0,0,1678,1200,0.0336,0
10000,37,0,0,885,1475,0.0885,0
180000,27,0,1,99137,22500,0.5508,0
60000,59,4,6,56998,3601,0.95,0
90000,43,0,2,58043,5003,0.6449,1
120000,30,1,1,0,0,0.0,0
110000,30,0,0,110800,4404,1.0073,0
280000,61,0,0,162734,7000,0.5812,0
200000,28,0,2,7464,22182,0.0373,0
130000,29,0,0,62530,2272,0.481,0
200000,28,1,4,61844,0,0.3092,1
50000,26,0,0,29356,1603,0.5871,1
30000,53,0,0,1596,0,0.0532,0
230000,30,0,0,13995,28097,0.0608,0
180000,31,0,0,3920,1020,0.0218,0
220000,40,0,0,129597,20000,0.5891,0
50000,46,0,0,51400,0,1.028,0
20000,27,1,1,0,0,0.0,0
250000,40,0,0,2348,329,0.0094,0
50000,41,0,0,47384,2194,0.9477,0
180000,26,0,0,10874,2000,0.0604,0
320000,44,0,0,36831,28791,0.1151,0
10000,41,0,1,780,1473,0.078,1
320000,31,0,0,1345,5458,0.0042,0
250000,30,0,0,170559,6523,0.6822,0
30000,24,1,5,20985,0,0.6995,0
260000,31,0,0,326,652,0.0013,0
130000,37,0,0,122944,6013,0.9457,0
180000,30,0,1,149069,7500,0.8282,1
270000,27,0,0,200750,9500,0.7435,0
80000,30,0,0,36676,2165,0.4584,0
30000,27,0,0,418,1052,0.0139,0
100000,35,2,4,101326,0,1.0133,1
340000,33,0,0,336190,10300,0.9888,1
210000,26,0,0,207033,9000,0.9859,0
280000,27,0,0,-5,0,-0.0,0
710000,33,0,0,8471,17330,0.0119,0
50000,23,0,0,42790,1635,0.8558,0
190000,35,0,0,24873,1807,0.1309,0
400000,32,0,0,48419,5000,0.121,0
110000,53,0,0,1457,745,0.0132,0
20000,23,2,2,16219,1674,0.8109,1
20000,25,2,2,18446,0,0.9223,1
20000,29,1,6,12186,0,0.6093,0
20000,23,1,5,4673,2000,0.2336,0
230000,43,0,0,39677,5000,0.1725,0
180000,37,0,0,14480,34045,0.0804,0
280000,41,0,0,3520,3110,0.0126,0
510000,36,0,0,234900,9975,0.4606,0
150000,40,0,0,141697,7000,0.9446,0
20000,26,2,1,17880,1641,0.894,1
110000,38,0,0,100699,3530,0.9154,0
230000,34,0,2,907,0,0.0039,1
180000,27,0,0,124501,5000,0.6917,0
230000,36,0,0,13809,1533,0.06,0
370000,35,0,0,40229,0,0.1087,0
500000,30,0,0,1078,5562,0.0022,0
260000,43,1,1,0,0,0.0,0
80000,53,0,0,5800,1000,0.0725,1
140000,27,1,6,118013,9044,0.843,0
50000,30,0,2,29994,2000,0.5999,0
50000,45,0,3,26615,2000,0.5323,0
80000,32,0,0,4055,0,0.0507,0
150000,28,0,0,85118,5000,0.5675,1
50000,46,0,0,49859,2438,0.9972,0
80000,39,2,1,76123,2000,0.9515,0
140000,40,0,0,67371,3100,0.4812,0
140000,30,0,0,105732,5000,0.7552,0
50000,24,0,0,1580,306,0.0316,0
30000,24,0,1,25111,3551,0.837,0
230000,32,0,0,171111,7468,0.744,1
150000,26,0,0,94347,5000,0.629,0
200000,53,0,0,5059,0,0.0253,0
110000,41,2,6,150,0,0.0014,0
150000,44,0,0,17723,2019,0.1182,0
200000,46,0,0,1207,5590,0.006,1
180000,33,1,2,0,199,0.0,0
90000,29,0,0,6146,6198,0.0683,0
200000,30,0,0,105,271,0.0005,1
230000,45,0,0,107,107,0.0005,0
80000,29,0,0,17562,3015,0.2195,0
230000,33,0,0,6283,0,0.0273,0
340000,31,4,3,581775,0,1.7111,1
290000,53,0,0,1538,199,0.0053,0
60000,41,0,0,55773,2627,0.9296,0
320000,29,0,0,12130,0,0.0379,1
200000,25,0,0,22701,0,0.1135,0
50000,54,0,0,16648,1588,0.333,0
50000,24,4,5,27226,0,0.5445,1
230000,43,0,0,84821,4293,0.3688,0
130000,29,0,3,106271,15107,0.8175,0
80000,39,0,0,715,2012,0.0089,0
120000,31,0,1,82683,4445,0.689,0
200000,34,0,0,4798,1125,0.024,0
300000,34,0,0,4741,3767,0.0158,0
200000,36,0,0,1070,4107,0.0054,0
80000,46,0,0,34494,2000,0.4312,0
80000,32,1,1,-137,42010,-0.0017,0
60000,25,0,0,51907,1935,0.8651,0
30000,30,0,1,25156,1500,0.8385,0
300000,42,0,0,38913,319,0.1297,0
100000,38,0,0,66762,5000,0.6676,0
290000,31,0,0,44193,1380,0.1524,0
270000,39,1,1,0,10193,0.0,0
70000,24,0,0,7033,1954,0.1005,1
90000,24,0,0,91272,5000,1.0141,0
170000,26,0,0,108426,3600,0.6378,0
80000,36,0,0,69760,2500,0.872,1
100000,41,0,0,95326,4825,0.9533,0
240000,47,0,0,5731,0,0.0239,0
290000,41,0,0,11200,0,0.0386,0
120000,27,1,1,0,0,0.0,1
200000,26,0,0,103194,5500,0.516,0
20000,22,0,0,13447,2200,0.6724,0
500000,38,0,0,75433,27486,0.1509,0
100000,25,0,0,98349,3600,0.9835,0
350000,55,0,0,5961,6326,0.017,0
50000,24,1,2,34069,0,0.6814,0
340000,52,0,0,331508,12100,0.975,0
180000,29,0,0,26000,1800,0.1444,0
300000,54,0,0,1080,0,0.0036,0
220000,32,1,4,17325,0,0.0788,0
80000,26,0,0,56417,2600,0.7052,0
50000,32,0,0,44751,1500,0.895,0
100000,26,0,0,60077,4000,0.6008,0
200000,27,0,0,58725,30229,0.2936,0
480000,45,0,0,17976,1008,0.0374,0
170000,34,0,0,35348,1402,0.2079,0
20000,25,0,0,15790,1372,0.7895,1
80000,28,0,0,32114,1324,0.4014,1
80000,26,0,0,79650,3515,0.9956,1
300000,31,1,2,250121,10236,0.8337,0
150000,29,0,0,1934,12170,0.0129,0
50000,24,0,0,14814,10755,0.2963,0
50000,26,0,0,1902,782,0.038,0
100000,28,2,1,99627,3796,0.9963,0
90000,45,0,0,37453,24509,0.4161,0
70000,24,1,6,15932,1500,0.2276,1
90000,23,0,0,83176,3504,0.9242,0
400000,42,0,0,34084,4085,0.0852,0
10000,36,0,1,7393,2329,0.7393,1
80000,27,0,0,72565,10000,0.9071,0
70000,33,0,0,63845,3224,0.9121,0
100000,44,2,6,30076,2000,0.3008,0
210000,33,0,0,1971,822,0.0094,1
360000,39,1,1,0,0,0.0,1
280000,28,1,3,285249,5,1.0187,0
180000,32,0,0,85040,2937,0.4724,0
220000,45,1,2,157122,0,0.7142,0
200000,47,0,0,696,696,0.0035,0
130000,25,1,2,52180,0,0.4014,0
200000,47,0,0,389,390,0.0019,0
170000,44,0,0,29940,15927,0.1761,0
140000,30,0,0,22778,6500,0.1627,0
50000,54,0,0,50318,2008,1.0064,0
200000,26,0,1,22629,3000,0.1131,0
200000,33,0,0,181542,7100,0.9077,0
360000,36,2,1,150527,7000,0.4181,0
50000,33,0,0,13538,2000,0.2708,0
500000,37,0,0,6364,1625,0.0127,0
90000,30,0,2,75382,3350,0.8376,1
500000,36,0,0,2450,1100,0.0049,0
80000,33,0,0,78428,3373,0.9804,0
230000,53,0,0,2150,9413,0.0093,0
120000,30,0,0,416,416,0.0035,1
190000,56,0,0,67211,2818,0.3537,0
500000,50,0,0,265803,16770,0.5316,0
80000,42,1,1,0,0,0.0,0
450000,35,1,1,0,0,0.0,0
280000,30,1,1,0,0,0.0,0
360000,47,0,0,1458,0,0.004,1
30000,21,0,0,28871,1802,0.9624,0
50000,25,0,2,35676,3400,0.7135,1
60000,49,1,1,0,0,0.0,1
30000,28,0,0,8618,1700,0.2873,0
20000,49,0,0,16348,2010,0.8174,1
20000,57,1,2,20442,1200,1.0221,0
200000,43,2,1,43272,2000,0.2164,1
100000,25,0,0,0,0,0.0,0
300000,39,0,0,1117,0,0.0037,0
210000,39,1,1,0,0,0.0,0
70000,71,0,1,64670,3166,0.9239,0
210000,29,1,2,1767,0,0.0084,0
440000,31,1,4,274263,0,0.6233,1
410000,33,0,0,4111,897,0.01,0
110000,36,0,0,104498,5000,0.95,0
200000,36,0,0,120869,0,0.6043,0
180000,42,0,0,2069,2675,0.0115,1
150000,46,0,0,21787,1382,0.1452,0
330000,33,1,3,-200,0,-0.0006,0
500000,41,0,1,8938,65215,0.0179,0
350000,35,0,0,83379,26436,0.2382,0
200000,36,0,0,473,4528,0.0024,1
280000,45,0,0,2270,1703,0.0081,1
80000,39,0,0,5280,5000,0.066,0
280000,29,0,0,4356,12384,0.0156,0
130000,23,2,4,115978,12073,0.8921,0
160000,49,0,0,76445,4000,0.4778,0
20000,23,2,6,2400,0,0.12,1
300000,32,0,0,26575,1321,0.0886,0
100000,32,0,0,93724,3800,0.9372,0
130000,38,0,0,780,0,0.006,0
500000,55,2,6,4957,0,0.0099,1
200000,27,1,6,183994,5200,0.92,1
360000,30,0,0,70701,10000,0.1964,0
20000,26,1,1,0,0,0.0,1
400000,29,1,2,21092,0,0.0527,0
200000,52,1,3,203385,5891,1.0169,0
30000,60,0,0,19282,1700,0.6427,0
30000,58,0,0,2450,4777,0.0817,1
50000,55,1,2,44306,0,0.8861,0
230000,51,0,0,986,2295,0.0043,1
210000,36,1,1,0,799,0.0,1
50000,49,2,6,150,0,0.003,1
170000,33,0,0,143737,6247,0.8455,0
230000,44,0,0,815,815,0.0035,0
230000,48,0,0,161083,7800,0.7004,0
350000,36,0,0,352032,13068,1.0058,0
170000,36,0,1,248,1416,0.0015,0
150000,36,2,6,137723,7000,0.9182,0
90000,27,0,0,1767,17684,0.0196,0
320000,33,0,0,-347,0,-0.0011,0
120000,45,0,0,92000,2000,0.7667,0
20000,56,2,1,12864,1500,0.6432,0
280000,41,2,1,280,6859,0.001,0
90000,28,0,0,81553,2000,0.9061,0
450000,30,0,0,25244,0,0.0561,0
270000,27,0,0,144376,6000,0.5347,0
80000,41,0,0,74228,3500,0.9278,0
230000,41,0,0,166988,8000,0.726,0
50000,30,0,3,416,832,0.0083,1
250000,48,0,0,205323,10021,0.8213,1
220000,42,0,0,26340,31533,0.1197,0
30000,38,0,0,26460,2000,0.882,0
120000,68,2,2,125406,4400,1.045,1
100000,26,0,0,22320,1227,0.2232,0
150000,25,3,6,147260,8100,0.9817,1
670000,28,0,0,88612,5000,0.1323,0
200000,36,0,0,8065,49362,0.0403,0
70000,47,0,0,71392,3200,1.0199,0
50000,41,1,5,15910,0,0.3182,0
80000,64,2,2,74037,390,0.9255,1
10000,23,2,6,1050,0,0.105,1
140000,37,0,4,124375,11000,0.8884,1
30000,21,0,0,17444,2276,0.5815,0
200000,36,0,0,99483,4841,0.4974,1
90000,24,0,4,26928,3600,0.2992,1
130000,52,1,4,112434,0,0.8649,0
160000,26,0,0,8036,7663,0.0502,0
150000,58,0,0,42218,4828,0.2815,0
150000,34,0,0,1198,12003,0.008,0
20000,24,0,1,3302,0,0.1651,0
80000,26,0,0,666,666,0.0083,1
460000,31,0,0,120430,6000,0.2618,0
60000,40,1,1,749,60295,0.0125,1
50000,38,0,0,49695,2200,0.9939,1
200000,35,0,0,188096,8000,0.9405,1
60000,30,0,0,59533,3300,0.9922,0
200000,31,0,0,58008,20000,0.29,0
230000,33,0,0,218094,12000,0.9482,0
50000,38,0,0,25809,2000,0.5162,0
60000,51,0,0,56793,2342,0.9466,0
180000,47,0,0,1473,1473,0.0082,1
50000,47,0,0,50732,2000,1.0146,0
150000,62,1,1,0,0,0.0,0
140000,36,0,0,326,501,0.0023,1
120000,35,1,6,114127,7000,0.9511,1
200000,39,0,0,193162,7294,0.9658,0
500000,31,1,1,0,0,0.0,0
120000,36,2,4,117922,0,0.9827,1
500000,28,0,1,17155,0,0.0343,0
50000,23,0,0,47333,1193,0.9467,0
30000,51,0,0,17261,5000,0.5754,0
240000,35,0,0,2007,21817,0.0084,0
170000,37,1,1,0,0,0.0,0
80000,26,1,2,74384,5000,0.9298,0
360000,29,0,0,2273,1175,0.0063,0
50000,24,2,4,20632,1700,0.4126,1
70000,27,2,1,76062,3000,1.0866,1
250000,29,2,4,128413,5300,0.5137,1
150000,39,1,6,80762,0,0.5384,1
100000,41,0,0,390,780,0.0039,0
360000,32,0,0,0,0,0.0,0
30000,47,0,0,6911,10523,0.2304,0
490000,29,0,0,115,109,0.0002,1
180000,60,2,3,178854,2600,0.9936,1
420000,36,0,0,0,0,0.0,0
20000,33,2,1,16339,5000,0.8169,1
480000,47,0,0,69046,2548,0.1438,0
350000,27,1,1,21872,137308,0.0625,0
360000,57,1,1,0,0,0.0,1
240000,27,0,0,3293,9079,0.0137,0
280000,30,0,0,29989,168,0.1071,1
150000,39,0,0,32891,5000,0.2193,0
320000,30,0,0,29668,1353,0.0927,0
20000,22,0,1,631,1800,0.0316,1
50000,36,0,1,45260,2075,0.9052,1
280000,33,0,0,275487,8879,0.9839,0
450000,53,0,0,2542,2557,0.0056,0
260000,53,0,0,235073,30000,0.9041,0
500000,56,0,0,87161,3248,0.1743,0
470000,35,0,0,393780,15107,0.8378,0
150000,23,0,0,15952,20039,0.1063,0
100000,46,0,4,91983,11000,0.9198,0
100000,38,1,6,24796,3000,0.248,0
220000,39,0,0,3553,15696,0.0162,0
300000,37,1,2,34085,0,0.1136,0
230000,31,0,0,0,0,0.0,0
300000,39,1,1,-3928,1720,-0.0131,1
50000,48,0,0,79681,3200,1.5936,0
170000,47,0,0,1521,0,0.0089,0
460000,41,0,0,5383,40134,0.0117,1
30000,34,1,6,24022,1396,0.8007,1
30000,24,0,2,165,165,0.0055,1
20000,42,0,0,21431,1386,1.0716,1
220000,44,0,0,380,380,0.0017,0
70000,62,0,0,69926,4000,0.9989,0
330000,40,2,2,131096,0,0.3973,0
370000,40,1,1,0,0,0.0,1
230000,28,0,0,23855,18309,0.1037,0
50000,49,0,0,40281,1173,0.8056,0
360000,31,0,0,281600,14128,0.7822,1
390000,37,0,0,324452,13106,0.8319,0
360000,42,0,0,429169,16629,1.1921,0
30000,27,0,2,10011,3000,0.3337,1
500000,33,1,1,2907,9,0.0058,0
120000,32,0,0,67876,3120,0.5656,0
360000,29,0,0,0,0,0.0,1
20000,27,0,0,19961,1500,0.998,0
50000,48,0,0,5994,1478,0.1199,0
230000,27,1,1,0,1988,0.0,0
160000,48,1,1,0,0,0.0,0
110000,32,2,4,114430,0,1.0403,1
50000,25,2,5,32233,0,0.6447,0
30000,28,2,3,22323,4000,0.7441,1
50000,35,0,0,57570,2460,1.1514,1
240000,37,0,0,-3,0,-0.0,0
90000,29,0,0,83683,4000,0.9298,0
150000,29,0,0,598,3188,0.004,1
100000,35,3,4,61089,0,0.6109,1
70000,24,2,3,26410,5190,0.3773,1
430000,27,0,0,263,1764,0.0006,1
150000,31,0,0,64378,14127,0.4292,0
50000,48,0,0,53540,1066,1.0708,0
200000,33,0,0,-18,0,-0.0001,1
150000,28,0,0,19946,2000,0.133,0
50000,25,0,0,5832,30074,0.1166,0
300000,31,0,0,16772,934,0.0559,0
50000,44,0,0,45578,3016,0.9116,0
30000,30,1,1,0,0,0.0,1
380000,53,1,1,0,767,0.0,0
70000,45,1,3,69794,3000,0.9971,0
360000,28,0,0,19390,7113,0.0539,0
50000,41,0,0,41993,1942,0.8399,0
20000,30,1,3,11730,1712,0.5865,0
80000,27,0,0,80088,4791,1.0011,0
30000,49,0,2,12855,3690,0.4285,0
50000,55,0,0,51682,3960,1.0336,0
30000,37,0,0,26411,1898,0.8804,0
260000,38,0,0,10448,1211,0.0402,1
210000,39,0,0,44100,0,0.21,0
200000,29,0,0,7523,3000,0.0376,0
50000,56,0,0,5433,1117,0.1087,1
490000,28,0,0,108157,4056,0.2207,0
170000,45,0,0,3479,570,0.0205,0
500000,29,0,0,15732,3000,0.0315,0
220000,46,2,1,157646,5800,0.7166,0
150000,30,0,0,141330,8000,0.9422,0
50000,34,2,6,44654,2000,0.8931,0
50000,52,0,0,46436,2300,0.9287,0
100000,26,0,0,91857,3572,0.9186,0
310000,25,0,0,28598,8820,0.0923,0
510000,35,0,0,62382,5000,0.1223,0
200000,41,1,5,11201,980,0.056,0
50000,43,0,1,7978,3887,0.1596,0
300000,38,1,3,10361,0,0.0345,0
450000,40,1,1,0,0,0.0,0
30000,27,0,0,3902,1950,0.1301,0
60000,27,0,1,836,836,0.0139,0
140000,23,2,1,25621,1600,0.183,1
50000,32,0,0,36211,1709,0.7242,0
90000,28,0,1,86493,4200,0.961,0
190000,34,0,2,138628,21440,0.7296,0
150000,29,0,0,147331,6740,0.9822,0
390000,28,0,0,19081,1170,0.0489,0
30000,47,0,0,28923,1586,0.9641,0
240000,60,2,1,184427,7001,0.7684,1
260000,29,0,0,470,0,0.0018,1
30000,25,0,0,10198,18808,0.3399,0
500000,28,0,0,58076,2001,0.1162,0
60000,29,2,3,41387,1685,0.6898,0
200000,30,0,0,144933,7000,0.7247,0
80000,31,0,0,70664,2036,0.8833,0
100000,30,1,1,-4,0,-0.0,0
380000,42,0,0,4377,0,0.0115,0
210000,30,0,0,32903,1600,0.1567,1
10000,27,0,0,8257,2000,0.8257,1
500000,44,0,0,91718,4000,0.1834,0
240000,37,2,1,118402,5598,0.4933,1
270000,29,0,0,227479,7000,0.8425,0
50000,25,0,0,21006,4788,0.4201,0
120000,36,0,2,84171,3438,0.7014,0
280000,28,0,0,281663,80019,1.0059,0
260000,28,0,0,126418,6000,0.4862,0
360000,38,0,0,7975,4062,0.0222,0
210000,30,1,1,0,795,0.0,0
390000,29,0,0,9918,16008,0.0254,0
40000,36,0,3,34871,3700,0.8718,0
10000,27,0,0,6691,1142,0.6691,0
120000,43,0,0,0,999,0.0,1
200000,43,0,0,1435,1270,0.0072,0
80000,37,0,0,1480,3832,0.0185,0
60000,27,0,1,12193,2000,0.2032,0
130000,39,2,4,50033,3500,0.3849,1
100000,29,0,0,17848,1775,0.1785,0
20000,45,0,2,3213,1300,0.1606,0
460000,34,0,0,45358,2613,0.0986,0
80000,32,1,2,82212,7,1.0276,0
80000,26,0,0,74487,7576,0.9311,0
240000,28,0,0,209848,10000,0.8744,0
200000,38,0,0,97584,3600,0.4879,0
230000,29,0,0,200,840,0.0009,0
260000,53,2,1,827,827,0.0032,0
90000,38,0,0,88758,3900,0.9862,0
320000,29,0,0,324693,11650,1.0147,0
280000,47,0,0,231181,1610,0.8256,0
120000,29,1,4,87376,0,0.7281,1
400000,27,1,1,140,140,0.0004,0
50000,55,0,0,25043,1775,0.5009,0
10000,23,2,6,2400,0,0.24,1
70000,26,0,0,69900,2506,0.9986,0
210000,30,0,1,65600,2300,0.3124,0
140000,39,0,0,1007,3685,0.0072,0
290000,50,0,0,929,1732,0.0032,0
30000,32,0,0,28292,3000,0.9431,0
110000,32,1,3,58679,1210,0.5334,1
20000,54,0,3,9777,2000,0.4888,0
220000,36,0,0,136556,5100,0.6207,0
180000,36,0,0,682,0,0.0038,0
30000,26,4,3,25899,0,0.8633,1
50000,31,1,1,0,0,0.0,0
150000,29,0,0,38675,0,0.2578,0
150000,32,0,0,30697,10000,0.2046,0
140000,30,1,5,84014,3300,0.6001,0
80000,48,0,0,79518,2264,0.994,0
200000,33,0,0,105775,3493,0.5289,0
400000,44,0,0,4482,0,0.0112,0
130000,28,2,2,135805,75,1.0447,0
50000,22,0,0,38604,1575,0.7721,0
190000,51,0,0,86713,3359,0.4564,1
470000,40,0,0,17243,1243,0.0367,1
280000,55,0,1,2326,4917,0.0083,0
460000,26,0,0,18738,16447,0.0407,0
340000,32,0,0,169246,6000,0.4978,0
110000,27,0,0,103550,6000,0.9414,0
440000,27,0,0,25154,10011,0.0572,0
90000,23,0,0,3440,6140,0.0382,0
70000,24,0,0,63912,2400,0.913,0
30000,24,1,6,7134,1000,0.2378,0
120000,49,0,0,3903,1300,0.0325,0
300000,27,0,0,12752,9314,0.0425,0
60000,25,0,0,16313,5000,0.2719,0
180000,36,0,0,100,100,0.0006,1
30000,43,1,4,17775,1500,0.5925,1
360000,35,0,0,15798,16713,0.0439,0
150000,49,0,0,15472,14877,0.1031,0
70000,28,0,0,20335,2000,0.2905,0
150000,44,0,0,61951,15000,0.413,0
440000,33,0,0,0,0,0.0,0
500000,52,1,1,-5,43533,-0.0,0
260000,29,1,2,263943,0,1.0152,1
360000,29,1,1,0,0,0.0,0
140000,28,0,0,132880,6400,0.9491,0
10000,24,0,1,4216,2500,0.4216,1
200000,32,0,0,2580,0,0.0129,0
210000,35,0,0,128595,4606,0.6124,0
20000,27,2,2,13747,1500,0.6874,1
240000,44,0,0,4221,2188,0.0176,0
30000,51,5,6,26551,0,0.885,1
450000,38,0,0,10972,15008,0.0244,0
60000,40,0,0,24496,20391,0.4083,0
100000,30,0,0,58335,2801,0.5834,0
500000,49,0,0,12939,28954,0.0259,0
50000,51,0,0,636,4600,0.0127,0
80000,35,0,0,997,40297,0.0125,0
20000,22,2,4,5743,2000,0.2872,1
500000,43,0,0,141323,5000,0.2826,0
140000,31,0,0,71066,2042,0.5076,0
500000,29,0,0,455042,12564,0.9101,0
50000,24,2,1,43247,3000,0.8649,1
170000,60,0,0,170359,11700,1.0021,1
220000,44,0,1,136838,10000,0.622,0
70000,33,2,6,63963,3000,0.9138,1
360000,34,0,0,122193,5004,0.3394,0
430000,29,0,0,34785,0,0.0809,0
20000,26,2,3,20155,0,1.0078,0
200000,53,0,0,784,1188,0.0039,0
200000,35,0,0,1992,8290,0.01,0
80000,25,0,0,78401,3562,0.98,0
130000,35,2,1,77578,4000,0.5968,0
150000,49,0,0,6338,8470,0.0423,0
150000,53,2,5,17790,1000,0.1186,1
190000,27,2,3,4686,1000,0.0247,1
450000,36,1,1,0,0,0.0,1
80000,31,0,0,390,390,0.0049,0
260000,31,0,4,82274,0,0.3164,0
80000,34,2,6,62423,3000,0.7803,1
500000,39,1,1,0,0,0.0,0
260000,43,0,0,76,826,0.0003,0
260000,30,2,1,94114,5000,0.362,1
50000,33,2,4,24947,249,0.4989,0
360000,46,1,1,-8,867,-0.0,0
170000,53,0,0,-200,0,-0.0012,0
120000,34,1,1,0,0,0.0,0
50000,26,0,0,5195,15387,0.1039,0
50000,40,0,3,465,0,0.0093,1
310000,48,0,1,29662,1536,0.0957,0
50000,27,0,0,17541,1762,0.3508,0
140000,32,0,0,121508,5000,0.8679,0
100000,28,2,2,73073,3500,0.7307,1
20000,32,1,2,19844,0,0.9922,0
120000,27,0,1,11379,1200,0.0948,1
30000,59,0,0,28170,4946,0.939,0
20000,27,0,1,20184,2950,1.0092,1
160000,27,1,1,0,1519,0.0,1
180000,37,1,1,-1279,0,-0.0071,0
40000,26,0,3,20936,3000,0.5234,0
80000,34,0,0,49005,2141,0.6126,0
120000,31,3,4,113722,0,0.9477,0
20000,22,0,0,2480,179,0.124,1
20000,33,0,1,18271,2967,0.9136,0
100000,52,4,5,101762,3504,1.0176,1
500000,45,1,2,0,0,0.0,0
80000,29,0,0,78293,3161,0.9787,0
150000,41,0,0,9682,399,0.0645,0
30000,26,0,0,27594,2595,0.9198,0
120000,34,1,3,650,300,0.0054,1
70000,27,2,4,25773,3600,0.3682,1
150000,32,0,0,141346,10000,0.9423,0
210000,42,1,1,0,0,0.0,0
80000,30,1,2,82891,0,1.0361,0
90000,29,0,0,86294,4400,0.9588,0
20000,22,0,0,17807,1298,0.8904,0
240000,36,1,1,0,18000,0.0,0
50000,29,2,4,30117,1370,0.6023,1
250000,28,0,0,273927,21700,1.0957,0
280000,31,1,1,0,0,0.0,0
10000,40,0,0,8286,1400,0.8286,0
150000,33,0,0,46006,2000,0.3067,0
330000,47,1,1,0,0,0.0,0
240000,30,0,0,5354,4790,0.0223,1
130000,34,0,0,42063,0,0.3236,0
450000,37,0,0,16259,6000,0.0361,0
50000,26,0,2,526,526,0.0105,1
70000,24,0,0,68083,3012,0.9726,0
80000,26,0,0,33490,5000,0.4186,0
50000,24,0,0,236,4324,0.0047,0
30000,33,2,1,29742,1406,0.9914,1
50000,23,0,0,48025,2122,0.9605,0
70000,29,0,0,68540,3000,0.9791,0
50000,33,0,0,14720,1265,0.2944,1
100000,27,0,1,53423,1958,0.5342,1
200000,24,0,0,39723,1353,0.1986,0
180000,38,1,1,3999,2183,0.0222,0
240000,38,0,0,6916,2106,0.0288,1
90000,35,2,3,35077,3407,0.3897,0
50000,33,0,0,16926,1400,0.3385,0
80000,48,0,0,74658,2500,0.9332,0
210000,43,0,0,0,981,0.0,0
350000,41,0,0,349125,12005,0.9975,0
160000,45,0,0,131895,5336,0.8243,1
70000,33,0,0,66874,2423,0.9553,1
140000,33,1,1,0,840,0.0,0
80000,47,0,0,52690,2022,0.6586,0
110000,39,2,4,110109,0,1.001,1
50000,25,0,0,17355,1000,0.3471,0
30000,38,0,1,27429,2403,0.9143,0
30000,27,0,1,28392,3500,0.9464,0
200000,33,0,1,80012,2972,0.4001,1
290000,28,0,0,133789,6300,0.4613,0
220000,34,0,0,29549,2000,0.1343,0
180000,28,0,0,9853,10732,0.0547,0
500000,38,0,0,74223,3338,0.1484,0
210000,39,0,0,7128,3623,0.0339,0
100000,24,3,4,100016,0,1.0002,1
100000,23,0,0,8002,2000,0.08,0
130000,25,2,2,138910,0,1.0685,1
10000,21,0,0,9042,1305,0.9042,1
50000,35,0,0,780,0,0.0156,0
240000,37,0,0,191748,7000,0.799,0
20000,53,0,0,12237,1000,0.6118,0
20000,38,0,0,1925,500,0.0962,0
150000,39,3,3,99,0,0.0007,0
230000,36,0,3,3872,2000,0.0168,0
50000,26,0,0,49713,2000,0.9943,0
300000,35,0,0,10911,12042,0.0364,0
110000,54,0,1,316,316,0.0029,0
230000,33,0,0,4533,0,0.0197,0
50000,30,1,1,0,10228,0.0,0
70000,24,0,0,66915,3167,0.9559,0
360000,27,0,0,0,0,0.0,0
110000,32,0,0,108159,5400,0.9833,0
120000,48,0,0,116183,5078,0.9682,0
200000,45,0,0,15127,1896,0.0756,1
260000,46,0,0,9507,4405,0.0366,0
290000,47,0,0,15485,12369,0.0534,0
20000,22,0,0,17503,1273,0.8752,0
50000,22,0,0,46687,1896,0.9337,1
50000,23,0,0,33713,5012,0.6743,0
60000,23,0,0,3517,1000,0.0586,0
330000,46,0,0,7401,4567,0.0224,0
60000,23,0,2,58844,2000,0.9807,0
180000,25,0,0,134733,9148,0.7485,0
80000,28,1,6,53541,2600,0.6693,0
450000,32,1,1,0,1042,0.0,0
150000,36,0,0,5253,0,0.035,0
280000,28,1,1,0,0,0.0,0
180000,47,0,1,67011,4000,0.3723,0
380000,54,0,0,1630,65757,0.0043,0
150000,45,0,0,390,390,0.0026,0
280000,52,0,0,886,0,0.0032,0
160000,34,0,0,18958,24000,0.1185,0
120000,29,0,0,118277,6513,0.9856,0
330000,34,0,0,261974,15000,0.7939,0
210000,49,1,1,0,0,0.0,0
200000,27,1,1,-36,7239,-0.0002,0
340000,27,0,0,281544,11000,0.8281,0
200000,34,0,0,959,452,0.0048,0
160000,34,0,2,4763,3009,0.0298,0
500000,48,0,0,77461,68781,0.1549,0
50000,43,0,0,28287,1485,0.5657,0
170000,23,0,0,32192,1608,0.1894,0
260000,29,1,2,234922,6,0.9035,0
360000,49,1,1,0,0,0.0,1
400000,29,0,1,41057,1300,0.1026,0
380000,32,0,0,91806,10000,0.2416,0
50000,29,0,1,7334,2500,0.1467,1
130000,40,0,0,390,390,0.003,0
110000,24,1,1,-1256,68500,-0.0114,0
50000,23,1,1,0,0,0.0,0
190000,26,0,0,155260,7416,0.8172,0
170000,46,0,0,2741,1848,0.0161,1
210000,25,0,0,179248,3151,0.8536,0
50000,25,0,2,46277,2500,0.9255,0
20000,45,2,1,14064,3000,0.7032,1
80000,26,0,0,33319,1700,0.4165,1
500000,39,0,0,4417,5467,0.0088,0
250000,31,1,2,59878,0,0.2395,1
50000,34,0,0,6808,1318,0.1362,0
300000,38,0,3,181387,8000,0.6046,0
30000,40,2,6,27975,2700,0.9325,1
50000,34,2,2,61220,9,1.2244,0
180000,35,0,0,-117,2690,-0.0006,0
50000,28,0,0,9014,3000,0.1803,0
50000,46,0,0,6066,1200,0.1213,0
190000,40,0,1,184276,15000,0.9699,0
200000,32,0,0,940,174,0.0047,0
140000,26,0,1,141057,7200,1.0076,0
10000,47,0,2,6817,2588,0.6817,1
180000,54,0,0,88545,3279,0.4919,0
170000,29,0,0,14460,738,0.0851,0
50000,36,1,1,0,0,0.0,0
200000,32,0,0,9249,9363,0.0462,0
170000,42,0,0,1085,326,0.0064,1
50000,52,1,3,5893,0,0.1179,0
230000,24,0,0,2360,0,0.0103,0
500000,36,0,0,21368,4066,0.0427,0
50000,25,2,6,1050,0,0.021,1
80000,38,0,0,32562,1482,0.407,0
200000,61,0,0,780,0,0.0039,0
360000,34,1,1,0,0,0.0,1
140000,41,0,1,780,0,0.0056,0
290000,48,1,2,292907,0,1.01,1
50000,41,0,0,48027,3000,0.9605,1
10000,38,0,0,3213,1000,0.3213,0
80000,27,2,1,1195,700,0.0149,0
20000,22,0,0,18535,5109,0.9268,1
150000,37,0,0,120,0,0.0008,0
230000,37,0,1,9092,3500,0.0395,1
60000,24,0,0,60491,2560,1.0082,1
360000,26,0,0,724,125,0.002,0
100000,36,0,0,46202,1784,0.462,0
30000,33,0,0,23467,1409,0.7822,0
330000,30,0,0,155285,10000,0.4706,0
20000,24,0,1,632,0,0.0316,0
80000,49,1,6,42053,0,0.5257,0
90000,23,0,0,40145,2000,0.4461,1
20000,23,0,0,16740,1600,0.837,0
230000,61,1,1,0,0,0.0,1
160000,28,0,1,3498,0,0.0219,0
200000,36,0,0,2500,0,0.0125,0
20000,27,0,0,1955,2535,0.0978,0
170000,35,0,0,51207,5000,0.3012,0
180000,26,0,0,3679,1105,0.0204,0
50000,29,0,0,98492,2477,1.9698,0
360000,40,0,0,16540,1160,0.0459,0
230000,28,0,0,875,1000,0.0038,0
80000,28,0,4,75709,6800,0.9464,1
60000,31,2,6,61432,0,1.0239,1
150000,52,0,0,420,0,0.0028,0
120000,52,0,0,117029,5800,0.9752,0
430000,43,0,0,20849,3814,0.0485,0
360000,32,0,0,89120,105484,0.2476,0
200000,60,0,0,396,396,0.002,0
50000,26,0,1,40959,2000,0.8192,0
150000,36,0,0,70001,2500,0.4667,0
20000,46,0,0,12146,1273,0.6073,0
20000,23,0,0,5565,1276,0.2782,0
50000,24,1,3,52935,0,1.0587,1
260000,27,0,0,19713,3000,0.0758,1
230000,30,0,0,1873,1500,0.0081,1
170000,43,0,0,19247,1230,0.1132,0
180000,28,0,0,-124,1004,-0.0007,0
30000,38,1,3,24172,0,0.8057,0
20000,22,3,6,16014,0,0.8007,1
260000,50,2,1,655,1076,0.0025,1
180000,30,0,0,1730,6792,0.0096,0
230000,32,0,0,57259,2500,0.249,1
120000,43,0,0,46889,1856,0.3907,0
280000,63,0,0,0,0,0.0,0
270000,29,0,0,150185,4988,0.5562,0
70000,39,0,0,67474,3100,0.9639,0
60000,31,0,1,53234,2580,0.8872,0
180000,28,0,0,78128,5000,0.434,0
160000,32,0,1,30414,1200,0.1901,1
50000,25,0,0,14500,0,0.29,0
60000,48,0,0,53044,1607,0.8841,0
50000,48,3,2,12961,507,0.2592,1
80000,56,1,1,-2,699,-0.0,0
30000,22,0,0,28622,1700,0.9541,0
90000,26,0,0,32154,1888,0.3573,0
130000,33,0,0,9768,8486,0.0751,0
200000,38,0,0,2780,2658,0.0139,0
20000,23,0,2,11564,2000,0.5782,1
300000,31,0,0,1877,2500,0.0063,0
160000,41,0,0,120528,7000,0.7533,0
500000,41,0,0,680,0,0.0014,0
50000,25,2,3,50863,1600,1.0173,1
20000,25,0,0,20052,1500,1.0026,0
240000,40,2,6,213732,8500,0.8906,1
200000,29,2,6,172325,6000,0.8616,1
200000,27,0,1,184,2250,0.0009,1
260000,36,0,0,10425,2297,0.0401,0
100000,26,2,4,89296,14002,0.893,0
360000,42,0,0,25988,1815,0.0722,0
280000,38,0,0,286469,8024,1.0231,0
360000,47,0,0,10221,8536,0.0284,0
420000,34,0,0,440,1039,0.001,0
400000,42,0,0,0,641,0.0,0
50000,41,2,1,33343,1502,0.6669,0
500000,45,0,0,186610,261524,0.3732,0
50000,56,0,0,48025,1884,0.9605,0
80000,24,0,1,1275,2,0.0159,0
80000,23,2,4,84176,0,1.0522,0
20000,50,0,0,13922,3000,0.6961,0
460000,27,0,0,81252,5020,0.1766,0
240000,33,0,0,47742,1898,0.1989,0
120000,30,0,0,53456,2058,0.4455,0
20000,24,1,6,7719,0,0.386,0
290000,50,0,0,62381,1778,0.2151,0
50000,38,0,0,33801,1433,0.676,0
200000,40,0,0,22065,2000,0.1103,0
20000,27,0,2,17973,2800,0.8986,0
100000,43,0,0,43970,2500,0.4397,0
260000,36,0,0,107350,4500,0.4129,0
20000,27,4,3,21750,0,1.0875,0
10000,22,0,1,5964,1284,0.5964,0
420000,47,0,0,46179,84459,0.11,0
130000,27,0,0,29645,2000,0.228,0
150000,25,0,0,36497,2287,0.2433,0
120000,33,0,0,291,291,0.0024,0
30000,25,0,0,7244,1142,0.2415,0
260000,31,0,0,166071,7000,0.6387,0
60000,34,0,0,326,326,0.0054,1
70000,52,0,0,105991,2777,1.5142,0
110000,26,2,2,28290,3000,0.2572,0
180000,37,0,0,8788,40970,0.0488,0
300000,48,0,0,6301,4126,0.021,0
260000,38,0,0,622,3084,0.0024,0
50000,41,2,3,36329,3406,0.7266,1
90000,45,0,0,63115,1988,0.7013,0
20000,24,1,3,6025,0,0.3012,1
220000,30,0,1,2731,3403,0.0124,0
240000,27,0,1,2961,2000,0.0123,0
440000,40,0,0,98496,10000,0.2239,0
60000,37,5,6,60480,1001,1.008,0
380000,31,0,0,6749,7959,0.0178,0
30000,44,2,6,19608,1700,0.6536,1
120000,35,0,0,71708,3200,0.5976,0
150000,29,0,0,4583,6989,0.0306,0
90000,28,0,1,43314,2037,0.4813,0
180000,34,0,0,25000,0,0.1389,0
10000,37,0,0,7841,1157,0.7841,0
20000,24,2,3,15166,0,0.7583,1
80000,41,2,6,57754,0,0.7219,1
610000,30,0,0,50724,2134,0.0832,0
180000,27,1,1,0,0,0.0,0
50000,53,1,1,0,484,0.0,1
130000,30,0,0,130705,6500,1.0054,1
160000,26,0,0,135233,5600,0.8452,0
200000,29,0,3,137218,6808,0.6861,0
20000,29,0,1,14897,3170,0.7448,0
50000,56,0,0,47060,2180,0.9412,0
30000,46,1,6,27882,1800,0.9294,1
140000,29,0,0,130767,6696,0.934,0
160000,45,1,6,11569,0,0.0723,0
410000,33,0,0,3244,8339,0.0079,0
320000,30,0,0,8144,7500,0.0254,0
50000,36,0,0,47404,2148,0.9481,0
110000,29,0,0,107221,4000,0.9747,0
530000,50,0,0,219884,10000,0.4149,0
80000,40,0,0,46982,1728,0.5873,1
190000,26,2,1,204297,6355,1.0752,1
500000,58,0,0,4101,11155,0.0082,0
270000,30,1,1,0,2900,0.0,0
20000,26,2,2,17368,0,0.8684,0
90000,39,0,2,27764,1500,0.3085,1
10000,44,1,3,6898,1019,0.6898,0
320000,36,0,0,4062,1155,0.0127,0
190000,33,0,0,42740,10000,0.2249,0
380000,39,0,0,6347,0,0.0167,1
180000,30,0,0,145563,10035,0.8087,0
360000,33,0,0,898,11573,0.0025,0
150000,30,1,2,40496,1000,0.27,0
50000,57,1,3,45608,0,0.9122,1
50000,39,1,6,39966,0,0.7993,0
50000,51,0,0,42257,3000,0.8451,0
340000,30,0,0,47664,2000,0.1402,0
320000,26,0,0,111710,1267,0.3491,0
230000,42,0,1,326,326,0.0014,0
120000,31,0,0,643,586,0.0054,0
30000,34,1,5,26921,1700,0.8974,0
240000,34,0,0,21027,27994,0.0876,0
240000,32,1,1,0,0,0.0,0
210000,30,0,1,99342,4900,0.4731,0
20000,24,1,2,17231,0,0.8616,0
20000,42,0,0,16560,1293,0.828,1
110000,25,1,2,4382,5,0.0398,0
130000,39,0,0,88014,3245,0.677,0
80000,28,0,0,77857,4000,0.9732,0
20000,36,1,2,12564,0,0.6282,1
10000,38,0,2,4711,5000,0.4711,1
180000,37,0,0,5480,11850,0.0304,0
280000,29,0,0,140888,5040,0.5032,0
220000,29,2,6,124820,6300,0.5674,1
260000,42,3,4,215521,0,0.8289,1
30000,40,1,2,15526,0,0.5175,0
50000,29,0,0,21523,19505,0.4305,0
150000,47,0,0,153720,7000,1.0248,0
160000,38,0,0,47269,2767,0.2954,0
20000,26,1,1,0,132,0.0,0
280000,42,0,0,18958,2676,0.0677,0
50000,24,0,0,6716,1290,0.1343,0
300000,43,1,1,1352,2380,0.0045,0
230000,31,0,1,60528,5000,0.2632,0
60000,27,0,0,37170,2000,0.6195,0
190000,29,0,0,51632,1000,0.2717,0
60000,43,1,1,0,0,0.0,0
100000,25,2,1,88420,3600,0.8842,1
30000,45,0,0,17166,2000,0.5722,0
200000,30,6,5,71310,0,0.3566,1
30000,27,0,0,25107,2000,0.8369,0
130000,25,0,0,126454,4252,0.9727,0
120000,29,0,0,60098,2000,0.5008,0
160000,35,1,1,-200,0,-0.0012,0
20000,23,0,0,17772,1877,0.8886,0
30000,24,2,3,26133,3526,0.8711,0
70000,23,0,0,65026,4000,0.9289,0
80000,25,0,0,78230,2289,0.9779,0
80000,23,0,0,6085,1128,0.0761,0
100000,50,0,0,104466,4000,1.0447,0
570000,31,0,0,26775,15004,0.047,0
170000,45,2,1,360,360,0.0021,0
50000,25,1,1,0,870,0.0,0
310000,39,0,0,300500,11027,0.9694,0
140000,27,0,1,19484,2000,0.1392,1
200000,29,0,1,69412,4012,0.3471,0
300000,26,0,0,11342,9670,0.0378,1
300000,26,0,0,296186,20006,0.9873,0
140000,55,0,0,162452,5000,1.1604,0
560000,47,0,0,10501,69803,0.0188,0
200000,46,1,6,73537,0,0.3677,1
230000,31,0,0,184444,7016,0.8019,0
200000,36,0,3,2346,2500,0.0117,1
160000,34,2,6,73820,0,0.4614,1
220000,29,0,0,216096,10110,0.9823,0
60000,25,0,0,59817,3000,0.997,0
390000,43,2,3,78658,4514,0.2017,1
280000,39,0,0,1863,872,0.0067,0
80000,60,0,0,53315,3300,0.6664,0
360000,34,0,0,31580,1549,0.0877,0
20000,21,0,0,18770,1400,0.9385,0
500000,31,0,0,2181,5700,0.0044,0
90000,23,0,0,316,3066,0.0035,0
30000,33,0,0,27729,1500,0.9243,0
390000,47,1,1,0,3760,0.0,0
360000,32,1,1,0,0,0.0,1
10000,32,0,0,9463,1165,0.9463,0
150000,32,1,1,0,0,0.0,0
40000,27,0,0,29009,9000,0.7252,0
210000,29,0,0,67931,12411,0.3235,0
50000,41,0,0,46965,1650,0.9393,0
10000,23,0,2,7886,1500,0.7886,1
310000,26,0,0,40604,3000,0.131,0
50000,34,0,0,43796,2100,0.8759,0
150000,37,0,0,4787,1054,0.0319,0
50000,48,0,0,11839,1600,0.2368,1
250000,30,0,2,77245,8722,0.309,0
30000,46,2,6,22352,1700,0.7451,1
30000,32,0,0,22541,1338,0.7514,1
30000,50,2,6,30615,0,1.0205,1
20000,44,8,6,16942,0,0.8471,1
30000,24,0,0,17615,1310,0.5872,0
300000,45,0,0,999,0,0.0033,1
90000,28,0,0,5580,0,0.062,0
30000,24,0,1,25063,1545,0.8354,0
200000,51,0,1,128208,5000,0.641,1
180000,29,0,2,100534,5364,0.5585,0
70000,26,0,0,50680,2000,0.724,0
230000,29,0,1,0,0,0.0,0
240000,45,1,1,0,0,0.0,0
190000,41,0,0,2665,0,0.014,0
80000,29,0,0,4225,20000,0.0528,0
300000,34,0,0,86116,3894,0.2871,0
220000,36,0,0,210475,9639,0.9567,0
340000,31,0,0,63098,2338,0.1856,1
480000,57,0,0,7066,6378,0.0147,0
60000,25,0,0,45575,1432,0.7596,0
200000,28,0,0,11445,5013,0.0572,0
20000,53,0,2,19646,3000,0.9823,0
110000,46,0,0,45846,2000,0.4168,0
470000,32,0,0,491428,300000,1.0456,1
200000,42,0,0,748,49007,0.0037,0
130000,30,0,0,16757,5000,0.1289,0
80000,46,0,0,78861,2435,0.9858,0
120000,30,1,1,0,0,0.0,0
180000,27,0,0,29735,19000,0.1652,0
400000,42,0,0,286710,11011,0.7168,0
150000,43,0,0,150797,3008,1.0053,0
640000,34,0,0,105423,51644,0.1647,0
500000,32,1,4,48169,20000,0.0963,0
70000,26,1,6,28106,3100,0.4015,1
100000,24,0,2,1331,0,0.0133,0
80000,42,0,0,0,0,0.0,0
120000,30,0,0,84094,3081,0.7008,0
210000,31,0,0,40167,2000,0.1913,0
50000,25,0,1,13572,5000,0.2714,0
50000,45,0,0,46188,1261,0.9238,0
260000,35,0,0,-48,4261,-0.0002,0
20000,22,1,1,-50,0,-0.0025,0
30000,40,2,2,38001,0,1.2667,0
310000,29,0,0,182202,5118,0.5877,0
100000,34,0,0,43128,6200,0.4313,0
300000,38,0,0,390,0,0.0013,0
30000,47,0,1,27609,3630,0.9203,0
320000,34,0,0,173742,8100,0.5429,0
120000,32,0,0,81878,3014,0.6823,0
80000,24,0,1,26170,1414,0.3271,1
20000,50,2,3,15089,2200,0.7544,1
380000,53,0,0,360,360,0.0009,0
180000,30,0,0,173094,7000,0.9616,0
50000,27,0,0,26380,1000,0.5276,0
280000,33,0,0,0,0,0.0,0
30000,47,0,0,25262,1518,0.8421,0
100000,25,2,1,97614,3000,0.9761,1
30000,45,0,1,27990,1850,0.933,0
160000,30,0,0,124178,4507,0.7761,0
210000,42,0,0,2295,6090,0.0109,0
10000,30,0,0,7930,1200,0.793,0
420000,36,0,0,3581,16647,0.0085,0
400000,37,0,0,-151,78130,-0.0004,0
70000,29,0,0,62870,2134,0.8981,0
110000,31,0,0,61050,2600,0.555,0
300000,54,0,0,234589,0,0.782,0
120000,27,0,0,22027,35000,0.1836,0
180000,27,0,0,13895,5000,0.0772,0
400000,46,0,0,31864,4237,0.0797,0
100000,44,0,0,37222,2000,0.3722,0
220000,32,0,0,183718,6243,0.8351,1
220000,43,0,0,316,316,0.0014,0
140000,27,0,0,126771,10000,0.9055,0
90000,51,0,0,112577,4000,1.2509,1
30000,23,0,0,29292,1804,0.9764,0
240000,28,0,0,2276,1000,0.0095,0
110000,37,0,2,106658,10800,0.9696,0
60000,24,2,6,37356,5200,0.6226,1
20000,26,1,5,13242,0,0.6621,1
180000,53,0,0,173481,7900,0.9638,1
130000,26,0,0,84133,2758,0.6472,0
130000,36,0,0,42553,1740,0.3273,0
70000,26,2,1,50587,2214,0.7227,0
10000,42,0,3,9860,0,0.986,1
50000,24,0,0,894,1020,0.0179,0
190000,31,0,2,8121,0,0.0427,0
60000,36,0,0,59219,3083,0.987,0
20000,25,1,3,17147,3000,0.8574,1
80000,42,2,6,73981,9625,0.9248,1
500000,51,0,0,5255,86992,0.0105,0
220000,52,1,1,-4300,0,-0.0195,0
230000,36,0,0,3786,2914,0.0165,0
20000,25,2,5,15522,1500,0.7761,0
50000,39,0,0,48803,1487,0.9761,1
120000,29,0,0,110488,4000,0.9207,0
130000,34,0,1,99593,4050,0.7661,1
230000,26,2,1,363,363,0.0016,0
350000,32,0,0,92134,30000,0.2632,0
300000,38,0,0,13548,2060,0.0452,0
70000,55,0,0,67572,2124,0.9653,0
280000,33,0,0,281604,10000,1.0057,0
60000,25,0,0,20636,1369,0.3439,1
310000,42,0,0,169749,7000,0.5476,1
290000,34,0,0,5451,1200,0.0188,1
180000,35,1,6,133424,5000,0.7412,1
340000,43,1,1,-212,0,-0.0006,0
360000,29,0,0,5041,2500,0.014,0
180000,33,0,0,996,1503,0.0055,1
30000,48,0,0,25615,1751,0.8538,0
100000,32,0,0,26127,2000,0.2613,0
180000,42,0,0,87815,3800,0.4879,0
210000,31,2,4,131297,9735,0.6252,1
180000,36,0,0,111190,6000,0.6177,0
60000,48,0,2,53116,3689,0.8853,0
500000,30,0,0,192257,40000,0.3845,0
200000,37,0,0,5766,1274,0.0288,0
610000,39,0,0,145143,5002,0.2379,0
50000,29,0,0,47373,2000,0.9475,0
80000,25,0,0,6643,3000,0.083,0
210000,38,0,0,103310,107651,0.492,0
50000,56,1,2,52108,52,1.0422,0
360000,58,0,0,5619,15008,0.0156,0
240000,30,0,0,53812,2010,0.2242,0
20000,56,0,1,10847,1508,0.5424,0
10000,22,0,0,2946,0,0.2946,1
30000,23,2,1,30558,1500,1.0186,1
360000,30,0,0,40250,23000,0.1118,0
260000,29,0,0,52079,6000,0.2003,0
100000,52,0,0,64358,2416,0.6436,0
500000,40,0,0,2231,0,0.0045,0
70000,42,0,0,69470,3085,0.9924,0
200000,38,0,1,26344,0,0.1317,0
230000,45,0,0,144407,5400,0.6279,0
200000,36,0,0,2989,0,0.0149,0
110000,38,2,4,96898,4826,0.8809,1
260000,33,0,0,6818,1340,0.0262,0
50000,55,0,1,390,390,0.0078,0
50000,44,0,0,49120,2504,0.9824,0
80000,23,0,1,25992,1000,0.3249,0
260000,29,0,0,7168,4497,0.0276,0
80000,31,0,0,48783,5000,0.6098,0
80000,29,0,0,48164,2000,0.602,0
200000,36,0,0,2353,3011,0.0118,0
370000,29,4,3,390509,0,1.0554,1
60000,43,2,6,46806,2000,0.7801,1
260000,29,1,2,56536,778,0.2174,0
30000,35,3,3,13461,1228,0.4487,1
120000,32,1,6,60316,3000,0.5026,1
130000,39,0,1,133825,7500,1.0294,0
160000,38,0,0,0,0,0.0,0
230000,31,0,0,5070,4317,0.022,0
300000,26,0,0,293554,7877,0.9785,0
180000,29,0,0,4000,6028,0.0222,0
80000,24,1,1,0,159,0.0,1
180000,30,0,0,107337,3735,0.5963,0
50000,25,3,2,50516,9,1.0103,1
10000,62,0,0,2778,1939,0.2778,0
50000,46,0,0,1540,26060,0.0308,0
90000,31,1,2,8318,39,0.0924,0
30000,29,2,4,23136,1744,0.7712,1
180000,38,0,0,181302,6747,1.0072,0
150000,38,0,0,140133,6601,0.9342,0
590000,63,0,0,630458,28000,1.0686,0
60000,39,0,0,59929,2110,0.9988,0
100000,27,2,3,63004,5000,0.63,1
20000,25,0,0,7666,6664,0.3833,0
10000,22,2,4,6883,2500,0.6883,1
300000,26,2,4,273138,12000,0.9105,1
260000,40,0,0,241565,13000,0.9291,0
160000,28,0,0,38660,2500,0.2416,0
260000,32,0,0,0,0,0.0,1
280000,29,0,0,2187,1469,0.0078,0
260000,35,1,1,-15,16611,-0.0001,0
240000,43,0,0,3645,9088,0.0152,0
50000,49,0,1,45681,1209,0.9136,0
260000,44,1,1,0,0,0.0,1
60000,24,2,4,60270,5706,1.0045,1
130000,26,0,0,24579,1187,0.1891,0
140000,31,0,0,112936,6000,0.8067,0
20000,39,2,1,18243,1677,0.9122,1
360000,35,1,1,0,0,0.0,0
220000,28,0,0,127021,28500,0.5774,0
500000,37,0,0,4331,60446,0.0087,1
50000,59,0,0,50739,1500,1.0148,0
210000,28,0,0,262,3771,0.0012,0
200000,41,0,0,90930,5032,0.4546,0
370000,28,0,0,87313,5000,0.236,0
200000,27,1,6,112050,6501,0.5602,0
260000,51,1,1,-200,0,-0.0008,0
50000,23,0,0,15512,2552,0.3102,0
260000,33,0,0,18460,3000,0.071,0
230000,48,0,0,2781,12540,0.0121,0
20000,27,1,1,0,0,0.0,1
500000,33,0,0,3311,4019,0.0066,0
160000,50,0,0,1261,2261,0.0079,1
50000,25,0,1,1552,2452,0.031,1
220000,37,2,1,2345,1007,0.0107,1
150000,64,0,0,56852,2688,0.379,0
180000,35,0,0,11123,7936,0.0618,0
80000,40,0,0,82150,0,1.0269,1
50000,27,0,3,41991,1720,0.8398,0
30000,26,1,3,5231,1300,0.1744,1
180000,31,0,0,176731,6814,0.9818,0
70000,64,0,0,62188,3000,0.8884,0
300000,33,0,0,0,0,0.0,1
640000,50,0,0,6482,8853,0.0101,0
60000,28,1,1,0,0,0.0,0
120000,24,2,1,67714,2102,0.5643,1
280000,27,0,0,36382,2000,0.1299,0
260000,32,0,0,8161,2000,0.0314,0
50000,34,0,0,48538,3000,0.9708,0
70000,47,1,4,64586,0,0.9227,0
50000,38,0,0,390,770,0.0078,1
470000,40,2,1,241153,10000,0.5131,1
320000,41,0,0,56093,0,0.1753,0
50000,23,0,0,49385,1500,0.9877,0
230000,32,0,0,0,0,0.0,0
140000,29,0,0,43030,2000,0.3074,0
50000,25,0,1,6302,1800,0.126,1
450000,45,1,1,0,0,0.0,0
500000,49,0,0,371,3540,0.0007,0
20000,37,0,0,15960,0,0.798,0
230000,38,0,0,1902,2170,0.0083,0
50000,24,1,5,53890,2200,1.0778,0
300000,31,0,0,12793,14212,0.0426,0
100000,36,2,6,92675,3445,0.9268,0
30000,27,0,0,29063,1908,0.9688,0
400000,44,0,0,6389,59570,0.016,0
170000,30,0,2,998,0,0.0059,0
340000,57,0,0,49467,1880,0.1455,0
210000,35,0,0,44552,2000,0.2122,0
80000,38,0,0,1894,316,0.0237,1
20000,24,0,0,7795,4112,0.3898,0
300000,51,0,0,311,832,0.001,0
20000,43,0,0,6085,1045,0.3042,1
50000,40,0,0,50657,2015,1.0131,0
60000,27,0,1,3136,1286,0.0523,0
60000,50,0,1,59853,1500,0.9976,0
50000,51,1,2,48091,1,0.9618,1
120000,26,1,6,52623,0,0.4385,0
20000,59,2,3,5119,1500,0.256,0
240000,40,0,0,326,326,0.0014,0
420000,36,0,0,0,3363,0.0,0
180000,28,1,1,0,0,0.0,0
410000,28,2,4,407490,16195,0.9939,0
30000,41,0,2,16098,1597,0.5366,1
110000,25,2,1,38449,3000,0.3495,0
90000,33,0,1,498,498,0.0055,0
220000,41,0,0,30262,37092,0.1376,0
50000,57,2,1,47349,1892,0.947,1
30000,22,0,0,20741,1500,0.6914,0
520000,55,0,0,2292,5227,0.0044,0
80000,39,2,6,48401,2000,0.605,0
20000,58,0,0,12066,0,0.6033,0
210000,29,0,1,27371,871,0.1303,0
100000,28,0,0,101557,5000,1.0156,0
320000,33,1,1,0,0,0.0,0
500000,44,0,0,38034,1632,0.0761,0
20000,41,0,1,16208,1300,0.8104,0
10000,59,0,0,6827,1290,0.6827,0
310000,43,0,0,4323,650,0.0139,0
200000,37,0,0,11211,12329,0.0561,0
180000,29,0,0,4358,3169,0.0242,0
50000,32,0,0,37293,1634,0.7459,0
150000,41,0,0,2371,40824,0.0158,0
500000,45,0,0,93669,10147,0.1873,0
230000,31,0,0,14529,5500,0.0632,1
20000,38,0,0,19845,1694,0.9922,0
190000,28,0,0,43072,3768,0.2267,0
20000,24,0,0,19043,1500,0.9522,0
170000,51,0,0,55396,8000,0.3259,0
210000,43,0,0,180962,6601,0.8617,0
100000,44,2,6,59586,2800,0.5959,1
260000,42,0,1,50060,5000,0.1925,0
200000,25,0,0,22371,2569,0.1119,0
90000,40,0,0,106947,1965,1.1883,1
470000,35,0,0,270005,9500,0.5745,0
270000,27,0,1,153201,5933,0.5674,0
100000,49,0,3,63977,2500,0.6398,1
200000,40,1,1,-433,0,-0.0022,0
70000,43,0,0,38173,1957,0.5453,0
200000,40,0,0,16204,7870,0.081,0
50000,31,0,0,52754,3000,1.0551,0
90000,24,0,0,28329,1800,0.3148,0
50000,30,0,0,48139,2299,0.9628,0
240000,37,0,0,317,0,0.0013,0
140000,35,0,0,325,537,0.0023,0
120000,52,2,6,112593,3300,0.9383,0
460000,61,1,1,0,8602,0.0,0
170000,25,0,0,1906,4000,0.0112,0
500000,39,0,0,39823,30006,0.0796,0
50000,51,0,0,31281,2556,0.6256,0
210000,26,1,2,-12,500,-0.0001,0
50000,24,0,1,42509,2041,0.8502,0
200000,42,0,0,326,645,0.0016,0
20000,26,0,0,11030,5331,0.5515,0
80000,53,1,4,9715,0,0.1214,0
430000,32,1,1,0,2500,0.0,1
350000,44,3,6,314607,14000,0.8989,1
50000,34,0,0,2738,8199,0.0548,0
210000,55,0,0,217016,8049,1.0334,1
20000,51,0,0,780,0,0.039,0
160000,29,0,0,36134,21000,0.2258,1
50000,46,2,3,25706,1434,0.5141,1
50000,24,0,0,49982,1963,0.9996,0
30000,31,3,3,30588,0,1.0196,1
100000,29,2,5,48186,1800,0.4819,1
360000,28,0,0,35564,2086,0.0988,0
310000,34,0,0,4153,1002,0.0134,0
50000,30,2,2,40087,0,0.8017,0
120000,37,0,1,12006,1171,0.1,0
30000,29,1,3,16493,0,0.5498,1
200000,30,0,0,193300,6860,0.9665,0
20000,37,0,0,19716,1547,0.9858,0
50000,23,0,1,47020,2139,0.9404,1
70000,25,0,0,8272,2000,0.1182,0
290000,32,1,1,0,0,0.0,0
90000,30,2,6,750,0,0.0083,0
150000,37,2,6,106628,7400,0.7109,1
90000,38,0,0,112212,5170,1.2468,0
80000,40,0,4,28054,3600,0.3507,1
100000,32,1,3,95794,4000,0.9579,0
200000,41,0,0,-780,0,-0.0039,0
140000,31,3,6,124716,5800,0.8908,1
110000,45,0,0,836,9376,0.0076,0
50000,43,0,0,31199,12009,0.624,0
60000,42,0,0,61759,2600,1.0293,0
130000,40,0,0,25375,1500,0.1952,0
320000,43,0,0,181048,8500,0.5658,0
120000,42,0,0,2207,263,0.0184,0
450000,35,1,2,347994,0,0.7733,0
200000,36,0,0,136286,50000,0.6814,1
20000,31,1,3,16170,0,0.8085,1
410000,29,0,0,6764,6500,0.0165,0
210000,40,0,0,206803,7876,0.9848,0
210000,36,1,1,0,0,0.0,1
130000,38,1,1,0,0,0.0,0
170000,27,0,1,6504,1046,0.0383,1
190000,55,0,0,104344,6003,0.5492,0
230000,28,0,0,95956,4231,0.4172,1
120000,29,0,0,114538,6000,0.9545,0
50000,23,0,1,17313,3000,0.3463,1
220000,41,0,0,32016,2004,0.1455,1
320000,32,2,1,313383,12937,0.9793,0
160000,27,0,0,75652,1020,0.4728,1
20000,23,0,1,4561,2000,0.228,0
460000,34,1,1,-258,0,-0.0006,0
490000,38,1,1,380,380,0.0008,0
130000,47,0,0,85317,3813,0.6563,0
170000,41,0,0,162500,4781,0.9559,0
150000,24,0,0,108924,4000,0.7262,0
180000,33,0,0,1246,1845,0.0069,0
50000,35,0,0,41646,4000,0.8329,0
240000,44,0,0,47315,3000,0.1971,0
390000,37,0,0,20666,20666,0.053,0
50000,47,0,0,48593,1278,0.9719,0
310000,43,0,0,0,0,0.0,0
100000,28,1,1,290,1534,0.0029,0
260000,36,0,0,2992,0,0.0115,0
30000,28,0,2,28347,2000,0.9449,0
310000,27,0,0,68928,43894,0.2223,0
270000,40,0,0,193444,15000,0.7165,0
250000,30,0,1,1923,900,0.0077,1
130000,31,0,0,32215,2000,0.2478,0
220000,35,0,0,21960,2000,0.0998,0
60000,48,0,0,86550,3000,1.4425,0
120000,29,0,0,119324,5025,0.9944,0
30000,35,0,1,11359,27657,0.3786,0
130000,30,2,5,124651,7100,0.9589,1
100000,35,0,0,29048,0,0.2905,0
200000,26,0,0,1290,599,0.0064,0
260000,47,0,0,164137,10000,0.6313,0
390000,45,2,2,185204,0,0.4749,1
340000,42,0,0,308023,27245,0.906,0
140000,24,0,0,137037,5053,0.9788,1
220000,39,0,0,142186,7000,0.6463,0
20000,31,0,0,1572,1386,0.0786,0
500000,40,0,0,33179,99159,0.0664,0
210000,33,0,0,8770,6000,0.0418,1
340000,39,0,0,308286,13775,0.9067,0
130000,44,2,2,16357,1500,0.1258,1
200000,34,0,0,189279,10000,0.9464,0
150000,35,0,0,160292,6100,1.0686,1
50000,22,0,0,36926,20007,0.7385,0
60000,25,2,6,38050,2000,0.6342,1
60000,27,0,0,1386,5273,0.0231,0
150000,29,0,0,118025,4278,0.7868,0
180000,38,2,6,47276,3000,0.2626,1
50000,22,0,0,55100,2372,1.102,0
10000,48,0,0,7863,1172,0.7863,0
100000,24,0,0,94056,3730,0.9406,0
30000,21,0,0,0,780,0.0,0
50000,51,0,0,48550,2000,0.971,0
30000,39,0,1,19643,1700,0.6548,1
100000,30,2,6,96638,4300,0.9664,1
100000,35,2,4,24524,3500,0.2452,0
290000,37,0,0,199911,8001,0.6893,0
140000,42,0,0,3726,2846,0.0266,0
240000,39,1,1,0,0,0.0,0
380000,27,0,1,2501,0,0.0066,0
230000,54,0,0,1227,784,0.0053,0
40000,24,0,0,28140,5000,0.7035,1
210000,34,0,0,74261,3500,0.3536,0
150000,37,0,0,144744,4610,0.965,0
70000,27,2,6,27241,3628,0.3892,1
80000,24,0,0,9591,1000,0.1199,0
50000,30,0,0,49259,2500,0.9852,0
300000,27,0,0,0,0,0.0,0
180000,30,0,0,63182,2166,0.351,0
150000,35,0,0,9164,14021,0.0611,0
60000,24,0,0,20873,2000,0.3479,0
100000,37,0,0,177961,3082,1.7796,1
90000,26,2,1,89947,5000,0.9994,0
20000,43,0,0,14102,1300,0.7051,0
320000,32,0,0,-1,0,-0.0,1
90000,68,0,0,2000,0,0.0222,0
500000,36,1,1,226,9125,0.0005,0
210000,37,0,0,3094,565,0.0147,0
30000,29,2,1,28603,1000,0.9534,1
20000,51,0,0,10400,0,0.52,1
50000,23,1,1,0,0,0.0,0
360000,39,0,0,4964,177,0.0138,0
80000,28,0,0,36847,2000,0.4606,0
150000,47,0,0,4003,2891,0.0267,0
20000,36,2,6,25274,1700,1.2637,0
150000,55,0,0,1194,2101,0.008,0
340000,29,0,0,332123,14000,0.9768,0
500000,61,1,1,0,0,0.0,1
100000,33,0,2,32526,5396,0.3253,0
160000,62,0,0,0,0,0.0,0
300000,42,0,0,400,0,0.0013,0
240000,34,0,1,18825,12880,0.0784,0
60000,30,2,1,60558,3500,1.0093,1
20000,21,0,0,13717,1005,0.6858,0
80000,25,0,2,1374,1170,0.0172,0
20000,47,0,0,390,780,0.0195,0
240000,35,0,0,5770,10420,0.024,0
20000,25,1,5,19242,1700,0.9621,0
290000,33,0,0,190547,7158,0.6571,0
120000,33,0,0,53087,2572,0.4424,0
100000,33,0,0,61089,30010,0.6109,0
20000,42,0,0,18317,1500,0.9158,0
60000,49,1,4,17013,2000,0.2836,1
150000,26,0,1,10693,3000,0.0713,1
500000,57,0,0,4560,600,0.0091,0
120000,24,0,0,34670,2033,0.2889,1
80000,35,0,0,7961,20004,0.0995,0
100000,39,0,0,39667,1649,0.3967,0
20000,53,0,0,13605,1249,0.6802,0
200000,33,0,0,23762,4000,0.1188,0
80000,39,0,1,61708,5000,0.7714,0
80000,33,0,1,75985,12036,0.9498,0
150000,26,0,1,29712,3200,0.1981,0
50000,50,0,0,47721,2037,0.9544,0
370000,28,0,0,577,63895,0.0016,0
130000,25,0,2,107594,4023,0.8276,1
450000,41,0,1,2663,2146,0.0059,0
200000,44,0,1,500,0,0.0025,0
130000,30,0,1,90864,16000,0.699,0
230000,23,0,0,55197,2712,0.24,0
90000,29,0,0,9124,10000,0.1014,0
30000,53,0,0,263,14849,0.0088,0
180000,43,0,0,4425,1200,0.0246,1
140000,32,0,3,9556,3000,0.0683,0
380000,52,1,1,0,0,0.0,0
30000,56,2,6,26008,1800,0.8669,1
80000,46,2,2,77490,5000,0.9686,1
60000,47,0,0,59098,1392,0.985,1
290000,32,0,0,0,5743,0.0,0
160000,26,0,0,1319,3941,0.0082,1
20000,28,0,0,7032,12500,0.3516,0
80000,65,0,0,80260,3750,1.0032,0
360000,34,0,0,4259,1376,0.0118,0
30000,44,1,2,39347,1200,1.3116,0
140000,37,0,0,330,330,0.0024,0
150000,33,0,0,78038,5000,0.5203,0
130000,45,0,0,58180,2886,0.4475,0
410000,34,0,0,109256,15000,0.2665,1
70000,28,0,0,48910,2050,0.6987,1
30000,24,0,0,27181,2000,0.906,0
50000,37,0,0,7465,2790,0.1493,0
180000,45,0,0,119109,6000,0.6617,0
30000,36,0,0,390,390,0.013,0
20000,38,0,1,16787,1700,0.8394,0
30000,24,0,0,12800,0,0.4267,0
20000,53,0,0,8847,1500,0.4424,0
280000,27,0,0,6564,1334,0.0234,0
50000,28,0,0,14262,2000,0.2852,1
360000,34,1,1,-130,0,-0.0004,1
190000,41,2,2,185738,7762,0.9776,1
180000,36,0,0,2846,2092,0.0158,0
60000,24,0,0,48890,2000,0.8148,0
320000,47,0,2,10159,38075,0.0317,0
10000,33,0,0,1655,1473,0.1655,1
200000,52,0,2,316,632,0.0016,1
50000,24,0,0,9923,1200,0.1985,0
180000,25,0,0,0,0,0.0,0
20000,24,2,6,15586,1609,0.7793,1
300000,28,2,1,296665,11500,0.9889,0
90000,28,0,0,350,0,0.0039,1
160000,23,0,1,116212,0,0.7263,1
20000,39,0,0,14154,1258,0.7077,0
150000,28,0,0,8200,2500,0.0547,0
50000,26,1,4,48560,4570,0.9712,0
60000,43,0,0,70367,2415,1.1728,0
210000,54,0,0,16355,3000,0.0779,0
150000,27,0,0,134492,6000,0.8966,0
60000,24,0,0,58143,3044,0.969,1
210000,35,0,0,25806,1035,0.1229,0
210000,28,0,0,198724,4500,0.9463,0
360000,31,0,0,28835,14596,0.0801,0
10000,25,0,3,6005,3000,0.6005,0
140000,32,0,2,142043,7000,1.0146,0
100000,33,1,2,55066,0,0.5507,0
50000,23,0,0,836,836,0.0167,1
360000,42,0,0,0,0,0.0,1
360000,42,1,1,0,0,0.0,0
30000,27,0,0,11228,1104,0.3743,0
20000,36,2,3,10360,3467,0.518,0
260000,42,0,0,8606,3856,0.0331,0
100000,38,2,6,37160,3500,0.3716,1
340000,39,0,0,56412,10034,0.1659,0
50000,31,1,4,1129,0,0.0226,1
180000,32,0,0,8135,5000,0.0452,0
360000,33,0,0,1616,3700,0.0045,0
60000,35,0,1,27892,2000,0.4649,0
20000,28,1,3,18710,1400,0.9355,0
150000,44,1,4,27270,0,0.1818,1
150000,50,0,0,101639,3820,0.6776,0
300000,32,0,0,30749,20000,0.1025,0
420000,35,0,0,63715,3002,0.1517,0
500000,34,0,0,324503,15633,0.649,0
150000,30,0,0,65591,0,0.4373,0
50000,54,0,3,34301,1700,0.686,1
110000,24,1,3,68068,3900,0.6188,0
150000,38,0,0,1106,1208,0.0074,0
80000,26,0,0,77397,3328,0.9675,0
150000,34,0,0,19130,1000,0.1275,0
50000,39,0,0,20650,0,0.413,0
20000,33,0,0,36658,4000,1.8329,0
80000,33,0,0,69937,3032,0.8742,0
150000,41,2,4,113358,14779,0.7557,1
240000,41,1,1,-2225,12,-0.0093,0
100000,27,0,0,390,4780,0.0039,0
130000,45,0,0,79277,3500,0.6098,0
20000,37,0,0,18419,1373,0.921,0
340000,35,0,0,317,3074,0.0009,0
430000,40,0,0,6112,10590,0.0142,0
110000,57,0,0,16090,2000,0.1463,0
90000,49,0,0,10242,2006,0.1138,0
10000,26,0,0,9459,231,0.9459,0
100000,32,0,0,4270,0,0.0427,0
390000,34,0,0,7639,6083,0.0196,0
130000,43,0,0,2048,2529,0.0158,0
180000,37,0,0,78089,3333,0.4338,0
50000,51,0,0,79502,4000,1.59,0
80000,30,0,0,64596,4424,0.8074,0
30000,33,1,4,24457,1716,0.8152,1
150000,30,0,0,7015,0,0.0468,0
230000,46,1,1,378,907,0.0016,0
90000,23,2,6,82623,5900,0.918,1
80000,30,0,0,11976,1185,0.1497,0
700000,35,0,0,8277,17599,0.0118,0
30000,22,0,0,27447,1923,0.9149,1
90000,28,0,0,12759,5000,0.1418,1
200000,44,0,0,310,2306,0.0016,0
230000,50,0,0,94314,4082,0.4101,1
100000,54,0,0,99932,1712,0.9993,0
360000,28,0,0,152072,5708,0.4224,0
500000,43,1,1,0,0,0.0,1
240000,42,0,0,3328,164820,0.0139,0
360000,28,0,0,78398,25126,0.2178,0
360000,30,2,5,2500,0,0.0069,1
320000,43,0,0,110032,4028,0.3438,0
50000,40,0,0,21696,1383,0.4339,0
140000,31,0,0,50822,2473,0.363,0
360000,30,0,0,6419,1067,0.0178,0
180000,27,0,0,641,1812,0.0036,1
330000,40,0,0,2573,1800,0.0078,0
140000,24,0,2,6265,2198,0.0448,1
360000,27,0,0,2459,955,0.0068,0
150000,27,2,4,15475,3000,0.1032,1
220000,29,0,0,14246,2601,0.0648,0
260000,31,0,0,257920,10036,0.992,0
30000,54,0,2,17708,1615,0.5903,0
580000,31,0,0,2507,2190,0.0043,0
50000,25,0,0,1582,300,0.0316,0
230000,36,0,1,878,9574,0.0038,1
20000,39,2,1,20264,1500,1.0132,1
110000,35,2,3,67591,3200,0.6145,1
240000,28,0,0,168068,6042,0.7003,0
50000,34,0,0,49940,2128,0.9988,0
20000,51,0,0,3680,0,0.184,0
190000,42,0,0,113516,6000,0.5975,0
100000,50,0,1,84027,7500,0.8403,0
500000,34,0,0,13010,5041,0.026,0
170000,40,0,0,511,1001,0.003,0
150000,23,0,0,7795,7000,0.052,0
30000,48,0,0,46780,1899,1.5593,0
80000,41,2,1,80140,3253,1.0018,1
340000,49,0,0,20452,18832,0.0602,0
210000,30,0,3,89670,7500,0.427,0
30000,23,0,0,28239,2500,0.9413,0
230000,27,0,0,3257,1816,0.0142,0
20000,23,0,0,18497,1900,0.9248,0
70000,26,0,0,71147,3800,1.0164,0
310000,66,0,0,259874,8874,0.8383,1
80000,36,0,0,19211,1337,0.2401,1
150000,27,0,0,146778,6554,0.9785,0
20000,49,0,0,13881,1218,0.694,0
220000,54,0,1,264,1138,0.0012,0
150000,30,0,0,150426,5520,1.0028,0
530000,30,0,0,214022,20000,0.4038,0
150000,28,0,0,108,0,0.0007,0
150000,29,0,0,2356,16836,0.0157,1
420000,30,0,0,83640,1275,0.1991,0
80000,31,0,0,0,0,0.0,0
100000,37,0,0,87055,3000,0.8706,0
30000,27,2,6,15191,1500,0.5064,1
50000,37,0,0,23607,2000,0.4721,0
330000,39,0,0,1972,1586,0.006,1
140000,36,0,2,134783,12800,0.9627,0
50000,34,0,0,95380,2140,1.9076,0
360000,37,1,1,0,0,0.0,1
180000,38,0,1,54198,4400,0.3011,1
130000,27,2,2,54921,2000,0.4225,0
130000,31,1,3,120890,5200,0.9299,0
20000,24,2,4,18199,0,0.91,0
260000,30,0,0,89538,4000,0.3444,0
50000,51,0,0,57595,1996,1.1519,0
320000,29,0,0,145907,30236,0.456,0
70000,37,0,0,49775,2000,0.7111,1
180000,47,0,0,807,4246,0.0045,0
60000,54,2,2,61493,55,1.0249,0
80000,23,0,0,795,1703,0.0099,0
10000,49,0,0,6904,1206,0.6904,0
150000,33,1,2,42932,0,0.2862,1
50000,55,0,0,45698,6000,0.914,0
150000,41,0,0,64425,1745,0.4295,0
350000,38,0,0,36098,3604,0.1031,0
380000,44,0,0,371917,15071,0.9787,0
130000,25,0,0,250,174,0.0019,0
180000,35,0,0,1651,0,0.0092,0
100000,41,0,0,107224,7000,1.0722,0
30000,31,3,6,23368,2000,0.7789,1
430000,28,0,0,406995,40000,0.9465,0
200000,37,0,1,2681,0,0.0134,1
360000,43,1,1,0,0,0.0,1
80000,32,0,0,1147,1147,0.0143,0
40000,26,2,5,27255,0,0.6814,1
80000,29,0,0,12393,2022,0.1549,0
20000,23,0,0,17030,1315,0.8515,0
250000,24,0,0,956,1339,0.0038,1
70000,43,0,0,16186,2000,0.2312,0
20000,34,0,0,14676,1286,0.7338,1
160000,39,1,1,-18,0,-0.0001,0
70000,36,0,0,27868,1850,0.3981,1
50000,34,0,0,588,592,0.0118,0
30000,41,2,6,26042,1800,0.8681,1
80000,48,0,0,46495,3000,0.5812,0
20000,52,0,0,15768,1285,0.7884,0
50000,32,0,0,10335,1200,0.2067,0
50000,26,1,1,0,0,0.0,0
230000,36,0,0,2078,380,0.009,0
10000,23,1,1,-1000,0,-0.1,1
20000,42,0,2,16070,3300,0.8035,0
110000,34,2,2,108180,5000,0.9835,0
200000,29,0,0,5624,2519,0.0281,0
20000,59,1,1,-1213,52082,-0.0606,0
80000,29,0,1,2946,4599,0.0368,0
280000,31,1,1,0,0,0.0,0
140000,45,0,0,106974,4924,0.7641,0
60000,25,0,3,24066,1414,0.4011,0
50000,51,0,0,113247,3000,2.2649,0
200000,34,0,0,0,0,0.0,0
180000,38,1,2,114413,0,0.6356,0
260000,45,0,0,207977,9000,0.7999,0
150000,32,0,3,52582,6395,0.3505,1
130000,32,0,0,126080,7000,0.9698,0
120000,50,0,0,390,0,0.0032,1
210000,30,0,0,0,0,0.0,0
110000,33,0,0,165090,4259,1.5008,0
30000,28,0,0,29617,4096,0.9872,0
170000,25,0,0,12218,5507,0.0719,1
360000,32,0,0,13819,2148,0.0384,0
130000,37,0,0,116093,3647,0.893,1
30000,24,2,3,12324,4500,0.4108,1
160000,31,0,0,239,0,0.0015,0
30000,43,0,0,25166,1437,0.8389,0
10000,22,1,1,0,1000,0.0,1
50000,38,0,0,2410,0,0.0482,0
80000,40,0,0,23833,5000,0.2979,0
260000,49,1,1,0,0,0.0,0
170000,26,2,1,74453,5020,0.438,1
30000,25,0,0,20983,2000,0.6994,0
50000,51,0,0,25577,1269,0.5115,0
120000,40,0,0,88185,5000,0.7349,0
240000,31,2,1,71876,3100,0.2995,1
180000,41,0,0,16366,18339,0.0909,0
60000,26,0,0,38726,1663,0.6454,0
150000,32,0,0,113932,2500,0.7595,1
360000,26,1,1,0,0,0.0,0
350000,32,0,0,0,0,0.0,1
30000,43,0,0,390,780,0.013,0
120000,29,0,0,121805,4600,1.015,0
330000,43,1,1,0,0,0.0,1
500000,44,0,0,26697,1131,0.0534,0
100000,34,0,0,102724,4600,1.0272,0
80000,37,1,2,2626,0,0.0328,0
260000,30,0,0,34405,20000,0.1323,0
500000,41,0,0,171565,20241,0.3431,0
90000,52,0,0,91656,5110,1.0184,0
360000,38,0,0,1604,239,0.0045,0
360000,34,0,0,3821,1937,0.0106,0
100000,25,0,0,8791,1000,0.0879,0
200000,36,0,0,190120,9000,0.9506,1
490000,52,0,0,191937,7133,0.3917,0
460000,40,0,0,100026,5095,0.2174,0
20000,39,1,6,10968,2000,0.5484,1
230000,35,0,0,76050,3000,0.3307,0
170000,28,0,0,169531,8000,0.9972,0
60000,63,0,0,56285,5000,0.9381,0
90000,33,0,1,26772,56388,0.2975,0
160000,38,1,1,0,499,0.0,0
20000,30,2,3,20586,1300,1.0293,1
500000,36,1,1,0,0,0.0,0
30000,42,0,0,9801,1200,0.3267,1
170000,31,0,0,2908,3408,0.0171,0
100000,44,0,0,80808,3025,0.8081,0
50000,39,0,0,48493,2109,0.9699,0
110000,28,2,4,111541,5400,1.014,1
20000,23,0,1,11672,2424,0.5836,0
70000,26,0,0,28995,1600,0.4142,0
310000,42,0,0,-606,45484,-0.002,0
30000,28,2,4,35991,2000,1.1997,1
30000,27,0,4,21632,3300,0.7211,1
100000,36,0,0,51713,1000,0.5171,0
150000,30,0,0,217,0,0.0014,0
80000,27,0,0,78406,1500,0.9801,0
200000,40,0,1,158809,5380,0.794,0
20000,36,1,5,19006,0,0.9503,1
30000,33,0,0,23900,2000,0.7967,0
50000,42,0,0,13436,1246,0.2687,0
130000,32,0,0,3275,376,0.0252,0
330000,32,0,0,162657,5500,0.4929,0
80000,53,0,0,5687,0,0.0711,0
50000,34,0,0,2531,14608,0.0506,0
150000,33,0,0,10544,2000,0.0703,0
210000,30,1,1,0,241,0.0,0
30000,30,3,3,30583,389,1.0194,0
500000,30,1,2,17144,3678,0.0343,0
60000,32,1,2,31634,0,0.5272,0
20000,29,0,0,1473,390,0.0736,0
30000,23,2,4,21034,7000,0.7011,1
120000,60,2,6,27497,1200,0.2291,1
80000,37,1,2,79900,21,0.9988,1
360000,35,0,0,0,0,0.0,1
150000,36,0,0,6750,15227,0.045,0
10000,51,0,0,53095,2134,5.3095,0
230000,30,0,0,134272,107000,0.5838,0
380000,31,0,0,3859,9240,0.0102,0
350000,48,0,0,0,7900,0.0,0
130000,23,0,0,113900,5000,0.8762,0
490000,29,0,0,4301,16388,0.0088,0
150000,28,0,0,12272,4447,0.0818,0
340000,38,0,0,0,780,0.0,1
80000,52,1,1,0,0,0.0,0
230000,36,0,0,0,0,0.0,0
160000,37,0,0,119165,6008,0.7448,0
300000,33,0,0,1326,0,0.0044,0
400000,24,0,0,176294,44776,0.4407,0
80000,45,0,0,390,390,0.0049,0
320000,45,0,0,1471,5318,0.0046,0
310000,36,0,0,17611,10000,0.0568,0
270000,32,0,0,3979,511,0.0147,0
280000,53,0,1,4405,3000,0.0157,0
330000,31,0,0,163406,7558,0.4952,0
50000,49,0,3,7282,1300,0.1456,0
240000,26,1,1,0,0,0.0,1
180000,27,0,0,3898,0,0.0217,0
270000,28,4,6,237881,0,0.881,1
70000,36,2,6,50016,0,0.7145,1
290000,27,0,0,246284,10000,0.8493,0
350000,41,0,0,0,3813,0.0,0
210000,54,2,1,471,176,0.0022,0
110000,47,2,6,53016,5000,0.482,1
300000,32,0,0,2884,1706,0.0096,1
140000,38,0,1,141453,8000,1.0104,0
80000,27,0,1,77111,6384,0.9639,0
360000,42,0,0,44380,968,0.1233,0
210000,33,0,0,19951,2000,0.095,0
50000,22,0,3,19875,0,0.3975,1
80000,28,1,1,0,0,0.0,1
130000,27,0,0,49780,2300,0.3829,0
50000,22,0,0,49077,2610,0.9815,0
80000,34,0,0,585,395,0.0073,0
350000,35,0,3,3260,4273,0.0093,0
330000,37,0,0,2148,0,0.0065,0
80000,23,2,4,20661,2500,0.2583,0
280000,51,0,0,11223,15262,0.0401,0
30000,49,0,0,27414,1526,0.9138,0
200000,44,0,0,69106,3000,0.3455,0
120000,26,0,0,2897,485,0.0241,0
50000,38,0,0,3239,1000,0.0648,0
50000,31,1,2,18190,0,0.3638,0
300000,58,1,6,158230,6000,0.5274,1
20000,30,0,0,12755,832,0.6378,0
50000,46,0,0,47772,2000,0.9554,1
500000,44,0,0,77257,10000,0.1545,0
130000,40,0,0,1445,1445,0.0111,0
70000,28,2,6,59794,0,0.8542,1
70000,29,0,1,24336,3010,0.3477,0
120000,27,0,1,36175,3000,0.3015,0
340000,48,0,0,73627,3870,0.2166,0
130000,41,0,0,1392,0,0.0107,1
240000,33,0,0,239009,15018,0.9959,0
50000,37,0,1,28522,1849,0.5704,0
210000,48,0,0,11876,11876,0.0566,0
30000,30,2,6,20732,1347,0.6911,1
80000,22,0,0,76737,3500,0.9592,0
50000,42,0,0,50708,1872,1.0142,0
220000,25,0,0,93674,3500,0.4258,0
40000,37,1,2,12127,0,0.3032,0
280000,26,0,2,245969,10600,0.8785,0
90000,31,0,0,350,0,0.0039,0
180000,39,0,0,166915,6000,0.9273,0
50000,30,0,0,32781,1489,0.6556,1
320000,27,0,0,144648,8000,0.452,0
70000,38,0,0,52121,1965,0.7446,0
260000,36,1,6,2111,0,0.0081,1
360000,38,0,0,277523,4013,0.7709,0
100000,38,0,0,89842,4025,0.8984,0
100000,32,0,0,380,380,0.0038,1
140000,39,0,0,133641,7000,0.9546,0
90000,28,1,4,83480,8000,0.9276,0
220000,25,0,0,-1855,88444,-0.0084,0
260000,34,0,0,5237,0,0.0201,0
260000,42,0,0,78,984,0.0003,0
20000,24,0,0,4720,0,0.236,0
50000,27,2,1,49296,1881,0.9859,0
70000,23,0,0,57034,2700,0.8148,0
170000,36,2,6,15031,2500,0.0884,1
30000,22,0,0,30719,1900,1.024,0
200000,68,0,0,203533,8870,1.0177,0
50000,39,0,0,16729,1620,0.3346,0
50000,30,1,1,0,0,0.0,0
470000,35,0,0,64875,2505,0.138,0
20000,22,0,0,7702,274,0.3851,1
50000,26,2,1,291,291,0.0058,0
360000,56,0,0,500090,15900,1.3891,0
20000,46,1,1,0,0,0.0,0
140000,26,0,0,6208,2136,0.0443,0
10000,47,0,0,2855,1069,0.2855,1
90000,30,0,1,19003,3500,0.2111,0
200000,46,0,0,722,9086,0.0036,0
390000,39,0,0,827,827,0.0021,0
90000,25,0,0,78651,3600,0.8739,1
130000,27,1,1,0,1483,0.0,0
120000,33,1,4,0,974,0.0,1
160000,35,0,0,549,0,0.0034,0
70000,24,2,5,71339,6,1.0191,0
80000,60,0,0,68085,10000,0.8511,0
250000,36,0,0,62131,2741,0.2485,0
240000,37,0,0,171974,8000,0.7166,0
50000,49,0,0,12272,2005,0.2454,0
30000,23,0,0,2277,1078,0.0759,0
50000,51,2,1,55028,3000,1.1006,1
80000,24,0,1,2152,2245,0.0269,1
130000,47,0,0,109640,8436,0.8434,0
50000,23,0,0,47033,1707,0.9407,0
200000,39,1,2,-390,0,-0.002,0
140000,33,0,0,140795,3609,1.0057,0
30000,23,0,0,18397,2000,0.6132,0
20000,25,1,6,11729,1000,0.5864,0
70000,29,0,2,18312,1500,0.2616,0
20000,48,0,0,19590,1308,0.9795,0
410000,42,0,0,27559,3000,0.0672,0
250000,41,0,0,390,390,0.0016,1
140000,27,2,1,136308,5150,0.9736,1
90000,26,0,0,17704,5005,0.1967,0
340000,38,0,0,325,325,0.001,0
230000,28,0,0,1190,1716,0.0052,0
80000,33,0,4,30013,4000,0.3752,0
50000,42,0,0,51521,1451,1.0304,1
60000,35,0,0,60505,2300,1.0084,0
50000,24,0,1,8587,1500,0.1717,0
210000,28,0,0,145643,4741,0.6935,0
140000,27,0,0,135249,5500,0.9661,0
20000,32,0,2,4338,1092,0.2169,0
20000,48,1,1,-739,0,-0.0369,1
230000,32,0,0,2785,1223,0.0121,0
210000,27,0,0,30365,1606,0.1446,0
20000,34,0,0,36773,3210,1.8386,0
50000,24,0,1,45537,2100,0.9107,0
30000,49,0,0,15966,262,0.5322,0
50000,36,0,0,37329,1500,0.7466,1
150000,30,1,3,44820,0,0.2988,0
160000,57,0,2,2008,0,0.0126,0
90000,42,0,0,14376,1278,0.1597,0
150000,39,0,0,10086,32400,0.0672,0
200000,36,0,0,45810,0,0.229,1
170000,40,0,0,171841,7540,1.0108,0
100000,38,0,1,84883,4000,0.8488,0
20000,39,0,0,16946,1529,0.8473,0
30000,24,0,0,27576,1500,0.9192,0
200000,32,0,0,42325,2000,0.2116,0
180000,46,0,0,390,390,0.0022,0
160000,44,1,1,0,5621,0.0,0
80000,31,1,4,54207,0,0.6776,0
70000,36,2,1,81719,5000,1.1674,0
80000,44,2,1,78950,2815,0.9869,1
50000,45,0,0,48406,2286,0.9681,1
140000,58,2,6,70428,3200,0.5031,1
90000,50,0,0,76025,10374,0.8447,0
120000,27,0,0,19333,0,0.1611,0
80000,33,0,0,47867,1925,0.5983,0
20000,43,4,3,34213,0,1.7106,1
20000,28,1,2,10631,0,0.5316,0
440000,34,0,0,0,200,0.0,0
310000,28,0,0,106540,5000,0.3437,0
80000,25,0,0,0,0,0.0,0
200000,28,0,2,95065,20000,0.4753,0
300000,34,1,2,6451,0,0.0215,1
140000,35,0,0,10215,4293,0.073,0
230000,43,0,0,3451,5587,0.015,0
130000,38,0,0,100443,3516,0.7726,1
40000,48,0,0,37896,3292,0.9474,0
20000,23,0,2,20030,1600,1.0015,0
90000,26,0,0,43310,2500,0.4812,0
50000,41,2,6,24064,1600,0.4813,1
220000,49,0,0,153880,6300,0.6995,0
60000,64,2,1,24541,2000,0.409,1
240000,48,0,0,111990,15000,0.4666,0
400000,40,1,1,0,0,0.0,0
120000,30,0,1,179,1403,0.0015,0
280000,37,1,1,0,0,0.0,0
390000,28,0,0,1421,1294,0.0036,0
340000,46,0,0,9435,40670,0.0278,0
10000,47,0,0,219,10400,0.0219,1
110000,35,0,0,48131,32123,0.4376,1
100000,31,0,0,95972,5000,0.9597,0
130000,25,0,0,119703,5200,0.9208,0
230000,45,2,4,221691,10000,0.9639,0
290000,39,0,2,296002,12000,1.0207,1
50000,29,0,0,16645,2000,0.3329,0
120000,27,0,0,13394,17456,0.1116,0
240000,36,0,0,7058,4789,0.0294,1
360000,32,0,0,166848,7294,0.4635,0
110000,31,0,0,77595,3700,0.7054,0
60000,23,0,0,23268,1215,0.3878,0
130000,33,1,1,0,0,0.0,1
250000,31,0,0,315,0,0.0013,0
410000,38,0,0,4822,233,0.0118,0
130000,53,0,0,100184,4700,0.7706,0
200000,38,0,3,180486,7000,0.9024,0
60000,25,2,2,37287,0,0.6214,0
20000,25,0,0,85,1377,0.0042,0
20000,37,0,1,17214,2248,0.8607,0
380000,50,0,2,294100,30125,0.7739,0
80000,47,0,0,78415,3369,0.9802,1
160000,31,0,0,24645,1420,0.154,0
50000,23,1,2,47201,1400,0.944,0
50000,34,0,0,24249,2100,0.485,0
310000,34,0,0,97196,6000,0.3135,0
130000,30,0,2,95799,4500,0.7369,0
180000,33,0,1,33331,5317,0.1852,0
130000,43,0,0,129099,5008,0.9931,0
50000,35,0,0,50482,6749,1.0096,0
150000,30,1,2,36472,0,0.2431,1
230000,25,0,0,32915,4794,0.1431,0
20000,23,0,0,19082,1321,0.9541,0
360000,33,1,1,0,0,0.0,1
180000,31,1,1,0,0,0.0,0
280000,37,0,0,196807,7005,0.7029,0
90000,23,0,3,11495,1200,0.1277,1
210000,41,1,2,149343,0,0.7112,0
240000,30,1,1,0,0,0.0,1
200000,49,0,0,4739,0,0.0237,0
180000,35,0,0,47603,5705,0.2645,0
190000,44,1,2,-1600,4000,-0.0084,0
50000,53,0,0,4794,4000,0.0959,0
80000,23,0,0,5000,0,0.0625,0
50000,23,2,2,32589,1000,0.6518,1
130000,29,0,0,102640,0,0.7895,0
30000,52,2,6,18499,2500,0.6166,1
30000,28,0,0,36541,5000,1.218,0
50000,24,0,2,20378,3300,0.4076,1
360000,41,0,0,100608,4000,0.2795,0
80000,24,2,1,45647,2039,0.5706,1
460000,33,0,0,161054,6050,0.3501,0
200000,48,0,0,5472,4318,0.0274,0
50000,22,0,0,49334,5000,0.9867,1
370000,28,0,0,87248,2896,0.2358,0
20000,42,3,6,18464,1600,0.9232,1
50000,24,0,0,50537,2554,1.0107,0
80000,54,0,0,26730,1500,0.3341,0
170000,31,1,1,0,0,0.0,0
400000,54,0,0,1348,21532,0.0034,0
500000,41,0,0,131720,3900,0.2634,0
250000,44,0,0,6826,3924,0.0273,1
80000,22,0,0,80491,2327,1.0061,0
90000,40,1,3,89762,3000,0.9974,0
120000,44,4,3,149229,0,1.2436,1
310000,44,0,0,3947,2500,0.0127,0
20000,22,0,0,13540,406,0.677,0
60000,29,0,4,4603,0,0.0767,0
460000,29,0,0,170894,7018,0.3715,0
220000,40,0,0,2300,1000,0.0105,0
220000,32,0,0,203689,10000,0.9259,1
20000,33,1,2,17439,0,0.872,0
80000,38,0,2,6270,19421,0.0784,1
220000,31,0,0,7521,4028,0.0342,0
20000,23,0,0,10478,1193,0.5239,0
100000,26,0,0,46891,2000,0.4689,0
230000,31,0,0,81734,3687,0.3554,0
300000,40,0,0,184164,7028,0.6139,0
20000,24,0,0,2522,390,0.1261,0
160000,29,0,0,390,4238,0.0024,0
70000,27,1,4,48098,881,0.6871,1
240000,37,0,0,280110,10000,1.1671,0
100000,25,0,0,1285,2530,0.0128,0
220000,30,0,0,18301,2026,0.0832,0
50000,42,0,0,5268,1107,0.1054,0
80000,44,0,0,5730,5837,0.0716,0
130000,28,2,3,114144,0,0.878,1
30000,23,1,4,27171,1000,0.9057,0
360000,46,1,1,0,0,0.0,1
280000,34,0,0,126305,4728,0.4511,1
230000,45,0,0,43885,1749,0.1908,0
30000,24,0,0,3055,18407,0.1018,0
70000,28,0,0,45738,4016,0.6534,1
100000,32,0,0,43788,1759,0.4379,0
50000,27,0,1,50679,2033,1.0136,1
150000,26,0,0,221,0,0.0015,0
20000,46,0,0,780,0,0.039,1
100000,48,2,1,10514,13008,0.1051,1
90000,25,2,3,41757,2001,0.464,1
50000,49,0,0,34461,2000,0.6892,0
200000,49,2,6,2500,0,0.0125,1
250000,26,0,0,46467,1500,0.1859,0
140000,32,1,1,0,0,0.0,0
320000,44,0,0,396,396,0.0012,0
20000,22,2,6,20439,1602,1.022,1
80000,26,0,0,46738,3001,0.5842,0
300000,36,1,1,0,0,0.0,0
500000,38,0,1,54787,20015,0.1096,0
30000,22,1,1,4873,16547,0.1624,0
130000,47,2,1,1478,1501,0.0114,0
40000,25,0,1,37540,1976,0.9385,0
20000,22,0,0,19194,1129,0.9597,0
470000,39,0,0,1264,5478,0.0027,0
200000,42,0,0,1347,208,0.0067,1
50000,31,2,6,30619,1800,0.6124,1
130000,36,0,0,26244,1550,0.2019,0
100000,33,0,0,5576,792,0.0558,0
160000,29,0,0,554,0,0.0035,0
50000,26,0,0,24132,1902,0.4826,0
180000,42,0,0,124064,5087,0.6892,0
50000,29,0,0,47863,2000,0.9573,0
70000,40,0,0,65198,2924,0.9314,0
270000,53,2,6,211630,3000,0.7838,1
210000,48,0,0,140,140,0.0007,0
70000,43,0,0,66083,3017,0.944,0
160000,31,0,0,3555,7340,0.0222,0
30000,27,0,0,4527,3000,0.1509,0
250000,29,0,0,12044,3276,0.0482,0
10000,51,1,4,2731,0,0.2731,0
50000,27,1,6,17654,0,0.3531,0
120000,38,0,0,3465,5558,0.0289,0
50000,28,0,0,49417,1966,0.9883,0
250000,36,0,0,143200,7000,0.5728,0
20000,48,0,1,390,1170,0.0195,1
70000,25,0,0,19508,2000,0.2787,0
50000,46,0,0,2635,27921,0.0527,0
110000,41,0,0,120767,24800,1.0979,0
100000,32,1,2,7130,0,0.0713,0
20000,31,0,0,-66,0,-0.0033,0
120000,25,0,0,30925,43272,0.2577,0
50000,26,0,0,5385,2000,0.1077,0
140000,29,1,6,73302,3000,0.5236,1
140000,34,0,0,711,711,0.0051,1
250000,39,0,0,196409,6023,0.7856,0
180000,30,0,0,43779,1751,0.2432,0
130000,26,0,0,55348,1650,0.4258,0
200000,27,0,0,2436,5963,0.0122,0
100000,26,0,3,64086,6005,0.6409,0
20000,23,0,0,15879,4000,0.794,0
290000,27,0,0,63584,2000,0.2193,0
110000,46,0,0,106111,5015,0.9646,0
30000,27,2,6,1200,0,0.04,0
150000,23,0,0,6319,2000,0.0421,0
150000,34,0,0,1467,701,0.0098,0
120000,25,1,1,0,0,0.0,1
280000,28,0,0,24189,1500,0.0864,0
90000,36,1,1,-191,0,-0.0021,0
130000,39,0,0,10896,390,0.0838,0
30000,24,1,4,27262,0,0.9087,1
100000,25,0,0,91842,1809,0.9184,0
30000,27,0,1,20234,2000,0.6745,1
90000,28,0,0,45537,3000,0.506,0
160000,25,4,3,103398,0,0.6462,0
260000,51,0,0,771,1596,0.003,0
50000,28,2,1,48508,2500,0.9702,1
260000,27,0,0,132755,6417,0.5106,0
220000,35,0,0,7443,5600,0.0338,0
20000,22,0,0,19248,2000,0.9624,0
300000,25,1,6,315632,0,1.0521,1
250000,31,1,1,-129,0,-0.0005,0
200000,30,0,0,416,416,0.0021,0
20000,21,0,1,13660,2000,0.683,0
50000,25,3,5,26798,1200,0.536,1
100000,28,0,0,7220,13695,0.0722,0
170000,37,0,0,164240,8019,0.9661,0
120000,37,0,0,68329,5000,0.5694,0
120000,38,0,0,33814,1766,0.2818,0
50000,26,0,1,37862,1304,0.7572,0
260000,28,0,0,63504,4000,0.2442,0
60000,44,0,0,57657,3400,0.961,0
120000,28,0,2,200,0,0.0017,1
220000,47,0,0,38412,50451,0.1746,0
200000,26,0,0,299,0,0.0015,0
90000,45,0,0,63049,10000,0.7005,0
310000,25,0,0,184538,5019,0.5953,0
110000,34,0,0,18328,1300,0.1666,0
140000,42,0,0,24984,1434,0.1785,0
160000,51,0,0,63406,2901,0.3963,0
80000,24,2,6,23787,0,0.2973,1
500000,36,0,0,251931,101458,0.5039,0
130000,29,0,0,130708,6658,1.0054,0
240000,44,0,1,220439,9657,0.9185,0
50000,24,2,6,2400,0,0.048,1
180000,42,1,1,0,1290,0.0,0
240000,33,0,0,1863,15172,0.0078,1
180000,30,0,0,135001,6100,0.75,0
130000,33,0,0,114984,5800,0.8845,0
50000,24,0,0,12806,7522,0.2561,1
500000,34,0,1,154085,4373,0.3082,0
200000,29,0,1,168374,8000,0.8419,0
220000,29,0,0,19030,14287,0.0865,0
70000,33,0,1,21670,3400,0.3096,0
440000,31,0,0,21359,5023,0.0485,0
290000,52,0,0,302396,2000,1.0427,0
50000,23,0,0,30941,1751,0.6188,0
120000,23,0,0,115653,5000,0.9638,0
80000,44,0,0,485,10735,0.0061,0
170000,27,0,0,164214,8001,0.966,0
160000,41,0,0,396,396,0.0025,1
280000,29,0,1,7712,0,0.0275,1
40000,47,2,4,31121,0,0.778,1
80000,53,0,0,66002,5000,0.825,0
210000,40,0,0,12555,560,0.0598,0
60000,29,2,6,56252,3000,0.9375,1
20000,40,0,0,14492,1349,0.7246,1
230000,36,1,1,2404,687,0.0105,0
90000,50,0,0,58979,6000,0.6553,0
170000,35,0,0,736,1289,0.0043,0
70000,22,0,0,57889,1592,0.827,0
50000,29,0,3,24043,3165,0.4809,0
140000,48,0,0,5349,2216,0.0382,0
50000,55,0,0,47860,1936,0.9572,0
270000,45,0,0,96131,4204,0.356,0
170000,49,2,2,164210,0,0.9659,1
180000,27,0,0,95757,3880,0.532,0
80000,29,0,0,928,4844,0.0116,0
450000,37,0,0,71985,15000,0.16,0
400000,29,0,0,6748,7777,0.0169,0
400000,35,0,2,1908,0,0.0048,0
60000,25,0,0,57530,3869,0.9588,0
110000,25,0,0,51139,3500,0.4649,0
60000,24,0,0,27295,1724,0.4549,0
140000,37,0,0,3351,64555,0.0239,1
20000,24,0,0,10085,1500,0.5042,1
50000,30,0,3,60762,2300,1.2152,1
30000,53,0,1,21101,1374,0.7034,0
210000,26,0,0,193345,8000,0.9207,0
50000,36,2,6,32899,2000,0.658,1
200000,30,0,1,15176,2715,0.0759,0
120000,50,0,0,119231,3825,0.9936,0
200000,29,0,0,8972,0,0.0449,1
180000,35,0,0,1866,590,0.0104,0
440000,47,1,1,-6,1166,-0.0,1
150000,22,0,0,7600,1300,0.0507,0
130000,70,1,1,0,0,0.0,1
50000,26,0,0,14661,3000,0.2932,0
180000,28,1,2,7445,0,0.0414,1
80000,24,0,0,77139,3010,0.9642,0
170000,29,0,0,0,0,0.0,0
150000,25,0,0,18836,2000,0.1256,0
240000,35,0,0,179662,7003,0.7486,0
140000,24,0,3,125080,4688,0.8934,1
50000,50,0,0,9404,1500,0.1881,0
20000,36,0,0,9845,3000,0.4922,0
240000,38,0,0,8213,20000,0.0342,0
30000,45,0,0,30226,1676,1.0075,0
50000,29,2,4,5804,1300,0.1161,1
20000,37,0,1,17450,3200,0.8725,1
20000,50,7,6,22858,0,1.1429,1
310000,48,0,0,0,0,0.0,0
200000,39,0,1,13124,1058,0.0656,0
330000,48,1,1,0,571,0.0,0
100000,53,0,0,99768,3919,0.9977,0
50000,35,0,0,33507,1108,0.6701,0
120000,30,0,0,77413,5000,0.6451,0
160000,42,0,1,69896,3810,0.4368,0
170000,62,0,0,12980,1550,0.0764,0
50000,27,2,1,49929,1750,0.9986,0
30000,23,0,0,390,780,0.013,0
150000,29,0,0,146330,4979,0.9755,0
320000,33,0,0,16003,1939,0.05,0
50000,58,1,6,32113,0,0.6423,0
20000,26,0,0,18362,1640,0.9181,0
20000,25,4,5,20014,0,1.0007,1
50000,34,0,0,45398,2008,0.908,0
160000,46,0,0,1672,766,0.0104,0
20000,34,0,0,19727,2000,0.9864,0
130000,27,0,0,53119,3106,0.4086,1
150000,24,1,1,0,10437,0.0,0
20000,23,0,0,16622,3015,0.8311,0
20000,45,0,4,10574,3010,0.5287,1
70000,56,0,0,16976,5000,0.2425,0
50000,26,0,0,18017,1629,0.3603,0
200000,40,0,0,63182,1765,0.3159,0
320000,30,0,0,3720,4206,0.0116,0
50000,34,0,2,780,0,0.0156,0
70000,25,0,0,23018,1400,0.3288,0
200000,33,0,0,0,0,0.0,0
250000,29,0,0,0,256,0.0,0
70000,25,0,0,66738,3005,0.9534,1
90000,36,0,0,685,0,0.0076,1
400000,32,0,1,21930,5028,0.0548,0
130000,33,0,0,2629,9900,0.0202,0
110000,40,0,1,52691,5000,0.479,0
150000,38,1,4,139005,0,0.9267,0
330000,28,0,0,1127,13030,0.0034,0
30000,21,2,3,28309,3700,0.9436,0
360000,32,0,0,42524,53563,0.1181,0
50000,54,0,0,48768,2173,0.9754,0
60000,24,2,6,27583,0,0.4597,1
200000,27,0,0,264,264,0.0013,0
180000,43,0,0,0,0,0.0,0
50000,52,0,0,48946,2047,0.9789,0
80000,38,0,0,330,0,0.0041,0
50000,23,2,6,31805,2000,0.6361,1
270000,30,0,0,3842,3934,0.0142,0
100000,23,0,0,694,656,0.0069,1
170000,38,0,0,151050,6000,0.8885,0
30000,30,0,0,10024,3000,0.3341,0
230000,38,0,0,104364,3867,0.4538,0
200000,34,0,0,7448,5473,0.0372,0
130000,36,0,0,127790,6000,0.983,1
30000,62,0,0,11188,1000,0.3729,0
140000,26,0,0,41547,2000,0.2968,0
490000,43,0,0,25916,14187,0.0529,0
160000,30,0,0,2720,1280,0.017,0
180000,42,0,0,27884,1526,0.1549,1
260000,32,0,0,243742,8017,0.9375,0
80000,27,0,0,73684,2896,0.921,1
360000,29,0,0,357,3050,0.001,1
20000,25,0,0,2650,0,0.1325,0
20000,28,0,0,19849,1650,0.9924,0
80000,28,0,0,75903,2014,0.9488,0
500000,32,0,0,18290,25287,0.0366,0
160000,55,0,0,152162,6500,0.951,0
20000,22,0,0,12404,1500,0.6202,0
330000,36,0,0,399,26,0.0012,0
80000,26,0,4,38174,3000,0.4772,1
220000,40,2,1,206473,8027,0.9385,0
230000,28,0,4,185399,18150,0.8061,0
90000,25,0,0,81694,3609,0.9077,0
300000,61,0,2,274750,0,0.9158,1
30000,45,0,0,30488,1600,1.0163,1
80000,40,2,4,78610,3900,0.9826,1
60000,27,0,0,10908,8331,0.1818,0
360000,31,0,0,275178,7500,0.7644,0
360000,27,0,1,1809,0,0.005,0
30000,23,0,1,10805,1184,0.3602,0
190000,50,0,1,106410,5491,0.5601,0
130000,45,0,1,128671,7000,0.9898,0
110000,34,0,0,110712,4112,1.0065,0
350000,46,0,0,13000,13576,0.0371,0
50000,52,0,0,41140,1500,0.8228,0
130000,38,0,0,780,0,0.006,0
50000,29,0,4,53746,0,1.0749,1
50000,25,0,0,27206,0,0.5441,0
380000,31,0,0,200932,10000,0.5288,0
260000,30,0,0,162241,5045,0.624,0
140000,28,0,0,-176,0,-0.0013,0
270000,36,0,0,3458,3833,0.0128,0
30000,33,0,0,30147,1554,1.0049,0
240000,35,1,1,220,0,0.0009,0
70000,32,0,0,65460,2352,0.9351,1
120000,50,2,4,38565,2200,0.3214,1
160000,42,2,2,152630,0,0.9539,1
170000,36,0,0,396,5596,0.0023,1
380000,31,0,0,331697,15000,0.8729,0
160000,26,1,2,75628,0,0.4727,0
30000,39,2,6,27000,0,0.9,0
260000,40,0,0,2095,785,0.0081,0
70000,41,2,6,34751,3500,0.4964,1
240000,39,0,0,5357,4437,0.0223,0
170000,43,0,0,20699,11614,0.1218,0
30000,36,1,6,28083,0,0.9361,0
90000,32,0,0,87182,3045,0.9687,0
250000,25,2,1,28681,3000,0.1147,0
270000,25,0,0,23579,1419,0.0873,0
130000,24,0,0,986,0,0.0076,1
360000,43,0,1,20310,34,0.0564,0
490000,35,0,0,23396,1207,0.0477,0
110000,31,0,0,79126,2782,0.7193,0
100000,27,0,0,33628,36066,0.3363,0
200000,28,0,0,1793,5191,0.009,0
50000,24,0,0,51261,2600,1.0252,0
220000,30,0,0,2501,1000,0.0114,0
360000,41,2,1,218,7022,0.0006,0
20000,51,0,0,10400,0,0.52,0
70000,44,0,0,79867,2163,1.141,0
180000,29,0,0,122024,4500,0.6779,0
50000,32,0,2,48934,1602,0.9787,0
140000,28,0,0,5845,10322,0.0418,0
220000,47,0,0,7625,8334,0.0347,0
150000,50,0,0,7890,8958,0.0526,0
30000,33,0,0,29574,28000,0.9858,0
300000,32,0,0,170379,6600,0.5679,0
420000,36,0,1,860,0,0.002,0
80000,30,0,1,35738,1946,0.4467,0
100000,46,1,3,0,203,0.0,0
120000,25,1,1,0,0,0.0,1
230000,38,0,0,25195,10000,0.1095,0
200000,28,0,0,2816,316,0.0141,0
200000,29,0,0,389,390,0.0019,0
230000,30,0,0,105105,2068,0.457,0
200000,27,0,0,131791,2000,0.659,0
50000,65,1,6,11763,0,0.2353,1
220000,36,0,0,16783,4880,0.0763,0
90000,27,2,4,90221,4000,1.0025,1
500000,35,0,0,207237,20001,0.4145,0
130000,29,0,0,2139,0,0.0165,0
210000,37,0,0,85327,2500,0.4063,0
200000,30,0,0,1674,7398,0.0084,0
20000,24,2,6,1891,4000,0.0946,1
410000,38,2,3,180922,7670,0.4413,1
290000,35,1,1,0,0,0.0,0
270000,26,0,0,84188,5000,0.3118,0
90000,27,0,0,14421,5000,0.1602,1
30000,27,0,0,26135,2000,0.8712,0
360000,28,0,0,26349,4045,0.0732,0
240000,30,0,0,240770,9000,1.0032,0
180000,23,0,0,180636,20000,1.0035,0
50000,24,0,0,900,0,0.018,0
50000,47,0,0,50883,2200,1.0177,1
100000,30,0,0,83312,2900,0.8331,0
50000,39,0,0,47378,2105,0.9476,0
360000,48,0,0,167922,6206,0.4664,0
550000,52,0,0,277376,6001,0.5043,0
260000,39,2,4,136007,5400,0.5231,1
500000,34,0,2,0,0,0.0,1
130000,27,0,0,1960,0,0.0151,0
30000,39,0,0,28708,1514,0.9569,0
160000,40,1,1,0,0,0.0,0
420000,40,0,0,3976,2916,0.0095,1
50000,22,2,6,40189,3900,0.8038,0
30000,36,1,2,25747,0,0.8582,1
50000,32,0,1,40253,5806,0.8051,0
160000,39,1,3,-5,781,-0.0,1
120000,26,3,6,12034,1000,0.1003,0
50000,28,0,0,46471,1807,0.9294,0
130000,42,0,0,130888,6000,1.0068,0
150000,42,2,1,143896,6482,0.9593,1
450000,48,0,1,5514,0,0.0123,1
150000,29,0,0,46745,20995,0.3116,0
90000,53,0,0,30045,1000,0.3338,0
130000,28,0,0,92174,4086,0.709,0
130000,30,0,1,131801,4800,1.0139,0
390000,41,0,0,3983,25146,0.0102,0
200000,29,2,6,2500,0,0.0125,1
300000,50,0,0,23436,1350,0.0781,0
140000,42,0,0,19080,4344,0.1363,0
200000,35,0,0,909,2711,0.0045,0
30000,30,0,0,27020,1703,0.9007,0
30000,24,2,3,28470,3407,0.949,0
160000,37,0,0,153002,7812,0.9563,0
210000,37,0,0,31090,28008,0.148,0
310000,51,0,0,107,0,0.0003,0
400000,33,0,0,9940,0,0.0248,0
50000,35,2,4,49873,2200,0.9975,1
80000,33,0,0,28496,1000,0.3562,0
340000,33,0,0,592,7102,0.0017,0
140000,27,0,0,25001,141472,0.1786,0
380000,39,2,1,127449,6600,0.3354,1
50000,34,1,4,51046,2400,1.0209,1
10000,35,0,0,7026,1200,0.7026,0
30000,28,0,0,5688,0,0.1896,0
360000,50,0,0,0,0,0.0,1
150000,47,0,1,316,316,0.0021,0
50000,23,0,2,15336,3600,0.3067,0
120000,42,0,0,3135,1500,0.0261,0
250000,35,0,0,661,0,0.0026,0
20000,24,0,0,13359,1300,0.668,1
30000,30,0,2,15199,3100,0.5066,1
260000,27,0,0,158711,30000,0.6104,0
250000,30,0,0,21550,3500,0.0862,0
260000,41,0,0,2699,3543,0.0104,0
150000,35,0,0,128278,7000,0.8552,0
160000,33,0,0,11859,0,0.0741,0
80000,30,0,0,79813,3750,0.9977,0
500000,38,1,1,27794,30199,0.0556,0
110000,29,1,6,21068,1102,0.1915,0
100000,28,0,0,97032,5341,0.9703,0
360000,35,0,0,101953,25238,0.2832,0
330000,65,0,0,0,2500,0.0,0
70000,32,0,1,10856,2000,0.1551,0
140000,29,0,1,1712,2314,0.0122,1
200000,31,0,0,151819,6000,0.7591,0
50000,49,2,1,47585,2500,0.9517,1
290000,56,0,0,222000,10013,0.7655,0
30000,57,0,0,29204,1400,0.9735,0
180000,31,0,0,21760,1689,0.1209,0
30000,38,1,3,16063,2000,0.5354,0
180000,47,0,0,174648,5000,0.9703,0
240000,39,0,0,2688,2688,0.0112,0
130000,27,0,0,133792,5000,1.0292,0
230000,32,1,1,0,0,0.0,1
500000,43,0,0,504644,22650,1.0093,1
360000,33,1,1,197746,156108,0.5493,0
50000,23,2,2,52156,0,1.0431,1
200000,31,0,0,3702,25678,0.0185,1
230000,45,0,0,203135,10000,0.8832,0
70000,32,3,6,31507,3000,0.4501,1
50000,29,2,6,39634,2000,0.7927,1
500000,46,0,0,10678,6944,0.0214,0
140000,28,0,0,110384,3729,0.7885,1
140000,23,0,0,396,396,0.0028,0
130000,32,0,1,109292,4500,0.8407,1
160000,48,0,1,153390,15102,0.9587,0
50000,58,1,2,0,10587,0.0,0
20000,41,0,1,13225,1700,0.6612,1
360000,42,0,0,118368,10000,0.3288,0
160000,51,0,1,67610,4000,0.4226,1
250000,37,0,2,0,2886,0.0,0
130000,25,0,0,668,1200,0.0051,1
190000,36,1,6,153364,0,0.8072,1
180000,25,0,0,2984,154,0.0166,0
80000,43,0,0,78144,3318,0.9768,0
240000,40,0,0,1643,8000,0.0068,0
50000,35,0,0,48064,2500,0.9613,0
160000,50,0,2,3139,0,0.0196,0
90000,49,0,0,264,0,0.0029,0
310000,37,0,0,100648,716,0.3247,0
60000,27,0,2,39068,1970,0.6511,0
240000,29,0,0,61888,5022,0.2579,0
50000,24,0,2,46393,4700,0.9279,0
150000,34,0,0,9779,61168,0.0652,0
130000,44,2,6,99801,5100,0.7677,0
20000,22,0,1,10003,4211,0.5002,0
150000,40,0,0,123548,4221,0.8237,0
240000,42,0,0,72339,20000,0.3014,0
50000,45,0,0,29875,1700,0.5975,0
50000,51,0,0,43045,1738,0.8609,0
270000,51,0,0,19984,2099,0.074,1
20000,28,0,0,10818,1300,0.5409,0
300000,33,0,0,11613,1513,0.0387,0
390000,34,0,0,91701,60081,0.2351,0
110000,37,0,1,14519,3536,0.132,0
90000,58,0,0,85818,5100,0.9535,0
300000,30,0,0,0,0,0.0,0
450000,42,2,1,152652,7032,0.3392,1
20000,30,0,3,16728,1307,0.8364,1
500000,33,1,1,0,212,0.0,0
30000,46,0,0,32006,1755,1.0669,0
50000,51,0,2,15096,2000,0.3019,1
140000,26,0,0,9589,70000,0.0685,0
10000,43,3,6,8261,1500,0.8261,1
120000,37,0,0,874,0,0.0073,0
30000,30,4,5,30562,0,1.0187,0
30000,22,1,5,28037,1745,0.9346,0
20000,33,1,6,17971,0,0.8986,0
10000,36,0,2,6517,344,0.6517,0
110000,35,0,0,114023,4097,1.0366,1
280000,29,0,0,2597,3807,0.0093,0
500000,42,0,0,580928,25624,1.1619,0
50000,46,4,5,33100,0,0.662,1
230000,30,0,0,5200,0,0.0226,0
50000,53,0,0,493,493,0.0099,0
120000,24,0,1,15322,1500,0.1277,0
30000,26,0,0,26301,1500,0.8767,0
330000,28,0,2,225079,10000,0.6821,0
360000,30,0,0,6323,7001,0.0176,0
40000,26,0,2,6586,1300,0.1646,0
110000,29,2,1,106321,4334,0.9666,1
40000,39,0,0,7955,5392,0.1989,0
70000,30,1,2,42490,17,0.607,0
100000,26,2,1,107643,4048,1.0764,1
210000,50,1,1,0,0,0.0,0
360000,38,0,1,696,546,0.0019,0
260000,27,0,0,150943,5501,0.5806,0
200000,34,0,0,500,810,0.0025,0
160000,43,0,0,162,414,0.001,1
420000,29,0,0,56255,71536,0.1339,0
140000,28,1,2,86761,0,0.6197,1
180000,38,0,0,141510,6700,0.7862,1
150000,39,2,2,153994,0,1.0266,0
30000,35,0,1,22206,2000,0.7402,0
500000,34,0,0,8007,3000,0.016,0
240000,45,0,0,237868,8932,0.9911,0
30000,22,0,1,2949,19689,0.0983,0
80000,28,0,1,47916,3122,0.599,0
80000,34,0,0,0,0,0.0,0
310000,39,1,1,166517,150000,0.5372,0
180000,33,0,0,94001,8000,0.5222,0
60000,23,0,0,63709,2351,1.0618,1
170000,33,0,0,298,0,0.0018,0
180000,31,0,0,173517,10122,0.964,0
180000,28,0,0,180827,6600,1.0046,1
350000,42,0,0,1037,1365,0.003,0
360000,36,0,0,20328,1204,0.0565,0
140000,46,0,0,133899,5425,0.9564,1
310000,30,0,0,118109,18008,0.381,0
30000,25,0,1,22821,1397,0.7607,0
200000,32,0,1,5494,19614,0.0275,1
120000,37,2,6,744,444,0.0062,1
260000,45,0,0,21480,5000,0.0826,0
60000,32,0,0,31142,1842,0.519,0
50000,24,0,0,10834,1509,0.2167,0
80000,28,0,1,47933,2100,0.5992,0
60000,46,1,2,62063,0,1.0344,0
200000,27,1,6,104307,0,0.5215,0
140000,28,1,1,0,0,0.0,0
30000,25,0,0,26328,1868,0.8776,1
110000,34,0,4,43780,5000,0.398,0
90000,39,0,0,7328,3784,0.0814,0
40000,27,1,1,0,450,0.0,0
110000,29,0,0,3261,1380,0.0296,0
640000,30,0,0,116714,4000,0.1824,0
20000,51,0,0,9953,5000,0.4976,0
50000,36,0,0,44625,2174,0.8925,0
30000,25,0,2,30527,1389,1.0176,0
140000,32,0,0,136497,5000,0.975,0
70000,36,1,1,0,690,0.0,0
80000,42,0,0,23931,1500,0.2991,1
100000,31,0,0,0,0,0.0,0
180000,40,0,0,66218,1811,0.3679,0
50000,28,0,0,48370,1468,0.9674,0
170000,35,0,0,473,0,0.0028,1
50000,23,2,6,42304,3695,0.8461,1
140000,28,0,0,135648,5247,0.9689,1
100000,29,2,6,74396,2700,0.744,1
10000,36,0,0,8593,1300,0.8593,0
50000,22,1,1,0,0,0.0,0
30000,24,0,2,26755,1507,0.8918,1
80000,27,0,0,26144,1075,0.3268,0
290000,29,0,0,263796,11320,0.9096,0
110000,27,0,0,8086,1232,0.0735,0
30000,24,1,5,23031,0,0.7677,0
70000,23,0,0,43397,2500,0.62,0
300000,26,0,0,277680,12005,0.9256,0
30000,47,0,1,24422,1455,0.8141,1
200000,36,0,0,0,0,0.0,0
130000,27,0,0,81603,3963,0.6277,1
80000,25,0,0,0,0,0.0,0
50000,37,0,0,67570,3000,1.3514,0
310000,30,0,0,33376,2000,0.1077,0
160000,31,0,0,11648,780,0.0728,0
240000,30,0,0,227675,10003,0.9486,0
100000,36,0,0,21237,3013,0.2124,0
200000,27,0,0,98761,4000,0.4938,0
50000,38,0,0,46179,1881,0.9236,0
320000,45,0,0,300598,14227,0.9394,0
60000,37,0,0,57985,2550,0.9664,0
60000,43,0,0,58777,5005,0.9796,0
50000,42,0,0,46100,2133,0.922,1
360000,41,1,1,0,0,0.0,1
60000,32,0,0,60745,2613,1.0124,0
210000,28,0,0,2162,61,0.0103,0
20000,39,2,6,20591,1500,1.0296,1
100000,40,0,0,10228,50836,0.1023,0
200000,32,0,0,47517,1219,0.2376,0
180000,28,0,0,454,14213,0.0025,0
70000,50,0,0,64315,3000,0.9188,1
170000,48,0,0,83074,4100,0.4887,0
80000,36,0,0,68931,2500,0.8616,0
400000,41,0,0,8,1274,0.0,0
140000,40,0,0,138389,5148,0.9885,0
60000,57,0,0,20865,1262,0.3478,0
360000,44,0,0,333549,15047,0.9265,0
240000,43,0,0,48502,2200,0.2021,0
80000,27,1,2,57004,0,0.7126,0
270000,39,0,0,116168,4173,0.4303,0
30000,39,2,6,20652,4700,0.6884,0
480000,58,0,0,24610,4,0.0513,1
160000,50,0,0,269,0,0.0017,0
180000,34,2,3,51385,3140,0.2855,1
300000,29,1,1,0,0,0.0,1
200000,31,0,0,191953,6887,0.9598,0
50000,30,0,0,37522,2000,0.7504,0
320000,39,0,0,3065,41679,0.0096,0
30000,35,2,1,27703,1500,0.9234,1
500000,38,0,0,913,9782,0.0018,0
360000,40,0,1,21489,41088,0.0597,0
50000,53,0,1,13868,2000,0.2774,1
80000,29,0,2,61565,2281,0.7696,0
10000,23,0,0,5324,1279,0.5324,0
280000,23,0,0,262579,6453,0.9378,0
300000,31,0,0,3863,5021,0.0129,0
280000,34,0,0,232834,9001,0.8316,0
170000,42,0,0,164824,6107,0.9696,0
260000,36,0,0,88273,6000,0.3395,0
360000,44,1,1,-3,586,-0.0,0
360000,31,0,0,9688,2012,0.0269,0
200000,38,0,0,181532,8218,0.9077,0
50000,28,0,0,21514,1700,0.4303,0
130000,45,1,2,0,780,0.0,0
20000,32,0,1,19468,3000,0.9734,1
50000,52,0,1,22916,1656,0.4583,1
190000,30,0,0,6936,500,0.0365,0
140000,36,0,0,780,16570,0.0056,0
70000,40,0,0,69341,2000,0.9906,0
150000,36,0,0,15447,0,0.103,0
140000,29,0,0,128583,7000,0.9184,0
50000,27,2,1,48387,2300,0.9677,1
350000,55,0,0,3518,1935,0.0101,0
80000,53,3,2,35637,0,0.4455,1
400000,34,1,1,-5,0,-0.0,0
170000,38,0,0,71712,3332,0.4218,0
20000,47,1,2,9325,1000,0.4662,0
450000,40,0,1,22861,6596,0.0508,0
200000,36,1,1,-5,0,-0.0,0
200000,36,0,0,2444,1301,0.0122,0
100000,53,1,1,0,0,0.0,1
60000,39,0,0,14085,2000,0.2348,0
230000,37,0,0,16302,1265,0.0709,0
230000,29,0,0,24524,3000,0.1066,0
60000,46,0,0,3046,285,0.0508,0
160000,34,1,1,5520,0,0.0345,0
310000,34,0,0,493,0,0.0016,1
430000,30,0,0,31423,3650,0.0731,0
240000,47,1,1,-40,0,-0.0002,0
60000,29,0,0,54050,2500,0.9008,0
30000,28,0,0,26054,2000,0.8685,0
180000,30,0,0,375,375,0.0021,1
20000,24,1,6,16706,2200,0.8353,0
30000,24,2,2,16035,0,0.5345,1
320000,55,0,0,11973,4093,0.0374,0
500000,32,0,0,264,286,0.0005,1
170000,47,0,0,0,0,0.0,0
20000,24,0,0,21838,2349,1.0919,0
360000,29,0,0,73753,5121,0.2049,0
90000,24,0,1,30639,2913,0.3404,0
100000,40,0,0,390,390,0.0039,0
100000,37,1,1,0,0,0.0,0
170000,38,0,0,0,0,0.0,0
100000,32,2,3,50332,3000,0.5033,0
20000,27,0,1,1760,2200,0.088,0
220000,32,0,0,1565,3082,0.0071,0
470000,31,0,0,22988,10363,0.0489,0
100000,24,0,0,13391,10608,0.1339,0
10000,23,0,0,1504,6007,0.1504,0
230000,29,0,0,2521,0,0.011,0
50000,28,2,6,31336,1500,0.6267,0
50000,30,0,0,50545,2603,1.0109,1
120000,30,0,0,116887,4615,0.9741,0
160000,33,0,0,2355,2719,0.0147,1
120000,27,0,0,880,880,0.0073,0
30000,21,0,0,26757,1520,0.8919,0
180000,29,0,0,100,0,0.0006,0
30000,23,0,0,30287,1496,1.0096,0
200000,40,0,0,3266,390,0.0163,0
10000,33,0,0,7659,11400,0.7659,0
230000,39,0,0,35289,1646,0.1534,0
200000,53,0,0,126027,6500,0.6301,0
110000,46,0,1,44953,3087,0.4087,1
50000,40,0,0,18485,1166,0.3697,0
50000,23,0,0,48482,2500,0.9696,0
220000,43,0,0,7695,2725,0.035,0
500000,43,0,1,14132,35820,0.0283,0
140000,43,0,0,100021,4535,0.7144,0
50000,30,2,1,2989,1228,0.0598,0
50000,24,0,0,7240,2644,0.1448,0
150000,32,0,0,116908,4000,0.7794,0
150000,35,1,6,143376,6000,0.9558,0
240000,43,0,0,191453,8500,0.7977,0
180000,31,2,6,2400,0,0.0133,0
240000,44,0,0,5428,9064,0.0226,0
150000,27,0,1,138066,5767,0.9204,0
260000,41,0,0,1145,4,0.0044,0
160000,34,0,0,430,430,0.0027,0
290000,39,0,0,58281,5000,0.201,0
240000,48,0,0,116058,4500,0.4836,0
50000,56,1,2,32134,0,0.6427,0
170000,46,0,0,246,123,0.0014,0
130000,46,0,0,147582,5394,1.1352,1
80000,27,1,1,0,0,0.0,0
30000,45,0,0,29029,2000,0.9676,0
100000,40,0,0,97763,4500,0.9776,0
10000,23,2,1,8638,1294,0.8638,0
320000,30,0,0,0,200,0.0,0
50000,36,0,0,48612,3000,0.9722,0
80000,29,1,3,49373,1980,0.6172,1
70000,26,0,0,23409,3003,0.3344,1
700000,28,0,0,16262,2192,0.0232,0
360000,26,0,0,7142,44234,0.0198,0
380000,30,0,0,192132,10123,0.5056,0
50000,40,0,0,42807,10000,0.8561,0
20000,45,1,2,20011,0,1.0006,1
350000,33,0,0,314994,12695,0.9,1
80000,29,1,1,0,0,0.0,1
150000,35,2,3,135215,6000,0.9014,1
300000,35,0,0,47295,55047,0.1577,0
400000,39,0,0,399099,15395,0.9977,0
250000,35,0,0,242971,8310,0.9719,0
50000,23,0,0,49061,2138,0.9812,1
230000,44,0,0,54798,11632,0.2383,0
100000,27,0,1,43865,2400,0.4386,0
380000,34,0,1,4384,0,0.0115,0
260000,28,0,0,251560,9139,0.9675,0
470000,31,0,0,78833,3000,0.1677,0
80000,29,0,0,48098,2081,0.6012,0
140000,36,0,0,74177,4000,0.5298,1
140000,45,2,6,64393,2500,0.46,1
50000,36,2,4,50808,0,1.0162,1
180000,37,0,0,14704,1244,0.0817,1
30000,23,4,6,15847,0,0.5282,1
30000,22,2,2,18796,2000,0.6265,1
50000,25,0,0,30479,1528,0.6096,1
250000,35,1,2,45429,0,0.1817,0
310000,25,0,0,38942,135868,0.1256,0
360000,51,1,1,0,0,0.0,0
50000,31,0,0,48640,2000,0.9728,0
480000,30,0,0,75834,105,0.158,0
50000,24,0,0,1303,1303,0.0261,0
160000,37,1,1,0,0,0.0,0
140000,30,0,0,4975,1200,0.0355,0
310000,27,0,0,833,323,0.0027,0
30000,27,0,0,7843,2670,0.2614,0
40000,27,1,2,11310,0,0.2828,0
80000,55,0,0,79788,25000,0.9974,0
30000,41,0,0,25159,1762,0.8386,0
200000,26,0,0,58147,1468,0.2907,0
270000,42,2,1,106986,3578,0.3962,0
180000,32,0,0,154374,7500,0.8576,0
180000,34,0,0,194,200,0.0011,0
10000,21,0,1,4797,2400,0.4797,0
120000,48,0,0,360,360,0.003,1
30000,36,2,1,24796,2000,0.8265,1
300000,30,1,1,-6027,0,-0.0201,0
50000,61,2,2,5016,1135,0.1003,0
150000,58,0,1,0,0,0.0,0
300000,36,0,2,1041,3,0.0035,0
50000,26,0,0,48065,2500,0.9613,0
10000,34,0,0,8097,1151,0.8097,0
260000,35,0,0,188,188,0.0007,0
400000,28,0,1,6500,405016,0.0162,0
50000,39,0,0,26262,4000,0.5252,0
50000,22,2,3,50974,3000,1.0195,0
280000,28,0,0,3678,3658,0.0131,0
10000,22,0,0,10063,1194,1.0063,0
80000,32,1,2,73181,0,0.9148,0
150000,52,0,0,170,1125,0.0011,0
20000,53,4,6,18396,0,0.9198,0
50000,24,1,1,0,0,0.0,1
170000,31,1,1,0,843,0.0,0
130000,33,0,0,79579,2702,0.6121,0
50000,29,0,0,1303,801,0.0261,0
50000,27,1,4,18019,5559,0.3604,0
180000,40,0,0,126937,5000,0.7052,1
20000,50,0,4,10511,4593,0.5256,0
410000,29,0,0,53629,3037,0.1308,0
50000,26,0,0,26701,1749,0.534,0
270000,47,0,0,8400,7500,0.0311,0
80000,24,0,0,3940,4117,0.0492,0
140000,48,0,0,129915,6000,0.928,0
60000,29,2,6,40587,2000,0.6764,1
180000,26,2,2,182218,0,1.0123,0
320000,34,0,0,-532,0,-0.0017,0
40000,26,3,6,5754,900,0.1438,1
380000,32,0,0,41727,44178,0.1098,0
150000,36,1,6,125938,9734,0.8396,0
110000,25,0,0,63594,2260,0.5781,0
110000,26,0,0,109386,2432,0.9944,0
100000,26,0,0,45807,5000,0.4581,0
240000,35,0,0,11906,55167,0.0496,0
50000,25,0,0,30857,1800,0.6171,0
50000,38,0,0,27148,1655,0.543,0
200000,29,1,2,204212,0,1.0211,0
80000,27,2,1,100,980,0.0012,0
40000,49,2,1,34470,2000,0.8618,1
250000,29,1,1,-24,0,-0.0001,0
230000,24,0,0,69158,8149,0.3007,0
30000,26,2,2,7510,0,0.2503,1
80000,52,0,0,73056,2953,0.9132,1
100000,37,0,0,1725,21711,0.0173,0
230000,28,0,0,54228,1500,0.2358,0
490000,50,0,0,17884,6836,0.0365,1
30000,44,2,2,25039,1700,0.8346,1
40000,49,0,0,34203,1880,0.8551,0
450000,34,0,0,-9,1853,-0.0,1
50000,23,2,1,48537,2000,0.9707,1
20000,26,1,6,19276,0,0.9638,0
260000,36,0,0,118028,4379,0.454,0
10000,28,0,3,200,0,0.02,0
500000,38,0,0,0,0,0.0,0
70000,25,0,0,34645,2000,0.4949,0
100000,28,0,0,3166,6896,0.0317,0
50000,30,0,0,0,614,0.0,0
400000,33,0,0,0,0,0.0,1
270000,49,0,0,3197,61164,0.0118,0
260000,38,0,0,3953,3953,0.0152,0
250000,32,0,0,72618,3800,0.2905,0
360000,30,0,0,28245,8057,0.0785,0
230000,30,0,0,120113,4501,0.5222,0
110000,27,0,0,84342,6657,0.7667,0
50000,32,0,0,316,282,0.0063,0
80000,38,0,1,39410,3000,0.4926,0
10000,32,0,0,4695,1103,0.4695,1
20000,52,1,3,10474,0,0.5237,1
200000,33,0,0,834,165,0.0042,0
180000,40,0,0,93648,4246,0.5203,0
120000,69,0,0,106775,3810,0.8898,0
80000,47,0,0,6612,1188,0.0826,1
220000,50,0,0,3484,6758,0.0158,0
360000,32,0,0,8140,0,0.0226,0
50000,25,0,0,49604,2000,0.9921,0
150000,31,0,0,23427,5554,0.1562,0
70000,27,0,0,67661,3409,0.9666,0
20000,25,1,6,8483,2000,0.4242,1
150000,32,1,1,0,0,0.0,1
40000,35,1,1,0,0,0.0,0
170000,27,0,4,133149,11936,0.7832,0
220000,37,2,2,48166,2100,0.2189,0
110000,41,0,0,108936,3991,0.9903,1
30000,47,0,0,29187,1505,0.9729,0
230000,32,0,0,195409,21844,0.8496,0
270000,38,0,0,11421,2000,0.0423,0
360000,47,2,4,291410,22913,0.8095,1
180000,25,0,1,169225,7800,0.9401,0
360000,49,1,1,0,0,0.0,1
280000,47,0,0,269124,11268,0.9612,0
170000,63,0,0,54957,3000,0.3233,0
50000,33,0,0,48111,2100,0.9622,0
160000,44,0,0,325,325,0.002,0
160000,42,0,0,0,0,0.0,0
160000,24,0,0,153470,10000,0.9592,0
50000,27,2,2,94297,5600,1.8859,0
50000,49,2,1,50986,1325,1.0197,0
180000,30,0,0,101281,4650,0.5627,0
210000,38,0,0,0,0,0.0,0
20000,40,1,3,21447,0,1.0724,0
570000,29,0,0,4119,0,0.0072,0
280000,27,0,0,5521,7,0.0197,0
50000,24,1,2,49469,0,0.9894,1
20000,46,1,4,16626,0,0.8313,1
30000,28,0,1,9262,3000,0.3087,1
240000,37,0,0,222976,8494,0.9291,0
30000,47,2,3,25690,1445,0.8563,0
90000,47,0,0,28477,2000,0.3164,0
60000,25,0,0,56598,3000,0.9433,0
500000,34,0,0,203729,10043,0.4075,0
70000,34,0,0,66977,3013,0.9568,1
140000,27,2,4,30121,4000,0.2152,0
30000,32,3,4,31895,0,1.0632,0
140000,55,0,0,78314,4000,0.5594,0
290000,44,0,0,0,0,0.0,0
360000,36,0,0,0,0,0.0,0
30000,34,0,2,29160,1494,0.972,0
170000,33,0,0,1870,0,0.011,0
290000,46,0,0,2052,4146,0.0071,0
270000,53,1,2,716,2,0.0027,0
200000,49,0,0,1377,792,0.0069,1
140000,45,0,0,316,316,0.0023,0
230000,39,0,0,1876,1876,0.0082,0
80000,26,0,0,76867,1600,0.9608,0
350000,36,0,0,230738,9503,0.6593,0
50000,42,0,0,51123,2089,1.0225,0
50000,32,0,0,50114,1991,1.0023,0
390000,45,1,1,0,0,0.0,1
80000,25,1,1,0,0,0.0,0
150000,23,0,0,27414,10096,0.1828,0
10000,23,0,1,8109,1400,0.8109,0
100000,31,1,2,97669,0,0.9767,0
310000,41,0,0,48815,2063,0.1575,0
80000,31,0,0,46516,15029,0.5814,0
40000,46,0,2,780,0,0.0195,1
180000,43,0,0,1091,2062,0.0061,0
100000,60,1,3,8311,0,0.0831,0
140000,31,0,0,1094,422,0.0078,0
230000,27,0,0,396,396,0.0017,0
20000,24,1,4,10248,1000,0.5124,1
90000,55,0,0,23379,1402,0.2598,0
50000,29,0,0,16303,32000,0.3261,0
50000,39,0,0,22187,5000,0.4437,0
50000,51,0,0,46926,3000,0.9385,0
200000,28,0,0,13383,1183,0.0669,0
20000,23,1,4,18679,2300,0.934,1
400000,46,0,0,10965,9283,0.0274,0
20000,38,0,0,17760,6500,0.888,0
40000,36,1,1,0,0,0.0,0
240000,28,0,0,134245,4967,0.5594,0
240000,37,0,0,5024,17267,0.0209,0
80000,38,0,0,70590,2200,0.8824,0
180000,37,0,0,121744,4406,0.6764,0
20000,22,0,1,3978,1500,0.1989,1
20000,44,0,0,18467,1328,0.9234,0
20000,41,0,0,9598,0,0.4799,0
360000,25,0,0,947,4098,0.0026,0
130000,31,0,0,6279,11054,0.0483,0
30000,47,2,6,2400,0,0.08,1
110000,33,1,2,7801,0,0.0709,0
30000,46,6,5,33134,0,1.1045,0
80000,26,0,0,29322,3000,0.3665,1
350000,31,0,0,144718,100012,0.4135,0
50000,24,1,1,0,0,0.0,0
110000,23,0,0,83914,4022,0.7629,0
180000,32,0,0,134,357,0.0007,0
440000,32,0,0,324469,11129,0.7374,0
100000,42,0,0,91141,2635,0.9114,0
200000,33,0,0,5448,7616,0.0272,0
140000,39,0,0,131764,6500,0.9412,0
230000,31,1,1,-22,249,-0.0001,1
10000,44,0,0,390,390,0.039,1
280000,35,0,0,184050,7088,0.6573,0
310000,42,0,0,2647,4206,0.0085,1
260000,33,0,0,3140,2740,0.0121,0
270000,29,0,0,38840,197,0.1439,0
50000,23,0,0,48954,2000,0.9791,0
450000,46,0,0,1135,1135,0.0025,0
190000,54,1,1,-596,0,-0.0031,0
290000,28,0,0,42601,5000,0.1469,0
480000,60,0,0,13406,13736,0.0279,0
360000,34,0,0,30447,10052,0.0846,0
380000,32,0,0,326,24899,0.0009,0
20000,24,0,0,9249,1500,0.4624,1
50000,52,0,0,39429,1781,0.7886,0
450000,34,0,0,451113,18500,1.0025,0
50000,24,2,3,48283,1700,0.9657,1
380000,34,0,0,106065,3385,0.2791,0
150000,34,0,0,1464,1586,0.0098,0
50000,23,0,0,21249,1649,0.425,0
150000,33,1,1,-286,0,-0.0019,0
50000,43,0,0,39177,2000,0.7835,0
50000,24,0,0,34695,6013,0.6939,0
230000,26,0,0,3741,0,0.0163,1
310000,32,0,0,13560,0,0.0437,0
310000,34,0,0,3595,4073,0.0116,0
50000,50,0,0,50658,2357,1.0132,0
240000,32,1,1,0,0,0.0,0
400000,26,0,0,1140,940,0.0028,0
90000,47,0,0,17247,1000,0.1916,0
50000,43,2,3,10413,3000,0.2083,0
250000,30,0,0,156155,5560,0.6246,0
200000,44,0,1,66689,2362,0.3334,0
10000,37,0,0,14498,2248,1.4498,0
310000,36,0,0,32782,11406,0.1057,0
340000,46,1,1,0,1321,0.0,1
220000,34,0,0,144544,6500,0.657,0
500000,36,0,0,151630,12074,0.3033,0
80000,41,0,0,52564,1963,0.657,0
200000,36,0,0,103457,10000,0.5173,0
270000,36,0,0,72364,65140,0.268,0
100000,29,2,1,42440,1599,0.4244,1
100000,29,1,6,99679,4000,0.9968,1
50000,25,0,0,0,0,0.0,0
260000,33,1,1,0,926,0.0,0
100000,24,0,0,396,0,0.004,0
240000,31,0,0,298,0,0.0012,0
50000,28,0,1,14484,4300,0.2897,1
50000,54,0,0,72374,15000,1.4475,0
200000,44,0,0,34606,2100,0.173,0
150000,36,2,1,86333,4000,0.5756,1
150000,41,0,0,19350,2000,0.129,0
50000,40,0,0,50066,1450,1.0013,0
100000,27,0,0,70204,4000,0.702,0
30000,25,1,2,0,327,0.0,0
350000,31,0,0,96659,3500,0.2762,0
50000,50,0,0,25925,0,0.5185,0
50000,34,2,4,20377,1650,0.4075,0
250000,43,0,0,2177,2000,0.0087,0
300000,24,0,0,7571,1181,0.0252,1
80000,22,0,0,1812,390,0.0226,0
30000,45,1,4,14286,1542,0.4762,1
370000,29,0,0,28397,19438,0.0767,0
50000,43,0,0,8214,1140,0.1643,0
30000,22,0,1,22479,2004,0.7493,0
200000,26,0,0,26179,4022,0.1309,0
230000,48,1,1,-5,4587,-0.0,0
290000,29,0,0,68652,3149,0.2367,0
100000,39,0,0,0,0,0.0,0
80000,26,1,3,40029,2000,0.5004,0
90000,39,0,0,45709,2000,0.5079,1
90000,37,0,0,40028,2000,0.4448,0
80000,26,0,0,15387,6000,0.1923,0
260000,39,0,1,1550,978,0.006,0
210000,34,0,0,44947,2000,0.214,0
80000,26,2,6,27458,1800,0.3432,1
170000,25,0,0,4360,7000,0.0256,0
240000,38,0,0,167856,7000,0.6994,0
150000,32,1,1,-300,7928,-0.002,0
220000,28,0,0,25000,25000,0.1136,0
80000,27,0,0,42653,5000,0.5332,0
160000,41,0,0,155458,7200,0.9716,0
140000,37,0,0,136650,5420,0.9761,0
130000,25,0,0,0,0,0.0,0
280000,34,0,0,95278,4525,0.3403,0
200000,28,0,1,4420,0,0.0221,0
50000,36,0,0,26432,1700,0.5286,1
150000,44,0,0,39471,2636,0.2631,0
210000,36,0,0,15991,0,0.0761,0
190000,39,1,1,-2,0,-0.0,1
140000,28,0,2,123662,4600,0.8833,0
160000,41,0,0,2392,316,0.015,0
180000,39,0,0,177893,6200,0.9883,1
20000,22,0,0,9930,1336,0.4965,0
50000,37,0,0,23325,1400,0.4665,0
150000,34,1,1,0,0,0.0,0
210000,33,0,0,127491,6018,0.6071,0
500000,43,0,0,374776,27024,0.7496,0
70000,22,0,0,24817,3018,0.3545,0
100000,27,0,1,17553,0,0.1755,1
20000,27,0,0,15703,2000,0.7852,0
20000,23,0,1,13987,2200,0.6994,0
50000,25,2,1,47987,2690,0.9597,1
340000,27,1,2,29221,12,0.0859,0
130000,29,0,1,9700,0,0.0746,0
320000,53,0,0,8513,150000,0.0266,0
220000,41,7,6,243234,0,1.1056,1
50000,24,0,0,48497,2089,0.9699,1
150000,25,0,1,39445,2000,0.263,0
500000,29,0,0,20641,26111,0.0413,0
220000,29,0,0,13488,16130,0.0613,0
70000,24,0,0,28059,2000,0.4008,0
70000,24,0,0,27431,5006,0.3919,0
360000,26,0,0,0,0,0.0,0
100000,30,2,1,53718,3000,0.5372,0
360000,30,1,1,0,0,0.0,1
210000,29,0,0,14073,2059,0.067,0
50000,34,0,1,37643,1538,0.7529,0
50000,25,0,0,34476,2000,0.6895,0
400000,30,0,0,139862,9209,0.3497,0
290000,36,0,0,49885,2400,0.172,0
320000,39,0,0,38332,30000,0.1198,0
20000,24,2,1,17597,1619,0.8798,1
500000,51,0,0,225233,15000,0.4505,0
290000,40,0,1,63421,1619,0.2187,0
50000,38,0,0,47036,1704,0.9407,0
50000,60,0,0,50546,2112,1.0109,0
390000,53,0,0,2820,513,0.0072,0
90000,27,0,0,700,2122,0.0078,1
50000,53,0,1,20225,1800,0.4045,0
230000,28,0,0,51545,2000,0.2241,1
70000,37,2,6,44207,2100,0.6315,1
360000,36,0,2,63389,15000,0.1761,0
300000,31,0,0,10817,2000,0.0361,0
50000,51,0,0,5703,2000,0.1141,1
80000,26,1,2,4923,0,0.0615,1
10000,50,2,3,9415,1000,0.9415,0
10000,28,0,1,5236,2200,0.5236,0
140000,29,0,0,743,900,0.0053,0
100000,50,0,0,23908,1000,0.2391,0
30000,42,0,0,8185,1500,0.2728,1
280000,49,0,0,503,694,0.0018,0
80000,25,1,4,5999,0,0.075,1
30000,59,0,0,20044,1531,0.6681,0
390000,64,1,1,0,0,0.0,1
10000,49,0,2,1409,0,0.1409,1
70000,49,0,0,1261,2431,0.018,1
160000,37,0,0,12037,5123,0.0752,0
80000,51,1,6,15839,1300,0.198,0
30000,24,0,1,22885,3700,0.7628,1
200000,40,0,0,7236,13003,0.0362,0
60000,24,0,0,836,390,0.0139,1
220000,36,0,0,56477,9005,0.2567,0
30000,41,0,0,26480,1481,0.8827,0
60000,33,0,1,11237,10000,0.1873,1
30000,23,3,6,29093,1200,0.9698,1
180000,36,0,1,141489,4000,0.786,0
430000,34,0,0,5149,4600,0.012,0
190000,28,0,0,0,0,0.0,1
20000,39,0,0,18988,1400,0.9494,0
150000,48,0,0,6773,1731,0.0452,0
140000,61,0,0,131978,6000,0.9427,0
200000,40,0,1,3061,13681,0.0153,0
240000,35,0,0,0,0,0.0,0
50000,33,2,1,42923,2330,0.8585,0
50000,37,0,4,24801,3200,0.496,1
470000,34,0,0,247503,9024,0.5266,0
90000,37,2,1,117793,6732,1.3088,0
420000,45,1,1,-34,2686,-0.0001,0
430000,32,0,1,-15308,8,-0.0356,0
150000,27,0,0,12178,22452,0.0812,0
450000,35,0,0,6126,6869,0.0136,0
220000,41,1,2,6516,0,0.0296,0
150000,35,0,0,251063,9000,1.6738,0
120000,31,0,0,2340,4908,0.0195,0
80000,32,0,0,871,3381,0.0109,0
230000,32,1,2,73757,0,0.3207,0
40000,24,1,6,25933,0,0.6483,0
300000,66,1,2,0,200,0.0,0
360000,51,0,0,19155,1473,0.0532,0
50000,22,2,3,8823,2000,0.1765,1
200000,33,0,0,3557,0,0.0178,0
170000,38,0,0,157174,9900,0.9246,0
100000,56,0,0,70048,2200,0.7005,0
20000,21,0,0,17374,1466,0.8687,0
20000,24,0,0,1473,390,0.0736,0
210000,36,0,0,47718,199000,0.2272,0
50000,29,0,0,49793,1866,0.9959,0
50000,42,0,0,47689,2000,0.9538,0
120000,26,0,0,114815,6159,0.9568,1
80000,52,2,6,36649,3700,0.4581,1
190000,29,1,4,0,2214,0.0,1
180000,31,1,1,0,0,0.0,1
180000,29,0,0,996,1597,0.0055,1
110000,26,0,1,46633,4029,0.4239,0
220000,35,0,0,53419,7000,0.2428,0
80000,22,0,0,2524,3000,0.0316,0
200000,40,0,0,15596,1470,0.078,0
60000,51,0,2,35619,1647,0.5936,1
500000,42,1,1,0,0,0.0,1
300000,33,0,0,34339,962,0.1145,0
150000,30,2,1,151060,3864,1.0071,1
90000,24,1,3,13137,0,0.146,0
240000,44,0,0,1473,1473,0.0061,1
190000,45,0,0,143701,4664,0.7563,0
80000,37,1,1,0,0,0.0,0
500000,37,0,0,51652,5300,0.1033,0
360000,42,0,0,45603,29882,0.1267,0
60000,24,0,0,33270,1715,0.5545,0
140000,25,0,0,1605,1844,0.0115,0
50000,37,0,0,25234,1384,0.5047,0
30000,41,1,6,4743,1090,0.1581,1
150000,28,0,0,70537,8000,0.4702,0
180000,26,0,0,52666,272817,0.2926,0
660000,33,0,0,495736,13393,0.7511,0
210000,28,1,1,5397,5000,0.0257,0
230000,52,0,0,155131,6641,0.6745,0
100000,24,1,6,13233,700,0.1323,1
50000,43,0,0,5653,11340,0.1131,0
340000,38,0,0,8347,2000,0.0246,0
70000,26,1,3,39073,2000,0.5582,1
220000,43,0,1,6873,2230,0.0312,0
170000,30,0,1,2457,4599,0.0145,1
280000,26,0,0,2103,2781,0.0075,0
370000,39,0,0,141552,2157,0.3826,0
450000,36,0,0,2500,0,0.0056,1
130000,28,0,0,88549,2709,0.6811,0
400000,32,1,1,0,6656,0.0,0
90000,29,0,0,72774,2900,0.8086,0
450000,33,0,0,390,390,0.0009,0
130000,33,0,0,127781,4700,0.9829,0
20000,24,0,2,19214,0,0.9607,0
50000,27,2,2,49882,0,0.9976,1
200000,29,0,0,93005,3500,0.465,0
150000,55,0,0,291,291,0.0019,0
250000,40,0,0,3264,2395,0.0131,0
270000,47,0,0,5908,2222,0.0219,0
260000,36,0,0,97626,5195,0.3755,0
110000,34,0,0,102638,4600,0.9331,0
50000,25,2,6,42883,6000,0.8577,0
200000,49,0,0,8143,39100,0.0407,0
60000,25,0,0,53447,2025,0.8908,0
200000,46,1,1,0,760,0.0,0
50000,38,0,0,9536,7014,0.1907,0
70000,22,3,3,71501,1966,1.0214,0
50000,24,0,0,48482,2000,0.9696,0
230000,34,0,0,1181,1394,0.0051,0
20000,45,0,0,10827,8264,0.5414,0
330000,28,0,0,53260,2000,0.1614,0
50000,51,0,0,26660,1763,0.5332,1
460000,42,0,1,11924,7728,0.0259,0
30000,27,0,0,26264,2000,0.8755,1
200000,30,0,0,111053,5020,0.5553,0
50000,23,2,3,7557,0,0.1511,1
50000,38,0,0,25742,1372,0.5148,0
200000,33,0,0,3353,5341,0.0168,0
360000,38,0,0,53035,3492,0.1473,0
230000,43,0,0,1156,10000,0.005,0
200000,34,0,0,68262,2791,0.3413,0
20000,51,0,2,14341,1266,0.717,1
200000,41,0,0,193781,10000,0.9689,0
30000,27,0,0,1784,6855,0.0595,0
360000,31,0,0,6656,2000,0.0185,0
10000,29,2,6,5833,2600,0.5833,1
180000,34,0,0,181076,6013,1.006,0
270000,31,0,0,0,1521,0.0,0
240000,42,1,3,187558,6700,0.7815,1
280000,43,0,0,31248,1527,0.1116,0
330000,34,0,0,901,0,0.0027,0
200000,46,0,0,13929,2837,0.0696,0
100000,36,2,2,38546,4400,0.3855,0
170000,30,2,1,27267,2000,0.1604,1
210000,29,0,0,3675,1082,0.0175,0
100000,26,0,0,32186,2000,0.3219,0
200000,67,0,0,188072,17014,0.9404,0
230000,30,0,0,101832,5000,0.4427,0
90000,35,0,0,101106,4208,1.1234,0
170000,28,0,0,105509,4285,0.6206,0
100000,42,2,2,101494,13,1.0149,1
20000,24,0,0,17895,2000,0.8948,0
50000,53,0,0,6618,1133,0.1324,0
180000,40,0,0,0,0,0.0,1
60000,28,0,0,29701,1463,0.495,1
80000,39,0,0,8755,5000,0.1094,0
350000,30,0,0,51672,13113,0.1476,0
20000,28,1,1,0,0,0.0,0
160000,30,0,0,2215,8977,0.0138,0
150000,29,1,6,54803,0,0.3654,1
150000,44,0,0,80015,19418,0.5334,0
50000,46,0,0,45206,2362,0.9041,0
500000,45,0,0,6197,4969,0.0124,0
480000,37,0,0,5269,2217,0.011,0
340000,44,0,0,83059,20000,0.2443,1
180000,47,1,1,0,0,0.0,0
50000,45,0,0,25649,1347,0.513,0
360000,31,0,0,114287,5200,0.3175,0
350000,31,0,0,232501,20000,0.6643,0
180000,30,0,0,10000,10000,0.0556,0
50000,34,0,0,45341,2115,0.9068,0
70000,31,0,2,6895,10000,0.0985,1
40000,23,2,3,34415,1600,0.8604,1
270000,37,0,0,1257,73700,0.0047,0
70000,23,0,0,4753,1172,0.0679,0
280000,41,0,0,5819,3683,0.0208,0
260000,42,0,0,194654,6540,0.7487,0
20000,23,0,1,6988,1444,0.3494,1
80000,26,0,0,78128,3362,0.9766,1
20000,27,1,3,20386,1000,1.0193,0
290000,37,2,1,131279,4700,0.4527,1
180000,33,0,0,10083,1600,0.056,0
250000,43,0,1,1041,6854,0.0042,0
230000,30,0,0,149545,60000,0.6502,0
240000,41,0,0,8435,169,0.0351,0
190000,34,0,0,139569,4500,0.7346,0
200000,29,0,0,170,3318,0.0008,0
30000,43,0,0,28118,2000,0.9373,0
180000,42,0,0,102646,5006,0.5703,0
210000,33,0,0,1888,320,0.009,1
30000,34,0,2,5088,996,0.1696,1
60000,44,0,0,43221,2021,0.7204,0
200000,29,0,0,295,1130,0.0015,0
150000,35,0,2,128102,12644,0.854,1
130000,41,0,3,767,9804,0.0059,1
210000,34,0,0,149092,7000,0.71,0
140000,37,0,0,65863,3000,0.4704,0
80000,39,1,2,38986,6,0.4873,1
240000,36,0,0,12181,6746,0.0508,0
50000,44,0,0,48138,2203,0.9628,0
50000,30,0,3,45948,6012,0.919,0
160000,49,0,0,435,435,0.0027,0
260000,31,0,0,597,1306,0.0023,0
80000,31,8,6,126786,0,1.5848,0
100000,46,0,2,5291,0,0.0529,1
280000,35,1,2,-3,149,-0.0,0
50000,36,0,0,47911,2166,0.9582,0
260000,31,0,0,1629,933,0.0063,0
30000,36,0,1,18441,1800,0.6147,1
30000,25,1,2,30347,0,1.0116,0
130000,33,2,2,2183,13,0.0168,0
50000,48,0,0,1500,2000,0.03,0
150000,35,2,6,144194,6600,0.9613,1
200000,58,0,0,-200,0,-0.001,0
560000,32,1,1,19924,1163,0.0356,0
20000,26,0,2,20780,0,1.039,0
270000,41,0,0,316,316,0.0012,0
300000,48,2,1,304040,11500,1.0135,1
100000,29,1,6,85264,0,0.8526,0
20000,43,0,0,19107,1330,0.9554,0
20000,69,0,0,18516,1700,0.9258,0
70000,56,0,0,42039,5000,0.6006,0
60000,31,2,3,19921,1700,0.332,0
180000,51,2,2,15100,0,0.0839,0
360000,31,0,0,1041,5821,0.0029,0
200000,34,2,6,170487,8000,0.8524,1
170000,42,0,0,37772,2000,0.2222,0
170000,51,0,0,4667,5914,0.0275,0
60000,51,1,1,0,724,0.0,0
30000,27,1,3,29956,0,0.9985,1
140000,37,0,0,37625,1657,0.2688,0
20000,25,0,0,15848,1595,0.7924,0
20000,27,0,0,14088,1111,0.7044,0
520000,39,0,0,13273,12712,0.0255,0
30000,22,0,1,10348,1013,0.3449,0
70000,24,1,3,71017,0,1.0145,0
80000,54,0,0,76752,3768,0.9594,0
50000,36,1,6,21031,0,0.4206,1
170000,25,0,0,26359,1275,0.1551,0
160000,24,2,6,67018,1900,0.4189,0
360000,30,1,3,7102,1893,0.0197,0
420000,25,0,1,2804,0,0.0067,0
30000,45,0,0,28185,1377,0.9395,0
60000,36,1,2,36544,1700,0.6091,0
160000,31,0,0,135320,5000,0.8458,0
170000,44,0,0,10309,4944,0.0606,0
20000,52,1,2,20838,0,1.0419,1
290000,45,0,0,1092,1335,0.0038,0
340000,52,0,0,3375,3283,0.0099,0
60000,31,1,1,0,0,0.0,1
500000,36,0,0,51465,24201,0.1029,0
230000,54,0,0,66108,6840,0.2874,0
30000,53,0,0,28191,1600,0.9397,0
20000,25,1,5,0,3650,0.0,0
140000,30,0,0,854,0,0.0061,0
500000,31,0,0,39291,1700,0.0786,0
120000,39,1,1,0,0,0.0,0
70000,25,0,0,63745,2294,0.9106,1
280000,50,0,0,25040,41275,0.0894,0
130000,53,0,0,780,0,0.006,0
70000,30,0,1,68971,2700,0.9853,1
340000,42,0,0,14087,11013,0.0414,0
210000,28,0,0,1832,1074,0.0087,0
80000,57,0,0,3072,2856,0.0384,0
120000,43,0,0,316,71316,0.0026,0
100000,28,0,0,102697,4600,1.027,0
20000,22,0,0,14720,3880,0.736,0
220000,46,2,2,243517,0,1.1069,0
70000,34,2,6,44347,0,0.6335,1
20000,26,0,0,73404,2600,3.6702,0
100000,32,0,0,54933,2700,0.5493,0
110000,24,0,0,49782,1878,0.4526,0
80000,27,2,4,3682,3193,0.046,0
30000,29,1,1,0,686,0.0,0
30000,34,0,0,27816,1260,0.9272,0
60000,27,0,0,57753,2960,0.9626,1
50000,27,0,1,44421,2500,0.8884,0
260000,53,0,0,222134,10020,0.8544,0
500000,29,0,2,201500,10000,0.403,0
110000,35,0,1,549,0,0.005,0
30000,33,2,6,27126,3600,0.9042,0
180000,31,0,0,8260,5921,0.0459,1
170000,35,1,1,0,3209,0.0,1
320000,34,0,0,800,18873,0.0025,1
10000,53,0,0,9269,1400,0.9269,1
50000,26,1,6,48481,0,0.9696,0
170000,32,1,1,0,0,0.0,1
120000,51,0,1,120290,6000,1.0024,0
30000,47,1,2,32724,0,1.0908,0
160000,29,0,0,157186,6227,0.9824,0
50000,27,2,6,45722,2000,0.9144,1
30000,44,0,0,4180,390,0.1393,0
50000,36,0,0,47606,1815,0.9521,0
240000,45,1,1,0,396,0.0,0
50000,50,0,0,45771,2266,0.9154,0
180000,31,4,6,83020,3500,0.4612,1
500000,28,0,0,215459,7412,0.4309,0
240000,50,0,0,223045,9490,0.9294,0
50000,23,0,0,30101,434,0.602,0
50000,30,2,1,6425,1050,0.1285,1
220000,38,0,0,197600,8200,0.8982,0
200000,36,1,1,0,0,0.0,1
230000,35,0,0,4043,10670,0.0176,0
20000,56,0,0,15552,1300,0.7776,0
130000,37,2,6,41795,3100,0.3215,1
100000,50,0,0,95549,5025,0.9555,0
20000,39,0,0,15972,1500,0.7986,1
50000,26,0,0,48801,2144,0.976,0
140000,45,2,6,78663,0,0.5619,1
90000,32,0,0,23730,2000,0.2637,0
290000,39,1,1,1358,2613,0.0047,0
180000,34,0,0,181385,8194,1.0077,1
200000,57,1,1,0,0,0.0,1
110000,32,2,6,95686,5100,0.8699,1
50000,28,0,0,17141,1500,0.3428,0
290000,48,0,0,10608,34470,0.0366,0
380000,46,2,6,88069,4400,0.2318,1
480000,39,0,0,428927,15000,0.8936,0
30000,22,0,0,18830,0,0.6277,0
380000,50,0,0,211463,10000,0.5565,0
340000,42,0,0,221587,8409,0.6517,0
30000,22,0,2,17358,0,0.5786,0
200000,29,0,0,15456,46722,0.0773,0
360000,30,0,0,40514,1800,0.1125,0
160000,49,0,1,316,632,0.002,1
50000,40,1,2,50209,0,1.0042,0
200000,32,0,0,1473,1473,0.0074,0
60000,30,0,0,39264,3000,0.6544,0
80000,53,0,1,780,0,0.0098,0
100000,38,2,2,50721,0,0.5072,1
330000,37,0,0,18807,2087,0.057,1
500000,44,0,0,0,5218,0.0,0
180000,32,0,0,54842,2073,0.3047,0
200000,44,0,1,120515,3030,0.6026,0
420000,39,0,0,304964,14000,0.7261,0
110000,23,0,0,34486,10000,0.3135,0
50000,24,2,1,50710,1974,1.0142,1
130000,46,0,0,17505,1312,0.1347,1
250000,36,0,0,168899,10000,0.6756,0
50000,26,0,1,528,378,0.0106,0
260000,43,0,0,99523,3514,0.3828,0
240000,54,0,1,16135,234000,0.0672,0
300000,28,0,1,24763,10700,0.0825,0
200000,35,0,0,82831,15089,0.4142,0
600000,46,0,0,22921,11444,0.0382,0
130000,29,0,2,88345,8600,0.6796,0
150000,28,0,0,9625,2099,0.0642,0
200000,30,0,1,-1883,15143,-0.0094,0
80000,34,1,6,46461,2100,0.5808,1
60000,34,0,0,30834,3000,0.5139,0
360000,31,1,1,0,0,0.0,0
110000,37,0,0,70204,2745,0.6382,0
70000,35,3,4,69852,0,0.9979,1
50000,27,1,4,0,0,0.0,1
10000,46,0,4,2496,1800,0.2496,1
120000,51,0,0,117446,4400,0.9787,0
220000,41,0,0,8840,6643,0.0402,0
440000,33,0,3,1137,0,0.0026,1
50000,49,0,0,1261,1261,0.0252,0
210000,32,0,1,155913,13000,0.7424,0
490000,34,0,0,13955,52280,0.0285,0
160000,30,0,0,4180,7781,0.0261,0
180000,39,0,0,46202,2200,0.2567,0
330000,45,0,0,123813,5100,0.3752,0
20000,34,0,1,17650,2500,0.8825,0
120000,37,0,0,93822,4848,0.7818,0
360000,30,0,0,-28,0,-0.0001,0
440000,29,0,0,217407,8005,0.4941,0
70000,34,0,0,62694,1818,0.8956,0
230000,44,1,1,3884,949,0.0169,0
30000,28,2,4,26177,1800,0.8726,1
260000,34,0,0,176688,6929,0.6796,0
30000,25,2,6,18941,6000,0.6314,1
20000,56,0,1,190,1473,0.0095,1
70000,55,0,0,69997,1700,1.0,0
90000,31,0,0,68476,4017,0.7608,0
70000,30,2,2,29773,1550,0.4253,1
30000,22,1,2,29676,0,0.9892,0
270000,51,0,0,32108,15000,0.1189,0
30000,35,0,0,25989,1533,0.8663,0
410000,46,0,0,0,0,0.0,1
240000,30,0,0,151127,10000,0.6297,0
30000,31,0,1,30589,1488,1.0196,0
110000,32,0,0,56573,2000,0.5143,0
20000,24,0,0,17850,2019,0.8925,0
500000,55,0,0,735,0,0.0015,0
240000,32,0,0,308013,7000,1.2834,0
140000,25,0,0,137585,6200,0.9828,0
50000,24,0,0,42058,1367,0.8412,0
130000,27,0,0,32464,1867,0.2497,0
50000,51,0,0,50448,2017,1.009,1
260000,25,0,0,359,9188,0.0014,0
100000,35,0,0,1131,291,0.0113,0
30000,47,2,3,25280,0,0.8427,1
60000,26,0,1,440,880,0.0073,0
20000,35,0,2,15791,3000,0.7896,1
60000,24,3,4,33866,0,0.5644,1
350000,44,2,2,52949,3682,0.1513,0
130000,41,2,2,133894,0,1.03,1
390000,26,2,3,185111,5000,0.4746,0
460000,39,2,6,2495,0,0.0054,1
30000,31,0,0,27838,1703,0.9279,1
170000,35,0,0,10316,2798,0.0607,1
20000,27,3,2,20771,0,1.0386,1
260000,31,0,0,12695,4005,0.0488,0
190000,32,0,0,161248,6500,0.8487,0
480000,37,0,1,470317,18507,0.9798,0
60000,33,0,0,58760,2500,0.9793,0
260000,38,0,0,256359,10027,0.986,0
50000,50,0,0,48781,2283,0.9756,0
160000,25,0,0,76038,2791,0.4752,0
280000,29,0,0,768,788,0.0027,0
290000,29,0,0,161623,11200,0.5573,0
240000,36,0,0,8020,724,0.0334,0
20000,41,0,0,7434,1300,0.3717,0
230000,40,0,0,1856,32254,0.0081,0
120000,31,0,2,46736,30000,0.3895,1
400000,28,0,0,1202,0,0.003,0
80000,34,1,3,64575,3000,0.8072,0
200000,37,0,0,74418,3251,0.3721,0
20000,48,1,6,17453,0,0.8726,1
100000,26,0,1,214,0,0.0021,1
150000,25,0,0,1180,7705,0.0079,1
180000,23,0,1,178239,7969,0.9902,1
500000,47,0,0,396,396,0.0008,1
360000,46,0,0,4000,311,0.0111,0
320000,38,0,0,3872,5409,0.0121,0
220000,42,1,1,0,0,0.0,1
50000,36,1,6,29003,1000,0.5801,1
310000,47,0,0,960,1869,0.0031,0
50000,50,0,0,16242,1215,0.3248,0
160000,23,0,0,21905,1373,0.1369,0
280000,40,0,1,415,415,0.0015,0
20000,44,4,4,12480,0,0.624,1
60000,24,0,0,390,780,0.0065,1
390000,37,0,0,178087,10000,0.4566,0
50000,25,1,1,0,0,0.0,0
450000,31,0,1,757,1422,0.0017,0
180000,26,0,0,171041,5000,0.9502,0
140000,30,2,5,145627,6005,1.0402,0
40000,33,1,3,21576,3000,0.5394,0
80000,26,0,1,24906,2000,0.3113,0
240000,35,0,0,4215,0,0.0176,0
80000,33,0,0,69963,5000,0.8745,0
360000,45,0,0,167370,20000,0.4649,0
300000,31,0,0,3862,0,0.0129,0
390000,29,0,0,0,0,0.0,0
320000,37,0,0,14515,0,0.0454,1
220000,26,0,0,52593,15000,0.2391,0
340000,29,0,0,132024,6400,0.3883,0
90000,32,1,1,0,323,0.0,0
130000,33,0,0,7547,1011,0.0581,0
160000,37,2,1,833,833,0.0052,1
280000,38,0,0,101259,7259,0.3616,1
310000,38,0,0,1276,3666,0.0041,0
130000,29,0,0,30857,13333,0.2374,0
180000,30,0,1,149218,10915,0.829,0
30000,39,1,2,30559,129,1.0186,0
170000,34,0,0,8069,2855,0.0475,1
240000,29,0,0,17882,403,0.0745,0
70000,31,0,0,52440,5000,0.7491,0
110000,28,1,1,-100,500,-0.0009,1
20000,23,1,3,14428,480,0.7214,1
210000,30,0,0,7056,3033,0.0336,0
20000,21,0,0,20040,1499,1.002,0
360000,43,0,0,1999,10145,0.0056,0
80000,59,0,0,71720,3234,0.8965,0
170000,34,0,0,55623,2253,0.3272,0
70000,30,0,0,3878,1300,0.0554,0
110000,30,0,3,26000,1500,0.2364,0
10000,27,0,2,8128,1400,0.8128,0
60000,23,0,0,17191,1700,0.2865,0
220000,39,0,0,38647,2017,0.1757,0
50000,33,0,0,21171,2028,0.4234,0
50000,22,0,0,1470,627,0.0294,0
70000,26,0,0,23790,1425,0.3399,0
180000,26,0,0,145574,3907,0.8087,0
60000,31,2,6,60705,3200,1.0118,1
100000,40,2,6,44421,2100,0.4442,1
500000,28,0,0,24677,7013,0.0494,0
50000,38,0,0,26533,1000,0.5307,0
340000,27,0,0,24583,1964,0.0723,0
450000,31,0,0,3960,4412,0.0088,0
160000,31,0,0,813,1351,0.0051,0
180000,33,0,0,177017,20135,0.9834,0
50000,25,1,1,-8,18631,-0.0002,1
500000,38,1,3,91662,0,0.1833,0
80000,23,0,0,3796,7913,0.0474,0
280000,49,0,0,4792,3410,0.0171,0
240000,41,2,6,239633,9000,0.9985,0
20000,24,0,0,15036,1580,0.7518,0
50000,27,0,0,46858,2000,0.9372,0
100000,42,2,6,46195,2000,0.462,1
80000,34,1,3,84054,3,1.0507,1
150000,40,0,0,7296,1819,0.0486,1
220000,30,1,6,105348,4268,0.4789,1
270000,34,0,0,131310,6000,0.4863,0
230000,25,0,0,26214,2000,0.114,0
140000,30,0,4,106298,6451,0.7593,1
180000,40,0,0,4289,1000,0.0238,0
140000,27,1,3,28332,0,0.2024,0
30000,35,0,3,20290,5100,0.6763,1
80000,36,0,0,25028,3033,0.3128,0
140000,30,0,0,131026,5006,0.9359,0
20000,38,0,0,18878,1318,0.9439,0
360000,37,0,0,797,360,0.0022,0
130000,28,0,0,9821,8611,0.0755,1
70000,36,1,2,31919,0,0.456,1
300000,41,0,0,2930,1610,0.0098,0
500000,32,0,0,71731,25487,0.1435,0
20000,30,0,0,39508,2546,1.9754,0
140000,45,0,5,104144,5200,0.7439,1
400000,27,1,1,0,0,0.0,0
30000,28,0,1,15280,1500,0.5093,1
50000,33,2,2,12632,1000,0.2526,0
380000,38,0,0,88112,4569,0.2319,0
360000,27,0,0,5497,3000,0.0153,1
620000,52,0,0,31400,32335,0.0506,0
200000,69,0,0,83858,3207,0.4193,0
20000,25,0,1,19744,0,0.9872,1
170000,29,0,0,5539,1147,0.0326,1
250000,26,0,3,195126,9500,0.7805,0
120000,25,1,1,0,0,0.0,1
150000,46,0,0,96396,4073,0.6426,0
200000,41,2,1,199802,9231,0.999,0
200000,39,0,0,91415,20387,0.4571,0
180000,44,0,0,97925,4303,0.544,0
500000,34,0,0,119451,26000,0.2389,0
20000,24,0,0,13867,1500,0.6934,0
500000,39,0,0,342548,8628,0.6851,1
80000,47,0,0,15739,17253,0.1967,0
80000,23,0,4,71988,6200,0.8998,0
360000,30,0,0,36590,1400,0.1016,0
230000,28,0,0,12089,2306,0.0526,0
70000,32,3,3,21986,0,0.3141,1
20000,25,0,1,1000,0,0.05,0
250000,37,0,0,215928,9510,0.8637,0
400000,33,0,0,61705,3000,0.1543,0
420000,30,0,0,3790,19292,0.009,0
320000,37,0,0,31989,5001,0.1,0
30000,25,0,0,29108,1800,0.9703,1
470000,30,0,0,290137,15128,0.6173,0
70000,31,1,3,65779,3000,0.9397,1
70000,23,0,0,18193,1352,0.2599,1
30000,25,0,0,22399,5000,0.7466,0
30000,22,1,3,14274,1000,0.4758,1
30000,45,2,3,30330,1400,1.011,1
70000,35,0,0,67306,3400,0.9615,0
20000,50,0,0,16350,1300,0.8175,0
210000,31,2,3,200332,0,0.954,1
170000,36,0,0,1000,1000,0.0059,0
300000,31,0,0,86267,78580,0.2876,0
10000,24,0,0,7199,1350,0.7199,1
50000,24,0,0,220,220,0.0044,0
200000,30,1,2,35706,1500,0.1785,0
220000,36,0,0,2978,125,0.0135,0
400000,34,0,0,14986,25772,0.0375,0
260000,30,0,0,449,1340,0.0017,0
10000,37,0,0,10000,7419,1.0,0
140000,28,0,0,23702,1457,0.1693,0
50000,43,0,0,97348,3711,1.947,0
330000,42,0,0,18516,10000,0.0561,0
130000,29,0,0,-200,0,-0.0015,1
360000,33,0,1,0,883,0.0,0
450000,28,0,0,9845,3000,0.0219,0
500000,36,0,0,15401,23128,0.0308,0
240000,33,0,0,8383,3470,0.0349,0
60000,29,1,2,9045,1000,0.1508,0
340000,42,0,0,76166,10000,0.224,0
500000,53,0,0,7855,17512,0.0157,0
270000,33,0,0,121065,3500,0.4484,1
50000,33,0,1,24060,1400,0.4812,0
20000,29,0,0,11455,2000,0.5728,0
130000,36,0,0,9164,4605,0.0705,0
200000,55,0,0,110778,3796,0.5539,1
360000,25,0,0,336179,6781,0.9338,0
90000,55,0,0,15000,1055,0.1667,1
200000,50,0,0,1662,2482,0.0083,0
80000,43,0,0,21057,2282,0.2632,0
30000,45,1,4,29334,0,0.9778,0
50000,28,0,0,48566,2000,0.9713,0
50000,33,0,0,53282,3000,1.0656,1
450000,69,0,0,2000,0,0.0044,1
130000,37,0,0,3811,5000,0.0293,1
350000,33,0,0,53562,2045,0.153,0
20000,22,0,2,20732,2,1.0366,1
170000,27,0,0,21958,1300,0.1292,0
240000,38,1,4,47320,0,0.1972,0
130000,30,0,0,77939,3916,0.5995,0
360000,28,1,1,0,0,0.0,0
10000,26,1,4,9526,0,0.9526,0
10000,42,2,1,8965,1228,0.8965,1
200000,70,0,0,7109,10025,0.0355,0
150000,35,0,1,39883,1806,0.2659,0
50000,33,0,0,47423,1600,0.9485,0
40000,26,1,6,39826,1900,0.9956,0
400000,42,0,0,4279,101319,0.0107,0
80000,25,0,1,832,0,0.0104,1
50000,28,0,1,2809,0,0.0562,0
170000,42,0,0,142118,7040,0.836,0
190000,34,0,0,47713,3000,0.2511,0
20000,62,0,0,19724,1000,0.9862,1
30000,23,1,6,12271,0,0.409,0
20000,29,0,0,14492,1500,0.7246,0
390000,48,0,0,171189,10000,0.4389,0
100000,66,0,0,82583,3035,0.8258,1
50000,34,0,0,44849,2550,0.897,1
120000,54,0,0,67094,3000,0.5591,0
80000,24,0,0,329,500,0.0041,0
340000,39,0,0,132749,5290,0.3904,0
110000,23,0,0,111271,6000,1.0116,0
90000,42,0,0,390,0,0.0043,0
10000,26,0,0,2989,2000,0.2989,1
160000,28,0,0,0,0,0.0,0
170000,34,1,4,23535,0,0.1384,0
440000,28,0,0,8325,0,0.0189,0
310000,32,0,0,6023,18000,0.0194,0
110000,55,0,0,106670,6000,0.9697,0
50000,23,1,1,0,0,0.0,0
100000,39,2,6,97284,4700,0.9728,1
350000,29,0,0,42518,1740,0.1215,0
310000,27,1,3,192910,0,0.6223,0
120000,40,0,0,109399,3900,0.9117,0
50000,25,1,1,-1159,48000,-0.0232,0
300000,32,1,3,10566,1200,0.0352,0
130000,29,2,2,172094,0,1.3238,0
260000,30,0,0,1943,855,0.0075,0
490000,35,0,0,-13,2652,-0.0,0
500000,43,0,0,14872,53421,0.0297,0
30000,25,0,0,9634,7,0.3211,0
60000,31,0,1,32632,2000,0.5439,1
140000,45,0,3,55444,3000,0.396,0
180000,30,0,2,149525,7320,0.8307,0
20000,23,0,0,18436,1500,0.9218,0
50000,29,0,3,40117,6138,0.8023,1
400000,30,2,1,24054,1624,0.0601,0
20000,24,1,2,0,5536,0.0,0
430000,43,0,0,8894,11198,0.0207,0
400000,32,0,0,110,587,0.0003,0
200000,36,0,0,694,2721,0.0035,1
10000,22,0,0,656,10128,0.0656,0
80000,43,2,2,76292,3006,0.9536,0
140000,28,0,0,115743,5000,0.8267,0
20000,28,2,2,24611,0,1.2306,1
340000,33,2,1,411,11038,0.0012,0
230000,44,0,0,5630,390,0.0245,1
120000,37,0,1,200,0,0.0017,0
210000,34,0,0,8011,1126,0.0381,0
80000,25,0,0,45392,5000,0.5674,0
150000,31,0,0,3084,0,0.0206,0
130000,53,0,0,126750,5996,0.975,0
20000,35,0,2,17007,0,0.8504,1
200000,29,0,0,204541,7186,1.0227,0
200000,29,0,0,99,99,0.0005,0
80000,22,0,0,78028,3200,0.9754,0
80000,30,0,0,2688,2208,0.0336,1
500000,44,0,0,150758,63256,0.3015,0
50000,43,2,6,15641,0,0.3128,1
200000,44,0,0,798,4150,0.004,0
80000,45,0,0,4089,1042,0.0511,0
50000,26,0,0,47169,1804,0.9434,0
130000,37,0,0,117471,3857,0.9036,0
310000,35,0,0,2948,62635,0.0095,0
190000,37,2,2,2461,8040,0.013,1
100000,29,0,0,70878,3100,0.7088,1
230000,38,0,0,2130,62469,0.0093,0
70000,25,0,0,66174,3000,0.9453,1
500000,30,0,0,8371,1015,0.0167,0
50000,36,2,4,49732,0,0.9946,1
120000,35,1,1,0,0,0.0,0
80000,39,0,0,51644,3000,0.6456,0
50000,34,0,1,11367,3000,0.2273,0
350000,51,0,0,39943,1859,0.1141,0
60000,29,0,1,60000,3100,1.0,0
200000,47,0,0,935,1418,0.0047,1
50000,23,0,0,45078,3000,0.9016,0
90000,43,0,0,7489,5833,0.0832,0
360000,31,0,0,744,9667,0.0021,0
440000,25,2,2,225416,0,0.5123,1
170000,52,0,0,168516,6791,0.9913,0
190000,33,0,0,142272,8007,0.7488,0
290000,29,1,1,0,0,0.0,1
210000,37,1,1,0,1422,0.0,0
20000,24,0,0,3395,2296,0.1698,1
400000,35,0,0,10043,18057,0.0251,0
360000,32,1,1,0,0,0.0,1
250000,53,1,1,0,4190,0.0,1
30000,30,0,0,27836,2000,0.9279,0
280000,47,0,0,257561,20000,0.9199,0
70000,59,2,6,68766,3700,0.9824,1
70000,26,0,0,35666,5000,0.5095,0
20000,47,0,1,14591,1900,0.7296,0
350000,32,0,0,15179,4983,0.0434,0
200000,37,0,0,21111,5000,0.1056,0
90000,25,0,0,6822,1172,0.0758,1
100000,52,0,0,4740,2000,0.0474,0
50000,22,0,0,48255,2400,0.9651,0
280000,51,0,0,2158,0,0.0077,0
50000,38,1,5,51106,0,1.0221,1
120000,29,0,0,3570,0,0.0298,1
100000,25,2,3,96889,8513,0.9689,1
130000,29,0,0,3920,4000,0.0302,0
200000,30,0,0,196845,8990,0.9842,0
350000,34,0,0,147070,7331,0.4202,0
20000,44,0,0,19018,1327,0.9509,0
150000,32,0,1,125995,5000,0.84,0
130000,30,0,0,9255,1204,0.0712,0
330000,34,0,0,173630,8000,0.5262,0
80000,52,0,0,63134,2087,0.7892,0
10000,35,3,2,10281,25,1.0281,0
360000,29,1,1,-1808,0,-0.005,0
120000,36,0,0,43488,2000,0.3624,0
20000,22,0,0,7130,1177,0.3565,0
280000,35,0,3,199,0,0.0007,0
100000,45,0,0,0,0,0.0,0
70000,31,0,0,63441,1789,0.9063,0
350000,31,0,0,7914,4221,0.0226,0
50000,36,0,0,22430,2000,0.4486,0
470000,35,0,0,37342,2500,0.0795,0
350000,31,0,0,297967,100066,0.8513,0
140000,56,0,0,140630,6100,1.0045,0
140000,23,0,0,49235,2517,0.3517,0
380000,27,0,0,73903,2924,0.1945,0
50000,24,1,6,33991,0,0.6798,1
260000,48,0,0,97908,2980,0.3766,0
20000,25,1,5,19045,2000,0.9522,0
190000,39,0,0,157,0,0.0008,0
220000,39,5,4,187665,0,0.853,0
230000,36,0,0,111691,8000,0.4856,0
20000,43,0,0,7470,1145,0.3735,0
100000,52,0,0,21641,2000,0.2164,0
150000,26,0,0,38052,0,0.2537,0
320000,28,0,0,11684,1135,0.0365,0
50000,33,0,0,76025,3750,1.5205,1
50000,53,0,0,50302,2100,1.006,0
370000,39,0,0,181221,10073,0.4898,0
150000,37,0,0,58337,0,0.3889,0
200000,40,0,0,390,390,0.002,1
200000,34,0,0,170,1525,0.0008,1
30000,37,0,1,1197,2600,0.0399,1
200000,46,0,0,121198,4593,0.606,0
200000,26,0,0,0,1516,0.0,0
240000,26,0,0,138859,5308,0.5786,1
40000,24,2,5,28953,6918,0.7238,1
140000,31,0,0,97448,1413,0.6961,0
50000,35,0,0,50497,2011,1.0099,0
50000,48,0,0,38031,2000,0.7606,0
160000,25,0,0,227,861,0.0014,0
140000,32,0,0,12319,0,0.088,0
240000,28,0,0,230184,9000,0.9591,1
230000,29,0,0,495,466,0.0022,0
200000,32,0,0,165074,10000,0.8254,0
50000,49,0,0,44767,5001,0.8953,0
360000,30,0,0,23725,61137,0.0659,0
500000,42,1,1,0,0,0.0,0
20000,22,1,2,18977,0,0.9488,0
80000,30,2,6,73113,3300,0.9139,0
30000,44,0,0,616,0,0.0205,0
80000,35,0,0,14376,1435,0.1797,0
30000,52,0,1,27101,4110,0.9034,0
200000,48,0,0,0,0,0.0,0
240000,29,0,0,219419,7000,0.9142,0
280000,29,0,2,255317,9439,0.9118,1
170000,33,0,0,1547,0,0.0091,0
100000,44,0,0,89988,3852,0.8999,0
70000,24,0,1,65508,4000,0.9358,1
110000,27,0,0,91538,3354,0.8322,0
100000,27,0,0,83587,3151,0.8359,0
80000,39,2,4,78246,3000,0.9781,1
300000,33,0,0,1496,1500,0.005,0
150000,40,0,0,52097,2000,0.3473,0
150000,26,0,0,69358,4213,0.4624,0
10000,52,1,2,6969,0,0.6969,1
210000,35,0,0,0,0,0.0,0
20000,25,0,0,19770,1465,0.9885,1
20000,38,0,1,6715,1287,0.3358,0
80000,48,2,3,63695,6056,0.7962,0
270000,49,0,0,-173,0,-0.0006,0
200000,33,0,0,0,225,0.0,0
200000,34,0,1,2727,1332,0.0136,0
10000,34,0,0,9323,1000,0.9323,0
360000,34,0,0,5275,24267,0.0147,0
20000,40,1,2,20138,0,1.0069,1
40000,27,0,0,40856,2023,1.0214,0
110000,50,0,0,109192,4300,0.9927,0
50000,50,0,1,63889,2800,1.2778,0
100000,28,0,0,46430,2000,0.4643,0
50000,21,0,0,21023,3000,0.4205,0
30000,23,2,4,15955,0,0.5318,1
20000,23,2,6,7040,1128,0.352,1
100000,44,2,4,30094,1800,0.3009,1
80000,24,0,0,1462,1502,0.0183,0
120000,29,0,0,118303,3358,0.9859,1
30000,36,0,1,3024,3462,0.1008,0
80000,25,0,0,59366,15027,0.7421,0
170000,30,1,1,0,0,0.0,1
20000,40,0,0,30832,3500,1.5416,0
50000,36,0,0,46311,2014,0.9262,0
300000,31,0,0,149893,7000,0.4996,0
20000,26,2,6,300,0,0.015,1
130000,29,0,0,29252,2000,0.225,0
500000,41,0,2,2503,1043,0.005,0
30000,41,0,2,9736,1182,0.3245,0
180000,41,0,0,139184,6411,0.7732,0
340000,33,0,0,8427,10300,0.0248,0
480000,29,1,1,0,0,0.0,0
80000,30,1,1,0,0,0.0,0
140000,24,0,0,20923,1633,0.1494,0
180000,30,0,0,105873,5000,0.5882,0
30000,30,0,1,16570,3000,0.5523,0
290000,55,0,1,7970,2482,0.0275,1
110000,45,0,0,9242,5000,0.084,0
60000,25,0,0,24200,11000,0.4033,0
80000,35,0,1,3614,0,0.0452,0
110000,25,0,0,64155,2621,0.5832,0
20000,42,1,2,17614,0,0.8807,1
150000,31,0,0,4213,5914,0.0281,0
240000,44,0,0,24469,11511,0.102,0
400000,44,0,0,18432,6838,0.0461,0
120000,34,2,6,97463,4000,0.8122,1
330000,39,0,0,365672,12350,1.1081,0
30000,29,0,0,390,390,0.013,0
100000,55,2,1,435,435,0.0044,0
140000,37,0,0,291,291,0.0021,0
50000,33,0,0,45226,1618,0.9045,0
310000,37,0,0,0,0,0.0,1
160000,49,0,0,741,6339,0.0046,0
110000,25,0,0,86107,0,0.7828,0
20000,45,0,0,1651,0,0.0826,0
30000,23,0,0,528,913,0.0176,0
50000,47,1,1,0,835,0.0,0
20000,24,0,2,13470,1500,0.6735,1
220000,36,0,0,1838,923,0.0084,0
460000,36,0,0,11469,13766,0.0249,0
150000,34,1,2,0,0,0.0,1
50000,53,0,0,20211,36396,0.4042,0
100000,32,2,2,98033,4620,0.9803,0
260000,50,0,0,115937,5800,0.4459,0
50000,41,4,3,52955,0,1.0591,1
50000,27,0,0,46465,2367,0.9293,0
240000,34,0,0,4970,0,0.0207,0
230000,24,0,1,82066,4000,0.3568,0
90000,28,0,1,69186,5000,0.7687,0
20000,22,0,1,5473,2300,0.2736,0
70000,25,0,1,68658,4500,0.9808,0
260000,29,0,0,128208,17000,0.4931,0
20000,35,1,2,14181,0,0.709,1
150000,29,0,0,94409,5000,0.6294,0
200000,51,0,0,196875,7657,0.9844,0
50000,57,0,0,50770,1814,1.0154,0
210000,39,0,0,1443,1443,0.0069,0
360000,27,0,0,759,5702,0.0021,0
30000,34,1,6,23860,0,0.7953,0
170000,35,0,0,13500,1315,0.0794,0
500000,32,0,0,44462,7000,0.0889,0
80000,31,0,0,45605,1800,0.5701,0
70000,24,3,6,63000,3000,0.9,1
100000,26,0,0,30627,2326,0.3063,0
300000,26,0,0,316,316,0.0011,0
200000,49,0,1,3024,10000,0.0151,0
190000,30,0,0,25953,1698,0.1366,0
30000,43,0,0,23101,1481,0.77,0
230000,58,1,1,0,0,0.0,0
80000,46,0,0,39115,2000,0.4889,0
280000,36,1,1,124,0,0.0004,0
140000,29,1,2,144922,17,1.0352,0
30000,35,2,6,27160,0,0.9053,1
30000,36,2,6,16818,4000,0.5606,1
20000,51,0,0,18673,1297,0.9336,0
230000,30,0,0,3686,5619,0.016,0
20000,23,0,1,16831,4183,0.8416,1
360000,27,0,1,21275,1800,0.0591,1
60000,24,0,0,56119,2664,0.9353,0
20000,48,0,1,14218,1562,0.7109,1
500000,44,0,0,367,16652,0.0007,0
380000,39,0,0,0,4107,0.0,0
160000,27,1,1,-1860,0,-0.0116,0
170000,48,2,6,2400,0,0.0141,0
430000,29,0,0,67336,3261,0.1566,0
320000,39,0,0,8374,17634,0.0262,0
180000,31,0,0,1100,860,0.0061,1
50000,42,0,0,47612,2113,0.9522,0
60000,29,2,6,47631,2000,0.7938,0
360000,38,1,1,-507,1502,-0.0014,0
80000,23,0,0,80998,4500,1.0125,0
50000,41,0,0,26948,5017,0.539,0
200000,37,2,1,214261,8000,1.0713,0
460000,36,0,0,58312,36570,0.1268,0
130000,23,0,0,78426,3000,0.6033,0
440000,29,0,0,430990,18887,0.9795,0
280000,38,2,3,168581,6000,0.6021,1
20000,39,0,0,6530,8389,0.3265,0
60000,24,0,0,57925,2100,0.9654,0
210000,38,0,0,194358,8000,0.9255,0
100000,46,0,0,56009,3000,0.5601,0
240000,46,0,0,0,0,0.0,0
280000,43,0,0,194868,7000,0.696,0
130000,29,0,5,78,0,0.0006,0
360000,35,0,0,1533,24,0.0043,1
210000,36,0,0,203447,6549,0.9688,0
20000,23,2,6,15034,3200,0.7517,1
20000,23,0,0,4731,2000,0.2366,0
50000,34,1,6,16501,0,0.33,1
100000,39,0,0,97040,2617,0.9704,0
50000,29,0,0,0,0,0.0,0
130000,27,1,6,123371,6000,0.949,1
270000,31,0,0,13759,0,0.051,0
50000,24,0,0,390,390,0.0078,0
80000,35,0,0,9647,1206,0.1206,0
10000,29,0,0,1727,1508,0.1727,0
190000,34,0,0,500,300,0.0026,0
50000,27,0,2,40688,4100,0.8138,0
100000,46,2,5,42674,4000,0.4267,1
150000,49,0,0,151822,2985,1.0121,1
510000,30,0,0,548,0,0.0011,0
110000,24,0,0,1362,1352,0.0124,0
150000,58,0,0,1657,2277,0.011,0
50000,54,0,0,48403,2020,0.9681,0
50000,23,0,0,25622,10122,0.5124,0
360000,29,1,2,0,1244,0.0,0
10000,24,2,4,6524,1300,0.6524,0
210000,26,1,3,120098,4500,0.5719,0
370000,28,0,0,261021,10001,0.7055,0
360000,33,0,0,3177,0,0.0088,0
50000,31,0,2,44970,3855,0.8994,1
360000,38,0,0,0,0,0.0,0
170000,35,0,0,86239,1512,0.5073,0
70000,26,0,0,67864,3517,0.9695,1
360000,34,0,0,8871,6411,0.0246,0
230000,42,0,0,92230,3292,0.401,0
50000,38,0,0,12650,0,0.253,0
200000,41,0,0,1378,0,0.0069,0
140000,30,0,0,326,326,0.0023,1
120000,33,0,0,120411,6300,1.0034,0
280000,46,0,0,1401,5201,0.005,0
300000,29,0,0,26857,9511,0.0895,0
20000,22,0,4,15169,2874,0.7584,0
160000,25,2,5,158629,7500,0.9914,1
20000,24,2,1,17781,2000,0.889,1
120000,41,0,0,44966,1690,0.3747,0
290000,37,0,0,1961,3148,0.0068,0
60000,32,0,1,30781,1505,0.513,0
110000,29,0,0,69718,3000,0.6338,0
50000,43,0,0,42874,1862,0.8575,0
630000,32,0,0,2731,1138,0.0043,0
30000,28,0,1,23837,1800,0.7946,0
50000,33,0,0,50094,2479,1.0019,0
60000,42,0,0,49244,2000,0.8207,0
150000,27,0,0,12593,38018,0.084,0
10000,24,0,0,273,8327,0.0273,0
20000,27,0,0,18860,1360,0.943,0
80000,32,0,0,71375,1414,0.8922,0
160000,52,0,0,38695,3000,0.2418,0
100000,43,0,0,103601,5088,1.036,0
90000,34,0,1,49771,4000,0.553,0
50000,60,0,2,27943,3577,0.5589,0
170000,30,0,0,117010,4337,0.6883,0
240000,32,0,0,5695,9420,0.0237,0
80000,25,0,0,3002,1921,0.0375,0
80000,30,0,0,69533,3500,0.8692,0
360000,37,0,0,0,0,0.0,0
140000,31,2,4,51028,2500,0.3645,0
60000,49,0,0,81411,38709,1.3568,0
110000,27,0,0,55567,15753,0.5052,0
160000,28,0,0,164262,7900,1.0266,0
200000,45,0,0,80,2230,0.0004,1
280000,29,0,0,233717,10004,0.8347,0
360000,33,1,6,296148,14906,0.8226,0
90000,26,0,0,13416,7380,0.1491,1
200000,46,0,0,18564,60000,0.0928,0
50000,50,1,6,29394,3100,0.5879,1
400000,32,0,0,7217,0,0.018,0
360000,49,1,1,-3,633,-0.0,0
150000,50,0,0,88900,4161,0.5927,0
50000,61,1,3,47731,0,0.9546,1
150000,35,0,0,6008,8008,0.0401,0
100000,37,1,2,3492,10,0.0349,1
310000,30,0,0,27289,1489,0.088,0
120000,39,1,3,0,1170,0.0,0
90000,44,0,0,82253,8238,0.9139,0
150000,36,0,0,14843,14528,0.099,0
50000,42,0,0,35255,1690,0.7051,0
210000,53,0,0,6060,5983,0.0289,0
300000,42,0,0,28077,1500,0.0936,0
110000,33,2,1,87514,4000,0.7956,1
150000,25,0,0,150562,5196,1.0037,0
210000,42,0,0,1729,1315,0.0082,0
30000,34,2,5,21107,3374,0.7036,1
240000,42,0,0,632,0,0.0026,0
120000,34,0,0,856,856,0.0071,0
80000,24,0,0,31815,4038,0.3977,0
80000,25,1,3,31040,0,0.388,1
360000,32,0,0,2612,3234,0.0073,0
130000,34,2,4,72996,4000,0.5615,1
290000,36,2,1,322,330,0.0011,0
240000,33,0,0,129600,7000,0.54,0
60000,23,0,2,4553,3258,0.0759,0
200000,60,1,1,0,0,0.0,1
150000,28,0,0,99294,5008,0.662,0
300000,29,0,0,103792,8401,0.346,0
30000,24,0,4,2590,6000,0.0863,0
250000,40,0,0,142477,7000,0.5699,1
20000,40,0,0,17180,1500,0.859,0
370000,34,0,0,206161,10000,0.5572,0
20000,23,1,2,6081,0,0.304,1
120000,23,0,0,7945,1000,0.0662,1
50000,23,0,0,19766,1300,0.3953,0
190000,27,0,0,72656,2000,0.3824,1
20000,22,0,3,15034,1500,0.7517,0
240000,42,1,2,15100,0,0.0629,0
150000,32,0,0,80437,7000,0.5362,0
180000,35,0,0,8694,1500,0.0483,0
180000,36,0,0,136613,6600,0.759,0
70000,31,0,0,45450,0,0.6493,0
230000,32,0,0,441,28200,0.0019,0
360000,27,0,0,5810,4041,0.0161,0
120000,33,0,1,52266,2522,0.4356,0
90000,49,2,6,74766,3500,0.8307,1
110000,32,0,1,110198,3851,1.0018,0
100000,53,0,0,36838,1607,0.3684,0
90000,26,1,3,58518,3006,0.6502,0
50000,35,1,4,47438,0,0.9488,0
50000,53,0,1,7343,1139,0.1469,0
180000,28,1,1,0,0,0.0,0
50000,41,0,0,36696,10000,0.7339,0
20000,26,0,0,13804,1300,0.6902,0
20000,26,2,6,36060,0,1.803,0
20000,23,1,6,7979,1000,0.399,0
20000,49,0,0,19363,1200,0.9682,0
50000,48,0,0,390,390,0.0078,1
210000,46,0,0,0,1828,0.0,0
490000,51,0,1,4770,17143,0.0097,0
280000,28,1,1,0,5072,0.0,1
200000,54,0,0,880,1948,0.0044,0
100000,24,1,1,0,670,0.0,1
250000,56,0,0,777,0,0.0031,0
240000,54,0,1,7832,64461,0.0326,0
80000,26,0,0,75405,3000,0.9426,0
100000,67,2,6,16918,4145,0.1692,1
30000,41,0,0,0,18393,0.0,0
180000,42,0,0,177061,8000,0.9837,0
80000,32,0,2,60918,2500,0.7615,0
110000,46,0,0,1495,86367,0.0136,0
180000,30,0,0,39259,3000,0.2181,0
150000,29,2,6,99986,6800,0.6666,1
50000,52,0,0,15377,2000,0.3075,0
230000,23,0,2,1050,2203,0.0046,1
340000,41,0,0,624,2431,0.0018,1
30000,25,1,6,26623,1800,0.8874,1
270000,45,0,0,17074,15000,0.0632,0
50000,36,0,0,11684,45135,0.2337,0
130000,43,0,1,74020,5000,0.5694,0
200000,27,0,0,31789,22091,0.1589,0
360000,46,0,0,14591,3005,0.0405,1
500000,27,0,0,131519,6662,0.263,0
100000,25,0,0,11801,1600,0.118,0
270000,50,0,0,22821,2500,0.0845,0
100000,52,0,0,64254,2211,0.6425,1
20000,25,0,0,17950,2000,0.8975,0
50000,45,0,0,47823,3144,0.9565,0
200000,32,0,0,2147,1173,0.0107,0
170000,44,1,2,84947,2000,0.4997,1
20000,28,2,1,18540,2000,0.927,1
70000,50,2,5,56781,2,0.8112,1
260000,38,0,0,252,0,0.001,0
200000,28,0,0,1760,0,0.0088,0
190000,25,0,0,106223,7500,0.5591,0
220000,58,0,0,22599,1875,0.1027,0
170000,30,0,1,38903,5144,0.2288,0
290000,47,0,0,281950,11900,0.9722,0
60000,25,0,0,31493,2000,0.5249,0
100000,50,0,1,36925,2000,0.3692,1
130000,44,0,2,632,0,0.0049,0
360000,40,0,0,1126,3455,0.0031,0
30000,38,3,2,3379,0,0.1126,0
20000,28,0,0,16122,2000,0.8061,1
110000,37,2,6,600,0,0.0055,1
130000,43,0,0,87289,5000,0.6715,0
50000,23,0,0,49026,1748,0.9805,0
110000,48,0,0,107767,5700,0.9797,0
80000,25,0,0,78327,3000,0.9791,0
150000,34,0,0,316,1801,0.0021,0
80000,29,1,3,56340,2600,0.7042,0
320000,35,0,0,164511,15000,0.5141,0
170000,35,0,0,897,861,0.0053,0
60000,26,0,0,41525,1815,0.6921,0
180000,23,2,6,157074,5000,0.8726,1
470000,29,0,0,59235,3106,0.126,0
70000,47,1,2,30950,3107,0.4421,0
280000,41,0,0,40483,2718,0.1446,0
210000,26,0,0,231,1624,0.0011,0
300000,30,0,0,185327,1500,0.6178,0
140000,42,0,0,158495,5530,1.1321,0
450000,41,0,0,70825,17913,0.1574,0
160000,38,0,2,105313,5416,0.6582,0
50000,45,1,1,0,0,0.0,0
50000,42,0,0,12751,22660,0.255,0
50000,32,0,0,50669,1613,1.0134,0
150000,25,0,4,129911,12200,0.8661,1
90000,53,0,0,23551,2400,0.2617,0
270000,42,0,0,225245,10000,0.8342,0
70000,36,0,0,65275,5000,0.9325,0
360000,33,0,0,9582,2139,0.0266,0
200000,34,1,1,2500,9814,0.0125,1
250000,42,0,0,249406,11400,0.9976,0
360000,34,0,0,205363,8000,0.5705,0
20000,39,1,2,19565,0,0.9782,0
250000,28,2,3,21404,28705,0.0856,1
60000,25,2,6,600,0,0.01,1
200000,36,1,1,0,0,0.0,0
30000,38,0,0,25546,3700,0.8515,1
500000,39,1,1,0,0,0.0,0
280000,45,0,0,50415,10000,0.1801,0
200000,42,0,0,1261,0,0.0063,0
360000,35,1,1,0,0,0.0,0
50000,44,2,5,42115,0,0.8423,1
60000,30,0,0,57041,2148,0.9507,0
110000,42,0,0,100534,3678,0.9139,0
200000,44,0,0,34760,4000,0.1738,0
70000,39,2,1,67607,3700,0.9658,0
220000,37,2,3,189976,15510,0.8635,1
20000,24,0,0,379,0,0.019,0
220000,27,0,0,4289,1031,0.0195,0
180000,40,1,2,172584,1000,0.9588,0
100000,53,2,1,43611,2500,0.4361,1
200000,41,0,0,6402,5189,0.032,0
200000,34,1,6,138839,7001,0.6942,0
400000,38,0,0,123,123,0.0003,0
60000,38,2,3,59310,2700,0.9885,0
60000,22,0,0,59575,2051,0.9929,0
210000,37,0,0,1094,1335,0.0052,0
200000,32,0,0,30144,3000,0.1507,0
50000,29,0,0,0,0,0.0,0
300000,38,0,2,2984,0,0.0099,1
510000,48,0,0,9686,19121,0.019,0
160000,32,1,1,0,0,0.0,0
50000,36,0,0,3477,1909,0.0695,0
220000,32,0,0,21332,28567,0.097,0
20000,22,1,4,6792,0,0.3396,1
410000,31,0,0,4182,0,0.0102,1
50000,25,0,0,42726,3941,0.8545,1
50000,38,0,0,10825,1500,0.2165,0
50000,48,0,0,10420,1310,0.2084,0
70000,29,0,1,4059,2000,0.058,0
120000,25,0,0,120633,4622,1.0053,0
170000,30,0,0,416,832,0.0024,0
160000,51,0,3,1380,1331,0.0086,1
30000,22,0,1,30397,3500,1.0132,0
10000,40,1,1,0,1912,0.0,0
160000,33,0,0,189935,8113,1.1871,0
20000,33,0,1,17439,1340,0.872,0
250000,35,0,0,0,0,0.0,0
30000,26,2,4,23064,3100,0.7688,1
180000,29,0,0,123154,5200,0.6842,0
240000,34,0,0,3403,3502,0.0142,1
30000,25,1,6,16368,0,0.5456,0
50000,28,1,3,4323,0,0.0865,0
280000,24,0,0,1481,11943,0.0053,1
20000,37,2,5,14688,2700,0.7344,1
130000,54,0,0,77506,2900,0.5962,0
70000,29,1,2,71267,5,1.0181,1
180000,32,0,1,1991,0,0.0111,0
320000,46,0,0,3266,12253,0.0102,0
30000,33,2,3,31947,1872,1.0649,1
280000,33,1,1,0,0,0.0,0
80000,50,0,0,8985,2000,0.1123,0
140000,27,0,0,136899,5200,0.9778,0
180000,27,0,0,181219,7000,1.0068,0
20000,55,2,4,11736,780,0.5868,0
420000,29,0,0,105582,23004,0.2514,0
200000,29,0,0,53493,1060,0.2675,1
140000,25,0,0,45068,5000,0.3219,0
170000,33,0,0,166348,7354,0.9785,0
30000,24,0,1,18220,3000,0.6073,0
50000,26,1,1,0,0,0.0,0
150000,45,0,0,123580,3575,0.8239,0
30000,30,0,0,6933,3000,0.2311,1
50000,38,0,0,50174,3000,1.0035,0
300000,39,0,0,2019,1,0.0067,1
80000,34,0,0,59451,1834,0.7431,0
50000,27,0,0,39607,5014,0.7921,0
110000,41,0,0,100143,4000,0.9104,0
110000,32,1,1,0,1670,0.0,0
390000,34,0,0,3060,60248,0.0078,0
200000,46,0,0,396,396,0.002,0
30000,38,8,6,35031,0,1.1677,1
230000,30,0,0,101874,8000,0.4429,0
210000,44,0,0,0,70,0.0,0
30000,54,0,0,3334,3366,0.1111,0
130000,41,0,0,101885,3500,0.7837,0
130000,37,1,1,-896,0,-0.0069,0
480000,27,0,0,12759,3001,0.0266,0
160000,37,0,0,9293,5902,0.0581,0
10000,27,0,0,6599,1400,0.6599,0
360000,33,0,0,8552,1118,0.0238,0
260000,28,0,0,251811,9388,0.9685,0
330000,45,0,0,47644,2000,0.1444,0
30000,47,1,3,5163,0,0.1721,1
80000,31,2,1,81712,3271,1.0214,1
120000,29,0,0,7778,3179,0.0648,1
170000,30,0,0,6383,1000,0.0375,1
140000,31,1,1,0,241,0.0,0
80000,37,0,0,3946,0,0.0493,0
200000,44,0,0,138877,6437,0.6944,0
80000,26,0,2,780,0,0.0098,1
230000,36,0,0,19505,3000,0.0848,0
260000,40,0,0,2500,0,0.0096,0
50000,28,0,0,780,0,0.0156,0
340000,35,1,1,-6,0,-0.0,0
50000,39,0,0,49869,2146,0.9974,0
200000,45,1,1,666,1937,0.0033,0
280000,36,0,0,91093,3224,0.3253,0
170000,35,0,1,115634,5935,0.6802,0
100000,38,2,4,37516,2000,0.3752,0
360000,48,1,1,491,3700,0.0014,1
30000,23,0,0,14790,12037,0.493,1
150000,26,1,1,2341,340,0.0156,0
50000,29,0,0,15519,4000,0.3104,0
40000,35,0,0,26801,10000,0.67,0
30000,58,0,0,390,390,0.013,0
140000,35,0,0,26187,3000,0.187,0
150000,30,0,0,8821,5964,0.0588,0
150000,37,0,0,152349,7000,1.0157,0
360000,47,1,3,366577,0,1.0183,0
170000,43,0,0,136485,3602,0.8029,0
50000,26,0,1,44838,1769,0.8968,1
260000,43,0,0,3209,0,0.0123,0
350000,32,0,0,70910,30516,0.2026,0
210000,41,0,0,17605,2164,0.0838,0
50000,39,3,3,5171,0,0.1034,0
170000,46,0,0,94791,4300,0.5576,1
50000,24,0,0,48600,2200,0.972,1
50000,32,0,1,24402,8442,0.488,0
280000,33,0,0,281,5631,0.001,0
430000,42,0,0,59648,2035,0.1387,0
340000,30,0,0,8571,21041,0.0252,0
310000,32,0,0,90654,27778,0.2924,0
120000,41,0,0,416,0,0.0035,0
200000,27,0,0,1990,2035,0.01,1
500000,41,0,0,48650,15183,0.0973,0
270000,53,0,0,239963,8710,0.8888,1
190000,26,0,0,184136,9000,0.9691,0
340000,37,0,0,16275,20047,0.0479,0
390000,30,0,0,338174,8738,0.8671,0
90000,31,0,1,63872,5003,0.7097,0
200000,27,0,2,174381,7000,0.8719,0
230000,43,0,0,0,0,0.0,0
100000,39,0,0,1890,24105,0.0189,0
30000,24,2,3,11483,1519,0.3828,1
50000,50,0,0,6449,1129,0.129,0
200000,44,1,1,-40,0,-0.0002,0
50000,39,0,0,42822,2000,0.8564,0
130000,31,0,0,5551,1500,0.0427,1
260000,46,0,0,29562,1500,0.1137,0
80000,28,0,1,9598,60,0.12,0
20000,30,1,1,-2610,3000,-0.1305,0
160000,27,0,0,31666,3000,0.1979,0
70000,24,0,0,65429,3136,0.9347,0
70000,26,0,0,60701,2735,0.8672,0
400000,38,0,2,3456,50263,0.0086,1
30000,26,1,1,0,780,0.0,0
240000,35,0,0,18336,5118,0.0764,0
40000,43,0,0,36415,1939,0.9104,0
510000,61,0,1,181733,17000,0.3563,0
20000,23,1,2,17538,0,0.8769,0
80000,26,0,0,60315,2850,0.7539,0
10000,37,0,0,5300,0,0.53,0
50000,61,0,1,38158,2220,0.7632,0
200000,31,1,3,29070,3019,0.1454,0
140000,59,0,1,129684,6193,0.9263,0
60000,28,0,0,60721,4000,1.012,1
100000,27,0,0,5552,1120,0.0555,1
30000,34,2,2,30082,0,1.0027,0
500000,42,0,0,1131,0,0.0023,0
420000,31,0,0,50771,1862,0.1209,0
130000,36,2,3,131989,0,1.0153,1
360000,56,0,0,60206,7690,0.1672,0
150000,36,0,0,9788,6252,0.0653,0
360000,33,0,0,845,0,0.0023,0
230000,29,0,0,157107,6000,0.6831,0
180000,31,0,0,18710,45460,0.1039,0
160000,34,1,1,-49,0,-0.0003,1
250000,43,0,0,399,508,0.0016,0
170000,40,0,0,6115,872,0.036,0
100000,28,0,0,95251,5401,0.9525,0
200000,37,0,0,3660,17302,0.0183,1
60000,53,0,0,55505,3000,0.9251,0
300000,44,0,0,58137,3000,0.1938,0
290000,29,0,1,22277,0,0.0768,0
30000,23,2,4,19674,2000,0.6558,0
340000,35,0,0,292302,3904,0.8597,0
90000,31,0,0,34704,3000,0.3856,0
140000,28,1,3,99215,0,0.7087,1
150000,31,0,0,110921,3000,0.7395,0
70000,47,0,2,62080,6874,0.8869,1
750000,41,0,0,184022,6817,0.2454,0
200000,26,0,0,116070,5096,0.5804,0
230000,39,2,1,183718,7236,0.7988,1
180000,43,0,0,1473,22969,0.0082,0
210000,40,0,1,2216,5258,0.0106,0
170000,31,0,1,136330,46000,0.8019,0
30000,26,0,3,8009,2316,0.267,0
30000,24,0,0,28749,2004,0.9583,0
90000,33,0,3,76395,4000,0.8488,0
50000,30,2,2,29826,0,0.5965,1
240000,28,1,1,0,1748,0.0,1
280000,63,0,0,4108,2219,0.0147,0
410000,31,0,0,0,0,0.0,0
30000,42,2,4,4641,2521,0.1547,1
260000,40,0,0,524,248,0.002,0
30000,51,0,0,16883,1303,0.5628,0
10000,23,1,5,8679,0,0.8679,0
290000,41,1,1,0,0,0.0,0
150000,37,0,0,2195,0,0.0146,1
30000,24,0,0,29416,1540,0.9805,0
360000,44,0,0,347696,20000,0.9658,0
240000,47,1,1,0,0,0.0,0
60000,28,1,3,0,3132,0.0,1
50000,31,0,0,9514,2100,0.1903,0
50000,42,0,0,1618,0,0.0324,0
50000,29,0,0,23236,1660,0.4647,0
10000,24,1,6,4231,1500,0.4231,1
110000,48,1,3,35341,0,0.3213,1
220000,29,1,1,0,3003,0.0,0
400000,44,0,0,120456,3557,0.3011,0
90000,26,0,2,70206,3300,0.7801,0
150000,48,2,6,84647,5950,0.5643,1
80000,26,0,1,77037,3300,0.963,0
50000,23,0,0,7965,1500,0.1593,0
50000,33,0,0,48355,2140,0.9671,0
20000,38,2,6,6313,2426,0.3156,0
50000,29,0,0,10498,1345,0.21,0
140000,27,0,0,62986,5000,0.4499,0
280000,36,0,0,4480,2120,0.016,1
130000,37,1,4,67612,0,0.5201,1
70000,25,1,2,0,0,0.0,0
470000,38,0,0,156454,5526,0.3329,0
500000,33,0,0,134503,20031,0.269,0
40000,35,2,1,21072,1504,0.5268,0
40000,45,1,2,40910,0,1.0228,0
50000,22,0,0,5856,3005,0.1171,0
40000,24,0,1,780,0,0.0195,1
50000,26,0,0,48457,1351,0.9691,0
310000,44,0,0,6571,1156,0.0212,0
140000,34,0,3,27098,3485,0.1936,1
80000,27,0,0,36406,2000,0.4551,1
210000,26,1,2,0,0,0.0,1
50000,23,0,0,18975,1400,0.3795,0
400000,39,2,6,50747,0,0.1269,0
60000,36,0,0,57262,5816,0.9544,0
160000,54,1,1,0,0,0.0,0
400000,31,1,1,-166,1,-0.0004,0
450000,46,0,0,28205,3793,0.0627,1
20000,35,0,1,10704,1517,0.5352,0
50000,47,0,2,47500,2700,0.95,0
200000,41,0,0,23570,742,0.1178,1
160000,42,0,0,51997,0,0.325,0
60000,48,2,6,60717,0,1.0119,1
280000,30,0,0,3510,0,0.0125,0
200000,28,0,0,1243,0,0.0062,0
100000,56,0,0,96392,4424,0.9639,0
10000,22,0,3,6579,1300,0.6579,1
80000,28,0,0,49740,2000,0.6218,1
440000,35,0,0,421895,15100,0.9589,1
500000,36,0,0,11168,9287,0.0223,0
20000,24,0,0,14628,3000,0.7314,0
500000,30,0,0,5800,7210,0.0116,0
30000,24,0,0,8217,5000,0.2739,0
180000,32,2,1,326,2241,0.0018,0
120000,23,0,0,100904,6629,0.8409,0
120000,50,0,0,149540,125000,1.2462,1
140000,40,0,0,77356,4000,0.5525,0
60000,26,0,1,23146,1400,0.3858,1
10000,22,0,0,528,0,0.0528,1
120000,39,0,0,51662,10000,0.4305,0
70000,26,0,1,28986,2400,0.4141,0
330000,28,1,1,0,1056,0.0,0
70000,40,0,0,65059,3141,0.9294,0
410000,48,0,0,6578,43821,0.016,0
360000,57,0,0,2505,4070,0.007,0
200000,28,0,0,0,0,0.0,0
20000,34,0,0,1030,4177,0.0515,0
90000,49,0,2,69380,2800,0.7709,0
60000,30,0,0,36082,1628,0.6014,0
120000,34,1,2,-325,1000,-0.0027,0
210000,30,1,1,0,0,0.0,0
40000,25,2,3,25741,1750,0.6435,1
130000,42,0,0,105406,4349,0.8108,0
150000,38,0,0,675,0,0.0045,0
30000,39,1,4,22595,3000,0.7532,1
380000,52,2,2,390409,15353,1.0274,0
150000,40,0,0,56690,3606,0.3779,1
50000,22,2,3,41632,3509,0.8326,1
170000,27,0,0,17066,4000,0.1004,0
360000,41,0,0,498,498,0.0014,1
500000,38,0,0,238708,90012,0.4774,0
200000,36,1,1,12099,0,0.0605,0
240000,33,0,0,30973,1537,0.1291,0
210000,38,0,0,142,307,0.0007,0
110000,28,0,1,66831,3021,0.6076,0
10000,46,0,5,6277,1000,0.6277,1
180000,34,0,0,1599,0,0.0089,0
50000,41,2,6,29463,0,0.5893,0
180000,32,0,0,63461,3018,0.3526,0
40000,24,0,0,38221,3107,0.9555,1
50000,25,0,0,910,1607,0.0182,0
200000,29,0,0,390,390,0.002,0
120000,27,2,2,500,0,0.0042,0
90000,62,0,0,98784,1050,1.0976,0
130000,32,0,0,65599,3000,0.5046,0
120000,48,0,1,72528,2680,0.6044,0
350000,46,0,0,102060,10069,0.2916,0
200000,28,0,0,778,506,0.0039,0
80000,26,0,0,76158,8000,0.952,0
50000,45,0,1,4736,0,0.0947,0
20000,46,1,3,15481,1600,0.774,0
90000,31,0,3,23418,1408,0.2602,0
160000,34,0,0,5283,1500,0.033,1
50000,41,2,3,31303,5700,0.6261,0
220000,30,1,2,29007,0,0.1318,0
70000,29,0,0,68532,3300,0.979,0
30000,52,2,3,31521,0,1.0507,0
80000,46,2,1,58934,2254,0.7367,1
10000,23,0,0,3072,2535,0.3072,0
80000,46,0,0,4742,1277,0.0593,0
50000,25,0,0,45943,1818,0.9189,0
60000,47,0,0,49689,3007,0.8282,0
50000,41,0,0,40710,3000,0.8142,0
80000,26,0,0,78513,3000,0.9814,0
120000,32,0,0,113650,3999,0.9471,0
80000,60,0,1,30959,1458,0.387,0
110000,33,0,0,111249,4000,1.0114,0
140000,51,0,0,58213,3500,0.4158,0
50000,22,1,3,5139,0,0.1028,0
50000,38,0,0,44837,1871,0.8967,0
320000,42,0,0,19252,4027,0.0602,0
140000,38,2,6,131877,7000,0.942,0
180000,35,0,0,827,675,0.0046,0
50000,25,1,2,21679,0,0.4336,1
310000,36,0,0,52191,3012,0.1684,0
50000,23,0,0,1300,628,0.026,0
160000,62,0,0,37615,1700,0.2351,0
220000,33,0,0,9649,8300,0.0439,0
140000,41,0,4,57607,4000,0.4115,0
50000,49,0,0,50430,2500,1.0086,0
60000,24,0,1,57480,4207,0.958,0
20000,28,0,3,3515,1000,0.1758,1
100000,27,0,2,39056,5000,0.3906,0
150000,29,0,0,149278,3984,0.9952,0
260000,30,0,0,326,326,0.0013,0
50000,38,0,0,31304,3000,0.6261,0
320000,29,0,0,838,4309,0.0026,0
180000,35,0,0,95757,3400,0.532,0
120000,35,1,2,0,0,0.0,1
500000,41,0,1,5094,6000,0.0102,0
220000,32,0,0,8757,9,0.0398,0
50000,26,1,1,0,0,0.0,0
180000,56,0,0,440,440,0.0024,1
230000,33,1,1,-133,744,-0.0006,0
220000,36,0,0,4952,1734,0.0225,0
160000,41,0,0,2524,0,0.0158,1
50000,23,0,0,17528,1000,0.3506,0
100000,41,0,2,100284,3500,1.0028,0
360000,32,0,0,2708,5588,0.0075,0
160000,38,0,0,6000,6000,0.0375,0
100000,25,0,0,9424,1259,0.0942,0
170000,24,0,0,171465,18500,1.0086,0
80000,26,0,0,11284,1500,0.141,0
50000,44,0,0,38736,3000,0.7747,0
500000,32,0,0,0,0,0.0,0
20000,47,0,2,16888,1616,0.8444,0
30000,26,0,0,14923,1600,0.4974,0
60000,30,0,0,0,0,0.0,0
360000,44,0,0,18295,3204,0.0508,0
240000,50,0,0,52771,3000,0.2199,0
50000,36,0,1,49212,5450,0.9842,0
50000,46,2,2,49423,10,0.9885,0
60000,29,0,0,59190,2200,0.9865,0
210000,25,1,1,0,0,0.0,0
330000,42,0,0,870,0,0.0026,0
90000,25,0,1,3407,10850,0.0379,0
380000,27,0,0,44986,70000,0.1184,0
500000,34,0,0,60278,1745,0.1206,0
30000,35,0,0,23697,3000,0.7899,0
50000,33,0,2,29616,5000,0.5923,1
360000,33,0,0,364367,14050,1.0121,0
310000,28,0,0,3473,201153,0.0112,0
60000,26,1,4,58603,2000,0.9767,0
120000,47,0,0,118148,5033,0.9846,0
140000,33,0,0,27234,1389,0.1945,0
220000,41,0,0,219198,5068,0.9964,0
400000,29,0,0,31348,28102,0.0784,0
50000,56,0,0,48836,2000,0.9767,0
80000,35,1,1,0,0,0.0,1
150000,33,0,0,21112,5000,0.1407,0
50000,26,0,0,28408,1477,0.5682,0
50000,50,0,0,50224,2200,1.0045,0
210000,25,0,0,96518,1681,0.4596,0
90000,30,0,1,41789,2100,0.4643,0
320000,31,0,0,1391,50006,0.0043,0
180000,29,0,0,0,0,0.0,0
310000,24,0,0,165477,6000,0.5338,0
50000,23,0,0,48529,1743,0.9706,0
120000,41,0,1,113796,6000,0.9483,0
150000,36,0,0,1374,0,0.0092,0
20000,47,0,1,8424,0,0.4212,0
180000,43,0,0,130500,47346,0.725,0
120000,39,0,0,114644,4320,0.9554,0
100000,27,1,1,0,429,0.0,0
210000,51,0,0,1900,0,0.009,0
100000,23,0,1,85435,3143,0.8544,0
120000,41,0,0,7877,11532,0.0656,0
190000,54,0,0,88,0,0.0005,0
80000,30,0,0,59292,5009,0.7412,0
70000,34,0,0,59841,2610,0.8549,0
60000,42,1,2,60560,2065,1.0093,1
50000,25,0,0,8107,1000,0.1621,0
110000,45,0,0,108214,5300,0.9838,0
200000,47,0,0,8172,20003,0.0409,0
210000,33,1,1,0,0,0.0,0
30000,50,1,3,22320,0,0.744,1
160000,32,0,0,1179,4042,0.0074,1
20000,23,0,4,13884,3000,0.6942,1
70000,42,0,0,66681,3768,0.9526,0
260000,51,0,0,1821,7091,0.007,0
260000,51,0,0,200964,8000,0.7729,0
50000,54,0,0,42659,1500,0.8532,0
170000,26,1,2,16237,0,0.0955,0
20000,25,1,2,15863,0,0.7932,0
40000,24,1,3,9958,2500,0.249,0
220000,39,0,0,192815,20000,0.8764,0
30000,23,0,2,29336,1800,0.9779,1
20000,22,0,0,17676,1451,0.8838,1
120000,34,0,0,67253,1954,0.5604,0
110000,32,0,3,30852,1906,0.2805,0
170000,23,2,1,160189,5936,0.9423,0
90000,32,1,3,32226,1839,0.3581,1
140000,35,0,0,2000,0,0.0143,0
200000,41,0,0,23025,0,0.1151,1
50000,27,0,0,46301,2187,0.926,0
70000,23,0,0,0,3999,0.0,0
50000,45,0,0,49073,2022,0.9815,0
20000,57,0,0,20104,3000,1.0052,0
20000,47,3,6,17772,1300,0.8886,1
200000,32,1,6,18726,0,0.0936,1
460000,28,0,0,17919,1500,0.039,0
140000,28,1,1,0,0,0.0,0
240000,65,0,0,4110,1000,0.0171,0
70000,53,0,0,24645,0,0.3521,0
410000,53,0,0,4213,187,0.0103,0
90000,28,0,0,91431,4672,1.0159,0
260000,35,0,0,228,500,0.0009,0
260000,53,0,0,3304,7378,0.0127,0
200000,36,0,2,1762,4,0.0088,1
500000,35,0,0,4814,13275,0.0096,0
20000,35,0,0,5745,2224,0.2872,1
20000,40,0,0,17068,1800,0.8534,1
20000,24,0,0,19096,1335,0.9548,0
360000,58,0,0,1351,554,0.0038,0
20000,43,2,4,9286,1200,0.4643,1
30000,25,3,4,18585,1300,0.6195,1
180000,44,0,0,18896,2006,0.105,0
30000,48,0,4,20817,3400,0.6939,0
190000,48,0,0,146034,5704,0.7686,0
220000,35,0,0,11636,3004,0.0529,0
40000,37,0,2,12745,1500,0.3186,0
100000,30,2,1,85806,3100,0.8581,1
30000,41,0,0,22346,8816,0.7449,0
60000,40,0,0,35602,1654,0.5934,0
80000,28,0,3,44739,3000,0.5592,0
180000,41,2,1,106944,3500,0.5941,0
90000,32,1,1,-295,0,-0.0033,0
230000,32,1,1,0,351,0.0,0
90000,26,0,0,83900,4022,0.9322,1
290000,39,0,0,316,316,0.0011,0
100000,58,2,2,87851,0,0.8785,1
360000,37,0,0,4644,1417,0.0129,0
100000,28,0,0,61396,3012,0.614,0
200000,33,0,0,846,4974,0.0042,0
70000,30,0,0,19492,1600,0.2785,0
200000,26,0,0,0,0,0.0,0
70000,24,0,0,68689,3120,0.9813,0
460000,33,0,0,877,0,0.0019,0
80000,47,0,0,7345,4596,0.0918,0
90000,49,0,0,316,714,0.0035,0
310000,29,0,0,760,3674,0.0025,0
310000,38,1,1,0,0,0.0,1
50000,29,0,0,48517,3000,0.9703,0
220000,30,0,0,15069,680,0.0685,0
70000,25,0,0,31680,2000,0.4526,0
60000,34,0,0,37749,1948,0.6292,0
450000,54,0,0,727,0,0.0016,0
20000,29,0,0,342,792,0.0171,0
420000,33,0,0,6135,51,0.0146,1
10000,22,0,0,6579,1134,0.6579,1
20000,25,2,6,1650,0,0.0825,1
200000,49,2,6,91140,4200,0.4557,1
80000,25,0,1,78639,3200,0.983,0
80000,30,0,0,78010,1106,0.9751,1
60000,23,0,0,59318,2065,0.9886,0
230000,28,0,0,326,326,0.0014,0
100000,30,1,2,94432,0,0.9443,0
200000,29,0,0,0,0,0.0,1
110000,26,0,0,57861,2191,0.526,0
50000,22,0,0,47478,1000,0.9496,0
260000,53,1,2,0,990,0.0,1
220000,32,0,1,205310,7600,0.9332,0
200000,32,0,0,1727,1809,0.0086,0
10000,26,1,4,5015,0,0.5015,1
180000,34,0,0,37671,1800,0.2093,0
210000,30,0,3,45998,2150,0.219,0
310000,29,2,1,45153,2904,0.1457,1
360000,29,0,0,12018,32038,0.0334,0
200000,51,0,0,102847,52556,0.5142,0
180000,39,2,3,180645,8000,1.0036,1
140000,27,0,3,34229,1583,0.2445,0
50000,32,1,4,20091,700,0.4018,1
60000,33,0,0,59615,2300,0.9936,0
90000,27,1,1,0,0,0.0,0
100000,40,0,0,86208,3595,0.8621,0
20000,24,1,1,-1400,0,-0.07,0
110000,29,0,0,18166,3000,0.1651,0
70000,25,0,0,24526,1790,0.3504,0
170000,33,0,0,4018,6330,0.0236,0
500000,64,0,0,0,0,0.0,1
30000,38,1,4,9303,0,0.3101,0
50000,23,0,0,33109,1660,0.6622,0
10000,22,0,1,9721,2939,0.9721,0
200000,35,0,0,13766,39124,0.0688,0
390000,29,0,0,196172,9599,0.503,0
140000,32,2,6,76187,9834,0.5442,1
220000,50,0,0,612,10612,0.0028,0
500000,40,0,0,2121,0,0.0042,0
100000,49,0,0,1261,1261,0.0126,0
400000,30,0,0,121219,4981,0.303,0
80000,26,0,0,76436,5990,0.9554,0
30000,39,0,0,28138,1793,0.9379,0
240000,35,0,0,160161,7405,0.6673,1
500000,49,0,0,478030,205,0.9561,1
50000,36,0,0,42150,3000,0.843,0
180000,34,0,0,1341,4185,0.0074,0
100000,33,0,1,70096,3300,0.701,0
180000,29,0,1,85465,11508,0.4748,0
50000,40,0,0,52828,3000,1.0566,0
360000,29,0,0,51400,0,0.1428,0
330000,27,1,1,0,0,0.0,1
200000,38,0,0,3048,0,0.0152,0
40000,22,0,0,900,2833,0.0225,0
260000,37,0,0,36664,1690,0.141,0
320000,40,0,0,10853,34151,0.0339,0
10000,22,0,0,390,390,0.039,0
230000,30,0,0,218495,8270,0.95,0
10000,24,0,1,5666,576,0.5666,1
30000,25,2,2,581,1312,0.0194,1
90000,41,0,0,45431,2749,0.5048,0
300000,41,1,1,390,390,0.0013,0
230000,31,0,0,17587,2000,0.0765,0
150000,27,0,0,9489,2500,0.0633,0
60000,52,0,0,56893,3000,0.9482,0
50000,25,0,0,41739,1650,0.8348,0
140000,31,0,0,64300,20009,0.4593,0
90000,25,0,0,80603,2827,0.8956,0
80000,50,0,3,67328,3113,0.8416,1
260000,38,0,0,892,2955,0.0034,0
60000,53,0,3,747,0,0.0124,0
50000,48,2,6,44489,2000,0.8898,1
150000,34,0,3,40749,0,0.2717,0
220000,36,0,0,307,200,0.0014,0
330000,36,0,0,95255,10500,0.2887,0
300000,37,0,0,67943,3121,0.2265,0
70000,29,0,0,71232,2751,1.0176,0
300000,29,0,0,-1282,0,-0.0043,0
70000,43,0,2,31652,5000,0.4522,0
110000,24,2,6,101402,6600,0.9218,0
240000,28,0,0,121109,6000,0.5046,0
80000,54,0,0,60980,1541,0.7622,0
50000,26,0,0,0,0,0.0,0
420000,32,0,0,45465,1706,0.1082,0
220000,41,2,2,27094,1465,0.1232,0
150000,31,0,0,90121,2031,0.6008,0
60000,31,0,0,9815,11160,0.1636,0
260000,46,0,0,0,135,0.0,0
180000,34,1,1,0,0,0.0,1
130000,25,1,2,39728,0,0.3056,0
220000,45,0,0,204052,7600,0.9275,0
200000,40,2,1,58118,150000,0.2906,0
130000,27,0,0,326,326,0.0025,1
420000,41,0,0,22186,15262,0.0528,0
30000,23,0,0,26669,1844,0.889,1
110000,43,0,0,390,5050,0.0035,0
150000,25,1,1,0,0,0.0,1
50000,38,0,0,0,0,0.0,0
200000,41,1,1,0,0,0.0,0
170000,33,0,0,170440,8200,1.0026,1
200000,25,0,0,134857,4257,0.6743,0
200000,31,1,2,153829,7022,0.7691,0
50000,33,2,1,50786,2034,1.0157,0
500000,38,0,0,477468,21000,0.9549,0
150000,25,0,0,3125,8443,0.0208,0
30000,25,0,0,836,836,0.0279,0
230000,33,0,0,483,0,0.0021,0
360000,49,0,0,13219,3050,0.0367,1
380000,37,0,0,452092,17400,1.1897,0
30000,43,2,6,13509,500,0.4503,0
50000,43,0,0,53651,3000,1.073,0
420000,47,1,1,0,0,0.0,0
70000,32,0,0,66982,3036,0.9569,0
50000,37,0,0,51734,2003,1.0347,0
350000,33,0,0,341200,14000,0.9749,1
200000,32,0,0,10532,0,0.0527,0
340000,29,0,1,5060,7604,0.0149,0
50000,25,0,0,24724,2000,0.4945,0
20000,22,0,4,15189,2869,0.7594,1
360000,34,1,1,0,0,0.0,1
140000,29,0,0,29785,4000,0.2128,0
150000,39,2,3,117485,0,0.7832,1
100000,35,0,1,98899,8800,0.989,1
460000,44,0,0,1762,3152,0.0038,0
150000,34,1,3,147833,6130,0.9856,0
290000,39,0,0,79298,0,0.2734,0
240000,35,0,2,109226,5500,0.4551,0
210000,41,0,0,779,11000,0.0037,0
350000,33,0,0,293303,50070,0.838,0
280000,37,0,1,4591,38979,0.0164,0
150000,43,0,0,105416,5800,0.7028,0
170000,29,0,0,7383,23518,0.0434,0
50000,40,1,2,24091,0,0.4818,0
100000,51,3,6,56002,1000,0.56,1
50000,24,0,0,47578,2000,0.9516,0
230000,33,1,1,0,0,0.0,1
90000,28,2,1,33382,3000,0.3709,1
20000,24,1,2,12060,0,0.603,0
260000,40,0,0,1022,1085,0.0039,0
290000,40,0,0,636,6732,0.0022,1
50000,34,1,2,49378,0,0.9876,0
60000,42,0,0,54216,4000,0.9036,0
180000,36,0,0,787,398,0.0044,0
250000,43,0,0,82650,3503,0.3306,0
90000,29,0,0,82410,8000,0.9157,0
10000,52,2,6,3475,1100,0.3475,0
290000,37,0,0,54966,4020,0.1895,0
80000,27,0,0,79534,3174,0.9942,0
30000,25,2,6,300,0,0.01,0
200000,37,0,0,24779,8318,0.1239,0
50000,56,0,0,63348,2400,1.267,0
220000,47,4,6,216591,0,0.9845,1
430000,48,0,0,32263,1794,0.075,0
50000,27,0,0,48945,1819,0.9789,1
410000,33,0,0,333,333,0.0008,0
50000,39,0,3,23912,0,0.4782,0
110000,47,0,0,72897,3290,0.6627,0
50000,28,1,2,50146,0,1.0029,0
30000,56,3,6,26551,0,0.885,1
80000,25,3,6,6269,1200,0.0784,1
230000,39,0,0,8681,8681,0.0377,0
300000,66,0,0,259513,10000,0.865,1
230000,28,0,0,23063,2000,0.1003,0
220000,36,0,0,769,0,0.0035,0
200000,26,0,0,199649,7263,0.9982,0
130000,30,2,2,112822,4527,0.8679,1
20000,25,0,0,17263,4321,0.8632,0
400000,31,0,0,7912,4220,0.0198,0
230000,29,0,0,31206,1500,0.1357,0
30000,36,0,0,6727,2000,0.2242,0
190000,44,0,0,197494,7200,1.0394,0
220000,27,0,0,471,5272,0.0021,0
20000,30,0,0,19149,1392,0.9574,0
280000,29,0,0,0,0,0.0,0
190000,36,0,0,79584,7007,0.4189,0
260000,36,0,0,5877,10000,0.0226,0
80000,34,0,1,63343,3000,0.7918,0
60000,24,0,0,57147,3000,0.9524,0
80000,52,0,0,35861,1500,0.4483,0
360000,36,0,1,15521,36011,0.0431,1
350000,33,0,0,598,0,0.0017,0
50000,25,0,2,46741,2900,0.9348,0
360000,40,0,0,10210,0,0.0284,0
100000,41,0,0,7432,1633,0.0743,1
360000,29,0,0,1498,0,0.0042,0
120000,31,0,0,388,0,0.0032,0
20000,51,0,0,19255,2000,0.9628,0
100000,31,2,6,84886,4100,0.8489,1
60000,22,0,0,60103,3033,1.0017,0
240000,28,0,2,5018,0,0.0209,1
70000,25,0,0,67906,2519,0.9701,0
360000,31,0,0,12521,18843,0.0348,0
290000,47,0,0,3700,18035,0.0128,0
90000,24,0,0,85365,4054,0.9485,0
80000,54,0,0,12011,3794,0.1501,0
50000,38,1,2,28651,0,0.573,0
50000,54,0,0,48065,2082,0.9613,0
160000,45,0,0,19477,10528,0.1217,0
120000,53,2,2,66963,3500,0.558,1
500000,27,0,0,78335,2315,0.1567,0
50000,24,0,0,1572,1572,0.0314,0
50000,28,0,0,35277,1800,0.7055,1
50000,28,0,0,2940,1100,0.0588,0
210000,33,0,0,591,1053,0.0028,0
80000,26,0,0,5844,1067,0.073,0
20000,31,0,3,12761,1229,0.638,0
310000,34,0,0,455,455,0.0015,1
150000,29,0,1,18231,3000,0.1215,0
50000,50,0,0,48926,2036,0.9785,1
100000,30,2,4,68436,0,0.6844,1
150000,31,0,0,136692,2000,0.9113,0
50000,23,1,2,6226,0,0.1245,0
180000,51,1,3,0,31,0.0,1
50000,23,0,0,8647,4890,0.1729,0
50000,36,0,0,44449,2500,0.889,0
50000,43,0,0,6748,1366,0.135,0
230000,41,0,0,231187,10500,1.0052,0
70000,24,0,1,68659,3500,0.9808,0
50000,51,0,0,6700,13902,0.134,0
10000,31,0,0,10503,1140,1.0503,0
30000,27,0,1,27061,1504,0.902,0
230000,29,0,0,69853,2310,0.3037,0
50000,61,0,1,20907,1672,0.4181,0
20000,31,0,0,17766,1630,0.8883,0
20000,31,0,0,16569,11000,0.8284,0
360000,26,0,0,0,2500,0.0,0
120000,28,0,1,8460,5000,0.0705,0
400000,35,0,0,11802,73022,0.0295,0
360000,40,0,0,5772,11694,0.016,0
500000,55,0,0,16593,226145,0.0332,0
500000,50,0,0,197004,20000,0.394,0
80000,26,0,0,2159,2000,0.027,0
20000,23,0,0,9410,7120,0.4705,0
20000,24,0,0,24146,2024,1.2073,0
200000,51,0,0,1690,0,0.0084,1
50000,27,0,1,11231,2000,0.2246,0
120000,46,0,0,4940,0,0.0412,1
30000,37,0,0,27526,1714,0.9175,0
390000,35,0,0,33808,15347,0.0867,0
200000,57,0,0,1964,2698,0.0098,0
260000,52,2,4,150,0,0.0006,1
210000,33,0,0,1024,264,0.0049,0
180000,46,0,2,780,0,0.0043,0
120000,27,0,1,83567,4326,0.6964,0
50000,26,0,2,5713,0,0.1143,1
50000,32,0,0,46281,1658,0.9256,0
50000,30,0,1,43935,5000,0.8787,0
90000,24,0,0,80699,2991,0.8967,0
80000,23,1,3,32337,0,0.4042,0
50000,24,0,0,23553,1700,0.4711,0
310000,24,0,0,203519,6373,0.6565,0
100000,25,0,0,18883,2000,0.1888,0
230000,50,1,1,0,211,0.0,0
120000,40,0,0,31543,1600,0.2629,1
230000,48,0,0,160879,7000,0.6995,0
360000,38,1,3,29773,2000,0.0827,0
500000,37,0,0,37443,24197,0.0749,0
50000,44,0,0,49996,1596,0.9999,1
30000,49,0,2,11554,1300,0.3851,0
720000,45,0,0,125529,8019,0.1743,0
10000,22,0,1,4060,1300,0.406,0
400000,27,0,0,5457,4460,0.0136,1
150000,33,0,0,2858,9934,0.0191,0
500000,54,0,0,2634,1119,0.0053,0
50000,25,0,0,43259,1405,0.8652,0
210000,26,0,0,26847,1500,0.1278,0
260000,36,0,0,531,0,0.002,0
240000,38,1,5,7466,899,0.0311,1
360000,30,0,0,0,90,0.0,0
200000,30,0,0,0,0,0.0,0
50000,43,0,0,150,809,0.003,0
80000,23,1,1,0,0,0.0,1
230000,29,0,0,32375,5000,0.1408,0
500000,40,0,0,4240,80648,0.0085,0
70000,40,2,3,45740,0,0.6534,1
50000,36,2,4,37397,3500,0.7479,1
210000,34,0,0,862,1144,0.0041,0
220000,41,0,0,157980,11024,0.7181,0
100000,29,2,4,75242,0,0.7524,0
150000,45,0,0,9487,0,0.0632,0
50000,42,0,0,1464,1469,0.0293,0
50000,45,0,1,261,2305,0.0052,0
410000,48,0,0,28921,5422,0.0705,1
80000,29,0,0,0,0,0.0,0
70000,35,1,3,68375,5000,0.9768,0
210000,28,0,0,1082,0,0.0052,0
290000,36,0,0,320952,11149,1.1067,0
50000,42,0,0,12111,1300,0.2422,1
380000,40,0,0,31526,21255,0.083,0
60000,24,1,3,59201,2300,0.9867,0
200000,37,0,0,4289,1187,0.0214,0
200000,32,0,0,64059,3372,0.3203,0
190000,33,0,0,546,1213,0.0029,0
80000,46,0,0,73366,4000,0.9171,0
480000,33,0,0,118986,30000,0.2479,0
20000,53,0,0,16854,1500,0.8427,0
230000,30,1,1,0,0,0.0,1
160000,31,0,0,75636,3400,0.4727,0
50000,49,1,2,36728,36,0.7346,0
80000,47,1,2,17401,0,0.2175,0
240000,39,0,0,11958,0,0.0498,0
50000,27,0,0,451,0,0.009,0
300000,35,1,2,240394,10000,0.8013,0
200000,23,0,0,67821,4938,0.3391,0
180000,43,0,0,171992,6099,0.9555,0
370000,27,0,0,50886,11378,0.1375,0
230000,28,0,0,31875,2000,0.1386,0
90000,27,2,3,85753,4000,0.9528,1
20000,26,0,1,11065,1206,0.5532,1
280000,57,0,3,929,1669,0.0033,0
200000,39,1,1,0,0,0.0,1
140000,73,0,0,135206,5082,0.9658,0
150000,27,0,0,3467,2008,0.0231,0
50000,31,2,6,26441,2600,0.5288,1
50000,25,0,0,40407,1814,0.8081,0
20000,23,0,1,15573,2000,0.7786,0
200000,33,0,0,150573,6550,0.7529,0
20000,23,0,0,8647,1232,0.4324,0
30000,24,0,0,26573,1500,0.8858,1
80000,34,2,3,17294,5210,0.2162,1
230000,30,0,0,112402,6000,0.4887,0
240000,38,0,0,0,0,0.0,0
200000,38,2,3,166,1694,0.0008,1
80000,49,0,0,71775,2911,0.8972,0
290000,39,1,1,-9,707,-0.0,1
70000,23,0,1,18285,1400,0.2612,1
30000,38,0,1,7979,1200,0.266,0
30000,31,2,3,18870,1906,0.629,1
280000,37,0,0,1152,49349,0.0041,0
200000,28,0,0,3099,3174,0.0155,0
60000,28,0,0,20000,0,0.3333,0
140000,26,0,0,136953,6350,0.9782,0
390000,29,0,0,160537,30000,0.4116,0
30000,28,0,0,6359,1230,0.212,0
160000,54,0,1,780,0,0.0049,1
500000,32,0,0,13631,3840,0.0273,0
180000,26,0,0,5000,1600,0.0278,0
290000,33,0,0,117275,3700,0.4044,0
140000,35,0,0,142119,6000,1.0151,0
50000,31,0,0,13641,2000,0.2728,0
130000,47,2,6,115704,4900,0.89,0
160000,48,0,0,156197,4700,0.9762,1
110000,35,0,0,112820,4800,1.0256,0
180000,33,0,0,506,0,0.0028,0
260000,32,0,0,169734,6568,0.6528,1
310000,32,0,0,66916,2440,0.2159,0
450000,44,0,0,19951,8203,0.0443,0
130000,27,0,0,69353,2139,0.5335,0
300000,36,1,2,5602,0,0.0187,0
160000,39,1,1,0,0,0.0,0
30000,26,0,0,12813,3000,0.4271,0
270000,48,2,3,53624,15018,0.1986,1
360000,63,1,1,-3,0,-0.0,1
360000,42,1,1,0,0,0.0,1
180000,40,0,0,3071,5639,0.0171,0
360000,41,0,0,390,390,0.0011,0
280000,45,2,6,2482,0,0.0089,1
220000,44,0,0,5005,5000,0.0228,0
20000,47,0,0,8152,1125,0.4076,0
310000,32,0,0,172772,8295,0.5573,0
160000,52,1,2,2259,1310,0.0141,1
50000,27,1,1,-2900,0,-0.058,0
20000,38,0,0,16619,1500,0.831,1
20000,26,0,0,18626,2000,0.9313,1
470000,32,0,0,181224,7000,0.3856,0
160000,31,0,0,42781,2300,0.2674,1
220000,31,0,0,2828,2828,0.0129,0
50000,42,0,0,11618,1216,0.2324,0
50000,22,2,3,13752,4448,0.275,1
230000,53,0,0,10000,0,0.0435,0
70000,51,2,6,43913,2000,0.6273,0
360000,29,1,1,0,0,0.0,0
90000,24,0,0,520,0,0.0058,0
180000,27,0,0,2658,2014,0.0148,1
50000,53,0,0,47750,2180,0.955,1
210000,39,0,0,0,0,0.0,0
50000,24,0,1,52227,5350,1.0445,0
10000,23,2,1,8206,1134,0.8206,0
80000,42,0,0,74380,2619,0.9298,0
200000,34,0,0,3600,4,0.018,0
500000,41,2,1,564757,19850,1.1295,1
50000,42,0,0,49401,2100,0.988,0
50000,22,2,2,31285,3000,0.6257,0
80000,46,2,2,40154,80,0.5019,0
50000,23,1,2,10393,0,0.2079,0
50000,22,0,1,5696,1277,0.1139,0
80000,24,0,0,78749,4000,0.9844,0
100000,39,3,5,76620,0,0.7662,1
360000,49,1,1,0,0,0.0,0
510000,37,0,0,386,763,0.0008,0
120000,26,0,0,47733,3000,0.3978,0
130000,48,0,0,13570,785,0.1044,0
330000,44,0,0,604019,19001,1.8304,0
50000,40,0,0,29311,10000,0.5862,0
30000,43,0,1,25724,5300,0.8575,0
200000,24,0,0,156683,5808,0.7834,0
80000,33,2,6,53843,3500,0.673,0
220000,39,0,0,6589,2901,0.03,0
70000,30,1,1,-25,0,-0.0004,0
350000,48,0,0,311013,11019,0.8886,0
40000,27,0,0,38561,1700,0.964,0
60000,24,0,1,60753,2800,1.0126,0
120000,34,0,0,6059,1943,0.0505,0
50000,48,0,0,50894,1385,1.0179,0
100000,44,0,1,68444,5000,0.6844,1
210000,30,0,1,85988,5000,0.4095,1
20000,35,0,1,16528,3400,0.8264,0
240000,42,0,0,159362,146282,0.664,0
170000,43,0,0,95780,13298,0.5634,0
330000,34,0,0,316,310,0.001,0
70000,43,0,0,59829,1586,0.8547,0
50000,29,0,0,45561,2500,0.9112,0
130000,38,0,0,9439,63053,0.0726,0
50000,36,2,6,2400,0,0.048,1
450000,30,0,0,46244,1599,0.1028,1
100000,41,2,6,68786,2500,0.6879,1
120000,26,0,0,11513,1206,0.0959,0
270000,29,0,0,14728,10000,0.0545,0
80000,36,0,0,5012,1200,0.0626,0
80000,40,0,0,80855,2800,1.0107,0
320000,33,0,0,3903,3609,0.0122,0
380000,35,1,1,-6,15105,-0.0,0
380000,41,0,0,86950,3239,0.2288,0
180000,41,0,0,21450,0,0.1192,0
100000,31,0,0,32430,2579,0.3243,0
290000,29,0,0,41435,1690,0.1429,0
90000,27,0,0,1040,3963,0.0116,1
10000,24,5,4,9829,0,0.9829,1
150000,31,0,0,31991,18696,0.2133,0
160000,32,2,4,400,0,0.0025,0
200000,27,2,3,191406,15100,0.957,1
30000,23,0,0,1393,1393,0.0464,0
70000,24,0,0,65920,3150,0.9417,0
160000,30,1,1,0,0,0.0,0
140000,27,2,6,94903,4400,0.6779,1
50000,22,0,0,11867,1309,0.2373,0
50000,23,0,0,496,454,0.0099,0
150000,31,0,0,1575,3651,0.0105,0
120000,34,1,1,0,0,0.0,0
160000,63,1,1,-2,0,-0.0,0
180000,26,0,0,252810,8013,1.4045,0
220000,27,0,0,220588,9000,1.0027,0
10000,22,2,1,8631,1238,0.8631,1
80000,36,0,0,1069,2000,0.0134,0
110000,28,0,0,105080,5540,0.9553,0
80000,51,1,1,-12,0,-0.0001,1
270000,52,0,1,18758,4937,0.0695,0
160000,36,1,2,163897,0,1.0244,0
50000,44,0,0,16726,2000,0.3345,0
60000,39,0,0,58017,2396,0.967,0
140000,28,0,4,137706,12300,0.9836,0
360000,34,0,0,277569,10500,0.771,0
200000,34,0,0,6093,4310,0.0305,0
40000,36,1,2,38430,0,0.9608,1
50000,50,2,2,48381,2200,0.9676,1
50000,46,0,0,48095,1500,0.9619,0
70000,27,0,0,134781,6012,1.9254,0
500000,41,0,0,719,1558,0.0014,0
160000,37,0,1,17723,0,0.1108,1
180000,28,0,0,176802,6963,0.9822,0
100000,25,0,0,48285,390,0.4828,0
50000,38,0,0,4965,500,0.0993,0
210000,33,0,0,141571,5000,0.6741,1
140000,29,0,0,700,700,0.005,0
80000,23,0,0,50884,2427,0.636,1
120000,28,0,1,75982,3451,0.6332,1
280000,48,0,0,74267,3110,0.2652,0
80000,45,0,0,30063,1843,0.3758,0
200000,31,0,1,2126,99787,0.0106,0
300000,27,0,0,2566,4725,0.0086,0
40000,34,0,0,7018,7419,0.1754,0
360000,38,1,3,0,0,0.0,1
60000,30,1,1,0,345,0.0,0
110000,29,2,6,600,0,0.0055,1
50000,42,1,1,-4,0,-0.0001,0
150000,24,0,0,1563,5689,0.0104,0
60000,22,0,0,61094,3000,1.0182,0
20000,25,0,0,17693,1081,0.8846,0
360000,33,0,0,9797,1000,0.0272,0
30000,25,0,0,7833,0,0.2611,0
70000,36,0,0,59331,3500,0.8476,0
50000,28,0,0,48433,2000,0.9687,1
80000,37,2,6,58024,2800,0.7253,1
200000,35,0,0,7677,7240,0.0384,0
480000,42,0,0,7245,0,0.0151,0
60000,46,2,1,59748,2500,0.9958,1
150000,60,0,0,149892,6780,0.9993,1
400000,40,0,0,4750,0,0.0119,1
300000,36,1,2,-78,0,-0.0003,1
80000,26,0,1,40931,4100,0.5116,0
30000,25,1,4,25787,3000,0.8596,0
300000,33,0,0,283552,10000,0.9452,0
50000,23,0,0,50643,2741,1.0129,0
400000,53,0,0,252860,11416,0.6322,0
280000,26,0,0,70219,3165,0.2508,0
160000,30,0,2,6548,7,0.0409,0
450000,53,0,0,3873,3128,0.0086,0
50000,47,1,1,0,0,0.0,0
120000,47,0,0,16224,2001,0.1352,0
60000,57,0,0,20866,2000,0.3478,0
210000,26,0,0,129882,6000,0.6185,0
110000,24,0,0,28956,5000,0.2632,0
110000,32,1,2,42867,0,0.3897,1
140000,41,0,0,92281,3551,0.6592,0
430000,36,1,1,1821,2324,0.0042,0
20000,43,0,0,4820,1837,0.241,0
360000,31,1,1,-1,181,-0.0,0
630000,29,0,0,497106,15868,0.7891,1
60000,39,0,0,52149,1173,0.8692,0
50000,41,0,1,48238,4866,0.9648,0
200000,41,0,0,855,0,0.0043,0
20000,61,2,1,18828,1400,0.9414,0
260000,37,1,1,0,0,0.0,0
210000,32,0,0,8600,0,0.041,0
30000,31,0,0,28716,2000,0.9572,0
500000,33,0,0,1025,2000,0.002,0
20000,47,0,1,19753,1401,0.9876,0
240000,40,0,0,626,626,0.0026,0
20000,45,0,0,16392,2000,0.8196,0
150000,30,2,6,17352,5000,0.1157,1
150000,30,0,1,14883,4908,0.0992,0
500000,41,0,0,231887,6115,0.4638,0
220000,53,0,0,207592,8165,0.9436,1
30000,22,0,0,13271,2015,0.4424,0
10000,40,1,6,8481,2000,0.8481,1
170000,28,1,1,0,0,0.0,0
120000,45,1,1,0,106257,0.0,1
280000,29,0,0,105403,3109,0.3764,0
10000,22,0,1,7572,1118,0.7572,0
200000,54,6,6,110185,0,0.5509,0
260000,36,0,0,107030,13011,0.4117,0
500000,43,0,0,274261,11375,0.5485,0
500000,32,0,0,0,0,0.0,1
260000,50,0,0,254749,11046,0.9798,0
90000,32,0,0,36081,3002,0.4009,0
160000,52,0,0,161747,7350,1.0109,1
230000,25,0,0,187472,9200,0.8151,0
360000,46,1,1,5800,0,0.0161,0
50000,29,0,0,49156,4000,0.9831,0
130000,44,0,0,83648,3100,0.6434,0
240000,27,1,1,0,0,0.0,1
50000,22,0,0,13444,1600,0.2689,0
320000,43,0,0,34702,50390,0.1084,0
130000,44,0,0,69120,3000,0.5317,0
50000,48,1,3,49295,2200,0.9859,0
330000,24,0,0,341499,12500,1.0348,0
330000,37,0,0,0,0,0.0,0
120000,23,0,1,107934,19000,0.8994,0
180000,29,2,6,113436,1308,0.6302,1
500000,47,0,0,97832,27369,0.1957,0
250000,54,0,1,17582,1200,0.0703,0
260000,29,0,0,56380,4121,0.2168,0
270000,36,0,0,3291,0,0.0122,0
500000,42,1,1,3747,11684,0.0075,0
60000,42,0,1,1570,20680,0.0262,1
240000,28,0,0,147974,5300,0.6166,0
500000,41,2,2,2500,0,0.005,1
330000,33,0,0,137974,7000,0.4181,0
80000,24,0,0,2530,3055,0.0316,0
80000,23,0,0,80133,3539,1.0017,0
180000,39,0,1,122187,6000,0.6788,1
60000,24,0,0,18220,1553,0.3037,1
150000,44,0,0,292,8144,0.0019,0
10000,45,2,1,390,390,0.039,0
340000,41,0,0,325371,25034,0.957,0
80000,39,0,0,83482,2900,1.0435,0
430000,34,0,0,35792,2000,0.0832,0
340000,36,0,0,91938,3911,0.2704,0
80000,35,0,0,2227,1250,0.0278,0
150000,34,0,0,97874,54190,0.6525,0
320000,27,2,2,253197,11000,0.7912,1
120000,28,0,0,96833,3000,0.8069,0
620000,31,0,0,569023,23009,0.9178,0
130000,37,0,0,22563,1500,0.1736,0
230000,46,0,0,4328,1518,0.0188,1
60000,28,2,6,22343,3000,0.3724,1
420000,32,0,0,41104,6887,0.0979,0
80000,36,0,0,59189,3007,0.7399,0
200000,42,0,0,23242,1711,0.1162,0
80000,43,1,2,77871,1261,0.9734,0
200000,34,3,2,1571,0,0.0079,1
110000,42,0,0,116292,5836,1.0572,0
60000,37,0,0,54770,5000,0.9128,1
340000,33,0,0,35695,6018,0.105,0
50000,22,0,0,50089,1798,1.0018,0
80000,48,0,1,60261,2234,0.7533,0
30000,29,2,6,21959,3400,0.732,0
200000,24,0,0,21447,2649,0.1072,0
200000,49,0,0,390,390,0.002,0
90000,34,2,1,49530,1449,0.5503,1
160000,49,0,0,143804,6235,0.8988,0
50000,44,1,4,49615,0,0.9923,1
230000,36,1,1,0,0,0.0,0
300000,27,0,0,525,7797,0.0018,0
300000,59,0,4,2500,0,0.0083,0
50000,35,0,0,50456,2400,1.0091,0
260000,45,0,0,3814,2861,0.0147,0
140000,38,0,0,1156,316,0.0083,0
30000,28,0,0,25198,1500,0.8399,0
230000,35,0,1,30300,1689,0.1317,0
260000,28,0,0,0,0,0.0,1
110000,28,1,2,106932,27,0.9721,0
360000,26,0,0,89635,3122,0.249,0
20000,63,0,2,858,1716,0.0429,0
230000,41,0,0,1886,8034,0.0082,0
220000,30,0,0,91178,10128,0.4144,0
230000,32,1,4,205498,10000,0.8935,1
500000,27,0,0,196931,5188,0.3939,0
50000,36,0,0,10849,1101,0.217,0
500000,49,0,0,435737,20157,0.8715,0
30000,22,0,0,4476,5841,0.1492,1
50000,23,0,0,20655,1701,0.4131,0
80000,27,0,0,1300,179,0.0162,0
40000,23,0,1,32346,4082,0.8086,0
500000,37,0,0,156951,20167,0.3139,0
30000,29,0,0,29852,1600,0.9951,0
90000,28,0,0,62062,2971,0.6896,0
20000,35,0,0,20139,1480,1.007,1
60000,22,1,3,25300,0,0.4217,0
500000,32,0,0,208603,8444,0.4172,0
70000,40,1,6,12026,2000,0.1718,0
180000,26,0,0,873,7233,0.0048,0
450000,38,0,0,1414,1080,0.0031,1
220000,35,1,1,0,0,0.0,0
20000,45,1,2,4516,700,0.2258,0
170000,50,0,0,79210,660,0.4659,0
110000,48,0,0,73472,3139,0.6679,0
70000,45,0,0,43050,1888,0.615,0
290000,38,0,0,555,0,0.0019,0
50000,23,0,0,1050,1050,0.021,0
160000,32,0,0,156098,6000,0.9756,0
360000,37,0,0,725,1002,0.002,1
200000,29,0,0,98700,0,0.4935,0
200000,38,0,0,8565,85000,0.0428,0
100000,29,0,0,2494,2005,0.0249,0
70000,48,0,0,193,188,0.0028,0
60000,23,2,2,63143,0,1.0524,0
170000,43,0,0,51054,2489,0.3003,0
50000,25,0,0,40181,1500,0.8036,1
360000,28,0,0,207571,6114,0.5766,0
210000,24,0,0,40985,1987,0.1952,1
20000,30,0,0,390,286,0.0195,0
20000,24,0,2,17196,4007,0.8598,1
20000,37,0,0,17312,1500,0.8656,1
460000,57,0,0,7516,23524,0.0163,0
30000,22,1,3,25229,1000,0.841,1
30000,38,2,4,5685,0,0.1895,1
30000,26,0,0,9417,3150,0.3139,0
20000,33,1,4,18139,0,0.907,1
150000,32,2,2,3354,0,0.0224,1
200000,27,0,0,112133,5693,0.5607,0
110000,48,1,1,0,0,0.0,0
400000,32,1,6,29864,0,0.0747,1
50000,25,1,2,11023,14,0.2205,0
100000,28,0,0,106203,8000,1.062,0
120000,34,2,5,118096,12000,0.9841,1
220000,43,0,2,1090,167,0.005,1
100000,40,0,0,90828,3523,0.9083,0
410000,35,0,0,99687,0,0.2431,0
50000,28,1,3,5490,0,0.1098,0
50000,26,0,0,50947,3432,1.0189,0
90000,33,2,6,75619,3300,0.8402,0
260000,30,0,0,-7,0,-0.0,0
70000,24,0,1,8244,2500,0.1178,0
130000,53,2,3,109994,17100,0.8461,1
120000,43,1,2,2057,524,0.0171,0
160000,44,1,1,0,14121,0.0,0
50000,32,0,0,49138,2250,0.9828,1
220000,27,0,0,3352,3352,0.0152,1
500000,28,0,0,5392,1502,0.0108,0
360000,26,0,0,7127,1034,0.0198,0
320000,32,1,6,114180,5012,0.3568,0
380000,39,1,1,0,0,0.0,1
70000,45,0,0,31218,1608,0.446,1
120000,32,0,1,3556,652,0.0296,1
80000,52,1,1,0,2583,0.0,1
220000,25,1,2,222737,0,1.0124,0
20000,34,0,0,15494,1488,0.7747,0
50000,39,0,0,46410,5000,0.9282,0
120000,34,0,0,326,499,0.0027,0
50000,30,0,0,14855,7468,0.2971,0
80000,24,0,0,81111,3000,1.0139,0
130000,28,0,0,119513,6000,0.9193,0
450000,37,0,0,324,303,0.0007,0
80000,27,2,2,56789,2400,0.7099,1
100000,39,0,0,4247,1283,0.0425,0
260000,43,2,6,2500,0,0.0096,1
50000,45,0,0,24077,1000,0.4815,0
200000,30,0,0,74961,2513,0.3748,0
260000,40,0,0,209,217,0.0008,0
470000,37,2,1,499024,20600,1.0618,1
100000,41,0,1,76828,4000,0.7683,0
360000,31,0,0,509,1363,0.0014,1
50000,24,0,0,42025,1500,0.8405,0
20000,23,0,0,18774,1700,0.9387,0
360000,34,1,1,0,0,0.0,1
190000,31,0,0,182396,8300,0.96,0
180000,34,0,0,59076,3000,0.3282,0
220000,35,0,0,228754,10626,1.0398,0
200000,34,0,0,75420,3015,0.3771,0
150000,29,0,0,1739,1984,0.0116,0
240000,41,0,0,22165,7002,0.0924,1
340000,28,0,0,329096,10025,0.9679,0
100000,26,0,0,53743,3000,0.5374,0
80000,29,0,0,42488,2000,0.5311,0
210000,40,0,0,60183,10000,0.2866,0
300000,38,0,0,5848,24718,0.0195,0
220000,37,0,1,200,400,0.0009,1
250000,50,1,1,0,0,0.0,0
70000,32,0,0,37199,1700,0.5314,0
170000,27,2,3,46899,2732,0.2759,0
160000,34,0,0,57287,1264,0.358,0
110000,24,0,0,105927,2375,0.963,0
60000,25,0,0,564,2045,0.0094,0
290000,29,0,0,0,1591,0.0,0
240000,33,0,0,221960,9500,0.9248,0
30000,23,4,6,28607,0,0.9536,0
490000,45,0,0,9763,7059,0.0199,1
20000,43,1,2,-20,800,-0.001,0
260000,34,0,0,254332,11710,0.9782,0
210000,32,0,1,552,0,0.0026,0
300000,47,0,0,3289,5189,0.011,0
40000,42,0,0,780,0,0.0195,0
500000,37,0,0,3214,0,0.0064,0
260000,30,2,1,1196,2000,0.0046,0
90000,37,0,0,85220,3000,0.9469,1
20000,25,0,0,0,0,0.0,0
270000,31,0,0,167428,6155,0.6201,1
100000,42,0,2,58392,5500,0.5839,0
350000,31,0,0,51900,1000,0.1483,0
200000,39,0,1,162,1879,0.0008,0
30000,39,1,2,26981,0,0.8994,0
20000,23,0,0,390,390,0.0195,0
240000,29,0,0,1356,326,0.0056,0
50000,30,1,3,7690,1400,0.1538,0
80000,44,0,0,68677,3152,0.8585,0
160000,29,0,0,2275,0,0.0142,0
250000,26,0,0,70522,2667,0.2821,0
50000,31,0,0,422,1532,0.0084,1
80000,45,0,3,2516,0,0.0314,0
90000,39,0,0,27571,337,0.3063,0
20000,22,0,0,19666,20700,0.9833,0
50000,43,1,4,43791,0,0.8758,0
150000,23,0,0,146480,6380,0.9765,1
50000,39,1,1,0,0,0.0,0
500000,39,0,1,17749,10106,0.0355,0
200000,28,0,0,326,326,0.0016,0
90000,27,0,0,25118,1440,0.2791,0
100000,39,0,0,100224,4000,1.0022,0
600000,46,0,0,2585,1652,0.0043,0
20000,22,0,1,2880,0,0.144,0
60000,37,0,1,37934,2000,0.6322,0
180000,40,0,0,30712,1774,0.1706,0
290000,29,0,0,232319,5071,0.8011,0
230000,32,0,0,8756,930,0.0381,0
180000,34,0,0,115700,6000,0.6428,0
150000,30,0,0,3415,2425,0.0228,0
460000,39,0,0,168182,6051,0.3656,0
140000,36,0,0,780,177,0.0056,0
500000,41,0,0,2345,3595,0.0047,1
20000,36,0,0,6620,2151,0.331,0
70000,62,1,3,24635,1100,0.3519,0
150000,23,0,0,1389,7139,0.0093,0
10000,58,2,5,8857,1400,0.8857,1
500000,33,0,0,76440,1397,0.1529,0
260000,37,0,0,2644,268,0.0102,0
10000,24,0,0,5742,1500,0.5742,0
210000,37,0,0,10128,19631,0.0482,0
180000,31,0,0,2930,3300,0.0163,0
40000,31,0,0,37408,1931,0.9352,0
180000,38,0,0,9705,1000,0.0539,0
250000,39,0,0,8040,8099,0.0322,0
50000,23,0,0,45256,2161,0.9051,0
400000,35,0,0,8125,7018,0.0203,0
240000,30,0,0,0,0,0.0,0
180000,33,0,0,3060,2337,0.017,0
300000,33,0,0,4499,0,0.015,0
300000,32,0,0,192727,8000,0.6424,0
140000,35,1,4,91296,0,0.6521,0
70000,25,0,0,2781,18180,0.0397,0
20000,25,0,0,15465,1280,0.7732,0
290000,36,0,0,16082,27411,0.0555,0
130000,24,2,2,1176,0,0.009,1
70000,37,0,3,67573,3000,0.9653,1
60000,26,0,0,58643,2100,0.9774,0
340000,31,0,0,18495,1611,0.0544,0
50000,34,0,0,51400,0,1.028,0
150000,29,0,0,71593,3060,0.4773,0
180000,28,0,1,90874,3000,0.5049,0
50000,30,0,0,48779,2400,0.9756,0
200000,39,0,0,15138,1513,0.0757,0
140000,33,0,0,55222,2510,0.3944,1
190000,45,2,1,140329,6800,0.7386,0
140000,26,0,0,84151,5000,0.6011,0
50000,34,1,3,50940,0,1.0188,0
360000,47,0,0,8289,390,0.023,0
180000,29,1,2,191262,0,1.0626,0
160000,40,0,0,147977,6000,0.9249,0
180000,30,0,1,40735,1581,0.2263,1
200000,39,0,1,3603,0,0.018,0
350000,32,0,0,67761,8007,0.1936,0
90000,29,0,1,83158,12128,0.924,0
50000,34,0,1,9110,1500,0.1822,0
30000,29,1,2,0,0,0.0,0
280000,45,0,0,170678,7000,0.6096,0
140000,25,0,0,140876,3600,1.0063,0
200000,38,0,0,0,0,0.0,0
20000,29,0,0,11136,10000,0.5568,0
120000,28,0,0,4174,3821,0.0348,0
130000,54,3,3,131139,6000,1.0088,0
150000,32,0,0,148352,5210,0.989,0
10000,37,0,0,7600,3000,0.76,0
200000,58,0,0,105836,3923,0.5292,0
480000,44,0,0,21149,1743,0.0441,0
80000,39,0,0,4285,1866,0.0536,0
200000,31,0,0,173103,6500,0.8655,0
50000,40,1,5,37458,2010,0.7492,0
130000,32,0,0,326,326,0.0025,1
200000,28,2,6,2443,0,0.0122,1
170000,36,0,1,82898,10000,0.4876,0
150000,46,0,0,97832,4555,0.6522,0
510000,35,0,0,198,3125,0.0004,0
270000,65,1,1,0,2521,0.0,0
130000,26,2,2,134836,0,1.0372,1
130000,57,0,0,125824,4000,0.9679,1
120000,34,0,0,67,0,0.0006,0
140000,43,0,0,1872,1249,0.0134,0
360000,35,0,0,6392,3000,0.0178,0
50000,24,0,1,15519,5000,0.3104,0
30000,31,0,5,699,0,0.0233,1
30000,26,1,2,-857,30484,-0.0286,0
150000,42,0,2,496,940,0.0033,0
50000,58,0,0,50456,2400,1.0091,0
10000,22,0,0,8730,1303,0.873,0
60000,26,1,2,61966,0,1.0328,0
200000,28,0,0,63314,3000,0.3166,0
50000,46,0,0,50297,1852,1.0059,1
10000,23,1,5,11640,0,1.164,0
310000,44,0,0,11983,7797,0.0387,0
170000,29,0,0,3362,64612,0.0198,0
310000,34,0,0,63908,1867,0.2062,0
20000,50,0,0,9164,0,0.4582,1
230000,39,1,1,0,0,0.0,1
50000,31,0,0,4560,3000,0.0912,0
260000,28,0,0,39105,8000,0.1504,0
110000,59,2,1,89595,2437,0.8145,0
210000,30,1,1,0,0,0.0,1
260000,31,0,0,62446,2000,0.2402,0
400000,51,0,0,373702,13000,0.9343,0
20000,58,0,2,21116,21654,1.0558,0
180000,42,0,0,390,1260,0.0022,0
180000,26,3,4,129728,6006,0.7207,0
30000,44,2,3,28290,3600,0.943,0
50000,34,0,0,40798,2000,0.816,0
150000,26,0,4,131490,16441,0.8766,0
30000,23,4,6,29944,206,0.9981,0
60000,24,0,0,8169,3000,0.1362,0
500000,40,2,4,267116,10100,0.5342,1
180000,37,2,2,1310,0,0.0073,1
180000,35,0,0,111752,2258,0.6208,0
60000,48,0,0,46578,1308,0.7763,1
200000,30,1,1,0,0,0.0,0
150000,25,0,0,147476,6640,0.9832,1
190000,58,2,1,135184,6586,0.7115,0
170000,42,0,0,102141,4002,0.6008,0
280000,29,0,0,135056,4547,0.4823,0
290000,43,0,0,1994,390,0.0069,0
240000,44,0,0,21643,1400,0.0902,0
110000,24,0,1,42667,2600,0.3879,0
140000,27,0,0,126785,6500,0.9056,0
250000,38,2,1,67788,5080,0.2712,1
100000,32,2,2,103540,254,1.0354,0
20000,54,0,2,6268,3000,0.3134,0
120000,27,2,1,51244,2000,0.427,0
120000,30,1,1,0,0,0.0,0
130000,25,1,4,4393,0,0.0338,0
10000,24,0,2,6933,2500,0.6933,0
100000,31,0,2,27163,3000,0.2716,0
70000,34,2,6,16965,1000,0.2424,1
360000,37,0,0,25078,21006,0.0697,0
130000,26,0,0,0,0,0.0,0
240000,38,0,0,132090,20030,0.5504,0
20000,34,1,1,0,0,0.0,1
60000,43,0,2,495,0,0.0082,0
20000,45,4,3,21605,0,1.0802,0
50000,29,0,0,45013,2007,0.9003,0
230000,31,0,0,20356,1676,0.0885,0
60000,29,0,2,40851,2000,0.6808,0
100000,42,0,0,100699,3368,1.007,1
340000,49,1,1,-11,0,-0.0,1
260000,30,0,0,14096,2000,0.0542,0
220000,41,0,0,2500,0,0.0114,0
130000,27,0,0,5188,0,0.0399,0
300000,29,0,0,298072,13636,0.9936,0
50000,47,1,2,66978,0,1.3396,1
30000,25,1,6,26568,1600,0.8856,0
280000,32,1,1,0,0,0.0,1
50000,26,2,3,22578,1800,0.4516,0
200000,42,0,1,1554,1345,0.0078,0
360000,32,0,0,7230,5017,0.0201,0
50000,23,0,0,47038,10020,0.9408,0
280000,31,0,0,1558,0,0.0056,0
50000,43,0,0,42627,1610,0.8525,0
180000,31,0,0,247,1562,0.0014,0
140000,37,1,1,0,177,0.0,1
120000,33,2,1,18653,1500,0.1554,1
20000,30,0,0,20001,1400,1.0001,0
130000,30,3,3,8830,1000,0.0679,1
60000,29,0,0,54932,1900,0.9155,1
360000,50,0,0,11530,11763,0.032,0
360000,32,0,0,26833,1722,0.0745,0
260000,41,0,2,137614,5700,0.5293,1
50000,31,0,0,50612,1879,1.0122,0
20000,43,0,0,54,0,0.0027,1
80000,34,0,3,73839,6700,0.923,1
210000,30,0,0,1993,1062,0.0095,1
500000,30,0,0,380417,9027,0.7608,0
50000,31,0,0,51319,5000,1.0264,1
30000,27,2,1,29810,1000,0.9937,0
260000,38,0,0,17949,5722,0.069,0
200000,40,0,0,4394,3405,0.022,0
290000,41,0,0,6959,6891,0.024,0
30000,27,0,0,10410,1495,0.347,0
260000,38,0,0,8000,8000,0.0308,0
500000,33,0,0,88832,6047,0.1777,0
180000,35,0,0,0,0,0.0,0
50000,30,2,1,50110,1500,1.0022,1
450000,40,0,0,9612,19293,0.0214,0
110000,24,0,0,78453,1500,0.7132,0
340000,29,0,0,191426,8200,0.563,0
20000,22,0,2,496,0,0.0248,0
50000,32,1,1,0,0,0.0,1
140000,35,0,0,46915,70000,0.3351,0
400000,31,0,0,5581,2833,0.014,0
50000,40,0,0,15584,4377,0.3117,0
130000,53,0,0,7477,6540,0.0575,0
70000,29,0,0,34449,1600,0.4921,1
40000,24,0,0,19133,0,0.4783,0
130000,29,0,0,390,99235,0.003,0
70000,40,0,0,43045,2036,0.6149,0
250000,30,0,0,6476,5000,0.0259,0
150000,25,2,1,156252,3468,1.0417,0
300000,31,0,0,285038,12507,0.9501,0
20000,24,0,0,-331,19729,-0.0166,0
20000,23,0,0,6872,1204,0.3436,0
20000,24,2,3,14750,0,0.7375,1
210000,42,1,1,0,1200,0.0,1
220000,31,0,0,332,333,0.0015,0
300000,32,0,0,2144,2085,0.0071,0
120000,38,0,0,52234,1575,0.4353,0
50000,25,0,1,6806,0,0.1361,1
210000,42,0,0,4221,336,0.0201,0
170000,56,0,0,4767,0,0.028,1
60000,23,0,0,27369,1466,0.4562,0
20000,41,2,6,17213,2400,0.8606,1
50000,27,2,2,41932,1600,0.8386,1
180000,43,1,1,0,8016,0.0,0
20000,28,2,3,20574,1100,1.0287,1
310000,32,1,1,0,0,0.0,0
130000,48,0,1,11926,10840,0.0917,0
160000,25,0,0,153392,8000,0.9587,0
500000,33,0,0,48206,2100,0.0964,0
20000,29,0,0,18920,1700,0.946,0
70000,53,0,0,14054,1554,0.2008,0
130000,27,0,0,792,0,0.0061,0
310000,40,0,0,180225,10000,0.5814,0
20000,25,0,0,12547,14745,0.6274,1
180000,41,0,0,3600,5184,0.02,0
30000,43,1,6,12603,1000,0.4201,0
50000,39,0,1,10960,1250,0.2192,0
210000,27,0,0,272,902,0.0013,0
90000,42,2,1,88346,3500,0.9816,1
20000,58,0,0,19698,1315,0.9849,0
130000,29,1,2,162757,5,1.252,1
60000,24,1,1,0,0,0.0,0
310000,35,0,0,14332,1041,0.0462,0
80000,40,0,0,81511,3200,1.0189,0
200000,40,0,0,7261,32543,0.0363,0
180000,27,0,0,94450,4600,0.5247,0
200000,34,1,1,0,0,0.0,1
180000,63,0,0,1344,0,0.0075,1
10000,23,0,0,17834,1033,1.7834,0
50000,30,0,0,51396,2481,1.0279,0
210000,33,0,0,44249,8130,0.2107,0
20000,22,0,0,17576,1500,0.8788,0
50000,31,0,0,47709,3007,0.9542,0
290000,43,0,0,197175,17000,0.6799,0
360000,37,0,0,16600,3194,0.0461,0
500000,38,0,0,2343,4695,0.0047,0
50000,41,0,0,25395,1440,0.5079,0
180000,25,0,0,4236,2001,0.0235,0
200000,44,1,1,0,0,0.0,0
140000,48,0,0,80740,3000,0.5767,0
360000,46,0,0,6402,13389,0.0178,1
60000,34,0,0,59291,3000,0.9882,0
110000,24,0,0,91915,3800,0.8356,0
50000,28,0,0,17868,1711,0.3574,0
130000,27,0,0,390,390,0.003,0
20000,23,0,0,8693,1500,0.4346,0
200000,35,0,1,1972,0,0.0099,1
10000,41,2,4,3983,1000,0.3983,1
330000,30,0,0,5014,60207,0.0152,0
360000,34,0,0,9561,1166,0.0266,0
230000,46,0,0,3503,3970,0.0152,0
140000,37,0,1,2081,0,0.0149,1
50000,38,0,0,2536,3147,0.0507,0
30000,31,2,1,23559,1000,0.7853,0
170000,29,1,1,0,0,0.0,0
50000,32,1,2,49340,0,0.9868,0
290000,35,0,0,703,0,0.0024,1
140000,43,0,0,138859,5100,0.9918,1
110000,39,0,0,49464,3007,0.4497,0
170000,27,0,0,127902,5631,0.7524,0
390000,31,0,0,49667,1700,0.1274,0
160000,47,0,0,1562,1503,0.0098,0
20000,37,4,3,20460,0,1.023,0
40000,24,0,1,36904,1600,0.9226,0
400000,37,0,0,7011,10000,0.0175,0
260000,29,0,0,4400,942,0.0169,0
260000,52,0,0,207627,8535,0.7986,0
240000,48,1,5,180189,15281,0.7508,0
230000,38,0,0,12696,9883,0.0552,0
50000,45,0,0,4900,7222,0.098,0
400000,37,0,0,1783,1251,0.0045,0
30000,31,0,0,29285,1820,0.9762,0
300000,37,0,0,52268,3000,0.1742,0
100000,24,0,2,7576,15532,0.0758,0
130000,26,0,0,4417,105072,0.034,0
180000,41,0,0,6734,1124,0.0374,0
130000,24,1,2,101767,12,0.7828,1
130000,25,1,1,0,0,0.0,0
50000,57,0,0,173,274,0.0035,0
230000,36,0,0,198,29439,0.0009,1
140000,35,0,0,136324,5407,0.9737,0
60000,30,0,0,41540,390,0.6923,0
30000,23,0,0,390,390,0.013,0
40000,39,0,4,34378,3768,0.8594,1
250000,40,1,3,7067,4,0.0283,0
20000,53,0,0,35419,0,1.771,0
120000,27,2,4,110162,0,0.918,1
210000,29,0,0,86598,4000,0.4124,0
380000,33,0,0,2500,0,0.0066,1
130000,28,0,0,381,551,0.0029,0
80000,49,0,0,79545,3708,0.9943,1
80000,31,0,0,3601,9,0.045,1
140000,36,0,1,59693,3000,0.4264,0
220000,50,0,0,127571,5200,0.5799,0
20000,23,1,6,6218,1000,0.3109,1
200000,43,2,4,150,0,0.0008,1
50000,24,0,0,37159,1500,0.7432,0
20000,30,0,0,20027,1395,1.0014,0
230000,37,0,0,36571,1700,0.159,0
230000,29,2,3,232044,9500,1.0089,1
60000,24,1,1,0,0,0.0,0
50000,54,2,3,18691,3000,0.3738,1
130000,40,0,0,3015,1000,0.0232,0
20000,27,0,3,17304,0,0.8652,0
440000,31,0,0,49803,1390,0.1132,0
150000,23,0,0,227,6692,0.0015,0
410000,42,0,0,7114,8309,0.0174,0
320000,32,0,0,43265,1528,0.1352,0
30000,26,0,1,26990,4900,0.8997,0
80000,29,1,2,75234,3007,0.9404,0
50000,47,1,6,28164,0,0.5633,1
50000,39,1,2,50468,0,1.0094,1
140000,52,0,0,1388,0,0.0099,0
500000,38,0,0,7789,9666,0.0156,0
60000,48,0,0,59063,2000,0.9844,0
150000,35,0,0,5888,0,0.0393,0
130000,46,2,1,79705,2475,0.6131,0
20000,41,0,0,18577,2000,0.9288,0
310000,43,0,0,4943,2691,0.0159,0
90000,42,0,0,780,0,0.0087,0
210000,46,0,0,15655,4854,0.0745,1
10000,22,1,2,7194,0,0.7194,1
30000,59,0,0,29272,1404,0.9757,0
30000,22,2,3,28574,0,0.9525,1
30000,24,0,0,28885,1459,0.9628,0
220000,45,1,1,0,6010,0.0,0
20000,45,0,1,1340,0,0.067,1
300000,30,0,0,649,949,0.0022,0
160000,30,0,0,5331,1153,0.0333,0
10000,25,0,0,5378,1200,0.5378,0
20000,23,2,1,16235,2200,0.8118,1
20000,29,3,4,16330,0,0.8165,1
70000,26,0,0,66866,2000,0.9552,1
50000,30,0,0,43334,1986,0.8667,0
130000,26,0,1,10274,2352,0.079,0
180000,38,0,0,27959,13855,0.1553,0
50000,28,1,4,9500,0,0.19,1
500000,44,0,0,35755,40000,0.0715,0
340000,27,0,0,30452,6919,0.0896,0
150000,25,0,0,3303,125,0.022,0
150000,40,0,0,32117,3505,0.2141,0
100000,47,0,0,27555,3000,0.2756,0
100000,28,0,0,16601,1539,0.166,0
30000,23,2,6,25487,1738,0.8496,1
150000,34,2,1,30821,3000,0.2055,0
10000,23,0,0,7684,1300,0.7684,0
190000,38,0,0,77720,3774,0.4091,0
70000,33,0,0,39416,2000,0.5631,0
360000,48,0,0,8243,10752,0.0229,0
500000,37,0,0,71455,10004,0.1429,0
210000,45,0,0,82902,3814,0.3948,0
320000,37,0,0,188106,6496,0.5878,0
50000,22,0,1,39843,1762,0.7969,0
500000,38,0,0,4590,1128,0.0092,0
320000,42,0,0,730,1550,0.0023,0
80000,26,0,0,76304,4203,0.9538,0
250000,42,1,6,352016,15210,1.4081,1
250000,40,0,0,396,396,0.0016,0
220000,33,0,0,0,2500,0.0,0
250000,37,0,0,1391,3498,0.0056,0
50000,24,0,1,42120,1921,0.8424,0
360000,43,1,1,0,10121,0.0,1
260000,38,1,1,0,0,0.0,0
50000,45,0,0,9659,1155,0.1932,0
20000,25,0,0,390,5548,0.0195,0
10000,23,0,0,2068,4400,0.2068,0
500000,34,1,2,523618,0,1.0472,0
330000,33,1,1,-271,0,-0.0008,0
170000,34,0,0,113270,6000,0.6663,0
20000,63,2,6,1650,0,0.0825,0
80000,29,0,1,37822,3700,0.4728,0
240000,32,0,0,4101,8500,0.0171,0
150000,28,0,0,46576,2500,0.3105,0
200000,34,0,0,135654,66022,0.6783,0
300000,33,0,0,1617,7785,0.0054,0
100000,35,4,6,82348,1700,0.8235,1
290000,33,0,0,14026,9000,0.0484,0
100000,56,0,0,10882,1250,0.1088,0
10000,46,0,0,6772,1128,0.6772,1
420000,41,0,0,79899,3391,0.1902,0
20000,42,0,0,19185,1323,0.9592,0
300000,37,0,0,616,1370,0.0021,0
50000,26,0,0,42040,2000,0.8408,0
180000,44,0,0,33800,0,0.1878,0
420000,41,0,0,16657,2590,0.0397,0
100000,49,0,0,10430,3313,0.1043,0
80000,38,2,2,18733,2000,0.2342,0
210000,42,0,0,103772,4000,0.4942,0
80000,42,1,1,0,0,0.0,0
240000,31,0,1,65220,4000,0.2718,0
500000,45,0,0,37875,162003,0.0758,0
100000,27,0,0,10458,2500,0.1046,0
610000,36,0,0,874,0,0.0014,0
170000,27,0,0,416,416,0.0024,0
320000,45,0,0,37361,21903,0.1168,0
200000,38,0,1,60473,101796,0.3024,0
360000,35,1,1,0,1010,0.0,1
200000,34,1,1,0,0,0.0,0
150000,39,1,1,0,0,0.0,1
100000,44,0,0,48850,0,0.4885,0
200000,29,0,0,45841,4000,0.2292,0
30000,26,0,0,-201,550,-0.0067,0
260000,36,0,0,239206,9029,0.92,1
300000,34,0,0,1000,1000,0.0033,1
110000,32,0,0,73772,2765,0.6707,0
50000,24,0,0,780,0,0.0156,0
500000,44,0,0,16179,2029,0.0324,0
60000,30,0,0,24396,1463,0.4066,0
80000,39,0,0,49171,2000,0.6146,1
370000,40,1,1,0,0,0.0,0
150000,38,0,1,476,476,0.0032,0
210000,35,1,1,-36,0,-0.0002,0
500000,34,0,0,175570,8734,0.3511,0
150000,42,8,6,161569,0,1.0771,1
110000,39,0,0,54806,2000,0.4982,0
60000,49,0,0,61618,2800,1.027,0
480000,33,0,0,621749,22024,1.2953,0
30000,35,2,6,14489,1500,0.483,0
240000,28,1,4,210333,0,0.8764,1
350000,40,1,1,-644,0,-0.0018,0
240000,38,1,1,0,0,0.0,1
80000,27,0,0,77967,3565,0.9746,0
100000,43,0,0,42451,2100,0.4245,0
30000,30,0,0,3165,13538,0.1055,0
290000,41,0,0,3394,0,0.0117,0
200000,34,0,0,3692,0,0.0185,0
360000,32,0,0,39587,18011,0.11,0
430000,46,0,0,52930,510,0.1231,1
150000,44,0,0,13786,1232,0.0919,0
200000,30,0,0,48492,20294,0.2425,1
50000,31,1,1,0,0,0.0,0
240000,36,1,2,-608,5000,-0.0025,0
20000,24,0,1,3634,3000,0.1817,0
150000,30,0,0,10427,0,0.0695,0
230000,39,0,0,18835,10005,0.0819,0
20000,31,0,0,836,390,0.0418,1
100000,33,1,6,23384,0,0.2338,0
280000,30,0,0,71770,4000,0.2563,1
90000,39,0,0,4968,1203,0.0552,0
240000,29,0,0,23094,2009,0.0962,0
80000,27,2,1,40846,1149,0.5106,1
160000,34,0,0,51721,2037,0.3233,0
280000,37,0,0,1908,12763,0.0068,0
170000,30,2,6,158819,6500,0.9342,0
90000,47,2,4,61066,3500,0.6785,1
160000,29,0,2,2599,0,0.0162,0
420000,36,0,0,0,0,0.0,0
280000,30,0,0,651,1650,0.0023,0
30000,26,1,6,17989,0,0.5996,1
140000,34,2,2,125623,5000,0.8973,0
220000,48,2,1,1480,9202,0.0067,0
260000,27,0,0,399,399,0.0015,0
170000,27,1,1,-1020,27107,-0.006,0
190000,33,0,0,40173,2200,0.2114,0
50000,31,0,0,40754,2000,0.8151,0
200000,31,0,0,4938,2286,0.0247,0
300000,44,0,0,9799,299,0.0327,0
230000,34,0,0,3394,8338,0.0148,0
50000,57,0,0,53320,1300,1.0664,0
150000,25,0,0,9240,386,0.0616,0
150000,35,0,0,89604,10000,0.5974,1
10000,50,0,0,10043,1194,1.0043,0
240000,43,0,0,61190,2300,0.255,0
230000,27,0,0,47520,2000,0.2066,0
170000,34,0,0,326,326,0.0019,0
460000,38,0,0,21203,21833,0.0461,0
240000,46,0,0,2995,4028,0.0125,0
80000,43,1,3,24621,0,0.3078,0
290000,29,0,0,1199,2000,0.0041,0
30000,22,0,0,30455,1515,1.0152,0
240000,35,0,0,227457,9000,0.9477,0
80000,42,0,0,10593,41217,0.1324,0
30000,33,0,0,28949,2233,0.965,0
180000,52,0,0,0,0,0.0,0
50000,26,0,0,390,390,0.0078,1
30000,52,3,6,26494,900,0.8831,1
110000,32,0,3,112380,6200,1.0216,1
180000,33,1,1,5931,2294,0.033,0
50000,49,0,0,46693,1158,0.9339,0
140000,29,0,0,141740,7001,1.0124,0
90000,38,0,0,92481,3507,1.0276,1
90000,25,0,3,23662,3000,0.2629,1
180000,31,0,0,130171,1110,0.7232,0
360000,29,0,0,92693,20595,0.2575,0
140000,28,2,6,12642,1600,0.0903,1
90000,23,0,0,119836,30000,1.3315,0
150000,27,0,0,222,3,0.0015,0
200000,56,0,0,195456,8007,0.9773,0
110000,48,0,0,216582,8788,1.9689,0
410000,25,0,0,4151,4357,0.0101,0
50000,58,0,0,31236,3088,0.6247,0
170000,43,0,0,78429,5000,0.4613,0
210000,39,0,0,836,4278,0.004,0
290000,35,0,0,247280,30000,0.8527,0
160000,27,0,0,2431,5030,0.0152,0
50000,27,0,0,48603,1963,0.9721,1
50000,28,0,0,33094,17012,0.6619,0
30000,21,0,0,10406,1000,0.3469,0
30000,24,1,2,18103,900,0.6034,1
80000,27,0,0,55647,3000,0.6956,0
20000,39,2,1,16869,1606,0.8434,1
130000,39,0,1,1755,1890,0.0135,0
80000,34,0,5,4269,0,0.0534,1
80000,40,0,0,45747,1618,0.5718,0
180000,39,1,1,0,4835,0.0,0
150000,37,0,0,49112,1510,0.3274,0
100000,26,0,0,73070,10000,0.7307,0
50000,47,0,1,29336,1641,0.5867,0
290000,48,0,0,730,4426,0.0025,1
490000,54,0,0,0,0,0.0,1
130000,30,1,1,-915,0,-0.007,0
20000,24,1,1,0,150,0.0,0
30000,23,1,2,10764,0,0.3588,1
230000,25,0,0,52906,3000,0.23,0
260000,52,0,0,582,0,0.0022,0
290000,38,0,0,2500,0,0.0086,0
220000,54,0,0,2742,1500,0.0125,0
60000,26,3,2,61014,0,1.0169,1
150000,45,0,0,59885,2200,0.3992,0
80000,39,3,4,13683,0,0.171,1
30000,23,2,4,16089,1300,0.5363,1
210000,34,0,0,86792,3319,0.4133,0
50000,27,2,6,27358,1800,0.5472,0
250000,47,0,0,43098,10615,0.1724,0
200000,34,0,0,12842,13805,0.0642,1
150000,48,1,3,144837,0,0.9656,1
30000,26,0,1,29072,1600,0.9691,0
50000,23,0,0,35454,1901,0.7091,0
210000,32,0,1,124838,5000,0.5945,0
20000,31,0,0,18490,1500,0.9245,0
110000,56,3,6,46335,0,0.4212,1
140000,26,0,0,84729,26894,0.6052,0
50000,56,0,0,24729,1338,0.4946,0
230000,27,0,0,79872,10033,0.3473,0
200000,28,0,1,184602,7000,0.923,0
120000,30,0,0,2706,569,0.0226,0
50000,46,0,0,49046,2185,0.9809,0
140000,39,0,0,108028,3889,0.7716,0
100000,48,0,0,16584,16137,0.1658,0
80000,43,0,0,231550,5067,2.8944,0
100000,29,2,6,86974,12700,0.8697,1
120000,23,0,0,38609,5000,0.3217,0
50000,50,0,0,3526,0,0.0705,1
30000,24,0,0,784,4200,0.0261,0
330000,27,0,0,237515,11012,0.7197,0
240000,53,0,0,232943,9700,0.9706,0
290000,39,0,0,228342,10600,0.7874,1
60000,42,0,1,60660,3500,1.011,0
360000,29,0,0,5751,1501,0.016,0
200000,39,0,0,0,0,0.0,0
450000,33,0,0,67139,3000,0.1492,0
80000,41,1,2,102383,0,1.2798,0
230000,32,0,0,750,0,0.0033,0
160000,32,0,0,390,390,0.0024,0
20000,53,0,0,4400,0,0.22,0
200000,28,0,1,188,2791,0.0009,1
240000,35,0,0,1473,1473,0.0061,1
80000,39,0,0,4762,6734,0.0595,0
20000,53,0,0,12278,1500,0.6139,0
120000,25,0,0,120568,5224,1.0047,0
130000,24,2,6,49583,5100,0.3814,1
200000,45,0,0,97933,3200,0.4897,0
330000,36,0,0,-10,0,-0.0,0
30000,22,1,4,21508,0,0.7169,1
20000,25,2,6,1050,0,0.0525,0
170000,41,0,0,10540,0,0.062,1
150000,24,1,2,170971,39,1.1398,0
20000,25,0,4,15859,3200,0.793,0
160000,29,1,1,-146,17833,-0.0009,0
140000,38,0,2,15438,2620,0.1103,0
150000,27,0,0,61606,5000,0.4107,0
120000,47,1,6,121400,7352,1.0117,0
50000,29,0,2,13192,2000,0.2638,1
180000,32,1,3,17816,1000,0.099,0
60000,28,0,1,18996,2120,0.3166,1
100000,34,2,6,54126,5300,0.5413,1
120000,28,0,0,4310,3905,0.0359,1
20000,24,1,1,0,0,0.0,1
70000,29,2,6,44594,2000,0.6371,1
200000,58,2,3,190672,0,0.9534,0
500000,48,0,0,273430,9704,0.5469,0
460000,41,0,0,81848,8877,0.1779,0
160000,57,0,0,152689,5500,0.9543,0
20000,27,0,0,19189,1376,0.9594,0
300000,42,0,0,1188,2000,0.004,1
40000,44,0,0,36917,2000,0.9229,0
130000,26,0,0,131724,5510,1.0133,1
120000,25,0,0,11431,6000,0.0953,0
20000,22,0,0,18062,1700,0.9031,0
200000,47,0,0,23905,12020,0.1195,0
20000,51,0,0,18321,1355,0.916,0
10000,32,0,1,7231,1142,0.7231,0
400000,28,0,0,10430,24030,0.0261,0
180000,28,1,6,65054,1568,0.3614,0
60000,23,0,0,21295,1679,0.3549,0
260000,28,0,0,187068,10360,0.7195,1
50000,36,0,0,36809,1601,0.7362,0
120000,30,2,3,87199,4110,0.7267,1
300000,47,2,6,5000,0,0.0167,1
20000,36,0,0,18400,0,0.92,1
180000,26,0,0,396,396,0.0022,0
30000,23,0,0,27141,3000,0.9047,0
70000,31,0,4,5942,2500,0.0849,0
220000,51,0,0,20730,0,0.0942,1
110000,37,0,0,2610,54300,0.0237,1
180000,33,0,0,37711,3000,0.2095,0
80000,31,0,0,5759,8414,0.072,0
100000,34,1,6,46092,0,0.4609,0
50000,45,0,4,46248,5750,0.925,1
50000,28,0,0,59321,2329,1.1864,0
130000,38,0,0,5190,649,0.0399,1
290000,49,0,0,52547,2542,0.1812,0
240000,33,0,0,124105,7000,0.5171,0
160000,27,1,1,0,0,0.0,0
50000,34,0,0,48973,91000,0.9795,0
30000,45,0,0,3390,390,0.113,0
60000,39,1,1,0,0,0.0,0
60000,57,0,0,53584,2000,0.8931,0
100000,51,0,0,98918,4523,0.9892,0
140000,27,1,1,-488,0,-0.0035,0
150000,35,0,0,125063,10050,0.8338,0
500000,28,0,0,47399,2361,0.0948,0
20000,33,0,0,4128,1500,0.2064,1
240000,37,0,0,500,0,0.0021,0
90000,34,0,0,33957,4990,0.3773,0
160000,69,2,2,498,135,0.0031,0
280000,33,0,0,167,3700,0.0006,1
260000,27,0,0,25419,3000,0.0978,0
130000,44,0,0,75472,2452,0.5806,1
500000,50,0,0,5310,2703,0.0106,0
120000,39,2,1,435,435,0.0036,0
210000,30,0,0,1060,2200,0.005,0
50000,46,0,0,48905,1800,0.9781,0
210000,36,0,0,1060,779,0.005,0
10000,27,1,3,8944,1230,0.8944,1
70000,34,2,4,64913,3000,0.9273,0
150000,31,0,1,8839,11394,0.0589,0
60000,57,0,0,15602,1284,0.26,0
120000,29,0,3,5521,1010,0.046,1
80000,30,0,0,48006,2100,0.6001,0
490000,36,0,0,5310,2711,0.0108,0
450000,44,0,0,32000,3423,0.0711,0
20000,23,0,0,16371,2000,0.8186,0
10000,23,0,4,3035,3000,0.3035,0
20000,44,0,0,836,390,0.0418,0
50000,27,0,0,6105,1500,0.1221,0
300000,51,0,0,18961,4387,0.0632,1
80000,27,0,0,2049,2003,0.0256,0
310000,39,0,1,360,0,0.0012,0
50000,41,0,0,48403,2550,0.9681,0
500000,39,0,0,23800,297,0.0476,0
80000,40,0,0,22747,3002,0.2843,0
30000,26,1,2,30698,0,1.0233,1
10000,42,1,2,9980,1000,0.998,1
390000,39,0,0,31825,56613,0.0816,0
290000,44,0,0,167,619,0.0006,1
120000,33,0,0,46640,5000,0.3887,0
50000,27,0,0,28387,10000,0.5677,0
280000,36,0,0,2624,0,0.0094,0
20000,24,0,0,18556,1805,0.9278,0
20000,22,0,0,8392,0,0.4196,0
90000,27,2,2,27459,1800,0.3051,1
90000,30,2,2,64937,0,0.7215,0
120000,35,1,1,0,0,0.0,0
80000,40,0,0,12171,1500,0.1521,1
180000,68,0,0,127933,15000,0.7107,0
200000,32,0,0,326,6914,0.0016,1
50000,55,0,1,46300,1200,0.926,0
360000,30,0,0,14409,3540,0.04,0
30000,27,0,0,23134,1712,0.7711,0
50000,24,0,0,50062,2000,1.0012,0
80000,37,0,0,1324,1087,0.0166,0
120000,34,1,5,45755,2000,0.3813,1
30000,29,0,0,8326,557,0.2775,0
260000,30,0,0,165,165,0.0006,0
50000,62,0,0,51350,50908,1.027,0
30000,23,2,6,26795,3300,0.8932,0
50000,59,0,0,51400,0,1.028,0
340000,40,0,0,183139,9000,0.5386,0
170000,36,0,1,2600,5234,0.0153,0
20000,25,1,2,20415,1264,1.0208,0
230000,35,0,0,1246,3312,0.0054,0
460000,28,0,0,460609,18138,1.0013,0
20000,56,1,4,17819,1000,0.891,0
210000,30,1,1,0,0,0.0,1
30000,25,2,3,29894,2300,0.9965,0
50000,30,1,6,47629,0,0.9526,1
130000,26,1,3,-888,6694,-0.0068,0
30000,24,2,6,15335,0,0.5112,1
60000,35,0,3,10560,1200,0.176,1
160000,28,0,1,1426,326,0.0089,0
180000,32,0,0,54797,3000,0.3044,0
460000,32,0,0,89747,5000,0.1951,0
30000,53,2,1,34775,1733,1.1592,0
280000,36,0,0,143650,0,0.513,0
100000,33,1,1,0,0,0.0,0
30000,29,6,5,32875,0,1.0958,1
150000,29,0,0,39215,11200,0.2614,0
200000,47,0,0,11418,2541,0.0571,0
150000,28,0,0,123767,20732,0.8251,0
370000,45,0,2,162526,10000,0.4393,0
200000,34,0,0,2603,11381,0.013,0
200000,32,0,0,10760,2000,0.0538,0
30000,24,2,6,1800,0,0.06,0
210000,27,0,0,190,0,0.0009,0
120000,42,0,0,94218,3415,0.7852,0
470000,35,0,0,218675,8717,0.4653,0
60000,39,0,0,183,1419,0.0031,0
260000,53,0,2,1361,0,0.0052,0
80000,28,0,0,390,390,0.0049,1
100000,47,0,0,46104,2086,0.461,0
200000,38,1,1,-57,0,-0.0003,0
360000,34,1,2,277040,0,0.7696,0
70000,27,2,5,31455,4000,0.4494,1
420000,45,2,1,520453,18500,1.2392,0
150000,32,1,3,4605,22,0.0307,0
240000,44,0,0,8421,14230,0.0351,0
360000,43,1,1,0,7221,0.0,0
390000,30,0,0,98984,5700,0.2538,0
180000,27,0,0,11599,644,0.0644,0
50000,25,0,0,2058,287,0.0412,0
180000,26,0,0,88846,3279,0.4936,1
200000,41,1,2,69963,0,0.3498,0
50000,36,1,1,0,0,0.0,0
280000,29,0,0,330,9500,0.0012,0
90000,40,0,0,9663,69616,0.1074,0
420000,46,2,2,436968,0,1.0404,0
70000,37,1,3,7204,0,0.1029,0
170000,34,0,0,1837,1328,0.0108,0
210000,48,1,1,0,0,0.0,1
80000,33,0,0,75593,2503,0.9449,0
70000,48,0,0,62319,6000,0.8903,0
100000,29,2,6,82781,5000,0.8278,0
60000,31,2,3,30841,4000,0.514,0
350000,29,0,0,36151,2056,0.1033,0
180000,36,1,1,0,0,0.0,0
200000,30,0,0,67825,10000,0.3391,0
120000,26,0,0,67519,3000,0.5627,0
70000,24,0,0,16366,1000,0.2338,0
200000,29,0,1,21326,10000,0.1066,0
200000,39,0,0,10140,9984,0.0507,0
50000,38,0,0,21912,1685,0.4382,0
290000,49,0,0,4599,28420,0.0159,0
120000,26,0,0,74831,4000,0.6236,0
220000,37,0,0,1918,4626,0.0087,0
50000,50,0,0,43140,2500,0.8628,0
360000,35,1,2,0,2819,0.0,0
140000,45,0,0,36856,1500,0.2633,0
30000,22,0,0,0,0,0.0,0
130000,23,0,0,136,0,0.001,0
140000,35,0,1,2736,0,0.0195,0
260000,37,0,3,3689,3993,0.0142,0
50000,54,0,0,22136,1388,0.4427,0
60000,32,0,0,56228,2147,0.9371,0
20000,36,0,0,7075,1000,0.3538,0
250000,26,0,0,188526,7002,0.7541,0
20000,27,0,1,20443,1558,1.0221,0
200000,29,0,0,1945,1000,0.0097,0
50000,25,0,0,6954,2161,0.1391,0
210000,35,1,1,0,0,0.0,0
110000,29,1,1,0,0,0.0,0
20000,28,1,4,2013,0,0.1006,0
250000,30,0,0,61331,3000,0.2453,0
10000,21,0,0,9900,0,0.99,1
140000,30,0,0,4717,5329,0.0337,0
100000,25,0,1,87401,7497,0.874,1
130000,43,3,6,19085,0,0.1468,1
80000,23,0,0,78358,826,0.9795,0
350000,38,0,0,362,792,0.001,0
140000,45,0,0,1553,0,0.0111,0
120000,33,1,1,0,0,0.0,0
480000,46,0,1,277803,16000,0.5788,0
20000,24,0,2,3980,1318,0.199,1
30000,43,0,0,24643,2496,0.8214,0
500000,48,0,0,185627,8000,0.3713,0
360000,55,0,0,23439,5000,0.0651,0
90000,34,1,1,0,2098,0.0,0
90000,44,0,0,94393,3820,1.0488,0
150000,33,0,0,717,0,0.0048,0
130000,49,1,2,0,10152,0.0,0
10000,26,0,1,10252,0,1.0252,0
70000,35,0,0,32507,3000,0.4644,0
220000,32,0,0,207384,9252,0.9427,0
150000,29,0,0,23414,1000,0.1561,0
140000,47,0,0,75883,2536,0.542,0
160000,34,2,2,160285,0,1.0018,0
80000,27,0,0,825,825,0.0103,0
50000,39,0,0,44574,0,0.8915,0
20000,32,0,2,9622,1511,0.4811,0
10000,21,0,0,7691,1192,0.7691,0
320000,34,0,0,7806,2944,0.0244,0
290000,40,0,0,550,550,0.0019,0
50000,43,0,1,49390,2449,0.9878,0
140000,51,0,0,4885,650,0.0349,0
140000,36,0,0,132629,5406,0.9474,0
50000,49,0,0,3126,25368,0.0625,0
360000,34,0,1,9,0,0.0,1
140000,43,0,0,139445,5500,0.996,1
280000,48,0,0,9517,36527,0.034,0
410000,37,0,0,59728,8000,0.1457,0
30000,26,0,0,125,125,0.0042,0
50000,50,1,3,4446,0,0.0889,0
60000,26,0,0,57171,2464,0.9528,0
170000,29,0,0,47742,2105,0.2808,0
230000,28,0,0,651,651,0.0028,0
30000,25,0,3,29883,2000,0.9961,1
360000,42,0,0,5658,4164,0.0157,0
360000,30,0,0,98048,4000,0.2724,0
150000,38,0,0,421504,17000,2.81,0
110000,36,0,0,2309,1002,0.021,0
280000,32,0,0,32068,5000,0.1145,0
200000,37,0,0,2896,10720,0.0145,1
50000,33,1,1,0,0,0.0,0
150000,28,0,0,79426,3003,0.5295,1
360000,36,0,0,331365,15000,0.9205,0
130000,49,0,0,119466,5044,0.919,0
230000,48,0,0,500,14883,0.0022,0
480000,48,0,0,2475,1000,0.0052,0
30000,35,2,1,28852,1700,0.9617,1
150000,42,0,0,89341,5000,0.5956,0
500000,42,0,0,29365,94135,0.0587,0
220000,43,1,1,0,0,0.0,1
360000,56,0,0,437,241,0.0012,1
160000,42,0,0,165686,8450,1.0355,1
270000,42,0,0,12263,10025,0.0454,0
610000,35,0,0,269672,10000,0.4421,0
20000,29,0,0,4453,8019,0.2226,0
70000,28,1,4,9192,0,0.1313,1
260000,35,0,0,51133,10000,0.1967,0
30000,47,0,0,778,5900,0.0259,1
20000,34,1,2,20690,0,1.0345,1
160000,25,0,0,141,201,0.0009,0
20000,23,0,0,16575,1327,0.8288,0
330000,61,0,0,14897,19364,0.0451,0
70000,25,0,3,50224,10000,0.7175,0
300000,27,0,0,0,0,0.0,0
280000,30,2,5,254307,9100,0.9082,0
180000,33,0,0,47050,3000,0.2614,0
50000,50,0,0,51016,2098,1.0203,0
230000,30,0,1,122344,5492,0.5319,1
200000,51,0,0,9754,56243,0.0488,1
250000,30,0,1,5724,2000,0.0229,0
100000,31,1,3,104395,1867,1.044,0
470000,30,0,0,1689,499,0.0036,1
80000,26,0,0,3900,331,0.0488,0
250000,39,0,0,20461,3000,0.0818,0
20000,36,2,6,1050,0,0.0525,1
360000,32,1,1,0,0,0.0,0
80000,26,0,0,35897,1510,0.4487,0
100000,27,1,2,3856,2,0.0386,0
50000,40,1,1,0,0,0.0,0
620000,39,0,0,346927,5200,0.5596,0
100000,28,2,4,29770,1825,0.2977,0
30000,22,0,2,18796,5000,0.6265,0
180000,28,0,0,2619,1839,0.0146,1
330000,36,0,1,2964,36,0.009,0
90000,34,1,2,50281,0,0.5587,0
280000,41,0,0,718,3927,0.0026,0
20000,30,1,2,18231,0,0.9116,1
120000,37,0,1,1235,0,0.0103,0
240000,27,0,0,176829,7058,0.7368,0
80000,53,1,1,0,1710,0.0,1
30000,35,1,3,-2221,0,-0.074,0
70000,28,0,0,20596,5000,0.2942,0
20000,46,1,2,19866,0,0.9933,1
180000,38,2,1,183939,8000,1.0219,1
140000,62,0,0,143107,4839,1.0222,0
20000,24,0,0,17147,1700,0.8574,0
230000,31,0,0,0,0,0.0,1
90000,39,2,6,82326,2700,0.9147,0
170000,33,0,0,263,641,0.0015,0
80000,30,0,0,79949,2500,0.9994,0
80000,36,0,0,9097,31091,0.1137,0
80000,37,0,0,68553,3000,0.8569,0
100000,36,1,4,79695,0,0.797,1
120000,26,0,0,4787,1500,0.0399,0
50000,47,2,4,10992,1540,0.2198,1
260000,64,2,6,2500,0,0.0096,1
180000,35,0,0,170128,7187,0.9452,0
30000,23,0,0,27141,1900,0.9047,0
80000,52,1,6,13701,0,0.1713,1
50000,36,0,1,14668,2800,0.2934,0
50000,41,0,0,13868,1227,0.2774,0
90000,28,2,2,48177,2500,0.5353,1
180000,35,0,0,133733,3514,0.743,0
20000,52,0,0,19773,1331,0.9886,1
460000,39,0,1,15950,13101,0.0347,0
80000,31,1,3,61241,2515,0.7655,0
50000,35,1,4,40624,1700,0.8125,1
50000,37,0,0,50581,2020,1.0116,1
240000,39,1,1,-18,0,-0.0001,0
360000,43,0,0,6146,1000,0.0171,0
150000,23,0,0,27338,1403,0.1823,0
20000,24,0,0,18186,1500,0.9093,0
30000,44,4,6,2646,0,0.0882,0
200000,44,0,0,0,0,0.0,0
80000,51,0,0,9747,1203,0.1218,0
260000,28,0,0,154489,6000,0.5942,0
20000,49,2,1,7823,1151,0.3912,1
240000,39,0,0,123704,4905,0.5154,0
120000,44,1,4,27500,1800,0.2292,0
20000,22,0,0,20117,1466,1.0058,0
20000,52,0,1,9410,2600,0.4705,0
430000,37,0,0,1669,416,0.0039,0
80000,46,0,0,76270,3400,0.9534,0
50000,25,0,0,47809,2141,0.9562,0
140000,35,0,1,47422,6800,0.3387,0
50000,31,1,2,51203,0,1.0241,0
50000,25,0,0,45079,1773,0.9016,0
80000,37,0,0,7070,3087,0.0884,0
50000,26,1,6,16919,1500,0.3384,0
80000,37,0,0,39839,1700,0.498,0
50000,55,2,1,42166,2200,0.8433,1
80000,60,1,1,-2,761,-0.0,1
360000,52,0,0,7542,6302,0.021,0
60000,41,0,0,60672,2741,1.0112,0
290000,31,0,0,1170,0,0.004,0
50000,56,0,0,47076,2110,0.9415,0
360000,28,0,0,243114,1587,0.6753,0
440000,40,0,0,3278,2035,0.0074,0
500000,36,0,0,396,1043,0.0008,0
240000,27,1,1,0,0,0.0,0
100000,31,0,0,21345,6363,0.2134,0
200000,47,1,3,4503,0,0.0225,0
260000,43,1,2,-10,5182,-0.0,0
70000,53,2,6,54251,2600,0.775,1
20000,53,0,1,17614,2000,0.8807,1
180000,38,1,2,124233,5000,0.6902,1
80000,44,0,0,47102,1473,0.5888,0
140000,41,0,0,142129,15126,1.0152,1
50000,26,0,1,22915,1411,0.4583,0
120000,36,2,2,117492,3985,0.9791,1
320000,42,0,0,197352,9000,0.6167,0
70000,39,0,0,6056,1500,0.0865,0
120000,42,0,0,499,499,0.0042,0
150000,25,0,0,100165,5000,0.6678,0
230000,32,0,0,1560,1046,0.0068,0
30000,46,1,6,20143,0,0.6714,0
290000,34,0,0,38027,6000,0.1311,0
50000,36,0,0,4782,0,0.0956,0
360000,34,0,0,14867,1079,0.0413,0
160000,56,0,0,2992,4562,0.0187,0
30000,42,3,3,2231,1000,0.0744,1
60000,27,0,1,21387,1378,0.3564,1
420000,34,0,0,226007,10000,0.5381,1
50000,42,0,0,49887,1850,0.9977,0
360000,34,1,1,0,0,0.0,0
250000,46,0,0,55891,21343,0.2236,0
160000,32,0,4,82345,9000,0.5147,0
50000,30,1,2,52419,0,1.0484,0
160000,29,1,1,-113,19000,-0.0007,0
220000,31,0,0,5254,5000,0.0239,0
70000,43,2,6,26193,1500,0.3742,0
50000,43,0,0,10898,1000,0.218,0
120000,29,0,0,25602,5000,0.2134,0
50000,55,2,1,47067,2400,0.9413,0
210000,32,0,0,132082,6500,0.629,0
120000,28,0,3,594,0,0.005,0
260000,40,0,0,138602,4870,0.5331,0
120000,41,1,6,39606,2000,0.33,0
250000,30,1,1,0,0,0.0,0
30000,33,0,0,29956,29000,0.9985,0
50000,28,0,0,2862,20637,0.0572,0
70000,23,0,1,16103,2800,0.23,0
200000,59,0,0,180887,10000,0.9044,0
100000,29,0,0,48065,1900,0.4806,0
200000,36,0,0,4670,4670,0.0234,1
280000,29,0,0,3009,3454,0.0107,0
420000,54,0,0,12349,6576,0.0294,0
400000,32,0,0,35383,12119,0.0885,0
180000,27,0,0,28978,5029,0.161,0
340000,29,0,0,182441,6550,0.5366,0
500000,38,0,0,3109,34241,0.0062,0
420000,37,1,1,6277,31326,0.0149,0
180000,32,0,0,10989,228,0.061,0
120000,46,0,0,94953,120656,0.7913,0
50000,49,0,1,48501,3500,0.97,0
150000,26,0,0,36302,2070,0.242,0
20000,22,1,4,11087,1100,0.5544,0
150000,27,2,4,183405,10000,1.2227,0
40000,27,6,5,42055,0,1.0514,1
180000,30,0,0,116218,10000,0.6457,0
120000,43,2,2,124613,0,1.0384,1
420000,42,0,0,155814,5397,0.371,0
20000,29,1,3,6345,0,0.3172,0
120000,24,0,0,29161,1500,0.243,0
230000,27,0,0,25947,1800,0.1128,0
50000,46,0,0,49776,2056,0.9955,1
50000,36,0,0,52136,2218,1.0427,0
320000,40,0,0,151222,6500,0.4726,0
70000,23,2,2,69074,2875,0.9868,1
280000,27,0,0,160889,9000,0.5746,0
180000,48,0,0,66092,2370,0.3672,0
50000,29,0,0,2000,5934,0.04,0
340000,25,1,1,0,0,0.0,0
200000,25,0,0,41357,3262,0.2068,0
180000,28,0,0,10479,1410,0.0582,0
50000,25,0,0,42056,5000,0.8411,1
120000,31,0,0,115573,5700,0.9631,0
360000,46,0,0,0,0,0.0,0
240000,50,0,0,419,419,0.0017,0
70000,25,4,3,30542,0,0.4363,1
20000,41,0,0,2795,941,0.1398,0
190000,32,1,5,13041,1400,0.0686,0
200000,38,0,0,780,0,0.0039,0
410000,45,0,0,597,2329,0.0015,0
110000,27,0,0,34314,5000,0.3119,0
210000,27,0,0,87909,4100,0.4186,0
300000,42,1,6,32643,1600,0.1088,0
390000,29,0,0,283965,8724,0.7281,0
30000,51,0,0,28916,11592,0.9639,1
20000,24,0,0,2004,1211,0.1002,1
70000,23,0,0,1823,326,0.026,0
70000,35,4,4,77021,0,1.1003,0
50000,25,0,2,1304,0,0.0261,1
30000,51,0,2,25358,1800,0.8453,0
130000,33,1,4,36672,0,0.2821,0
130000,39,0,0,1240,0,0.0095,0
20000,38,1,1,0,0,0.0,1
30000,34,0,1,411,1000,0.0137,0
170000,26,0,0,30005,1842,0.1765,0
120000,31,2,6,53672,4300,0.4473,1
50000,42,1,6,44350,0,0.887,0
130000,41,0,0,131728,7000,1.0133,0
110000,32,0,0,50433,2200,0.4585,0
80000,28,0,0,53301,3525,0.6663,0
500000,32,0,1,33763,10000,0.0675,0
180000,46,0,0,0,12103,0.0,0
120000,58,1,1,0,2228,0.0,1
20000,23,0,0,14313,1000,0.7156,0
370000,30,0,0,25588,2096,0.0692,1
50000,22,0,0,49551,1707,0.991,0
150000,51,0,0,92766,4000,0.6184,0
80000,29,0,0,1567,20175,0.0196,1
460000,28,0,0,16560,2500,0.036,0
50000,53,2,6,45870,2100,0.9174,1
80000,25,0,0,62242,19885,0.778,0
260000,35,0,0,89420,3578,0.3439,0
320000,32,0,0,488,2301,0.0015,0
50000,46,0,0,44808,2100,0.8962,0
360000,55,0,0,2334,37570,0.0065,0
50000,50,0,0,20001,2000,0.4,0
150000,30,0,0,9248,6871,0.0617,0
70000,32,0,0,67417,2303,0.9631,0
150000,27,0,0,5561,4141,0.0371,0
50000,42,0,0,48842,2576,0.9768,0
90000,23,0,0,13808,4335,0.1534,0
100000,30,0,0,57998,3000,0.58,1
440000,34,0,0,3290,4949,0.0075,0
250000,35,0,0,2746,1666,0.011,0
10000,55,2,6,420,0,0.042,1
80000,37,1,3,55595,0,0.6949,0
220000,54,1,1,0,0,0.0,0
40000,25,0,0,1946,17810,0.0486,1
150000,28,2,1,148095,8000,0.9873,0
20000,35,4,6,17936,0,0.8968,1
240000,41,1,2,137327,0,0.5722,1
200000,29,0,0,170707,6017,0.8535,0
50000,23,0,0,4821,12000,0.0964,0
180000,41,0,0,184650,0,1.0258,0
50000,25,0,4,21397,3500,0.4279,1
20000,31,0,0,1261,390,0.063,0
210000,39,0,0,35639,10000,0.1697,0
500000,43,0,0,4125,5864,0.0082,0
240000,30,1,2,9028,0,0.0376,1
30000,36,1,6,18811,0,0.627,0
190000,42,0,0,7776,3706,0.0409,0
10000,45,0,0,492,10300,0.0492,0
360000,34,0,0,1978,8625,0.0055,0
80000,39,0,0,46401,1560,0.58,0
60000,40,0,0,18875,1500,0.3146,1
100000,45,0,0,1480,916,0.0148,0
100000,28,0,0,557,1033,0.0056,0
10000,46,0,0,7170,1200,0.717,0
180000,24,0,0,182545,9000,1.0141,0
280000,39,2,6,186838,8000,0.6673,1
50000,37,0,1,49078,3800,0.9816,0
380000,55,0,0,126880,7000,0.3339,0
50000,42,0,0,27901,1770,0.558,0
150000,35,0,0,147471,20000,0.9831,0
210000,35,0,0,44125,1732,0.2101,0
30000,36,3,2,26851,0,0.895,1
70000,43,0,0,72770,4108,1.0396,1
80000,28,3,2,79425,107,0.9928,1
50000,44,0,0,19091,1400,0.3818,0
480000,35,0,0,227221,51000,0.4734,0
500000,38,0,0,9889,24920,0.0198,0
170000,26,0,0,22138,1808,0.1302,0
330000,29,0,0,9894,3000,0.03,0
30000,37,0,3,19625,1671,0.6542,0
120000,36,0,0,326,0,0.0027,0
80000,25,0,0,66426,2657,0.8303,0
160000,31,0,1,54835,3500,0.3427,0
110000,30,0,1,100908,7000,0.9173,1
20000,36,2,2,17638,1666,0.8819,1
140000,49,2,1,136128,4756,0.9723,1
50000,30,4,6,37570,0,0.7514,0
20000,22,0,0,11999,1062,0.6,1
200000,29,0,0,170964,7788,0.8548,1
320000,50,0,1,271305,9703,0.8478,0
400000,42,0,0,10132,16932,0.0253,0
250000,35,0,0,241711,7481,0.9668,0
550000,34,0,0,42132,3005,0.0766,1
300000,38,0,0,105932,5137,0.3531,0
50000,34,0,0,46337,1792,0.9267,0
160000,34,0,0,1072,3297,0.0067,0
80000,25,0,0,20708,6545,0.2589,0
280000,38,0,0,192080,5716,0.686,0
500000,35,0,0,1900,1489,0.0038,1
340000,39,0,0,93767,65758,0.2758,0
160000,42,0,0,0,0,0.0,0
120000,26,0,1,942,780,0.0078,0
150000,28,0,0,28416,10000,0.1894,0
110000,34,0,1,15908,4013,0.1446,0
120000,28,0,1,2049,0,0.0171,1
110000,36,0,0,141670,6278,1.2879,0
320000,36,0,0,-20,0,-0.0001,0
50000,42,0,0,29224,2000,0.5845,0
50000,38,0,0,1226,1226,0.0245,0
90000,23,2,6,37639,2000,0.4182,0
270000,40,0,0,19769,34813,0.0732,0
50000,25,1,2,19454,0,0.3891,0
50000,47,2,1,27143,1700,0.5429,0
360000,28,1,1,0,0,0.0,0
120000,26,0,0,4317,2000,0.036,0
290000,37,0,0,396,396,0.0014,0
200000,36,0,0,5308,3981,0.0265,0
110000,25,2,1,109924,6000,0.9993,1
50000,39,0,0,23540,2010,0.4708,0
150000,42,0,0,2716,0,0.0181,0
280000,32,0,0,13532,23871,0.0483,0
310000,29,0,0,44592,2000,0.1438,0
450000,32,0,0,-3768,179,-0.0084,0
40000,23,2,3,33313,1600,0.8328,1
50000,38,0,0,41724,5000,0.8345,0
290000,35,0,0,17397,12556,0.06,0
60000,39,0,0,36343,5140,0.6057,0
20000,47,0,4,7384,2108,0.3692,1
80000,27,0,0,1995,0,0.0249,0
100000,36,1,6,9670,0,0.0967,0
50000,37,2,2,48716,2213,0.9743,1
250000,36,1,1,-26,8992,-0.0001,0
210000,34,0,0,1262,33414,0.006,1
280000,35,0,0,6302,4663,0.0225,0
110000,35,0,0,125719,4316,1.1429,0
60000,36,2,5,80709,2300,1.3452,0
200000,40,0,0,540,454,0.0027,0
30000,35,0,2,22583,3026,0.7528,0
80000,26,0,0,79565,3481,0.9946,0
50000,39,0,0,17698,2005,0.354,0
160000,39,1,1,-16,1971,-0.0001,0
130000,26,0,0,110922,5000,0.8532,1
230000,35,0,0,2873,29525,0.0125,0
260000,35,0,0,213,214,0.0008,0
200000,54,0,0,177664,10000,0.8883,0
420000,32,0,0,45060,1407,0.1073,1
100000,22,2,2,36891,2201,0.3689,1
100000,25,1,1,0,460,0.0,0
390000,34,0,0,5053,0,0.013,0
80000,28,0,0,0,0,0.0,0
50000,45,1,4,46166,0,0.9233,0
90000,38,1,4,8144,2034,0.0905,1
240000,56,0,1,138785,6500,0.5783,0
50000,47,0,0,12785,19982,0.2557,0
30000,21,0,0,290,20002,0.0097,0
200000,39,0,0,25483,6541,0.1274,0
320000,40,1,5,298343,12300,0.9323,1
90000,35,0,0,22672,1339,0.2519,0
20000,23,0,0,17589,1313,0.8794,1
80000,23,0,0,24215,10000,0.3027,0
380000,36,0,0,52956,25000,0.1394,0
300000,37,0,0,0,51,0.0,0
110000,51,0,0,69564,2500,0.6324,0
100000,29,0,0,53840,1748,0.5384,0
250000,39,0,1,1000,3629,0.004,0
250000,33,0,0,22824,6573,0.0913,0
220000,30,0,0,87604,5000,0.3982,0
20000,27,3,4,16732,1700,0.8366,1
240000,34,0,0,1731,6763,0.0072,0
210000,40,0,2,130868,11760,0.6232,0
200000,26,0,2,105433,5498,0.5272,0
120000,25,1,1,0,0,0.0,1
140000,26,0,0,18648,1309,0.1332,0
30000,24,0,0,28495,1900,0.9498,0
50000,52,0,0,16033,1593,0.3207,0
240000,28,0,0,133230,5500,0.5551,0
200000,46,1,1,0,0,0.0,0
490000,57,0,0,354782,17035,0.724,0
60000,36,0,1,2130,0,0.0355,1
300000,37,1,2,-165580,505000,-0.5519,0
310000,36,1,1,-8,1711,-0.0,0
360000,43,0,0,0,751,0.0,0
60000,23,0,0,60380,2296,1.0063,1
120000,27,0,0,390,390,0.0032,0
210000,26,0,0,206714,7868,0.9844,0
50000,38,0,0,22178,1700,0.4436,0
510000,34,0,0,10554,1074,0.0207,0
10000,24,0,0,6709,1300,0.6709,0
250000,36,0,0,6378,72534,0.0255,0
210000,26,0,0,3292,3399,0.0157,0
160000,46,0,0,169746,4318,1.0609,0
80000,24,0,0,3278,1000,0.041,0
230000,28,0,0,29108,1587,0.1266,0
30000,53,1,5,18663,0,0.6221,1
50000,29,2,3,50136,1000,1.0027,1
190000,28,2,6,159438,8150,0.8391,1
130000,46,0,0,125557,2498,0.9658,0
140000,46,0,0,132586,4800,0.947,0
110000,29,0,0,112533,4101,1.023,0
20000,21,0,0,19030,1500,0.9515,0
250000,32,0,0,255413,10500,1.0217,0
360000,35,0,0,106010,24976,0.2945,1
30000,21,2,2,30769,0,1.0256,0
50000,54,0,0,43099,2212,0.862,0
100000,29,0,0,49707,2000,0.4971,0
150000,33,0,0,232327,5877,1.5488,0
150000,30,0,0,12516,5568,0.0834,0
200000,41,0,0,4533,8756,0.0227,0
20000,40,0,0,13639,1600,0.6819,0
310000,37,0,0,0,0,0.0,0
100000,26,1,6,93295,4200,0.933,0
50000,32,0,4,41114,4000,0.8223,1
130000,24,0,0,48764,1034,0.3751,0
100000,47,0,1,836,2695,0.0084,0
280000,28,0,0,4468,11525,0.016,0
200000,37,0,0,173867,7000,0.8693,0
90000,34,2,1,54933,2009,0.6104,1
150000,41,0,0,1906,5002,0.0127,0
20000,42,2,6,18155,0,0.9078,1
360000,30,0,0,11193,332,0.0311,0
40000,28,1,5,27746,2000,0.6936,1
240000,55,0,1,74270,3200,0.3095,0
500000,36,0,0,7297,12349,0.0146,0
20000,39,4,3,11553,0,0.5776,1
140000,44,0,0,85119,3153,0.608,1
100000,27,0,0,100442,5000,1.0044,0
120000,32,0,0,18955,1315,0.158,0
100000,44,1,2,97581,0,0.9758,0
140000,33,0,0,4882,4882,0.0349,0
210000,27,0,0,99050,1301,0.4717,0
500000,35,1,1,0,640,0.0,1
110000,27,0,0,2280,0,0.0207,0
340000,30,0,0,2943,3375,0.0087,0
330000,27,0,2,322464,13248,0.9772,1
50000,34,0,0,45504,2000,0.9101,0
10000,39,1,2,0,0,0.0,1
70000,42,0,4,26550,2400,0.3793,0
450000,37,0,0,1212,1032,0.0027,1
30000,33,0,0,12051,1250,0.4017,0
150000,32,5,6,79529,0,0.5302,0
230000,37,2,3,72514,5118,0.3153,1
30000,47,2,6,28073,1800,0.9358,1
30000,30,0,0,29965,2000,0.9988,0
20000,45,1,6,15748,1300,0.7874,1
70000,51,0,0,32485,1267,0.4641,0
50000,45,0,0,2618,2007,0.0524,0
360000,46,1,1,723,17392,0.002,0
400000,29,1,2,77970,0,0.1949,0
130000,36,0,0,2342,2951,0.018,0
130000,27,0,1,2207,3747,0.017,0
340000,40,0,0,1600,93661,0.0047,0
270000,40,0,0,26183,1826,0.097,1
60000,38,0,0,13138,20000,0.219,1
130000,31,0,0,80533,1816,0.6195,0
10000,22,0,0,9240,1230,0.924,0
160000,33,2,6,132510,0,0.8282,1
270000,33,0,0,22604,5000,0.0837,0
80000,30,2,3,38370,2000,0.4796,1
340000,39,0,0,4676,3806,0.0138,0
360000,52,0,0,14432,15329,0.0401,0
240000,43,0,0,5740,0,0.0239,0
50000,26,0,0,3475,0,0.0695,0
50000,23,0,0,13352,1066,0.267,0
180000,28,0,0,1206,661,0.0067,0
370000,31,0,0,0,229818,0.0,0
60000,27,1,6,10401,2000,0.1734,1
50000,25,0,0,1355,1355,0.0271,0
50000,52,0,1,-11,46512,-0.0002,0
130000,29,0,0,41224,4500,0.3171,0
500000,49,0,0,4007,10021,0.008,0
300000,27,1,1,0,11174,0.0,0
120000,25,0,0,75913,4501,0.6326,0
110000,25,1,5,102884,0,0.9353,0
220000,30,0,0,35258,1066,0.1603,0
140000,26,0,0,8178,1000,0.0584,0
30000,24,0,0,20069,1700,0.669,0
200000,35,0,0,11409,1228,0.057,0
350000,33,0,0,1314,5249,0.0038,0
150000,42,0,0,6407,0,0.0427,0
20000,24,2,6,1650,0,0.0825,1
200000,56,0,0,15603,1500,0.078,0
20000,24,2,6,1650,0,0.0825,0
320000,35,0,0,2695,505,0.0084,0
100000,29,0,0,170,3224,0.0017,0
280000,28,0,0,7370,3420,0.0263,1
50000,47,0,0,11066,5000,0.2213,0
20000,23,0,0,18311,2000,0.9156,0
160000,33,0,0,5256,3290,0.0328,0
60000,23,0,0,15592,2000,0.2599,0
150000,49,0,0,32866,5028,0.2191,0
460000,34,0,0,362816,15325,0.7887,0
500000,51,0,0,2362,575,0.0047,0
320000,34,0,0,14237,15031,0.0445,0
200000,29,1,1,0,0,0.0,1
430000,28,0,0,25968,1313,0.0604,0
150000,58,0,0,4473,3273,0.0298,0
100000,28,2,1,95197,4050,0.952,0
30000,30,0,1,13216,2000,0.4405,0
260000,31,0,0,20000,0,0.0769,0
40000,24,0,2,29782,3000,0.7446,1
290000,34,1,1,0,0,0.0,1
140000,27,0,0,776,0,0.0055,0
60000,22,1,3,52126,2030,0.8688,1
210000,41,0,0,62261,6615,0.2965,0
170000,28,1,1,0,0,0.0,0
370000,37,0,0,0,0,0.0,1
30000,23,0,0,30235,3000,1.0078,0
360000,32,0,0,2500,0,0.0069,0
290000,43,0,0,124362,5100,0.4288,0
50000,36,0,0,13572,1188,0.2714,0
210000,27,1,1,0,0,0.0,0
170000,31,2,1,170485,8000,1.0029,0
360000,40,0,1,76584,21358,0.2127,0
90000,25,0,0,9359,0,0.104,0
210000,44,1,3,19131,0,0.0911,1
160000,50,0,0,3440,3219,0.0215,0
30000,22,0,1,10094,5300,0.3365,0
80000,23,2,2,71528,0,0.8941,0
250000,36,0,0,126751,4559,0.507,0
60000,27,1,3,7169,1500,0.1195,0
130000,30,0,2,127253,12207,0.9789,0
180000,30,0,0,174297,22000,0.9683,0
200000,27,0,0,5105,7261,0.0255,0
210000,28,0,0,124667,145273,0.5937,0
240000,30,0,0,12876,1905,0.0536,0
460000,46,0,0,305814,15000,0.6648,0
400000,38,0,0,16195,10713,0.0405,0
20000,25,0,0,13701,1241,0.6851,0
60000,37,0,0,60655,2410,1.0109,0
110000,34,0,0,93039,4500,0.8458,0
80000,26,2,5,41586,3775,0.5198,1
50000,30,0,0,390,390,0.0078,0
360000,28,0,0,2386,3166,0.0066,0
70000,24,0,0,49169,1840,0.7024,0
20000,22,0,1,16072,1700,0.8036,0
200000,50,0,0,141886,7000,0.7094,0
90000,46,0,0,1609,1372,0.0179,0
30000,36,0,4,1123,200,0.0374,0
260000,44,0,0,2772,6675,0.0107,1
50000,34,0,0,7900,1309,0.158,1
30000,25,0,2,30119,1900,1.004,0
20000,33,0,0,2909,1224,0.1454,0
30000,33,2,2,42646,2159,1.4215,1
290000,29,0,0,221626,6530,0.7642,1
50000,26,2,2,2467,0,0.0493,1
60000,31,0,4,3610,900,0.0602,0
200000,34,0,3,156449,10000,0.7822,1
50000,48,0,0,45600,1800,0.912,0
190000,29,0,0,188463,6536,0.9919,0
70000,38,1,6,30175,1900,0.4311,0
300000,31,1,1,-122,23075,-0.0004,0
400000,27,0,4,58995,5000,0.1475,0
200000,46,1,1,9367,0,0.0468,1
560000,43,0,0,168211,5060,0.3004,0
150000,37,0,0,40680,4960,0.2712,0
300000,36,0,0,2072,2654,0.0069,0
80000,24,0,3,48578,3000,0.6072,0
150000,52,0,2,3391,20,0.0226,1
20000,29,0,0,8624,1500,0.4312,0
50000,27,0,0,43583,3100,0.8717,0
150000,23,0,1,41408,2074,0.2761,0
140000,34,1,1,0,401,0.0,0
500000,52,0,0,1323,1725,0.0026,0
90000,29,0,0,89068,4073,0.9896,0
30000,28,0,0,27368,3000,0.9123,1
50000,50,0,1,47405,4130,0.9481,1
280000,32,0,0,0,0,0.0,0
390000,26,2,1,112320,5073,0.288,1
100000,27,2,6,97156,2900,0.9716,1
200000,33,0,1,197272,8600,0.9864,1
230000,41,0,0,38975,5000,0.1695,0
20000,48,0,4,11492,4500,0.5746,0
180000,40,0,0,123705,6019,0.6872,0
10000,23,3,3,4256,1081,0.4256,0
327680,42,0,0,344011,11219,1.0498,1
100000,42,0,0,976,4500,0.0098,1
80000,41,0,0,0,0,0.0,0
250000,37,0,0,13504,1267,0.054,0
440000,34,0,0,4196,10137,0.0095,0
140000,24,0,0,13408,97396,0.0958,0
20000,50,0,0,5100,2940,0.255,0
50000,29,2,4,46191,3800,0.9238,0
30000,29,0,0,2405,390,0.0802,0
210000,34,0,0,140272,6018,0.668,0
20000,28,0,3,6866,1500,0.3433,0
150000,24,0,0,6479,1670,0.0432,1
50000,23,0,1,51175,2500,1.0235,0
210000,47,0,0,17952,1500,0.0855,0
250000,49,0,0,632,0,0.0025,1
130000,37,0,0,109383,5300,0.8414,0
290000,38,2,2,324016,0,1.1173,1
150000,29,0,0,19020,1500,0.1268,0
80000,28,0,0,77450,3500,0.9681,0
50000,39,0,0,11665,1232,0.2333,0
240000,49,0,0,4639,1838,0.0193,0
90000,27,0,4,20249,25000,0.225,0
220000,38,1,2,7311,0,0.0332,0
170000,33,0,0,2164,165,0.0127,0
70000,26,1,1,0,0,0.0,0
160000,53,2,2,1309,0,0.0082,1
250000,29,0,0,17949,9863,0.0718,0
70000,42,0,0,71255,2800,1.0179,1
90000,27,0,0,509,511,0.0057,1
50000,23,0,0,49103,1800,0.9821,0
150000,30,0,0,150311,5500,1.0021,1
20000,21,1,1,0,0,0.0,1
20000,23,0,0,16841,1642,0.842,0
50000,29,0,0,85305,4000,1.7061,0
200000,31,0,0,179063,5000,0.8953,0
200000,25,0,0,1676,4595,0.0084,0
120000,52,0,0,119796,4700,0.9983,0
270000,37,0,0,384,2197,0.0014,1
300000,31,0,0,11158,1000,0.0372,0
400000,29,0,0,41008,2005,0.1025,1
120000,24,0,0,79172,2500,0.6598,0
130000,25,0,0,4841,2000,0.0372,0
150000,30,0,0,116778,60367,0.7785,0
200000,40,1,1,0,0,0.0,1
130000,49,0,0,130558,5311,1.0043,0
120000,27,0,0,1026,1026,0.0086,0
230000,32,0,0,1168,698,0.0051,0
50000,26,0,0,11550,1000,0.231,0
10000,49,0,2,32,0,0.0032,1
360000,28,0,0,14433,2394,0.0401,0
140000,24,0,0,124722,3645,0.8909,0
50000,25,3,3,49081,2063,0.9816,1
120000,44,0,0,16407,1296,0.1367,0
500000,56,0,0,22981,97345,0.046,0
500000,33,0,0,49981,2200,0.1,0
10000,25,0,1,7786,1000,0.7786,0
160000,39,0,0,40892,2500,0.2556,0
60000,31,0,1,326,1152,0.0054,0
60000,40,0,0,25158,5000,0.4193,0
160000,40,1,1,0,372,0.0,0
500000,40,0,0,5158,5514,0.0103,0
360000,41,0,0,250180,4428,0.6949,0
10000,27,2,4,6743,2600,0.6743,1
30000,44,2,4,33382,2000,1.1127,1
60000,26,0,0,3724,5600,0.0621,0
80000,44,0,0,1719,1000,0.0215,0
410000,37,0,0,4339,1815,0.0106,0
70000,27,3,4,70084,3000,1.0012,1
60000,47,0,0,696,696,0.0116,1
80000,41,0,0,12781,2000,0.1598,0
30000,38,0,0,14095,1255,0.4698,0
110000,49,0,0,52775,3000,0.4798,0
150000,30,0,1,696,1392,0.0046,1
30000,38,1,3,9033,0,0.3011,0
150000,38,0,0,40441,2000,0.2696,0
50000,55,0,2,42067,4055,0.8413,0
40000,41,0,0,39295,1786,0.9824,0
70000,23,0,0,54428,2002,0.7775,0
100000,46,2,1,98482,3517,0.9848,1
10000,22,1,3,8846,0,0.8846,0
60000,29,0,0,4262,7662,0.071,0
100000,27,0,0,2927,831,0.0293,1
50000,29,0,0,9730,1500,0.1946,0
10000,30,0,0,390,0,0.039,1
50000,54,2,3,47927,4090,0.9585,1
10000,36,0,0,4945,1300,0.4945,0
80000,36,0,0,75345,4419,0.9418,0
50000,47,0,0,37486,1800,0.7497,0
470000,27,0,0,4007,3201,0.0085,0
530000,39,0,0,398763,17016,0.7524,0
200000,34,0,0,12322,13871,0.0616,1
20000,23,0,0,18055,1100,0.9028,0
80000,24,0,0,80235,3626,1.0029,0
150000,38,0,0,5219,0,0.0348,0
30000,41,2,2,25594,0,0.8531,1
170000,37,0,0,743,0,0.0044,0
230000,30,0,0,190919,7214,0.8301,0
170000,37,2,4,135419,6800,0.7966,1
290000,47,0,0,1200,0,0.0041,0
170000,27,0,0,64195,3000,0.3776,0
200000,26,0,0,118267,3263,0.5913,0
80000,55,0,0,82567,3121,1.0321,0
340000,32,0,0,0,0,0.0,1
110000,28,0,1,112953,12500,1.0268,0
10000,36,0,1,6672,2000,0.6672,0
80000,27,0,0,64561,2176,0.807,0
60000,28,0,0,34580,1300,0.5763,0
340000,27,0,0,14745,9318,0.0434,0
20000,54,0,0,10618,2000,0.5309,0
500000,49,0,0,5157,77677,0.0103,0
250000,53,0,0,252916,9011,1.0117,0
50000,24,1,1,0,0,0.0,0
100000,48,0,0,525,1100,0.0052,1
280000,31,0,0,2158,0,0.0077,1
500000,41,0,0,505128,19295,1.0103,0
20000,24,0,0,16793,1700,0.8396,0
140000,24,1,2,0,0,0.0,0
250000,30,0,0,43694,15284,0.1748,0
50000,27,0,0,0,0,0.0,0
70000,33,2,1,49307,1500,0.7044,1
230000,27,0,0,228863,8862,0.9951,0
500000,31,0,0,453,16783,0.0009,0
280000,40,0,0,212617,7297,0.7593,0
160000,40,1,1,0,0,0.0,0
50000,32,1,1,0,0,0.0,0
500000,38,0,0,105587,3627,0.2112,0
290000,24,0,0,230014,8411,0.7932,0
100000,29,0,0,47919,2000,0.4792,0
480000,61,0,0,91524,5000,0.1907,0
110000,33,0,0,110704,2056,1.0064,0
350000,24,2,3,86342,0,0.2467,1
70000,34,0,0,58875,0,0.8411,0
290000,38,0,0,118801,3530,0.4097,0
210000,34,0,0,6769,12660,0.0322,0
240000,38,0,0,4890,4164,0.0204,0
260000,49,1,1,0,0,0.0,0
80000,27,0,0,38220,3000,0.4778,0
50000,38,0,0,50748,1500,1.015,0
10000,28,2,1,6302,1000,0.6302,1
50000,45,0,0,48984,2000,0.9797,0
200000,39,1,1,0,0,0.0,0
400000,39,0,0,91170,55974,0.2279,0
210000,37,0,0,24547,4519,0.1169,1
500000,42,0,0,0,0,0.0,1
60000,55,0,0,0,0,0.0,0
150000,25,0,0,151761,5752,1.0117,0
60000,26,1,1,0,23040,0.0,0
450000,35,0,0,254679,10000,0.566,0
430000,42,2,6,289358,13000,0.6729,1
50000,30,0,0,1383,1383,0.0277,0
80000,23,0,0,0,4419,0.0,0
200000,36,0,3,25469,2000,0.1273,1
60000,25,0,0,18280,1482,0.3047,0
50000,48,2,1,49913,2077,0.9983,0
150000,35,0,0,38484,8000,0.2566,0
200000,26,0,0,980,2000,0.0049,0
80000,29,0,0,78265,3070,0.9783,1
30000,41,1,1,8247,16463,0.2749,0
200000,33,0,0,47132,1917,0.2357,0
170000,30,0,0,30552,2500,0.1797,0
130000,52,0,2,82399,7931,0.6338,0
180000,28,0,0,103203,6500,0.5734,0
160000,27,0,0,11924,0,0.0745,0
20000,29,0,2,957,356,0.0478,0
250000,42,0,0,255473,11300,1.0219,0
150000,28,0,0,252,6546,0.0017,0
180000,35,0,0,574,396,0.0032,0
120000,27,0,0,60109,2415,0.5009,0
430000,42,0,0,1580,1526,0.0037,0
200000,38,2,1,194281,7332,0.9714,0
20000,38,0,1,12193,5015,0.6096,0
370000,42,0,0,271452,11295,0.7337,0
30000,25,0,0,25366,5000,0.8455,0
180000,25,0,2,7026,10080,0.039,0
360000,48,0,0,5518,2548,0.0153,0
260000,33,0,0,248034,11381,0.954,0
200000,25,0,0,190123,8487,0.9506,0
50000,39,0,0,30049,1800,0.601,0
50000,22,3,2,50953,8,1.0191,1
270000,33,0,0,9711,9391,0.036,0
10000,22,2,1,7582,1200,0.7582,1
390000,38,0,0,9610,6090,0.0246,0
350000,50,0,0,50376,20717,0.1439,0
350000,40,0,0,63200,4150,0.1806,0
300000,33,0,0,306623,12000,1.0221,0
50000,38,0,0,42856,1300,0.8571,0
250000,35,0,0,88132,3500,0.3525,0
360000,33,0,2,5971,0,0.0166,0
180000,42,1,1,0,0,0.0,0
150000,41,0,0,78354,2507,0.5224,0
250000,35,1,6,196192,0,0.7848,0
200000,29,0,0,41151,1650,0.2058,0
260000,46,0,0,451,268,0.0017,1
150000,52,0,0,135450,4771,0.903,1
400000,36,0,0,39601,21357,0.099,0
20000,32,0,0,14662,1500,0.7331,0
90000,25,0,1,43519,1861,0.4835,0
200000,34,0,1,73494,10000,0.3675,0
70000,27,1,6,61401,2900,0.8772,0
80000,49,0,0,5885,2000,0.0736,0
240000,43,0,0,73462,65361,0.3061,0
200000,28,0,0,339,5322,0.0017,0
270000,29,0,0,125120,4000,0.4634,0
210000,32,1,1,0,0,0.0,0
140000,24,0,0,16343,1462,0.1167,1
120000,36,0,0,31218,2000,0.2602,0
130000,36,2,4,65767,9813,0.5059,1
70000,34,1,6,16354,1500,0.2336,0
80000,24,0,0,35926,5041,0.4491,0
170000,38,1,1,0,0,0.0,1
300000,33,0,0,920,1592,0.0031,0
380000,37,0,0,15019,4472,0.0395,0
110000,26,0,0,58716,2500,0.5338,0
80000,24,0,0,30985,14300,0.3873,0
20000,30,0,0,28674,1392,1.4337,0
200000,28,0,0,972,0,0.0049,0
360000,62,0,1,234825,15000,0.6523,0
170000,50,0,0,10072,2417,0.0592,0
500000,46,0,0,28412,72234,0.0568,0
50000,24,0,0,16090,36027,0.3218,0
50000,52,2,6,37530,2000,0.7506,0
80000,26,0,0,46802,1903,0.585,0
50000,31,0,0,50758,2501,1.0152,0
30000,23,0,0,28420,1482,0.9473,1
30000,41,0,0,5413,9200,0.1804,0
20000,23,1,3,14034,0,0.7017,1
500000,29,0,0,499452,30483,0.9989,0
170000,42,0,0,552,552,0.0032,0
20000,23,1,1,0,342,0.0,0
90000,50,0,0,76495,3243,0.8499,0
230000,35,0,0,3454,0,0.015,1
210000,35,0,0,209802,8800,0.9991,0
20000,23,0,0,17728,1700,0.8864,0
60000,48,0,0,9015,14700,0.1502,0
300000,29,0,0,1825,2017,0.0061,0
50000,30,0,4,44572,4500,0.8914,0
50000,35,0,0,50000,1150,1.0,1
500000,61,0,0,11430,29205,0.0229,0
490000,30,0,0,250637,11032,0.5115,0
110000,29,1,3,109636,0,0.9967,0
360000,27,0,0,6449,1108,0.0179,1
80000,42,0,0,43024,5098,0.5378,0
180000,27,2,4,153198,1813,0.8511,1
180000,27,0,0,581,5396,0.0032,0
70000,22,0,0,9232,68209,0.1319,0
140000,26,0,0,105930,3029,0.7566,0
340000,30,0,0,24400,27800,0.0718,0
70000,36,0,5,1156,2044,0.0165,1
300000,34,0,0,271928,10230,0.9064,1
20000,23,2,6,18495,3000,0.9248,1
170000,42,0,0,415,415,0.0024,0
280000,44,0,0,146390,5111,0.5228,0
90000,50,0,0,83939,4000,0.9327,0
160000,27,1,1,0,418,0.0,1
300000,46,1,1,0,0,0.0,1
60000,38,1,4,49808,0,0.8301,1
210000,46,0,0,3035,5790,0.0145,0
130000,29,0,0,132214,5500,1.017,0
160000,35,0,0,11988,0,0.0749,0
20000,37,0,0,8400,1000,0.42,1
240000,40,0,0,4480,1735,0.0187,0
340000,38,0,0,15065,41951,0.0443,0
150000,42,0,1,136518,13571,0.9101,0
180000,46,0,0,142826,3000,0.7935,0
300000,26,0,0,48729,7500,0.1624,0
180000,44,0,0,1110,1110,0.0062,0
50000,22,0,0,44320,2280,0.8864,0
50000,55,0,1,46731,1810,0.9346,0
340000,37,0,0,8480,21631,0.0249,0
190000,31,0,0,-579,579,-0.003,1
180000,43,0,0,4824,1001,0.0268,0
20000,28,1,2,5653,0,0.2826,1
450000,29,0,0,51686,10068,0.1149,0
100000,30,1,2,105033,0,1.0503,0
80000,26,0,0,68194,2000,0.8524,0
10000,36,0,1,6470,1200,0.647,1
20000,22,0,0,5099,1200,0.255,0
260000,53,1,6,118107,3656,0.4543,1
150000,52,0,0,88812,2564,0.5921,1
500000,34,0,0,19656,65732,0.0393,0
110000,46,0,0,734,9483,0.0067,0
160000,32,0,0,93174,4500,0.5823,0
200000,36,0,0,131694,4269,0.6585,0
190000,45,1,2,75758,0,0.3987,0
180000,28,0,0,8366,16912,0.0465,1
50000,25,1,6,27796,0,0.5559,1
100000,54,0,3,46041,15000,0.4604,0
130000,29,1,6,129094,0,0.993,1
120000,58,0,0,396,396,0.0033,0
340000,37,0,0,289995,10015,0.8529,0
20000,22,0,0,19844,1369,0.9922,0
30000,34,0,0,28893,2000,0.9631,1
250000,44,0,0,4602,5000,0.0184,0
70000,25,0,2,70488,2000,1.007,0
50000,47,2,5,37277,2000,0.7455,0
280000,60,0,0,792,0,0.0028,0
500000,46,0,0,886,21831,0.0018,0
140000,50,1,6,136183,6901,0.9727,0
200000,31,0,0,192698,8135,0.9635,0
50000,36,2,6,2400,0,0.048,1
320000,58,0,1,380,0,0.0012,0
50000,59,1,2,44977,0,0.8995,0
30000,49,0,0,12939,1405,0.4313,0
100000,25,2,2,100000,0,1.0,0
340000,44,0,0,327058,16004,0.9619,1
350000,38,0,0,7633,7638,0.0218,0
20000,24,2,4,4127,1500,0.2064,1
110000,26,0,0,110925,5607,1.0084,0
290000,29,0,0,264929,12324,0.9135,0
40000,26,1,6,11318,0,0.283,1
120000,39,2,1,114647,5000,0.9554,1
190000,55,0,0,5928,9770,0.0312,0
150000,23,0,0,115206,6000,0.768,0
300000,42,0,0,6349,668,0.0212,0
240000,32,0,0,53286,8000,0.222,0
60000,33,2,1,60099,2500,1.0016,1
150000,29,0,0,51620,9070,0.3441,0
80000,47,0,0,194843,5501,2.4355,0
160000,43,0,0,5617,267,0.0351,0
200000,30,0,0,182338,4653,0.9117,0
90000,42,2,5,95773,4000,1.0641,0
360000,38,1,1,0,0,0.0,0
350000,38,0,0,4482,4998,0.0128,0
30000,51,0,0,17454,1800,0.5818,0
40000,23,0,0,15045,1400,0.3761,0
160000,24,0,0,4449,1283,0.0278,0
200000,40,0,1,16816,1610,0.0841,0
330000,33,0,0,223445,5005,0.6771,0
500000,47,0,1,7233,0,0.0145,0
500000,28,0,0,67763,2244,0.1355,0
460000,54,0,0,7623,9495,0.0166,0
120000,27,0,1,6553,0,0.0546,0
130000,45,2,1,990,990,0.0076,0
20000,22,0,0,7268,11500,0.3634,0
170000,41,0,0,149941,3200,0.882,0
50000,29,0,0,48305,2500,0.9661,0
50000,36,0,0,3580,1084,0.0716,1
50000,43,0,0,17113,1303,0.3423,0
220000,36,0,1,13043,2190,0.0593,0
260000,38,0,0,30845,1275,0.1186,0
500000,54,0,0,428841,15703,0.8577,0
20000,25,0,0,20195,1376,1.0098,0
20000,40,0,1,5945,2345,0.2972,1
80000,25,0,0,45113,1456,0.5639,0
500000,35,0,0,2295,1384,0.0046,0
160000,27,0,0,165,0,0.001,1
200000,27,0,0,7934,16140,0.0397,0
50000,34,0,0,42980,1731,0.8596,0
20000,25,0,0,19791,1917,0.9896,1
170000,38,0,0,146518,7031,0.8619,0
10000,23,0,1,780,0,0.078,1
20000,28,1,6,19109,5000,0.9554,1
150000,29,0,2,2501,4400,0.0167,0
470000,47,0,1,447057,17600,0.9512,0
200000,32,0,0,36154,9216,0.1808,0
130000,27,0,0,26868,2000,0.2067,0
70000,40,0,1,12924,2600,0.1846,0
270000,34,0,0,160006,5420,0.5926,0
150000,27,0,1,57386,5000,0.3826,1
240000,41,1,2,8827,0,0.0368,0
100000,60,0,0,0,198,0.0,0
200000,40,0,0,6750,5007,0.0338,1
220000,33,0,0,22708,2000,0.1032,0
70000,69,1,2,11572,0,0.1653,1
260000,44,0,0,99176,2259,0.3814,0
180000,29,0,0,134797,5000,0.7489,0
210000,35,0,0,1983,0,0.0094,0
130000,36,1,2,98469,0,0.7575,0
320000,39,0,0,147440,5009,0.4608,0
30000,27,2,1,1473,2998,0.0491,1
50000,25,0,0,50485,2000,1.0097,0
380000,27,0,0,4400,0,0.0116,0
20000,22,2,3,6643,1500,0.3322,1
50000,31,2,1,49804,2000,0.9961,0
140000,28,0,0,8483,9532,0.0606,0
150000,46,1,1,0,0,0.0,1
370000,36,0,0,297678,12033,0.8045,1
100000,41,0,0,96832,2592,0.9683,0
100000,27,0,0,98746,4146,0.9875,0
50000,29,3,3,32750,1600,0.655,1
400000,33,0,1,565,0,0.0014,0
250000,43,0,0,34200,0,0.1368,0
150000,45,1,1,-141,11254,-0.0009,0
120000,37,2,6,117681,5200,0.9807,1
260000,31,0,0,117271,7000,0.451,0
90000,23,0,0,80551,2028,0.895,0
130000,39,2,1,390,390,0.003,0
50000,29,1,4,46376,0,0.9275,1
120000,29,1,2,126412,0,1.0534,1
140000,33,0,0,473,0,0.0034,0
170000,34,0,0,172095,6317,1.0123,0
330000,31,0,0,5480,30630,0.0166,0
210000,33,0,0,0,0,0.0,1
300000,39,0,2,27459,8000,0.0915,1
130000,39,0,0,93797,3339,0.7215,0
360000,29,0,0,27370,1328,0.076,0
150000,26,2,2,37594,0,0.2506,0
90000,33,2,4,61367,0,0.6819,1
260000,61,1,1,-551,17000,-0.0021,0
30000,21,4,3,32179,0,1.0726,1
80000,45,0,0,79552,3130,0.9944,0
500000,33,0,0,363,2089,0.0007,0
20000,33,0,0,13864,1242,0.6932,0
60000,36,0,0,34364,5000,0.5727,0
210000,37,0,0,15637,3017,0.0745,0
50000,24,0,4,29595,3000,0.5919,1
350000,32,0,0,228009,9000,0.6515,0
200000,37,1,1,0,0,0.0,0
280000,28,0,0,51439,20000,0.1837,0
230000,41,0,0,1552,792,0.0067,0
200000,35,2,1,195441,8597,0.9772,1
220000,32,1,6,202792,0,0.9218,0
160000,30,0,0,584,4572,0.0036,0
200000,29,0,0,180016,6073,0.9001,0
60000,45,0,0,56965,3000,0.9494,0
60000,33,0,0,57561,2100,0.9594,0
380000,36,0,0,28057,14412,0.0738,0
240000,38,1,1,0,0,0.0,0
70000,30,0,0,19758,1162,0.2823,0
180000,33,0,0,170126,5950,0.9451,0
150000,42,0,0,2800,67568,0.0187,0
140000,34,2,6,124640,9900,0.8903,1
200000,25,0,0,107001,5000,0.535,1
130000,24,2,1,126874,6500,0.976,1
180000,30,0,0,4747,1200,0.0264,0
50000,30,0,0,4166,2859,0.0833,0
80000,24,1,1,0,0,0.0,0
40000,23,2,5,31772,0,0.7943,0
210000,36,0,0,167,0,0.0008,0
150000,29,0,0,560,390,0.0037,0
280000,62,2,6,2500,0,0.0089,1
100000,28,0,0,180765,3018,1.8076,0
100000,33,2,1,66393,3100,0.6639,1
50000,23,2,1,11744,1507,0.2349,1
150000,25,0,0,29823,1630,0.1988,0
20000,40,0,0,20324,1500,1.0162,0
270000,50,0,0,1363,0,0.005,0
20000,28,2,1,390,390,0.0195,1
50000,28,2,1,34018,2000,0.6804,1
250000,53,0,1,177537,25000,0.7101,0
80000,33,0,0,60156,5027,0.752,0
400000,40,7,6,405366,0,1.0134,1
50000,35,1,2,20579,4,0.4116,0
50000,53,0,0,7061,2233,0.1412,0
50000,34,0,1,49135,1971,0.9827,0
280000,44,0,0,286706,10480,1.024,0
240000,29,0,0,59,548,0.0002,1
30000,27,2,4,19193,1500,0.6398,1
250000,29,0,0,520,2047,0.0021,0
150000,55,0,1,280,280,0.0019,0
60000,23,0,0,28406,1790,0.4734,0
50000,35,1,1,0,1118,0.0,0
160000,33,0,1,102292,4500,0.6393,0
100000,44,0,1,11119,3000,0.1112,0
70000,31,0,1,67270,3400,0.961,0
200000,35,0,0,1709,2400,0.0085,0
500000,51,0,0,187,370,0.0004,0
180000,28,1,3,3775,2005,0.021,0
30000,31,0,0,28398,2081,0.9466,0
360000,51,0,0,353200,13806,0.9811,0
150000,36,0,0,95716,3226,0.6381,0
80000,26,2,1,81268,3450,1.0158,1
150000,25,0,0,25484,1726,0.1699,0
230000,50,0,0,21570,4700,0.0938,0
100000,36,0,0,14891,0,0.1489,0
60000,36,1,4,57285,5336,0.9548,1
50000,23,0,0,29772,1229,0.5954,0
20000,22,3,4,12553,2500,0.6276,1
290000,30,0,0,560,463,0.0019,0
110000,29,0,0,109241,5209,0.9931,0
50000,22,0,0,22458,1513,0.4492,0
230000,43,2,3,222819,14300,0.9688,1
50000,30,2,5,200,0,0.004,1
150000,26,0,0,9189,2000,0.0613,0
20000,40,0,0,836,836,0.0418,1
90000,45,1,2,83760,0,0.9307,1
60000,26,0,0,0,108,0.0,0
80000,26,0,0,67229,2089,0.8404,0
280000,25,0,0,3863,89295,0.0138,0
230000,36,0,0,3240,0,0.0141,0
100000,58,0,0,43386,2000,0.4339,0
80000,24,0,0,390,1063,0.0049,0
60000,41,0,0,60255,2000,1.0042,0
70000,35,0,0,70480,3237,1.0069,0
110000,49,0,0,115672,5085,1.0516,0
60000,26,0,2,1396,1700,0.0233,0
110000,26,0,1,34949,1600,0.3177,0
120000,54,0,2,632,0,0.0053,0
280000,43,0,2,4172,0,0.0149,0
50000,23,0,0,47598,2559,0.952,0
20000,22,0,0,2654,0,0.1327,0
240000,30,0,0,498,0,0.0021,0
50000,22,0,0,22616,1668,0.4523,0
200000,27,0,0,65489,4013,0.3274,0
320000,28,0,0,11639,2552,0.0364,0
20000,56,3,6,17740,0,0.887,1
50000,44,0,0,47505,2100,0.9501,1
180000,41,0,0,859,1811,0.0048,1
80000,28,0,0,78429,0,0.9804,0
240000,48,0,0,-5,0,-0.0,1
260000,28,0,0,500,10500,0.0019,0
80000,40,1,1,0,2054,0.0,0
80000,40,0,0,64120,2438,0.8015,1
100000,47,0,2,66539,7000,0.6654,0
20000,64,0,0,528,0,0.0264,1
130000,31,0,0,97544,4000,0.7503,0
120000,28,1,1,0,0,0.0,0
90000,35,0,0,84681,3666,0.9409,0
180000,25,0,0,3231,15000,0.018,0
80000,32,0,0,60542,3000,0.7568,0
130000,45,0,0,390,390,0.003,1
230000,26,0,0,17532,10000,0.0762,0
130000,26,0,0,3597,4398,0.0277,1
190000,33,0,0,176028,7063,0.9265,0
210000,31,0,0,182501,9000,0.8691,0
20000,52,0,2,11271,2743,0.5636,0
20000,23,0,0,15196,1428,0.7598,0
280000,30,0,0,61282,7900,0.2189,0
500000,47,0,1,12943,5025,0.0259,0
230000,39,0,0,1319,770,0.0057,1
130000,31,2,2,131635,0,1.0126,1
660000,40,0,1,142417,6500,0.2158,0
350000,50,0,0,41069,315,0.1173,0
40000,24,2,1,39149,1658,0.9787,1
50000,33,1,2,51421,0,1.0284,1
20000,43,2,1,18908,1700,0.9454,1
80000,35,0,0,76978,0,0.9622,0
50000,23,0,0,49100,15000,0.982,0
290000,40,0,1,273270,12022,0.9423,0
80000,27,0,1,1152,7900,0.0144,0
230000,29,1,6,237332,8000,1.0319,0
30000,29,2,2,26414,1500,0.8805,0
200000,29,0,0,2704,4959,0.0135,0
50000,26,2,3,26023,1453,0.5205,1
50000,57,4,3,51187,0,1.0237,0
200000,48,0,0,8000,7919,0.04,0
20000,23,0,1,17821,2000,0.891,0
50000,48,0,0,45163,1500,0.9033,0
90000,31,0,0,79397,2950,0.8822,1
30000,23,0,1,22517,2000,0.7506,0
80000,30,0,0,79194,3077,0.9899,0
20000,31,1,2,0,184,0.0,0
50000,30,0,3,19930,28019,0.3986,0
100000,33,0,0,84647,4085,0.8465,0
210000,28,0,0,18755,6122,0.0893,0
500000,38,1,1,0,0,0.0,0
30000,25,0,2,7527,2700,0.2509,1
160000,41,2,3,24674,2800,0.1542,1
180000,28,0,0,168318,4163,0.9351,0
490000,37,0,0,36518,77996,0.0745,0
50000,29,0,0,1162,37719,0.0232,0
130000,27,0,0,87685,3300,0.6745,0
50000,34,1,1,0,0,0.0,1
200000,58,0,0,283,5361,0.0014,0
50000,27,1,4,42764,732,0.8553,1
180000,33,0,0,18205,5000,0.1011,0
500000,39,0,0,1950,2900,0.0039,1
210000,46,0,0,3095,2768,0.0147,1
20000,35,3,4,10216,900,0.5108,1
190000,29,1,1,0,0,0.0,0
140000,29,0,0,142132,5600,1.0152,0
20000,51,0,0,21353,0,1.0676,1
420000,29,0,0,57707,86000,0.1374,0
180000,29,0,0,10447,18006,0.058,0
290000,28,0,0,240745,9323,0.8302,0
190000,40,0,0,78388,3600,0.4126,0
360000,39,0,1,1139,0,0.0032,0
20000,53,2,1,15794,1281,0.7897,1
260000,32,0,0,200581,7651,0.7715,0
20000,55,1,2,19420,1000,0.971,0
50000,52,0,0,19438,2003,0.3888,0
250000,55,1,1,0,0,0.0,0
30000,26,0,0,-32,11208,-0.0011,0
460000,30,0,0,396155,15299,0.8612,0
80000,26,0,0,80233,4000,1.0029,0
60000,35,1,6,5601,0,0.0934,0
80000,26,0,0,67798,3100,0.8475,0
90000,28,0,0,10962,4512,0.1218,1
50000,34,0,0,27080,1500,0.5416,0
50000,50,0,0,50693,1900,1.0139,0
360000,41,1,1,0,105,0.0,1
360000,49,1,1,0,0,0.0,0
230000,29,0,0,106984,4650,0.4651,0
240000,39,0,0,9000,2831,0.0375,0
110000,27,0,0,81700,5000,0.7427,0
210000,28,0,0,1412,1194,0.0067,1
300000,28,0,0,4553,1033,0.0152,0
200000,65,0,0,183653,7130,0.9183,0
220000,29,0,0,223773,8391,1.0172,0
90000,45,0,0,2579,2514,0.0287,0
210000,44,0,0,89755,3600,0.4274,0
500000,31,0,0,81252,16527,0.1625,0
160000,33,0,0,6113,980,0.0382,0
140000,47,0,0,141530,7000,1.0109,0
120000,42,0,0,23331,5000,0.1944,0
80000,46,0,0,44302,1192,0.5538,0
240000,38,0,0,56331,3004,0.2347,0
170000,30,0,0,49341,4000,0.2902,0
30000,38,0,0,26825,2100,0.8942,0
260000,31,0,1,8078,20000,0.0311,0
400000,34,0,0,0,0,0.0,0
500000,31,0,0,21008,1500,0.042,0
100000,32,1,1,0,650,0.0,1
240000,39,0,0,236229,8019,0.9843,0
10000,53,0,0,1772,8304,0.1772,0
80000,36,0,0,2741,9266,0.0343,0
60000,28,0,0,55731,3000,0.9288,0
200000,38,0,0,0,0,0.0,0
260000,41,0,0,252582,9725,0.9715,1
260000,39,0,0,255674,10663,0.9834,1
260000,30,0,0,496,496,0.0019,0
300000,34,0,0,1257,5600,0.0042,0
310000,27,0,0,44834,2015,0.1446,0
140000,32,0,0,129371,5650,0.9241,0
200000,50,0,0,4608,0,0.023,1
230000,39,0,0,326,326,0.0014,0
50000,27,0,0,91493,3749,1.8299,0
180000,29,0,0,3783,2000,0.021,0
100000,26,0,0,50848,3000,0.5085,0
80000,49,0,1,2222,0,0.0278,1
350000,39,0,0,3860,648,0.011,0
140000,32,0,0,3003,3134,0.0214,1
360000,29,0,0,148582,90044,0.4127,0
10000,47,0,0,7968,1000,0.7968,0
130000,25,0,0,37112,2009,0.2855,0
320000,41,0,0,321281,27000,1.004,0
180000,34,1,6,142024,6500,0.789,1
180000,39,0,0,43507,2000,0.2417,0
150000,39,2,2,156713,0,1.0448,1
80000,27,1,1,0,0,0.0,0
70000,50,0,0,56551,1900,0.8079,0
150000,66,0,0,190790,4942,1.2719,0
480000,36,0,0,19311,1368,0.0402,0
50000,45,0,0,51400,0,1.028,0
100000,28,1,1,0,0,0.0,1
50000,26,0,0,26708,2000,0.5342,0
280000,28,0,0,139719,6000,0.499,0
20000,48,0,2,780,390,0.039,0
30000,50,0,1,3607,0,0.1202,1
70000,38,0,0,40271,3000,0.5753,0
30000,59,0,0,28372,2010,0.9457,0
200000,64,1,1,0,0,0.0,0
210000,30,1,2,0,855,0.0,0
210000,66,0,0,132797,4921,0.6324,0
470000,39,0,0,79455,2348,0.1691,0
50000,38,0,0,44620,10000,0.8924,0
240000,37,0,0,12365,90500,0.0515,0
60000,38,2,3,32232,4000,0.5372,1
100000,33,2,1,96547,5305,0.9655,0
200000,25,0,0,194202,8000,0.971,0
130000,58,0,0,137671,4300,1.059,0
50000,24,0,0,50628,2235,1.0126,0
300000,34,2,4,2500,0,0.0083,1
210000,32,0,2,2869,0,0.0137,0
70000,27,0,0,71201,2691,1.0172,0
100000,49,0,0,85438,5105,0.8544,0
30000,25,0,0,18757,1475,0.6252,0
200000,30,0,0,1528,4191,0.0076,0
360000,36,0,0,6783,2347,0.0188,0
20000,24,3,2,18585,0,0.9292,1
150000,32,1,1,0,258,0.0,1
750000,28,1,1,9500,250000,0.0127,0
100000,24,0,0,91572,5100,0.9157,0
300000,36,1,6,54977,2500,0.1833,1
90000,55,0,0,82901,1544,0.9211,0
50000,28,0,0,21510,2200,0.4302,0
120000,48,0,0,78384,4000,0.6532,0
120000,39,0,0,44630,1999,0.3719,0
30000,42,0,1,18583,2975,0.6194,1
220000,43,0,0,84466,4000,0.3839,0
180000,31,1,1,0,0,0.0,1
20000,52,2,1,14038,1338,0.7019,1
140000,26,0,1,135294,7462,0.9664,0
400000,46,0,0,30018,19753,0.075,0
180000,27,0,0,11168,6678,0.062,0
340000,36,1,1,0,0,0.0,0
250000,46,0,0,244563,10925,0.9783,0
50000,50,0,0,8925,1200,0.1785,0
220000,24,0,0,51908,2017,0.2359,0
400000,35,0,0,11052,0,0.0276,0
320000,37,0,0,14536,2949,0.0454,0
260000,40,0,0,148,360,0.0006,0
350000,42,0,0,1134,2995,0.0032,0
30000,34,0,0,28509,2003,0.9503,0
10000,24,0,1,11035,1500,1.1035,1
50000,23,0,0,5961,0,0.1192,0
30000,23,0,2,26280,3420,0.876,0
350000,35,2,1,105,3308,0.0003,0
410000,37,0,0,5770,2290,0.0141,0
130000,35,0,0,65743,2606,0.5057,0
80000,28,0,0,70194,3500,0.8774,0
380000,51,1,1,0,0,0.0,0
320000,42,1,3,318844,10000,0.9964,0
20000,23,2,4,3206,1100,0.1603,1
50000,32,0,0,48536,3030,0.9707,0
30000,25,0,0,19955,1338,0.6652,0
50000,24,1,6,41974,2200,0.8395,0
50000,41,0,0,40709,3000,0.8142,0
50000,51,0,0,49083,2238,0.9817,0
200000,27,0,0,4770,1300,0.0238,0
80000,29,0,0,50695,10010,0.6337,0
20000,53,0,0,9677,4578,0.4838,0
180000,28,0,0,2177,1175,0.0121,0
230000,33,0,0,228639,10075,0.9941,0
180000,33,0,0,6314,1795,0.0351,0
90000,23,0,0,42105,2500,0.4678,1
20000,23,2,6,2400,0,0.12,1
100000,32,1,1,0,0,0.0,1
60000,44,0,0,57694,2800,0.9616,0
130000,35,0,1,42950,2036,0.3304,1
50000,55,0,1,37984,3900,0.7597,1
70000,23,0,0,8878,1500,0.1268,0
360000,53,0,0,5583,495,0.0155,0
20000,22,1,3,19438,1700,0.9719,1
20000,34,0,2,390,780,0.0195,1
440000,36,0,0,7887,2516,0.0179,0
400000,41,0,0,1630,816,0.0041,0
170000,29,0,0,90450,3600,0.5321,0
200000,32,0,1,9864,0,0.0493,0
220000,41,0,0,30038,1089,0.1365,0
280000,31,0,0,207966,5078,0.7427,0
360000,29,0,0,90071,3032,0.2502,0
20000,51,1,3,18462,300,0.9231,0
290000,44,0,0,301,768,0.001,0
380000,33,1,1,0,73,0.0,0
180000,28,0,1,2569,2834,0.0143,0
120000,26,0,0,1379,9000,0.0115,0
50000,27,0,0,162865,5000,3.2573,0
20000,48,2,2,14246,0,0.7123,1
20000,25,1,6,10515,1500,0.5258,0
170000,29,0,0,161581,6000,0.9505,0
180000,24,0,0,54357,1260,0.302,0
200000,36,1,1,0,0,0.0,0
200000,55,1,5,181339,0,0.9067,1
360000,26,0,0,145,3600,0.0004,1
10000,26,0,0,6346,1129,0.6346,0
60000,60,8,6,69183,0,1.153,0
40000,24,2,4,25618,1800,0.6404,1
100000,39,0,0,4530,4921,0.0453,0
50000,23,0,2,38333,3000,0.7667,0
300000,29,0,0,22391,4018,0.0746,0
110000,29,0,1,64351,1415,0.585,1
120000,37,0,0,19020,1363,0.1585,0
150000,45,0,1,64869,3049,0.4325,0
230000,30,0,0,1243,113,0.0054,0
180000,35,0,0,43068,316,0.2393,0
320000,33,0,0,7444,5783,0.0233,0
80000,23,1,2,-12,2333,-0.0001,0
160000,29,0,0,1289,2106,0.0081,0
50000,23,0,0,34997,1900,0.6999,1
180000,26,0,0,316,692,0.0018,0
110000,26,0,0,44089,3002,0.4008,0
150000,32,0,1,994,10290,0.0066,0
210000,52,0,0,65265,39000,0.3108,0
10000,43,2,1,654,608,0.0654,1
30000,22,0,1,0,2343,0.0,0
450000,36,0,0,3893,600,0.0087,1
110000,25,1,3,60491,3000,0.5499,0
270000,37,0,0,110593,4500,0.4096,0
50000,46,0,1,51207,2162,1.0241,0
100000,43,0,0,62300,2464,0.623,0
360000,30,0,0,2500,0,0.0069,0
110000,32,1,2,75505,0,0.6864,1
180000,55,0,0,6770,164163,0.0376,0
230000,34,2,6,190784,9300,0.8295,0
20000,41,0,3,7478,1146,0.3739,0
50000,22,2,6,46035,2000,0.9207,1
10000,31,0,0,5062,1259,0.5062,0
320000,46,0,0,3337,9061,0.0104,0
280000,26,0,0,36395,1700,0.13,0
20000,28,0,0,18537,1358,0.9268,0
70000,36,0,0,66888,4000,0.9555,0
80000,36,0,4,47502,4000,0.5938,0
200000,25,0,0,92400,0,0.462,0
30000,24,0,0,27306,1747,0.9102,0
100000,41,1,6,51345,0,0.5134,1
110000,26,0,0,64767,6000,0.5888,0
300000,33,0,0,356,1320,0.0012,0
300000,31,0,0,89240,4214,0.2975,0
340000,29,0,0,82770,10000,0.2434,0
270000,37,0,0,396,396,0.0015,1
100000,26,0,0,80117,2683,0.8012,0
50000,33,1,2,46745,0,0.9349,0
360000,40,0,0,352583,10461,0.9794,0
90000,49,0,0,91263,3100,1.014,0
140000,42,0,0,127939,5059,0.9138,0
150000,28,0,2,1159,2468,0.0077,0
50000,34,0,0,17095,1448,0.3419,0
30000,26,2,6,28189,0,0.9396,1
230000,54,0,0,0,880,0.0,0
240000,40,0,0,0,0,0.0,1
200000,44,0,0,65520,0,0.3276,0
330000,42,0,0,118601,4101,0.3594,0
110000,29,0,0,51499,1887,0.4682,0
200000,54,0,0,114643,6000,0.5732,0
50000,46,0,0,44076,1810,0.8815,0
70000,27,0,0,69972,5000,0.9996,0
360000,59,1,1,0,0,0.0,1
50000,54,0,0,4625,1121,0.0925,1
80000,28,0,0,4280,2800,0.0535,0
200000,69,0,0,106878,4000,0.5344,0
50000,27,0,0,47261,2055,0.9452,1
30000,27,0,0,18239,2000,0.608,0
390000,31,0,0,252109,12009,0.6464,1
380000,42,2,1,326,326,0.0009,1
20000,46,0,1,16294,1600,0.8147,1
80000,31,0,0,28190,1751,0.3524,1
50000,49,0,0,47649,2220,0.953,0
50000,25,0,1,11324,1500,0.2265,0
200000,44,0,0,541,541,0.0027,0
100000,28,0,0,103728,3184,1.0373,1
180000,31,0,0,300,253,0.0017,0
120000,27,0,1,1066,5079,0.0089,0
390000,31,1,2,20852,0,0.0535,0
250000,37,0,0,25366,36655,0.1015,0
350000,47,1,5,301553,0,0.8616,1
70000,30,0,0,71856,3377,1.0265,0
210000,33,0,0,0,0,0.0,0
180000,29,0,0,85069,5344,0.4726,0
80000,25,0,0,390,390,0.0049,1
120000,26,0,0,1467,975,0.0122,0
210000,23,0,0,0,0,0.0,1
20000,38,0,0,18669,1326,0.9334,0
150000,38,0,0,750,0,0.005,1
390000,38,0,0,30642,2000,0.0786,0
310000,36,0,0,6514,8619,0.021,0
230000,27,0,0,10941,1300,0.0476,0
90000,51,0,0,12822,1188,0.1425,0
140000,29,0,3,11693,2000,0.0835,0
150000,28,0,0,105035,4500,0.7002,0
130000,27,0,0,92043,2850,0.708,0
210000,27,0,0,1441,3000,0.0069,0
100000,25,1,1,0,3473,0.0,0
150000,36,0,0,220889,3800,1.4726,0
200000,29,0,0,1467,439,0.0073,0
80000,27,0,1,78672,7018,0.9834,0
230000,27,0,0,5652,7662,0.0246,0
50000,37,0,0,49642,2060,0.9928,0
260000,33,0,0,4141,133280,0.0159,0
110000,23,0,3,43027,2000,0.3912,0
20000,56,0,1,14231,2100,0.7116,0
360000,42,1,1,0,6815,0.0,0
160000,36,0,0,67879,2500,0.4242,0
10000,35,0,0,8857,2300,0.8857,0
150000,31,2,6,159734,4800,1.0649,1
500000,35,0,0,0,0,0.0,1
500000,69,0,0,1200,5652,0.0024,0
360000,28,0,0,63352,6010,0.176,0
50000,28,0,1,48726,2406,0.9745,0
270000,35,2,1,128442,6300,0.4757,0
10000,58,0,0,7569,1158,0.7569,0
30000,29,0,0,15455,2000,0.5152,0
80000,30,1,3,0,1684,0.0,0
360000,27,0,0,896,782,0.0025,0
120000,26,0,0,112774,5000,0.9398,0
400000,35,0,0,109943,120018,0.2749,1
500000,26,0,0,59039,4028,0.1181,0
140000,54,0,0,1045,1952,0.0075,0
110000,27,0,0,29734,2500,0.2703,0
30000,34,0,0,29949,6000,0.9983,0
140000,56,0,0,138468,4300,0.9891,0
150000,39,0,0,108755,5163,0.725,0
280000,37,0,0,271276,16991,0.9688,1
20000,45,0,2,5577,0,0.2788,0
340000,36,0,3,2566,8,0.0075,0
60000,25,2,3,36090,2017,0.6015,1
20000,62,0,0,17607,1500,0.8804,0
50000,25,0,0,23794,1398,0.4759,0
200000,35,0,0,71561,4000,0.3578,0
180000,30,0,0,40311,10000,0.224,0
240000,34,0,0,41484,1709,0.1728,0
360000,32,0,1,33215,1331,0.0923,0
50000,26,0,0,49744,1500,0.9949,0
100000,50,0,0,95889,4200,0.9589,0
80000,26,1,1,0,0,0.0,1
50000,32,2,6,46364,2100,0.9273,1
420000,27,0,0,1486,2679,0.0035,1
190000,35,0,0,980,68738,0.0052,0
180000,33,1,1,-84,982,-0.0005,0
40000,22,0,0,34521,2000,0.863,1
50000,43,1,3,44344,2021,0.8869,1
10000,23,2,6,2400,0,0.24,1
200000,39,0,0,155693,6000,0.7785,0
120000,39,0,0,7764,10730,0.0647,0
100000,48,2,3,44050,1800,0.4405,0
100000,24,0,0,93411,11645,0.9341,0
360000,29,0,0,229928,4905,0.6387,0
100000,28,0,0,316,316,0.0032,1
290000,49,0,0,5287,2334,0.0182,1
240000,34,1,2,40286,14,0.1679,0
290000,37,0,0,48978,20078,0.1689,0
500000,33,0,0,11058,18641,0.0221,0
50000,32,1,6,14949,0,0.299,1
220000,30,0,0,18598,10000,0.0845,0
20000,44,0,0,17441,1309,0.872,1
420000,36,0,0,185882,10000,0.4426,0
100000,29,2,6,74032,3300,0.7403,0
230000,43,0,1,3245,1867,0.0141,1
50000,53,0,1,46940,2188,0.9388,1
70000,42,0,2,119687,11100,1.7098,0
180000,31,0,0,914,907,0.0051,0
90000,27,0,0,3382,4983,0.0376,0
50000,24,0,0,44193,1806,0.8839,0
50000,22,2,3,42717,9289,0.8543,0
60000,26,1,1,0,0,0.0,0
50000,41,2,2,23203,1000,0.4641,1
300000,58,0,0,1257,2851,0.0042,0
30000,36,0,1,14254,2890,0.4751,1
10000,25,0,0,9501,1300,0.9501,0
70000,30,0,0,36201,1586,0.5172,0
160000,32,0,0,22506,2000,0.1407,0
260000,30,0,0,434442,10000,1.6709,0
360000,39,0,0,163150,50122,0.4532,0
60000,30,1,2,15442,1200,0.2574,0
180000,39,0,0,57500,785,0.3194,0
40000,23,2,6,33699,1900,0.8425,1
160000,36,0,0,836,836,0.0052,0
610000,35,0,0,389335,14117,0.6383,0
50000,35,0,0,9999,1489,0.2,0
320000,48,2,6,201932,18300,0.631,1
150000,29,0,0,108756,46980,0.725,0
170000,36,0,0,2015,2015,0.0119,0
500000,53,0,0,37979,9482,0.076,0
200000,57,0,0,780,0,0.0039,0
290000,27,0,0,110359,5000,0.3805,0
40000,53,3,4,14186,1600,0.3546,0
300000,30,0,0,6045,7157,0.0202,0
50000,32,2,1,40486,1691,0.8097,1
20000,29,0,1,10321,1200,0.516,0
30000,22,1,3,28933,2000,0.9644,0
140000,34,1,3,94153,8500,0.6725,0
80000,32,0,0,1253,4091,0.0157,0
260000,35,1,1,0,0,0.0,0
130000,27,1,1,-24,326,-0.0002,1
380000,39,0,0,55241,10000,0.1454,0
200000,36,1,1,0,0,0.0,0
50000,46,0,0,21453,1634,0.4291,0
50000,25,0,0,49654,1600,0.9931,0
90000,26,0,0,47121,3000,0.5236,0
20000,25,1,1,0,0,0.0,1
140000,26,0,3,75289,20000,0.5378,0
30000,45,0,2,21325,3376,0.7108,0
230000,28,0,1,6289,5112,0.0273,0
100000,36,2,2,8674,2000,0.0867,1
240000,46,2,2,456,0,0.0019,0
200000,36,0,0,0,0,0.0,1
80000,26,0,0,83593,2727,1.0449,0
360000,56,0,0,1094,0,0.003,0
150000,37,0,0,71341,4117,0.4756,0
130000,27,0,0,29078,1506,0.2237,0
30000,56,0,2,11564,3042,0.3855,0
250000,33,0,0,28306,10000,0.1132,0
500000,42,0,0,38525,6283,0.077,1
30000,43,2,6,14870,2000,0.4957,1
390000,41,2,6,167795,7299,0.4302,1
390000,27,0,0,78549,4500,0.2014,0
360000,37,1,1,-490,0,-0.0014,0
90000,25,0,0,57846,2018,0.6427,0
100000,35,0,0,47843,2111,0.4784,0
30000,31,2,1,390,390,0.013,0
160000,25,0,0,31400,0,0.1962,0
20000,26,1,2,15397,0,0.7698,0
240000,36,0,0,7283,1263,0.0303,0
80000,26,2,6,61851,2000,0.7731,1
30000,22,0,0,29668,1555,0.9889,0
150000,45,0,0,44832,6020,0.2989,0
160000,28,0,0,84668,5000,0.5292,0
20000,58,0,0,17241,1500,0.862,0
230000,45,0,0,26071,2200,0.1134,0
100000,46,0,0,98200,3228,0.982,0
420000,39,0,0,204984,8006,0.4881,0
480000,37,0,0,24887,27994,0.0518,0
10000,37,0,0,678,602,0.0678,1
180000,41,2,3,100094,3582,0.5561,1
200000,32,0,0,47244,62330,0.2362,0
140000,36,1,6,44570,2000,0.3184,1
20000,23,0,0,11862,1300,0.5931,0
80000,39,0,0,-224,1581,-0.0028,0
10000,29,0,0,7170,1500,0.717,1
50000,35,0,1,15609,0,0.3122,1
340000,38,0,0,660,1131,0.0019,0
330000,39,0,0,156853,5757,0.4753,0
230000,47,0,0,740,740,0.0032,0
360000,40,1,1,0,0,0.0,0
30000,48,0,1,18385,4000,0.6128,0
500000,42,2,1,419352,17008,0.8387,1
200000,42,0,0,3664,718,0.0183,0
50000,55,0,0,41768,2079,0.8354,1
240000,36,0,0,236267,9000,0.9844,1
290000,45,0,0,664,0,0.0023,0
20000,24,1,1,-8,13148,-0.0004,1
60000,49,1,2,28763,0,0.4794,0
160000,24,0,0,76054,3275,0.4753,0
200000,31,0,0,1041,2000,0.0052,0
70000,33,0,0,43981,1683,0.6283,0
140000,35,0,0,10339,10006,0.0738,0
460000,44,0,0,15264,51383,0.0332,0
160000,36,0,0,2992,1300,0.0187,0
200000,40,0,0,6699,4880,0.0335,0
80000,55,0,0,78009,2420,0.9751,0
310000,47,0,0,5202,3000,0.0168,0
290000,29,2,2,63872,0,0.2202,1
120000,27,0,1,11472,2652,0.0956,0
20000,31,2,6,13335,2800,0.6667,0
90000,29,0,0,140,0,0.0016,0
60000,60,0,0,390,390,0.0065,0
260000,39,2,2,110529,7010,0.4251,1
180000,30,0,0,167539,7782,0.9308,0
50000,41,0,0,15502,1500,0.31,0
50000,40,0,0,34582,2000,0.6916,0
50000,53,0,0,48019,2279,0.9604,0
200000,32,0,0,14254,10000,0.0713,0
170000,35,0,0,3995,6380,0.0235,0
50000,22,0,0,49086,2047,0.9817,0
440000,47,0,0,98161,1238,0.2231,1
100000,28,0,0,10000,0,0.1,0
50000,49,0,1,26116,1500,0.5223,1
220000,47,0,0,85224,3209,0.3874,0
150000,43,0,0,1622,13016,0.0108,0
20000,28,1,1,0,0,0.0,0
160000,39,1,3,40712,0,0.2544,0
50000,28,0,0,44476,2869,0.8895,0
130000,40,0,0,102650,0,0.7896,0
20000,36,0,0,15198,5000,0.7599,1
200000,34,0,0,28484,3440,0.1424,0
20000,22,0,0,483,487,0.0242,0
300000,39,0,0,1134,613,0.0038,0
120000,25,0,1,105169,8000,0.8764,1
360000,27,0,0,949,40,0.0026,0
140000,59,0,0,141148,4900,1.0082,0
210000,25,0,0,79453,3000,0.3783,1
200000,30,0,0,0,0,0.0,0
130000,28,0,0,31283,1900,0.2406,1
240000,48,0,0,101,0,0.0004,1
80000,65,0,0,25043,1374,0.313,0
500000,36,1,1,0,0,0.0,1
320000,46,2,6,339202,5000,1.06,1
210000,56,0,0,203653,5000,0.9698,0
200000,42,0,0,0,0,0.0,1
50000,37,2,2,11533,1612,0.2307,0
340000,38,0,0,4397,13847,0.0129,0
240000,62,0,1,1901,3855,0.0079,0
240000,28,0,0,46746,1868,0.1948,0
50000,40,0,0,30211,21190,0.6042,0
50000,55,2,3,19056,1000,0.3811,0
20000,45,0,3,13521,1000,0.676,1
510000,35,0,0,0,2754,0.0,0
220000,25,1,1,0,0,0.0,0
220000,30,0,0,596,892,0.0027,0
60000,37,0,0,42372,1500,0.7062,0
40000,26,2,6,5678,4500,0.142,1
50000,64,0,0,46351,1377,0.927,0
360000,46,0,2,600,2462,0.0017,1
120000,51,1,1,0,0,0.0,1
20000,23,0,0,17010,0,0.8505,0
30000,33,0,0,34914,1000,1.1638,0
110000,29,0,0,316,316,0.0029,0
170000,31,0,0,165987,8400,0.9764,0
180000,48,0,2,919,0,0.0051,0
50000,23,1,4,42586,2200,0.8517,0
180000,28,0,0,47815,8480,0.2656,0
80000,50,0,0,56602,5000,0.7075,0
20000,34,0,0,5048,2000,0.2524,0
30000,57,0,0,17779,2000,0.5926,0
80000,28,0,0,10394,77900,0.1299,0
200000,53,0,0,513,974,0.0026,0
120000,42,0,0,117059,5026,0.9755,0
160000,52,0,0,202638,7638,1.2665,0
500000,44,0,0,301,11063,0.0006,0
50000,22,0,1,45675,3630,0.9135,0
50000,39,0,0,43724,2000,0.8745,0
200000,41,0,1,24720,3000,0.1236,0
30000,25,0,1,7298,1147,0.2433,1
190000,33,1,1,-2500,0,-0.0132,0
120000,41,0,1,14792,10000,0.1233,0
30000,39,0,0,27782,2023,0.9261,0
30000,27,0,0,5334,3565,0.1778,0
310000,33,0,1,47224,4900,0.1523,0
30000,31,0,0,28405,4000,0.9468,1
440000,52,2,1,424606,15010,0.965,1
50000,27,3,6,33202,2000,0.664,1
70000,38,0,0,71586,1308,1.0227,0
260000,31,0,0,180891,8250,0.6957,0
320000,46,0,0,10836,19799,0.0339,0
210000,34,0,0,128553,3762,0.6122,0
280000,29,0,0,58308,4000,0.2082,0
140000,32,0,0,83768,5000,0.5983,0
20000,22,0,0,14218,1700,0.7109,0
340000,25,0,0,239715,10469,0.705,1
70000,39,0,0,34244,3000,0.4892,0
120000,50,1,1,-110,16500,-0.0009,0
60000,24,0,0,57771,2336,0.9628,0
30000,29,0,0,28547,1700,0.9516,0
30000,29,0,0,12174,1635,0.4058,0
80000,25,0,2,48470,4700,0.6059,1
50000,49,0,0,28788,1377,0.5758,0
100000,37,0,0,20116,4000,0.2012,0
60000,35,0,0,60130,3007,1.0022,0
10000,23,0,5,4205,0,0.4205,1
280000,41,0,0,939,8188,0.0034,0
250000,47,0,0,7363,27474,0.0295,0
40000,48,0,0,1672,0,0.0418,0
30000,25,1,4,29628,1600,0.9876,0
50000,57,0,0,42624,2173,0.8525,0
70000,29,0,0,70780,3088,1.0111,0
130000,28,0,0,86914,6134,0.6686,0
60000,24,0,0,60839,3400,1.014,0
200000,29,0,0,81568,3500,0.4078,0
100000,33,0,1,90825,8800,0.9082,0
190000,30,0,0,194724,8900,1.0249,1
20000,36,8,6,24166,0,1.2083,1
230000,42,0,0,380,380,0.0017,1
90000,26,0,1,87561,8548,0.9729,0
240000,29,0,0,191059,10000,0.7961,0
20000,23,2,1,11995,1528,0.5998,1
20000,22,2,2,19393,0,0.9696,1
50000,24,0,0,2757,1070,0.0551,0
230000,40,0,0,72742,5000,0.3163,0
430000,41,0,0,2830,21419,0.0066,0
50000,34,0,0,48976,2023,0.9795,0
230000,32,0,0,143345,6000,0.6232,0
240000,36,0,1,-235,2000,-0.001,0
120000,30,0,1,330,0,0.0028,1
280000,26,0,0,256455,8354,0.9159,0
500000,29,0,0,8898,1283,0.0178,0
260000,53,0,0,-1,0,-0.0,0
140000,31,0,0,727,829,0.0052,0
310000,28,0,0,220845,7809,0.7124,0
50000,36,2,4,45557,2200,0.9111,0
50000,35,0,0,48829,2046,0.9766,0
30000,29,2,5,15070,3000,0.5023,1
200000,43,0,1,142291,14200,0.7115,0
80000,33,0,0,73132,2710,0.9142,0
310000,36,0,0,6282,5864,0.0203,0
220000,26,0,0,57222,107789,0.2601,0
80000,26,0,0,35997,0,0.45,0
500000,38,0,0,56197,5000,0.1124,0
100000,37,0,0,70113,3181,0.7011,0
200000,37,0,0,4052,4520,0.0203,1
20000,39,0,0,8799,1171,0.44,0
20000,28,0,0,74510,2734,3.7255,0
80000,38,0,0,54809,2612,0.6851,0
110000,29,0,0,41300,0,0.3755,0
100000,38,0,0,99660,4600,0.9966,0
400000,30,0,0,3443,69,0.0086,0
320000,40,0,0,430,430,0.0013,0
180000,28,0,0,139097,5699,0.7728,0
180000,27,0,1,5319,2300,0.0296,0
30000,22,0,0,30123,1600,1.0041,1
30000,35,1,6,14320,0,0.4773,1
240000,42,0,0,238107,12067,0.9921,0
100000,24,2,1,76831,4037,0.7683,0
90000,50,0,0,85241,3600,0.9471,0
20000,22,0,0,19356,1485,0.9678,0
60000,28,0,4,37788,2500,0.6298,1
90000,38,2,3,28774,1400,0.3197,0
80000,40,0,0,5143,6458,0.0643,0
500000,34,0,0,174246,6371,0.3485,0
430000,34,0,0,81963,15000,0.1906,0
130000,27,0,0,339,339,0.0026,0
500000,66,0,0,3718,1755,0.0074,0
350000,38,0,0,282,2750,0.0008,0
320000,34,0,0,744,2297,0.0023,0
160000,24,0,0,142214,5300,0.8888,0
110000,25,2,2,109887,3500,0.999,1
60000,53,0,0,57605,2088,0.9601,0
260000,33,0,0,18457,5000,0.071,0
50000,47,0,0,49550,2743,0.991,0
270000,44,0,0,274610,10556,1.0171,0
210000,52,0,0,44933,1793,0.214,0
20000,29,0,4,16196,2200,0.8098,0
30000,49,2,6,28859,0,0.962,0
500000,56,0,0,881,1035,0.0018,0
360000,31,0,0,24500,2251,0.0681,0
90000,30,0,0,2629,1079,0.0292,0
10000,28,0,0,7797,1228,0.7797,0
200000,36,0,0,93863,4762,0.4693,0
60000,37,1,1,-391,0,-0.0065,0
80000,40,0,0,5810,216,0.0726,0
500000,32,0,0,11086,23008,0.0222,0
50000,21,0,0,47285,2108,0.9457,0
50000,24,0,0,45404,1700,0.9081,0
200000,30,0,0,4520,10382,0.0226,0
470000,45,0,0,293261,18000,0.624,0
180000,41,0,0,6092,4198,0.0338,0
240000,33,0,0,23486,3000,0.0979,0
200000,30,2,6,2500,0,0.0125,1
20000,40,8,6,20753,0,1.0376,1
80000,32,0,1,11572,2670,0.1446,1
30000,54,0,4,10568,3000,0.3523,0
200000,35,0,0,816,0,0.0041,0
100000,38,1,2,66459,0,0.6646,0
70000,30,2,6,56448,2600,0.8064,1
140000,30,1,1,0,0,0.0,0
30000,27,2,6,26648,1600,0.8883,0
100000,27,0,1,96191,3504,0.9619,1
60000,38,0,0,42184,2014,0.7031,0
50000,23,0,1,8225,5308,0.1645,0
120000,35,0,0,0,0,0.0,0
50000,23,0,0,42821,1008,0.8564,0
300000,28,0,0,293498,13007,0.9783,0
360000,36,0,0,2471,1000,0.0069,0
40000,36,0,0,24230,2000,0.6058,0
190000,40,0,0,18255,19241,0.0961,0
30000,23,0,0,14294,1300,0.4765,0
280000,47,2,3,1792,0,0.0064,1
30000,23,0,0,25287,2011,0.8429,0
500000,32,0,0,185419,10573,0.3708,0
260000,32,0,0,1694,5525,0.0065,0
60000,46,0,0,20351,2000,0.3392,0
70000,36,0,1,28518,1504,0.4074,1
30000,27,2,5,25465,4000,0.8488,0
300000,37,0,0,4926,2855,0.0164,0
30000,22,2,6,26163,1000,0.8721,0
40000,43,2,6,2400,0,0.06,1
80000,25,0,0,65734,3000,0.8217,0
50000,35,0,0,48264,1565,0.9653,1
90000,38,0,0,2346,15271,0.0261,0
260000,29,2,6,2497,0,0.0096,1
100000,58,1,6,27044,0,0.2704,1
280000,34,1,1,0,0,0.0,0
80000,22,0,0,17087,1500,0.2136,0
150000,27,0,0,143596,6241,0.9573,0
90000,39,0,0,2618,7639,0.0291,0
130000,33,0,1,10653,13,0.0819,0
210000,36,0,0,5491,8406,0.0261,0
420000,44,0,0,559,1001,0.0013,0
500000,39,0,0,128068,20000,0.2561,0
180000,30,1,1,-203,0,-0.0011,1
150000,36,0,1,141460,8021,0.9431,0
440000,30,0,0,50735,3000,0.1153,0
50000,27,0,0,49114,2005,0.9823,0
140000,29,0,0,3300,1300,0.0236,1
150000,29,0,0,119613,5900,0.7974,0
150000,27,2,2,573,0,0.0038,0
480000,49,0,0,7174,0,0.0149,0
100000,35,0,0,99031,3300,0.9903,0
310000,33,0,0,71855,5000,0.2318,0
280000,27,0,0,56144,5000,0.2005,0
60000,51,0,0,10304,1500,0.1717,1
160000,31,1,1,-200,0,-0.0012,0
90000,48,0,0,51666,2919,0.5741,0
50000,28,0,0,2926,1254,0.0585,0
200000,26,0,0,45487,2800,0.2274,0
240000,67,0,0,508581,17389,2.1191,0
200000,32,0,0,846,864,0.0042,0
100000,23,0,0,101771,3800,1.0177,1
50000,29,2,1,45367,2335,0.9073,1
240000,30,0,0,1749,1099,0.0073,0
300000,25,1,1,-4,227,-0.0,0
350000,43,0,1,14103,0,0.0403,0
50000,26,1,2,48421,0,0.9684,1
50000,36,0,0,46801,2839,0.936,0
30000,25,2,6,24022,1700,0.8007,1
50000,47,0,0,-2640,2640,-0.0528,0
20000,34,0,3,6827,1200,0.3414,1
270000,30,0,0,280435,13600,1.0386,0
380000,49,2,1,380933,14651,1.0025,1
10000,22,5,6,8541,0,0.8541,1
80000,29,0,0,7880,3034,0.0985,0
240000,35,2,6,32463,1800,0.1353,1
280000,35,0,0,211645,6445,0.7559,0
160000,41,0,2,42863,2000,0.2679,0
180000,25,0,0,112403,3500,0.6245,0
50000,35,0,1,4555,1290,0.0911,0
50000,37,0,0,33105,10005,0.6621,0
20000,22,1,4,14380,0,0.719,0
20000,33,0,0,18357,1471,0.9178,0
140000,27,0,0,72274,3231,0.5162,0
360000,28,0,0,0,0,0.0,0
180000,49,0,0,26660,660,0.1481,0
390000,36,0,0,3931,3625,0.0101,1
30000,33,1,4,39995,1700,1.3332,0
210000,35,0,0,3805,0,0.0181,0
20000,24,0,1,6128,1300,0.3064,0
450000,43,2,2,1000,0,0.0022,0
50000,24,1,1,0,0,0.0,0
50000,46,1,2,49220,0,0.9844,1
20000,39,2,3,19518,1299,0.9759,1
200000,39,0,0,7475,15617,0.0374,0
230000,27,0,0,70327,2963,0.3058,0
50000,41,2,1,48958,2572,0.9792,1
50000,26,0,4,44883,3189,0.8977,0
50000,57,0,0,51102,2500,1.022,0
20000,23,0,2,9811,6097,0.4906,0
40000,47,2,6,11084,2000,0.2771,0
100000,26,0,0,567,390,0.0057,0
150000,43,0,0,158844,10004,1.059,0
240000,36,0,2,14559,1500,0.0607,0
360000,37,0,0,-5,3589,-0.0,0
130000,43,0,0,130874,5500,1.0067,0
50000,23,0,2,10587,3500,0.2117,0
160000,60,0,0,18056,1626,0.1128,0
340000,32,0,0,34228,75113,0.1007,0
20000,23,0,0,2331,2700,0.1166,1
60000,52,0,0,22460,1500,0.3743,0
220000,35,0,0,223150,10000,1.0143,0
280000,32,0,0,1280,2816,0.0046,1
60000,30,0,0,58920,2319,0.982,0
230000,42,2,1,222059,7300,0.9655,1
120000,41,0,0,3307,258,0.0276,0
240000,30,0,0,325,18428,0.0014,0
420000,29,0,0,3020,2916,0.0072,0
230000,31,0,0,47906,0,0.2083,0
30000,26,1,2,30739,0,1.0246,1
210000,30,0,0,134664,6006,0.6413,0
250000,29,0,0,51268,2500,0.2051,0
70000,34,0,0,58053,2000,0.8293,0
20000,43,0,0,20212,1415,1.0106,0
130000,44,0,0,123770,4600,0.9521,0
460000,41,0,0,321987,12000,0.7,0
170000,29,0,0,5155,0,0.0303,0
200000,31,0,0,7179,7631,0.0359,0
70000,43,0,1,31796,1500,0.4542,1
200000,32,0,1,220,0,0.0011,1
20000,30,1,1,0,0,0.0,1
200000,55,0,0,195507,7048,0.9775,0
250000,45,2,1,237510,9076,0.95,1
50000,34,0,0,37699,2000,0.754,0
30000,25,0,3,25664,1448,0.8555,0
50000,44,0,0,50404,2300,1.0081,0
90000,45,0,0,13366,1250,0.1485,0
360000,34,2,2,2500,0,0.0069,0
290000,45,2,2,95,6,0.0003,0
170000,24,0,1,169883,6808,0.9993,0
290000,52,0,0,33765,2682,0.1164,0
30000,39,1,2,27934,0,0.9311,1
250000,25,0,0,4769,6720,0.0191,0
210000,32,0,0,104558,4268,0.4979,0
360000,30,1,1,0,0,0.0,1
120000,37,0,0,78233,2015,0.6519,0
170000,28,0,0,0,0,0.0,1
20000,55,0,2,3413,0,0.1706,0
80000,25,0,0,77199,3700,0.965,0
200000,43,0,0,1875,2239,0.0094,0
150000,32,0,2,35601,2003,0.2373,0
110000,44,0,0,13348,67431,0.1213,1
180000,26,0,0,390,390,0.0022,0
520000,41,0,0,7322,2728,0.0141,0
20000,44,2,4,12436,1000,0.6218,1
180000,44,0,0,7432,7433,0.0413,0
30000,36,0,0,1493,1858,0.0498,0
380000,31,0,1,225905,11000,0.5945,0
160000,42,0,0,4980,0,0.0311,0
220000,32,0,0,17715,316,0.0805,0
250000,29,0,0,124442,5000,0.4978,0
330000,53,1,1,-317,569,-0.001,0
50000,26,2,1,24724,25000,0.4945,0
340000,35,0,0,484,15904,0.0014,0
180000,41,0,0,99925,5024,0.5551,0
30000,35,0,0,26974,2000,0.8991,1
10000,45,1,4,9503,0,0.9503,0
120000,37,0,0,396,396,0.0033,0
250000,38,1,1,0,0,0.0,1
200000,39,0,0,2277,16021,0.0114,0
500000,32,0,0,298809,12475,0.5976,1
90000,29,1,2,9370,0,0.1041,1
80000,38,0,0,7790,1467,0.0974,0
740000,35,2,1,960,8229,0.0013,1
300000,34,1,1,0,0,0.0,1
210000,44,0,0,1525,800,0.0073,0
230000,37,0,0,3102,30580,0.0135,0
270000,51,0,0,152979,3500,0.5666,0
270000,32,0,0,54914,3000,0.2034,0
180000,30,0,0,0,2647,0.0,0
280000,30,0,0,1478,0,0.0053,0
50000,46,0,0,29254,1737,0.5851,0
20000,26,2,3,19017,1600,0.9508,1
170000,54,0,0,139211,7020,0.8189,0
300000,39,0,0,145138,5785,0.4838,0
20000,50,1,3,1065,0,0.0532,1
110000,31,2,2,1472,1500,0.0134,1
80000,54,1,5,47339,967,0.5917,0
80000,23,0,0,69584,2519,0.8698,0
60000,48,0,0,58794,7296,0.9799,0
30000,27,0,0,18951,1270,0.6317,0
40000,26,0,3,39723,10000,0.9931,0
180000,43,1,1,0,2602,0.0,1
290000,50,1,1,0,0,0.0,0
50000,26,3,5,27056,700,0.5411,1
150000,32,0,0,1663,14045,0.0111,0
50000,41,0,0,50220,2055,1.0044,0
20000,36,0,0,20710,1739,1.0355,0
180000,28,2,6,158245,7400,0.8791,0
360000,30,0,0,30627,4318,0.0851,0
90000,33,0,0,86960,3200,0.9662,1
450000,48,0,0,20938,80191,0.0465,0
140000,29,1,1,0,0,0.0,0
400000,27,0,0,2691,426,0.0067,0
50000,30,0,1,4959,0,0.0992,0
420000,50,0,0,405779,16000,0.9661,0
390000,35,0,0,245997,10800,0.6308,1
200000,40,0,0,39929,33000,0.1996,0
130000,29,0,0,110524,10000,0.8502,0
360000,36,0,0,1365,3000,0.0038,0
290000,46,0,0,196566,7800,0.6778,0
120000,24,0,1,112336,4200,0.9361,0
40000,24,0,1,35225,1933,0.8806,1
500000,42,0,0,5121,31305,0.0102,0
150000,36,0,0,16228,30745,0.1082,0
240000,26,0,1,1611,14,0.0067,1
80000,44,0,0,10350,1199,0.1294,0
220000,48,0,0,3467,3340,0.0158,0
110000,31,0,0,0,0,0.0,0
220000,52,0,0,52536,4151,0.2388,0
100000,34,1,1,0,0,0.0,0
70000,42,0,0,6489,3000,0.0927,0
50000,27,1,6,15345,0,0.3069,0
200000,32,0,0,34500,36659,0.1725,0
220000,42,0,0,285,825,0.0013,0
200000,42,2,1,203340,8064,1.0167,0
350000,43,0,0,6337,4300,0.0181,0
80000,24,2,1,58850,2700,0.7356,0
50000,56,0,0,48316,1700,0.9663,0
200000,32,0,0,396,396,0.002,0
60000,31,0,0,27347,5000,0.4558,0
50000,49,0,0,50180,2400,1.0036,1
360000,33,0,0,7831,0,0.0218,0
30000,50,0,1,178,1860,0.0059,1
90000,32,2,6,76442,2000,0.8494,0
200000,32,1,1,0,0,0.0,0
100000,51,2,1,101658,4134,1.0166,0
200000,49,0,1,196272,17500,0.9814,0
300000,26,0,0,1946,2612,0.0065,1
10000,30,0,2,8315,3258,0.8315,0
400000,44,0,0,6902,1216,0.0173,0
130000,34,1,5,126701,6200,0.9746,1
180000,50,0,0,1156,396,0.0064,0
370000,27,0,0,63412,100000,0.1714,0
60000,46,0,1,30073,3000,0.5012,0
210000,29,0,0,205131,10000,0.9768,0
70000,46,0,3,11332,1250,0.1619,1
20000,33,1,6,16180,1000,0.809,0
200000,35,0,0,99291,2742,0.4965,0
130000,30,0,0,21996,3000,0.1692,0
120000,38,1,6,116344,0,0.9695,0
330000,34,0,0,21576,5002,0.0654,0
30000,54,2,4,23498,3600,0.7833,1
480000,39,0,0,502904,180000,1.0477,0
100000,39,0,0,1442,1261,0.0144,0
270000,43,0,0,1626,1443,0.006,0
40000,55,2,6,2400,0,0.06,1
180000,34,1,2,180373,0,1.0021,0
240000,25,2,1,178878,6095,0.7453,1
210000,38,0,0,4868,13174,0.0232,0
50000,23,1,3,3,34361,0.0001,0
230000,44,0,0,1424,6553,0.0062,0
50000,24,0,0,2675,0,0.0535,1
250000,41,1,3,4649,0,0.0186,0
120000,45,0,0,0,0,0.0,0
160000,35,0,0,1822,2229,0.0114,0
210000,29,0,0,1685,6715,0.008,0
260000,29,0,0,203896,7282,0.7842,0
310000,32,0,0,73491,4000,0.2371,0
50000,42,0,0,50427,6506,1.0085,1
360000,30,0,0,750,1166,0.0021,0
50000,24,0,0,49144,1837,0.9829,0
240000,44,0,0,199446,7500,0.831,0
500000,49,0,0,74919,1862,0.1498,0
150000,40,0,0,152880,6000,1.0192,0
160000,38,0,0,316,316,0.002,0
410000,42,0,0,37492,1625,0.0914,0
50000,63,2,4,51432,0,1.0286,0
50000,38,0,0,47350,1772,0.947,0
170000,29,0,0,115194,10000,0.6776,0
100000,47,0,0,22970,0,0.2297,0
230000,46,2,5,193112,8500,0.8396,1
20000,30,1,3,17819,0,0.891,1
170000,50,0,0,3955,5269,0.0233,0
160000,36,0,3,598,0,0.0037,1
400000,35,0,0,92,101,0.0002,0
340000,29,0,0,82922,3600,0.2439,0
90000,31,1,6,63276,0,0.7031,1
140000,32,0,0,0,10626,0.0,0
280000,27,0,0,747,0,0.0027,0
180000,40,0,1,632,316,0.0035,0
500000,53,1,2,7196,0,0.0144,0
360000,34,0,0,9100,15658,0.0253,0
50000,23,0,0,8003,1310,0.1601,0
220000,55,0,0,1782,0,0.0081,0
500000,35,0,1,143839,4844,0.2877,0
100000,41,0,0,780,0,0.0078,0
20000,29,0,0,3417,4,0.1708,1
80000,26,0,0,76118,4196,0.9515,0
160000,38,0,0,827,827,0.0052,0
240000,39,1,1,0,1263,0.0,0
450000,36,0,0,550,0,0.0012,0
50000,39,0,1,34390,810,0.6878,0
150000,37,0,0,27707,1477,0.1847,1
290000,36,0,0,154336,3600,0.5322,0
50000,22,0,0,29632,6016,0.5926,0
80000,38,0,2,197,4568,0.0025,0
50000,45,3,6,25867,4000,0.5173,1
50000,30,0,0,14040,1152,0.2808,0
500000,42,0,0,114374,50012,0.2287,0
500000,39,0,0,3220,0,0.0064,1
200000,40,0,1,44600,3000,0.223,0
30000,22,2,2,30678,1,1.0226,0
80000,51,0,0,387,2126,0.0048,0
50000,50,1,2,50175,0,1.0035,0
50000,31,0,3,42159,2000,0.8432,1
280000,38,0,0,94451,4000,0.3373,0
260000,48,1,1,0,0,0.0,0
30000,22,1,1,-802,21286,-0.0267,0
210000,28,1,1,0,0,0.0,0
50000,31,0,1,45074,2201,0.9015,1
20000,29,0,0,10747,1317,0.5374,0
310000,47,0,1,131559,17839,0.4244,0
100000,42,1,1,0,0,0.0,0
180000,36,0,1,161159,7000,0.8953,1
100000,26,0,0,18999,5129,0.19,0
20000,25,0,3,11657,0,0.5828,1
240000,46,0,0,128272,5500,0.5345,0
200000,45,0,0,200996,9200,1.005,0
30000,24,0,1,1104,1164,0.0368,0
500000,38,0,0,18410,0,0.0368,0
230000,43,0,0,1099,2508,0.0048,0
110000,27,0,1,28686,5000,0.2608,1
230000,34,1,1,1103,16286,0.0048,0
80000,45,1,3,74081,0,0.926,1
200000,33,1,1,0,0,0.0,0
80000,51,0,0,77499,3000,0.9687,0
170000,30,0,0,150693,7000,0.8864,0
120000,31,0,1,413,4269,0.0034,0
100000,45,1,1,0,5220,0.0,1
210000,34,0,0,300878,2250,1.4328,0
300000,26,0,0,3853,1946,0.0128,0
70000,49,0,0,390,390,0.0056,0
30000,40,0,0,944,0,0.0315,0
30000,51,0,0,10874,1205,0.3625,0
80000,30,0,0,83093,3204,1.0387,0
180000,37,0,0,29206,16231,0.1623,0
360000,28,0,0,164857,30650,0.4579,0
50000,46,0,0,48885,2000,0.9777,0
170000,35,0,0,91109,6006,0.5359,0
230000,40,0,0,0,0,0.0,0
500000,44,0,0,6723,17410,0.0134,0
30000,26,3,6,12894,0,0.4298,1
120000,31,0,0,1316,1316,0.011,1
200000,38,0,0,3388,0,0.0169,1
60000,38,0,0,26583,1864,0.443,0
140000,39,1,3,143673,7000,1.0262,0
50000,44,0,0,40151,2000,0.803,0
90000,35,0,0,6574,4192,0.073,0
150000,28,0,0,893,2300,0.006,0
250000,29,0,0,686,0,0.0027,0
100000,24,2,3,17938,2842,0.1794,1
320000,43,0,0,18625,10000,0.0582,1
50000,31,0,0,49415,1278,0.9883,0
90000,28,1,5,56889,0,0.6321,1
250000,42,0,0,212787,9000,0.8511,0
120000,27,0,0,110686,7000,0.9224,0
140000,24,0,0,126546,4922,0.9039,0
330000,34,0,0,203,1503,0.0006,0
500000,33,0,0,1901,3800,0.0038,0
30000,24,1,2,2706,0,0.0902,0
80000,41,2,6,79950,4900,0.9994,1
320000,40,1,1,14,1205,0.0,0
600000,50,0,0,225274,8773,0.3755,1
200000,36,2,6,76308,4000,0.3815,1
240000,39,1,2,228610,0,0.9525,0
30000,54,0,2,6551,2049,0.2184,0
20000,33,0,0,14765,1000,0.7382,0
130000,32,0,1,132105,8000,1.0162,0
190000,38,0,0,94921,4000,0.4996,0
470000,46,0,1,42974,3000,0.0914,0
50000,29,0,2,15416,2233,0.3083,0
250000,33,0,0,3694,1090,0.0148,0
500000,45,0,0,193083,21507,0.3862,0
500000,28,2,1,216657,8508,0.4333,0
60000,25,0,0,16006,1400,0.2668,0
20000,61,1,6,12961,1209,0.648,1
50000,50,1,2,36750,5000,0.735,0
20000,45,2,2,21136,11,1.0568,1
140000,27,0,0,7845,5000,0.056,0
80000,53,0,0,31333,1541,0.3917,0
110000,29,0,1,106302,5500,0.9664,0
360000,39,0,0,3377,37500,0.0094,0
50000,21,0,0,1211,2000,0.0242,0
380000,52,1,1,0,742,0.0,0
50000,38,0,1,18750,0,0.375,0
300000,49,0,0,300,97,0.001,0
360000,29,0,0,55104,2094,0.1531,0
60000,23,0,2,27104,1500,0.4517,0
30000,29,0,0,7965,1000,0.2655,0
120000,28,0,2,9383,7703,0.0782,0
50000,26,0,0,1389,722,0.0278,0
150000,40,0,0,4083,6248,0.0272,0
50000,23,2,2,4338,0,0.0868,1
50000,23,0,0,50105,2205,1.0021,0
50000,39,0,0,390,390,0.0078,1
550000,28,0,0,257553,12036,0.4683,0
190000,37,1,2,49541,0,0.2607,0
310000,37,0,0,44981,1942,0.1451,0
110000,49,0,0,113928,4915,1.0357,0
160000,27,0,0,86772,2805,0.5423,0
200000,32,0,1,219146,7950,1.0957,0
300000,29,0,0,696,696,0.0023,0
150000,28,0,0,86787,5120,0.5786,0
90000,57,0,0,0,0,0.0,0
210000,26,0,0,6608,3582,0.0315,0
360000,33,0,0,10571,11174,0.0294,0
150000,28,0,0,6065,5000,0.0404,1
100000,34,0,1,296,0,0.003,0
180000,26,0,0,4312,2117,0.024,0
270000,39,0,0,110917,7005,0.4108,0
60000,53,0,0,56765,3000,0.9461,0
220000,33,2,2,223904,0,1.0177,1
200000,60,0,0,12716,12453,0.0636,0
120000,54,0,0,20157,2000,0.168,0
500000,43,0,0,37575,107243,0.0752,0
50000,26,1,1,0,0,0.0,0
30000,38,0,0,30000,0,1.0,0
50000,35,0,0,49008,2171,0.9802,0
20000,50,2,3,390,780,0.0195,1
240000,27,1,2,21260,0,0.0886,0
30000,28,0,1,10480,1199,0.3493,1
70000,45,0,0,69877,2600,0.9982,0
50000,25,2,1,49805,2025,0.9961,1
500000,28,2,2,98541,6000,0.1971,1
170000,41,0,0,56742,5019,0.3338,0
20000,22,0,0,390,390,0.0195,0
100000,27,0,0,94656,4171,0.9466,0
20000,23,1,3,18551,0,0.9276,0
210000,27,0,0,22431,2010,0.1068,0
50000,41,1,2,48063,0,0.9613,1
20000,43,1,2,4094,0,0.2047,0
190000,36,0,0,58107,3000,0.3058,0
20000,35,0,0,4966,1200,0.2483,0
220000,31,0,0,75538,4000,0.3434,0
20000,34,0,0,780,0,0.039,0
140000,32,0,0,88966,3000,0.6355,0
20000,27,0,0,15526,1300,0.7763,0
210000,50,0,0,90,90,0.0004,1
220000,36,0,0,5385,5363,0.0245,1
120000,38,0,0,980,4000,0.0082,1
50000,25,0,2,10695,0,0.2139,1
230000,24,1,3,20887,0,0.0908,0
20000,23,0,0,9525,8000,0.4762,0
210000,31,0,0,140839,4500,0.6707,0
210000,26,0,0,204824,10000,0.9754,0
10000,38,0,0,8188,1000,0.8188,0
100000,28,0,0,1215,1042,0.0122,1
30000,23,0,0,27044,2000,0.9015,0
300000,40,0,2,7111,0,0.0237,0
140000,29,0,0,60764,3000,0.434,0
50000,35,0,0,4943,45200,0.0989,1
200000,40,0,0,1296,2564,0.0065,0
260000,33,0,0,1025,803,0.0039,0
250000,52,2,4,29086,5000,0.1163,1
500000,52,0,0,144430,50133,0.2889,0
60000,44,2,1,32202,1802,0.5367,1
360000,25,0,0,442,444,0.0012,0
90000,41,1,2,28636,0,0.3182,1
150000,23,0,0,151686,3000,1.0112,1
130000,54,1,1,0,0,0.0,0
120000,52,0,0,125022,4509,1.0418,1
160000,29,0,0,128809,5000,0.8051,0
500000,37,0,0,89574,5053,0.1791,0
130000,28,0,0,500,0,0.0038,0
360000,29,1,1,0,0,0.0,0
120000,51,0,1,115771,5829,0.9648,1
240000,41,1,1,0,40529,0.0,0
50000,35,0,0,41970,1291,0.8394,0
30000,27,0,0,14935,4500,0.4978,0
50000,25,0,1,19456,1645,0.3891,0
80000,38,2,1,389,755,0.0049,1
230000,27,0,0,7701,2028,0.0335,0
50000,41,0,0,46631,2100,0.9326,0
340000,42,0,0,374245,15917,1.1007,1
170000,30,0,0,740,740,0.0044,1
450000,32,0,0,14237,5016,0.0316,0
350000,36,0,0,655,23537,0.0019,0
50000,50,0,0,19061,52498,0.3812,0
210000,25,0,0,461,13966,0.0022,0
290000,26,1,3,18099,1400,0.0624,0
180000,30,0,1,174847,12151,0.9714,1
230000,34,0,0,18482,5000,0.0804,0
140000,27,0,0,125273,6000,0.8948,1
30000,24,0,1,2880,3285,0.096,1
140000,26,0,0,136170,6799,0.9726,0
50000,46,0,1,15220,2000,0.3044,0
80000,22,0,0,1941,2132,0.0243,0
120000,28,0,0,35220,3700,0.2935,0
400000,37,0,0,8948,10306,0.0224,0
70000,43,0,0,93025,3664,1.3289,0
190000,39,0,1,70396,5000,0.3705,1
60000,40,0,0,57030,5000,0.9505,0
20000,38,0,0,1118,12783,0.0559,0
30000,50,0,0,665,0,0.0222,1
450000,41,0,0,560,0,0.0012,0
70000,38,0,3,64839,2400,0.9263,1
160000,38,0,0,61934,5000,0.3871,0
140000,30,0,0,2290,2290,0.0164,0
130000,26,0,0,7852,1152,0.0604,1
70000,42,2,6,44689,2000,0.6384,1
10000,34,0,0,7165,2000,0.7165,0
30000,54,0,2,29230,3500,0.9743,0
20000,42,0,0,15610,3000,0.7805,0
360000,44,0,0,10311,2758,0.0286,0
50000,29,2,6,1050,0,0.021,1
20000,24,1,3,16981,0,0.849,1
110000,29,0,0,10839,2995,0.0985,0
150000,40,0,0,-3,374,-0.0,0
140000,30,0,0,21593,2000,0.1542,0
70000,47,0,0,70798,2500,1.0114,1
80000,28,1,2,87377,62,1.0922,0
80000,32,0,0,14939,1000,0.1867,0
50000,24,1,2,51116,0,1.0223,0
100000,27,0,0,14712,5000,0.1471,0
130000,35,0,0,1923,1000,0.0148,0
400000,32,0,0,71991,10242,0.18,0
500000,41,0,0,326,628,0.0007,1
450000,26,0,0,20571,20000,0.0457,0
80000,26,0,0,19891,1576,0.2486,0
500000,45,0,0,10147,7395,0.0203,0
210000,32,0,0,1400,2800,0.0067,0
440000,28,0,0,67594,3000,0.1536,0
280000,27,0,0,39664,9022,0.1417,0
10000,50,2,6,2400,0,0.24,1
210000,36,0,0,124011,5011,0.5905,0
100000,26,0,1,96644,5000,0.9664,0
210000,33,0,0,6309,0,0.03,1
500000,37,0,0,993,1413,0.002,0
150000,39,0,0,65627,2982,0.4375,0
390000,40,1,1,30245,236533,0.0776,0
100000,26,2,1,97361,4732,0.9736,1
300000,45,0,0,5045,688,0.0168,0
80000,46,0,0,79656,3211,0.9957,0
50000,22,1,2,50781,41,1.0156,0
200000,34,0,0,30833,4000,0.1542,0
380000,42,0,0,7079,10437,0.0186,0
90000,25,0,0,74818,2400,0.8313,0
50000,27,2,6,6291,0,0.1258,1
30000,51,0,0,770,0,0.0257,0
300000,44,0,0,21507,1379,0.0717,0
20000,57,0,0,390,390,0.0195,1
50000,47,0,0,390,390,0.0078,0
50000,28,0,0,18771,10000,0.3754,0
70000,42,0,0,69486,3000,0.9927,0
230000,34,0,0,124824,10001,0.5427,0
290000,37,0,0,277449,52000,0.9567,0
240000,49,0,0,511,0,0.0021,0
330000,32,0,2,2145,0,0.0065,0
300000,38,0,0,87118,1691,0.2904,0
160000,40,0,0,326,326,0.002,1
360000,36,0,0,28291,3000,0.0786,0
60000,49,0,2,59902,3400,0.9984,1
200000,42,0,1,163340,8000,0.8167,0
220000,50,0,0,216194,11000,0.9827,0
500000,42,0,0,431195,17624,0.8624,0
10000,38,0,0,7955,1140,0.7955,1
20000,47,1,3,17624,1300,0.8812,0
50000,33,2,2,24890,1925,0.4978,1
220000,27,0,0,1051,735,0.0048,1
140000,38,2,6,110674,22500,0.7905,1
80000,27,0,2,42414,2039,0.5302,0
70000,24,0,0,69023,3600,0.986,0
390000,32,0,0,1714,53367,0.0044,0
10000,47,0,0,8884,1159,0.8884,0
290000,36,0,0,22681,20246,0.0782,0
280000,47,0,0,2479,3564,0.0089,0
250000,29,0,0,180056,4077,0.7202,0
80000,45,3,3,34282,1567,0.4285,1
500000,37,0,0,207205,9755,0.4144,0
50000,26,0,0,47974,2500,0.9595,0
20000,23,0,0,1706,6394,0.0853,0
50000,23,0,1,16621,1037,0.3324,1
160000,47,1,1,0,0,0.0,1
20000,24,2,6,1650,0,0.0825,1
80000,25,0,1,550,1606,0.0069,0
290000,27,0,0,284298,14013,0.9803,0
20000,25,0,0,15706,1700,0.7853,0
30000,37,0,3,26168,2000,0.8723,0
170000,32,0,1,69013,0,0.406,0
700000,36,0,0,450827,13000,0.644,0
50000,58,0,0,46199,2023,0.924,0
200000,31,1,1,0,0,0.0,0
20000,27,0,2,6599,3000,0.33,0
60000,41,0,0,95648,5000,1.5941,0
160000,42,1,1,0,1564,0.0,0
370000,34,0,0,13854,3382,0.0374,0
500000,49,0,0,207406,15000,0.4148,0
500000,40,0,0,240927,1093,0.4819,0
50000,22,0,0,45107,2000,0.9021,1
140000,36,0,0,72462,4000,0.5176,0
210000,50,0,0,390,390,0.0019,1
300000,56,1,1,0,0,0.0,1
60000,23,0,0,55765,2600,0.9294,1
80000,60,2,6,48463,2100,0.6058,1
50000,48,0,0,50899,2000,1.018,0
240000,44,0,0,21468,3000,0.0894,0
360000,27,0,1,1994,5317,0.0055,0
140000,24,0,0,25118,2000,0.1794,0
310000,37,0,0,190704,7787,0.6152,0
20000,22,0,1,14413,3000,0.7206,0
140000,29,0,0,46605,2281,0.3329,0
440000,62,0,1,14721,4909,0.0335,0
330000,34,0,0,17421,1650,0.0528,0
60000,26,0,0,29860,1500,0.4977,0
120000,23,0,0,38842,2300,0.3237,0
290000,34,0,0,8690,0,0.03,0
20000,26,1,6,14437,1600,0.7218,0
500000,64,1,1,493,1086,0.001,1
20000,25,2,6,150,0,0.0075,0
150000,46,2,5,11164,1000,0.0744,1
490000,42,0,0,15838,11404,0.0323,0
170000,24,0,0,108717,8092,0.6395,0
50000,27,1,4,2238,2000,0.0448,1
150000,40,0,0,106396,7041,0.7093,0
390000,41,0,0,6782,1466,0.0174,0
380000,33,0,0,79099,3000,0.2082,0
170000,34,1,1,-270,0,-0.0016,0
170000,26,0,0,55658,5000,0.3274,0
390000,36,1,1,0,250,0.0,1
30000,28,2,6,20218,0,0.6739,0
300000,48,0,0,440,452,0.0015,0
180000,25,0,0,23890,2181,0.1327,0
360000,27,0,0,241584,124900,0.6711,0
230000,42,0,1,5838,1300,0.0254,0
30000,28,1,4,25554,3204,0.8518,1
400000,45,0,0,9083,12658,0.0227,0
20000,47,2,1,19401,1331,0.97,1
100000,26,0,0,1508,6186,0.0151,0
340000,43,1,1,-15,0,-0.0,1
30000,22,0,0,27849,2000,0.9283,0
440000,38,2,2,775,1551,0.0018,1
100000,46,2,1,390,390,0.0039,0
30000,28,0,0,25354,1650,0.8451,0
20000,43,1,2,20251,0,1.0126,1
200000,40,1,3,303719,5133,1.5186,0
180000,34,0,0,167604,6949,0.9311,0
50000,34,0,0,23264,13573,0.4653,0
210000,27,0,0,115583,25000,0.5504,0
210000,24,0,0,94681,3766,0.4509,0
220000,36,0,1,190691,20000,0.8668,0
240000,36,2,2,183360,8600,0.764,0
200000,33,0,0,6195,1300,0.031,1
20000,46,0,0,19401,1650,0.97,1
180000,33,0,2,13999,4176,0.0778,0
90000,26,2,1,89526,3400,0.9947,1
130000,56,0,0,582,0,0.0045,1
100000,51,2,6,87603,8200,0.876,1
450000,54,1,1,-237,0,-0.0005,0
210000,42,0,0,88498,3555,0.4214,0
380000,28,0,0,123880,7050,0.326,0
20000,39,0,3,20246,3000,1.0123,0
50000,27,0,1,51076,2223,1.0215,0
50000,24,0,0,1354,1054,0.0271,1
160000,42,0,4,43753,4100,0.2735,0
450000,27,1,1,-4,973,-0.0,0
30000,47,2,6,19150,600,0.6383,0
310000,31,0,0,214190,9000,0.6909,0
50000,26,2,4,41827,1800,0.8365,1
160000,35,0,0,38486,1652,0.2405,0
170000,31,0,0,959,1911,0.0056,0
230000,28,0,0,15714,13171,0.0683,0
20000,25,0,0,3556,1481,0.1778,0
50000,22,0,0,64498,349,1.29,0
140000,25,0,0,76910,1994,0.5494,0
50000,43,1,2,48777,0,0.9755,0
280000,31,0,0,2419,10517,0.0086,0
360000,31,0,0,211,70,0.0006,0
50000,22,0,0,45803,2400,0.9161,0
20000,21,0,0,19739,1000,0.987,0
310000,34,0,0,87842,3021,0.2834,0
260000,33,0,0,7571,1000,0.0291,0
80000,41,3,5,7866,1200,0.0983,1
30000,42,1,2,13347,0,0.4449,1
340000,29,0,0,135538,4093,0.3986,0
260000,27,0,0,37003,1305,0.1423,0
420000,40,0,1,33561,5900,0.0799,0
80000,54,2,3,12894,3084,0.1612,1
400000,36,0,0,44765,10006,0.1119,0
460000,50,0,0,30765,13953,0.0669,0
200000,39,0,0,31236,1838,0.1562,0
160000,52,0,2,390,780,0.0024,0
70000,26,0,0,6121,1200,0.0874,1
290000,43,0,0,170823,8050,0.589,0
120000,29,0,0,50150,5069,0.4179,0
100000,26,0,1,24459,3000,0.2446,0
30000,55,0,0,27381,1633,0.9127,0
30000,23,2,1,14546,1265,0.4849,1
50000,23,0,0,33959,2000,0.6792,0
210000,39,0,0,4443,3569,0.0212,1
10000,24,1,5,5530,500,0.553,1
250000,50,0,0,18381,2749,0.0735,0
230000,31,1,1,0,2716,0.0,0
150000,26,0,0,0,0,0.0,0
20000,22,1,3,21672,1000,1.0836,1
150000,41,0,0,80435,3349,0.5362,0
20000,48,0,1,5861,1119,0.293,0
400000,30,0,0,1919,7389,0.0048,0
20000,40,2,5,17761,4000,0.888,0
440000,45,0,3,600,0,0.0014,1
20000,26,0,0,1439,1261,0.072,0
320000,26,0,0,316,316,0.001,0
300000,37,0,0,41000,0,0.1367,0
50000,24,0,1,18965,3000,0.3793,0
210000,27,0,2,110757,5650,0.5274,0
350000,33,0,0,2383,9911,0.0068,0
470000,33,0,0,1260,2530,0.0027,0
300000,28,0,0,0,0,0.0,0
30000,25,2,6,1050,0,0.035,1
210000,28,0,0,180004,9000,0.8572,0
30000,37,0,0,8301,1191,0.2767,0
200000,27,0,0,127843,6579,0.6392,0
140000,41,0,0,82309,12682,0.5879,0
50000,26,0,0,45431,1811,0.9086,0
10000,32,1,2,9001,0,0.9001,1
390000,28,0,0,116720,7000,0.2993,0
50000,50,0,0,48173,2235,0.9635,0
50000,25,0,0,16221,3000,0.3244,1
30000,31,0,0,5477,8011,0.1826,0
50000,31,3,6,27166,3769,0.5433,1
50000,33,1,1,0,0,0.0,0
260000,41,0,0,253795,9269,0.9761,0
50000,34,1,1,0,0,0.0,0
140000,28,0,0,639,8358,0.0046,0
490000,28,0,0,422483,15358,0.8622,0
60000,24,1,2,60425,28,1.0071,1
80000,39,2,3,62281,2500,0.7785,1
80000,26,0,0,51533,1800,0.6442,0
290000,28,0,0,162118,6000,0.559,0
280000,28,0,0,104451,4470,0.373,0
130000,29,0,1,111731,6000,0.8595,0
20000,52,0,0,2912,390,0.1456,0
50000,31,0,1,48548,2032,0.971,1
330000,28,1,5,963,504,0.0029,0
150000,40,0,0,95943,32153,0.6396,1
150000,26,0,0,96739,4000,0.6449,0
210000,27,0,0,81387,3883,0.3876,0
10000,28,0,0,5757,1300,0.5757,1
300000,32,0,0,15003,1469,0.05,0
140000,35,0,0,140387,5509,1.0028,0
50000,26,1,1,0,0,0.0,0
140000,30,0,0,1750,1003,0.0125,0
50000,32,0,0,46610,2021,0.9322,0
500000,35,0,0,1369,4769,0.0027,0
500000,36,0,0,70016,2568,0.14,0
20000,38,2,1,1442,1261,0.0721,0
420000,47,0,0,10517,15585,0.025,0
60000,37,1,6,22007,3000,0.3668,1
60000,37,0,1,30010,5000,0.5002,0
190000,35,0,0,158360,4800,0.8335,0
220000,48,3,3,2500,0,0.0114,1
110000,28,2,6,86774,4200,0.7889,1
290000,33,0,0,1300,0,0.0045,0
50000,25,2,1,50105,2300,1.0021,0
110000,39,0,0,210804,5426,1.9164,0
230000,35,0,0,2132,1531,0.0093,0
250000,42,0,0,16240,0,0.065,0
100000,26,0,0,7136,1500,0.0714,0
30000,23,0,3,29064,2000,0.9688,0
230000,47,1,1,0,0,0.0,0
50000,29,0,0,49660,2000,0.9932,1
420000,33,1,1,-190,6699,-0.0005,0
30000,33,0,0,30247,1590,1.0082,0
20000,34,1,2,8834,1000,0.4417,1
200000,43,0,0,200898,10000,1.0045,0
90000,27,1,6,17374,0,0.193,0
110000,45,0,0,66820,4400,0.6075,0
60000,26,0,1,58452,2500,0.9742,0
80000,35,0,0,37642,4000,0.4705,0
50000,41,1,3,85579,3023,1.7116,0
180000,28,1,1,0,0,0.0,0
110000,39,0,0,109221,4230,0.9929,0
150000,33,0,0,50286,61101,0.3352,0
120000,30,0,0,104801,4000,0.8733,0
150000,40,0,0,152175,5800,1.0145,0
360000,42,0,0,9152,6361,0.0254,0
60000,56,0,0,26344,1446,0.4391,1
480000,40,0,0,69011,3000,0.1438,0
400000,25,0,0,393159,2522,0.9829,0
60000,24,1,6,44238,4000,0.7373,0
240000,29,0,3,198128,16500,0.8255,1
30000,27,0,0,3415,1000,0.1138,0
240000,38,0,0,138151,6021,0.5756,0
50000,23,0,1,16370,1524,0.3274,1
130000,27,0,0,91467,3247,0.7036,0
30000,49,2,3,23778,1415,0.7926,0
10000,35,0,0,9159,1160,0.9159,0
180000,27,0,0,51826,1500,0.2879,0
230000,26,0,0,14361,1369,0.0624,0
30000,27,1,3,28686,0,0.9562,0
50000,52,1,4,7839,1200,0.1568,0
500000,30,0,0,1089,58665,0.0022,0
360000,30,0,2,0,1000,0.0,0
460000,43,0,0,323408,5229,0.7031,0
10000,32,0,0,8509,1400,0.8509,0
270000,32,0,0,48114,20091,0.1782,0
80000,43,0,0,43749,3356,0.5469,0
100000,32,0,0,87580,3300,0.8758,0
20000,42,2,3,13053,16,0.6526,1
300000,38,0,0,374,2000,0.0012,1
30000,44,0,0,2436,11378,0.0812,0
160000,33,1,2,-77,2000,-0.0005,1
30000,25,0,1,7204,1200,0.2401,0
160000,31,0,0,4203,9739,0.0263,0
380000,31,0,0,276,276,0.0007,0
180000,43,0,0,164222,7500,0.9123,0
100000,45,0,0,99626,4600,0.9963,0
260000,38,0,3,263,512,0.001,0
180000,25,0,0,120583,3507,0.6699,0
240000,38,0,0,230131,8500,0.9589,0
30000,44,0,0,6289,3173,0.2096,1
50000,26,0,0,20329,1600,0.4066,0
180000,43,0,0,7823,9549,0.0435,0
20000,24,0,0,610,13002,0.0305,0
130000,31,0,1,48628,5207,0.3741,1
240000,36,0,0,229,0,0.001,0
160000,35,1,1,0,0,0.0,0
60000,29,0,0,4511,1096,0.0752,1
100000,35,0,0,96521,3938,0.9652,0
320000,28,1,1,0,0,0.0,0
110000,62,0,0,33536,3000,0.3049,0
50000,31,2,4,48903,6500,0.9781,1
50000,38,2,4,27686,1500,0.5537,1
140000,39,0,0,139079,7000,0.9934,0
80000,46,0,0,81283,2892,1.016,1
50000,23,0,0,47385,2472,0.9477,0
140000,35,1,4,130215,0,0.9301,1
210000,52,0,0,5723,1237,0.0273,0
130000,35,0,0,8010,1500,0.0616,0
200000,31,0,0,4138,790,0.0207,1
110000,40,0,0,4202,2000,0.0382,0
140000,27,2,3,107257,0,0.7661,0
20000,43,0,0,390,390,0.0195,0
450000,30,0,0,610723,20200,1.3572,1
170000,36,0,0,87076,3781,0.5122,0
170000,36,0,0,158651,5428,0.9332,0
180000,29,0,0,175773,6059,0.9765,0
200000,39,0,2,303347,6500,1.5167,0
80000,27,0,0,25424,2000,0.3178,0
150000,41,0,0,15938,1317,0.1063,0
160000,31,0,0,157303,8055,0.9831,1
60000,38,0,0,3059,291,0.051,0
240000,39,4,6,47739,0,0.1989,1
20000,24,0,1,12549,2319,0.6274,1
500000,30,0,0,449733,20120,0.8995,0
280000,50,0,0,9173,11574,0.0328,0
200000,50,3,4,176077,8000,0.8804,1
290000,29,0,0,6649,15837,0.0229,0
80000,34,0,2,75517,6000,0.944,1
20000,61,2,4,2730,2800,0.1365,1
400000,41,0,0,48938,27703,0.1223,0
30000,53,0,0,30587,1700,1.0196,0
130000,34,0,0,128846,5170,0.9911,1
60000,33,0,0,4843,5000,0.0807,0
20000,37,0,0,1439,1251,0.072,0
160000,43,1,1,-3,0,-0.0,0
110000,25,1,3,104871,8000,0.9534,0
230000,40,0,0,87162,4293,0.379,0
20000,22,0,0,18356,0,0.9178,0
140000,34,0,0,15550,2500,0.1111,0
130000,48,0,0,46206,3000,0.3554,0
130000,47,2,6,18454,2976,0.142,1
200000,30,0,0,113676,6000,0.5684,0
60000,43,2,2,4703,0,0.0784,1
20000,25,1,1,-431,1000,-0.0216,0
110000,32,1,1,0,0,0.0,1
320000,27,1,3,0,638,0.0,1
130000,40,2,1,88222,3515,0.6786,0
280000,50,3,5,327918,0,1.1711,0
290000,34,0,0,1597,0,0.0055,0
30000,28,0,0,17897,1342,0.5966,0
80000,28,0,0,54475,6150,0.6809,0
70000,24,0,0,10916,2000,0.1559,0
80000,44,0,1,80808,6926,1.0101,0
200000,33,0,0,1853,5928,0.0093,0
50000,28,0,1,96393,5800,1.9279,0
120000,28,0,1,59946,4000,0.4996,0
80000,29,0,0,51630,4000,0.6454,0
200000,35,2,1,51609,3000,0.258,1
90000,34,0,0,1905,1924,0.0212,0
30000,38,1,3,29803,1734,0.9934,0
30000,29,0,0,3489,14969,0.1163,0
50000,23,0,0,47486,1703,0.9497,0
150000,31,0,0,148815,5147,0.9921,0
280000,42,0,0,256675,13000,0.9167,0
10000,25,0,0,6892,1294,0.6892,0
160000,35,0,0,96515,50439,0.6032,0
160000,30,0,0,51400,0,0.3212,0
390000,46,0,0,6346,94921,0.0163,0
50000,22,0,0,34033,1342,0.6807,1
50000,26,0,0,18838,0,0.3768,0
150000,28,0,0,95322,3216,0.6355,0
50000,23,0,0,47104,2000,0.9421,0
190000,39,0,0,83369,3853,0.4388,0
10000,29,2,6,142,0,0.0142,1
210000,37,1,1,-200,0,-0.001,0
230000,32,0,0,1470,0,0.0064,0
150000,52,0,0,5094,29148,0.034,0
230000,34,0,0,4358,3000,0.0189,0
80000,28,1,3,4885,0,0.0611,0
160000,31,0,0,1790,0,0.0112,0
500000,27,0,0,33299,60957,0.0666,0
180000,34,0,0,43374,2100,0.241,0
30000,23,1,6,28850,0,0.9617,1
130000,47,0,0,113470,4000,0.8728,0
10000,46,0,0,10400,0,1.04,0
20000,45,0,0,650,264,0.0325,0
30000,27,0,0,18556,2000,0.6185,0
30000,38,0,0,20996,5000,0.6999,1
320000,39,0,0,206461,5000,0.6452,0
10000,23,3,6,10034,0,1.0034,1
350000,53,0,0,5095,4840,0.0146,0
20000,35,0,0,17365,2618,0.8682,0
50000,25,1,5,53086,0,1.0617,0
310000,28,0,0,153620,6603,0.4955,0
80000,34,0,0,66122,2600,0.8265,0
170000,43,0,0,1866,5750,0.011,0
10000,52,2,2,9970,2001,0.997,1
30000,41,1,1,0,0,0.0,0
170000,46,0,0,1986,1050,0.0117,0
230000,32,0,0,700,1428,0.003,0
50000,23,0,1,16139,1400,0.3228,0
300000,52,1,1,0,0,0.0,0
210000,37,1,1,0,0,0.0,0
20000,36,0,1,21309,3150,1.0654,0
20000,32,0,0,16434,1500,0.8217,0
20000,25,2,3,16923,4000,0.8462,0
80000,29,0,0,31637,1734,0.3955,0
30000,22,0,0,7928,2318,0.2643,0
200000,33,2,6,156558,15000,0.7828,1
210000,31,2,1,1172,380,0.0056,0
330000,42,0,0,899,7448,0.0027,0
30000,25,2,6,14420,1500,0.4807,1
280000,39,0,0,17489,7614,0.0625,0
300000,37,0,0,1943,0,0.0065,0
10000,42,1,2,6091,1000,0.6091,0
50000,24,0,0,27788,2000,0.5558,0
280000,49,0,0,390,390,0.0014,0
20000,51,0,0,14681,1562,0.734,0
130000,32,0,0,1496,1496,0.0115,0
20000,25,0,0,18193,1800,0.9096,0
120000,26,0,0,5820,216,0.0485,0
400000,33,0,0,7768,31330,0.0194,0
300000,39,0,0,6293,5490,0.021,0
30000,23,0,0,12775,1600,0.4258,0
20000,47,0,0,14835,3000,0.7418,1
320000,43,0,0,24685,30161,0.0771,0
80000,57,0,0,54211,2007,0.6776,0
160000,59,0,0,-220,1000,-0.0014,0
80000,50,0,0,46914,2210,0.5864,0
280000,47,0,0,27572,39787,0.0985,0
210000,28,1,1,0,0,0.0,1
250000,27,0,0,8769,990,0.0351,0
120000,27,0,1,3215,700,0.0268,0
20000,27,0,0,15685,1300,0.7842,0
200000,35,0,0,72450,5556,0.3622,0
100000,45,0,0,42049,2200,0.4205,0
80000,53,0,0,48688,2530,0.6086,0
450000,39,0,0,242,0,0.0005,0
200000,38,0,0,5221,6877,0.0261,0
50000,28,0,0,47813,1900,0.9563,0
500000,31,0,0,43818,5000,0.0876,0
50000,25,0,4,44663,4100,0.8933,0
450000,29,0,0,72622,2000,0.1614,0
130000,30,0,0,780,0,0.006,0
220000,29,0,0,-37,5682,-0.0002,0
210000,38,0,0,390,780,0.0019,0
50000,57,0,0,50698,2100,1.014,0
260000,31,0,0,260783,1743,1.003,0
70000,26,0,0,35867,3000,0.5124,0
50000,37,0,0,49045,2000,0.9809,1
20000,28,2,6,12762,0,0.6381,1
170000,34,1,5,91450,3400,0.5379,1
100000,34,0,0,104660,4589,1.0466,0
200000,30,0,0,11916,12366,0.0596,1
30000,59,1,5,28084,1950,0.9361,1
300000,39,0,1,89792,4500,0.2993,0
360000,28,3,3,2500,0,0.0069,1
140000,33,0,0,128891,4637,0.9206,0
360000,28,0,0,220,2755,0.0006,0
150000,43,0,0,32283,18361,0.2152,0
280000,37,0,0,149227,5505,0.533,0
230000,46,0,0,1443,1443,0.0063,0
80000,46,0,0,70324,3000,0.879,0
50000,32,0,0,20542,1411,0.4108,0
180000,30,1,1,0,1186,0.0,1
100000,34,2,6,32685,4400,0.3268,1
30000,30,1,4,21996,0,0.7332,1
80000,37,2,6,57844,2700,0.723,0
500000,39,0,0,28852,90668,0.0577,0
150000,33,0,0,6806,2779,0.0454,0
50000,22,1,3,8566,0,0.1713,0
260000,42,0,0,6000,4570,0.0231,0
410000,35,0,0,11193,1831,0.0273,0
50000,33,0,0,39847,1719,0.7969,0
100000,39,0,0,100549,3711,1.0055,0
90000,37,0,0,62460,2500,0.694,0
50000,32,2,2,16434,1688,0.3287,0
200000,51,1,4,93215,4300,0.4661,0
240000,33,0,0,6785,58243,0.0283,0
360000,29,0,1,6167,17,0.0171,1
170000,37,0,0,49699,32305,0.2923,0
80000,30,2,6,41687,2000,0.5211,1
260000,49,0,0,8654,15328,0.0333,0
70000,55,0,0,53214,2230,0.7602,0
30000,43,0,0,26828,1588,0.8943,0
290000,35,0,1,260698,11019,0.899,0
110000,46,0,0,110950,4088,1.0086,1
110000,30,0,4,57503,9600,0.5228,1
200000,40,0,0,93700,4512,0.4685,0
70000,22,0,0,52899,1726,0.7557,0
150000,29,0,0,84357,2841,0.5624,0
340000,43,0,1,106867,12002,0.3143,0
30000,25,2,1,10343,1200,0.3448,1
200000,40,0,0,390,400,0.002,0
400000,44,0,0,4988,3003,0.0125,0
110000,41,0,0,52388,1780,0.4763,0
420000,36,0,0,56068,15005,0.1335,0
150000,45,0,0,232587,30032,1.5506,0
290000,36,0,0,97733,3500,0.337,0
160000,58,1,1,0,0,0.0,0
50000,31,0,0,44461,1000,0.8892,1
150000,25,0,0,132684,5713,0.8846,0
500000,29,0,0,82715,7057,0.1654,0
140000,26,0,0,54868,3000,0.3919,0
200000,44,0,0,1785,757,0.0089,0
230000,46,0,0,519,518,0.0023,1
60000,26,0,0,53986,2050,0.8998,0
150000,38,0,0,509,14310,0.0034,0
340000,29,0,1,2688,11486,0.0079,0
140000,30,0,0,5600,0,0.04,0
20000,41,1,3,6249,0,0.3124,0
200000,26,0,0,14513,84387,0.0726,0
20000,44,0,0,2522,169,0.1261,0
300000,29,0,0,64437,2000,0.2148,0
200000,64,0,0,2035,1261,0.0102,1
180000,28,0,0,180387,9000,1.0022,0
30000,24,2,1,27896,2506,0.9299,0
350000,62,0,0,83393,10237,0.2383,0
160000,28,0,0,3236,0,0.0202,0
20000,42,2,3,20205,1500,1.0103,1
130000,28,1,1,0,3000,0.0,0
180000,43,0,0,166569,6000,0.9254,0
220000,36,2,3,195725,8200,0.8897,1
120000,25,0,0,54628,2200,0.4552,0
500000,33,0,0,48415,15021,0.0968,0
150000,29,0,0,2889,3469,0.0193,1
180000,29,0,0,18213,4390,0.1012,0
440000,30,0,0,390512,10063,0.8875,0
190000,35,0,0,189420,8900,0.9969,0
160000,40,0,0,766,766,0.0048,1
20000,37,0,0,6372,1100,0.3186,0
30000,44,0,0,10056,1500,0.3352,0
420000,32,1,1,8120,1011,0.0193,0
370000,28,0,0,68452,3513,0.185,0
60000,35,1,2,62522,0,1.042,0
180000,43,0,0,106765,10000,0.5931,0
90000,25,0,0,16977,3000,0.1886,0
250000,24,2,1,69770,3562,0.2791,1
30000,25,0,0,25115,1886,0.8372,1
140000,41,0,0,4523,12171,0.0323,0
180000,26,0,0,51699,2200,0.2872,0
70000,30,0,1,12196,1300,0.1742,0
320000,36,0,0,29862,5000,0.0933,1
150000,28,1,1,0,0,0.0,0
20000,29,0,0,3785,1154,0.1892,1
30000,25,0,0,19041,1500,0.6347,1
500000,31,0,0,239824,5614,0.4796,0
30000,22,2,4,200,0,0.0067,0
50000,41,0,0,780,12667,0.0156,0
20000,44,0,0,5855,1122,0.2928,0
10000,51,2,2,103,0,0.0103,1
500000,45,0,0,338,338,0.0007,0
20000,25,2,6,2902,4200,0.1451,1
200000,28,0,0,40559,5000,0.2028,0
10000,31,0,1,6106,1200,0.6106,0
50000,43,2,6,44865,2923,0.8973,1
320000,35,0,0,177391,8200,0.5543,0
50000,41,0,0,48729,1000,0.9746,0
30000,41,0,0,15636,2000,0.5212,0
110000,36,0,0,2509,1260,0.0228,1
50000,35,1,1,0,354,0.0,0
140000,29,1,2,112592,0,0.8042,0
90000,44,0,0,539,0,0.006,0
60000,49,0,0,59578,22000,0.993,1
20000,24,2,6,16276,1000,0.8138,0
340000,62,0,0,509365,20309,1.4981,0
30000,29,1,3,31986,0,1.0662,0
170000,35,0,0,481,326,0.0028,1
130000,45,2,4,53709,3000,0.4131,1
250000,44,0,3,6107,3000,0.0244,0
200000,36,0,0,390,1308,0.002,0
10000,49,0,0,3100,1073,0.31,1
180000,29,0,1,13936,0,0.0774,0
230000,29,0,0,8916,318,0.0388,0
200000,45,0,0,11025,6959,0.0551,0
90000,33,0,0,130765,4800,1.4529,0
130000,28,0,0,3964,600,0.0305,0
230000,26,0,0,1099,19686,0.0048,0
320000,36,0,1,289508,21041,0.9047,0
30000,34,2,3,24367,4723,0.8122,1
80000,25,0,1,57994,3327,0.7249,0
80000,35,0,0,1000,0,0.0125,1
260000,45,0,0,7893,5923,0.0304,0
20000,26,2,1,14081,2000,0.704,1
200000,34,0,0,795,1000,0.004,1
80000,23,0,1,54658,5573,0.6832,0
100000,42,0,0,60380,2200,0.6038,0
150000,35,0,0,39708,1608,0.2647,0
80000,27,0,0,76306,3600,0.9538,0
20000,48,0,1,7684,1200,0.3842,0
200000,26,0,0,15150,1411,0.0758,0
120000,41,2,2,36850,4000,0.3071,1
30000,50,2,1,46868,1800,1.5623,1
200000,37,0,0,118134,15034,0.5907,0
80000,38,0,0,77929,3006,0.9741,0
280000,46,0,0,11967,183,0.0427,1
500000,40,0,0,353356,17000,0.7067,0
120000,37,0,0,696,0,0.0058,0
220000,41,0,0,4016,3000,0.0183,0
360000,34,0,1,6287,2505,0.0175,0
210000,35,0,0,142422,6500,0.6782,0
160000,28,1,3,4529,0,0.0283,1
100000,29,0,0,0,0,0.0,1
400000,31,0,0,4209,14894,0.0105,0
110000,46,0,0,111301,3075,1.0118,0
360000,37,1,1,0,0,0.0,1
500000,48,0,0,39734,117243,0.0795,0
130000,27,0,0,116646,5578,0.8973,0
60000,26,0,0,17873,3000,0.2979,0
240000,39,0,0,33984,3000,0.1416,0
100000,40,0,0,-14,1466,-0.0001,0
150000,38,0,0,5195,4185,0.0346,0
290000,39,0,0,209265,10000,0.7216,0
50000,43,0,0,34110,3505,0.6822,0
30000,46,1,1,8891,28001,0.2964,0
210000,35,0,0,1338,1508,0.0064,0
100000,30,0,1,14729,0,0.1473,0
30000,40,0,1,780,0,0.026,0
30000,34,0,0,9318,10621,0.3106,0
80000,34,2,5,78489,0,0.9811,0
30000,24,2,6,2550,0,0.085,1
70000,41,0,0,32581,2000,0.4654,0
470000,27,0,0,2981,3182,0.0063,0
180000,39,1,1,0,0,0.0,1
20000,32,0,0,17106,1458,0.8553,1
420000,60,0,0,195379,8003,0.4652,0
100000,29,0,2,95205,9300,0.952,1
130000,53,0,0,18614,2343,0.1432,0
200000,34,0,0,780,0,0.0039,0
150000,44,1,2,10710,137,0.0714,0
410000,30,0,0,6972,3188,0.017,0
30000,40,0,0,1047,447,0.0349,1
20000,23,1,2,9352,0,0.4676,1
130000,30,0,0,126834,5802,0.9756,0
180000,28,0,0,0,0,0.0,0
120000,32,0,0,45117,3000,0.376,0
190000,27,0,1,43903,10882,0.2311,0
30000,53,0,0,26891,2000,0.8964,0
170000,28,0,0,73254,2500,0.4309,0
120000,32,1,6,110826,6000,0.9236,0
50000,34,1,4,35548,0,0.711,0
100000,50,1,1,0,2976,0.0,0
20000,26,2,5,10372,3000,0.5186,1
40000,25,0,0,511,513,0.0128,1
300000,45,0,0,1095,2941,0.0036,0
230000,37,1,1,0,0,0.0,0
280000,38,0,1,5165,6455,0.0184,1
450000,37,1,1,0,0,0.0,0
260000,30,0,0,7426,2000,0.0286,0
50000,39,0,0,43994,5000,0.8799,0
50000,29,2,6,2550,0,0.051,1
240000,36,0,0,227797,10011,0.9492,0
70000,32,1,6,22914,1700,0.3273,0
60000,30,0,0,60922,3205,1.0154,0
230000,31,0,0,160413,6011,0.6974,0
30000,27,0,0,27159,1500,0.9053,0
80000,29,1,2,80867,0,1.0108,1
360000,40,0,0,0,0,0.0,0
200000,49,0,0,51024,10000,0.2551,0
150000,37,0,2,180,1402,0.0012,0
260000,42,0,0,387,616,0.0015,0
180000,24,0,0,126420,6519,0.7023,0
220000,32,0,0,8178,9140,0.0372,0
180000,40,0,0,42790,1800,0.2377,0
90000,46,0,0,77263,8333,0.8585,0
20000,24,0,1,14558,3200,0.7279,0
290000,31,0,0,172758,8100,0.5957,0
210000,35,0,1,396,1188,0.0019,0
20000,31,0,0,18551,1647,0.9276,0
310000,27,0,0,115126,5222,0.3714,0
240000,42,0,0,66394,1273,0.2766,0
330000,42,0,2,-4,15450,-0.0,1
310000,29,0,0,1469,1340,0.0047,1
30000,26,2,6,200,0,0.0067,1
470000,37,0,0,134561,150055,0.2863,0
280000,56,0,0,89739,4000,0.3205,0
120000,34,1,1,0,0,0.0,0
240000,28,0,0,4882,5220,0.0203,1
800000,53,0,0,7639,11145,0.0095,0
320000,30,0,0,1663,7025,0.0052,1
140000,34,0,0,103288,4500,0.7378,0
20000,25,2,4,8880,1500,0.444,0
160000,43,1,1,0,0,0.0,0
280000,38,0,0,237821,11000,0.8494,0
330000,33,0,0,166917,7400,0.5058,0
230000,24,0,0,35000,35000,0.1522,0
50000,25,0,2,1170,0,0.0234,1
210000,33,1,1,21854,2269,0.1041,0
170000,29,1,1,0,0,0.0,0
220000,47,0,0,159351,6000,0.7243,0
90000,30,0,0,1166,1918,0.013,0
20000,26,1,6,11338,0,0.5669,0
480000,31,0,0,20824,5004,0.0434,0
140000,36,0,0,40836,2001,0.2917,0
160000,41,0,0,97266,3769,0.6079,0
80000,41,0,0,78337,3500,0.9792,1
100000,22,2,1,72222,3400,0.7222,0
310000,35,0,0,184404,6225,0.5949,0
200000,36,0,0,371,37647,0.0019,0
50000,55,0,0,25330,1745,0.5066,0
100000,39,2,2,78353,1200,0.7835,1
240000,26,1,1,0,189,0.0,0
30000,53,0,0,18112,1329,0.6037,0
180000,43,0,0,3690,15682,0.0205,0
40000,24,0,1,38272,2000,0.9568,1
70000,31,0,0,71065,2566,1.0152,0
50000,22,0,1,30631,4809,0.6126,0
500000,30,1,1,2817,5037,0.0056,0
200000,33,0,0,390,0,0.002,0
250000,51,2,6,2487,0,0.0099,1
50000,49,1,3,48518,1800,0.9704,0
180000,33,1,1,0,0,0.0,0
160000,42,0,0,3607,4417,0.0225,0
20000,40,1,6,15476,1600,0.7738,0
50000,44,0,0,27321,1415,0.5464,0
20000,23,0,0,17165,1500,0.8582,0
150000,24,0,0,291,291,0.0019,0
360000,48,0,0,29269,1500,0.0813,0
20000,28,0,0,8814,1500,0.4407,0
170000,32,0,0,71752,2687,0.4221,0
30000,42,0,1,27742,4600,0.9247,0
80000,29,0,0,49528,1730,0.6191,0
110000,25,0,0,111115,6000,1.0101,0
140000,25,0,0,1198,4660,0.0086,0
50000,34,0,0,50713,3000,1.0143,0
120000,34,0,0,88210,3300,0.7351,0
10000,22,0,0,18289,1317,1.8289,0
20000,43,0,0,1716,4027,0.0858,0
180000,31,0,0,4582,1359,0.0255,1
240000,24,0,0,50787,1601,0.2116,0
120000,30,1,2,6305,1000,0.0525,1
150000,28,0,3,8982,0,0.0599,0
30000,55,2,6,2395,0,0.0798,1
80000,31,0,0,17873,65592,0.2234,0
50000,28,0,0,4545,0,0.0909,1
30000,58,2,6,26580,1800,0.886,1
200000,29,0,0,9585,1735,0.0479,0
480000,31,0,0,1759,1759,0.0037,1
50000,55,2,1,21133,1325,0.4227,1
30000,23,2,6,28224,1800,0.9408,1
300000,31,0,0,7834,1093,0.0261,1
500000,36,0,0,4952,3008,0.0099,0
350000,30,0,0,18265,16158,0.0522,0
150000,41,0,0,6780,10638,0.0452,0
30000,46,0,0,20328,1582,0.6776,0
20000,25,1,2,20420,2,1.021,0
380000,41,0,0,302130,10018,0.7951,0
70000,42,0,1,40466,1994,0.5781,1
300000,40,0,0,2991,1278,0.01,0
160000,27,1,2,80166,0,0.501,1
230000,32,1,1,328,1621,0.0014,0
260000,51,0,1,229,674,0.0009,0
360000,37,0,0,194836,5180,0.5412,0
50000,26,0,0,49028,2400,0.9806,0
20000,24,0,0,2500,3068,0.125,0
140000,29,0,0,116597,3018,0.8328,0
50000,24,0,0,44687,2138,0.8937,0
50000,27,0,0,45002,2100,0.9,0
50000,28,0,0,39103,1667,0.7821,0
50000,22,0,0,24763,10000,0.4953,1
80000,24,0,0,75356,5000,0.942,0
90000,28,0,0,24657,1500,0.274,0
50000,27,0,0,492,493,0.0098,0
270000,32,0,0,116315,6500,0.4308,0
60000,34,1,2,64684,0,1.0781,0
240000,35,0,0,3862,1783,0.0161,0
240000,36,0,0,131477,6009,0.5478,0
30000,43,1,6,22494,0,0.7498,1
50000,42,1,2,51047,0,1.0209,0
370000,33,0,1,72322,4252,0.1955,0
50000,34,1,2,49372,0,0.9874,0
130000,35,0,0,2541,0,0.0195,0
20000,40,1,6,17361,0,0.868,0
410000,39,0,0,335938,14000,0.8194,0
50000,47,0,0,47695,2657,0.9539,0
30000,42,1,4,31217,0,1.0406,0
20000,44,0,1,16401,3000,0.82,0
50000,41,0,3,34384,2000,0.6877,0
360000,36,0,0,8162,3144,0.0227,0
70000,45,1,5,9728,0,0.139,0
160000,38,0,0,47268,2725,0.2954,0
20000,38,0,0,19817,2000,0.9908,0
110000,39,0,0,64494,4000,0.5863,0
50000,45,1,2,20530,0,0.4106,0
80000,32,0,0,75149,4003,0.9394,0
150000,31,0,0,1600,1815,0.0107,0
290000,42,0,0,76063,4434,0.2623,0
340000,48,0,0,4726,1379,0.0139,0
110000,43,0,0,103225,4500,0.9384,0
150000,46,2,6,148364,5400,0.9891,1
280000,38,0,0,3596,963,0.0128,0
20000,46,0,2,8168,4600,0.4084,1
180000,36,2,6,114140,5000,0.6341,1
50000,39,0,1,33307,6000,0.6661,1
200000,38,0,0,0,0,0.0,1
280000,35,0,0,117,1375,0.0004,0
100000,35,0,2,65451,8000,0.6545,0
50000,33,0,0,8406,3000,0.1681,0
210000,38,0,0,81582,4000,0.3885,0
280000,33,0,0,22331,1371,0.0798,0
350000,39,0,0,3948,2184,0.0113,0
230000,39,0,1,948,1156,0.0041,0
100000,40,0,1,97582,5000,0.9758,0
390000,35,0,0,24297,5000,0.0623,0
210000,40,0,0,3180,0,0.0151,0
50000,47,0,0,29789,1763,0.5958,0
50000,44,0,0,15109,1263,0.3022,0
340000,42,0,1,13454,15074,0.0396,0
300000,38,1,1,5256,4000,0.0175,0
150000,37,0,0,8027,7129,0.0535,0
200000,45,0,0,74416,3061,0.3721,0
350000,34,1,3,334427,332,0.9555,1
20000,34,0,0,17809,1300,0.8904,0
470000,35,0,0,170812,6500,0.3634,1
200000,39,0,1,132589,4900,0.6629,1
20000,40,1,3,9080,0,0.454,0
230000,37,0,0,211,162,0.0009,0
200000,33,0,0,154000,5000,0.77,1
70000,34,0,0,63580,3000,0.9083,0
20000,38,2,1,19868,1515,0.9934,1
10000,34,0,0,9178,1500,0.9178,0
100000,35,2,6,67646,3300,0.6765,1
130000,39,0,0,957,6220,0.0074,0
240000,46,0,0,7278,804,0.0303,0
590000,33,0,0,42337,60092,0.0718,0
420000,39,0,0,403552,13703,0.9608,0
360000,34,0,0,5375,0,0.0149,0
280000,35,0,1,59188,100000,0.2114,0
400000,35,0,0,0,2720,0.0,0
10000,35,0,0,5828,2000,0.5828,0
110000,35,1,2,112829,0,1.0257,1
220000,47,0,1,628,1,0.0029,0
130000,46,0,0,89634,5000,0.6895,0
50000,33,0,0,45853,5435,0.9171,0
520000,34,0,0,203647,6501,0.3916,0
30000,47,1,3,15783,0,0.5261,1
50000,45,0,0,33634,2000,0.6727,0
260000,32,0,0,29389,2796,0.113,0
210000,44,0,0,245,245,0.0012,0
500000,38,0,0,130700,15785,0.2614,0
120000,33,0,0,119684,5000,0.9974,0
110000,32,0,0,97510,3300,0.8865,0
420000,32,0,0,11728,8904,0.0279,0
80000,41,0,0,76015,3008,0.9502,1
300000,41,0,0,39260,2052,0.1309,0
260000,35,2,4,139582,13400,0.5369,1
500000,42,1,1,0,0,0.0,0
20000,37,3,2,20334,0,1.0167,0
160000,36,0,0,156775,5145,0.9798,0
290000,34,0,0,0,0,0.0,0
360000,32,0,0,120533,6000,0.3348,0
200000,35,0,0,3000,5752,0.015,0
180000,41,0,0,105347,6241,0.5853,0
100000,35,0,1,1818,0,0.0182,1
500000,38,0,0,1523,0,0.003,1
50000,38,0,0,13921,1500,0.2784,0
290000,36,0,0,215472,11000,0.743,0
270000,32,0,0,0,0,0.0,0
250000,33,0,0,5017,22581,0.0201,0
80000,45,2,1,75222,2379,0.9403,1
360000,35,0,0,1540,1102,0.0043,0
50000,40,1,2,25667,1500,0.5133,0
420000,35,0,0,168182,15000,0.4004,0
180000,39,0,0,257579,20000,1.431,0
180000,36,0,0,0,0,0.0,0
220000,45,0,0,3455,12001,0.0157,0
210000,45,0,0,2563,5854,0.0122,0
180000,47,0,0,179253,3700,0.9958,0
210000,44,1,2,236136,0,1.1245,0
20000,50,1,4,18206,1000,0.9103,0
50000,50,2,6,19786,0,0.3957,1
250000,51,0,0,-18,2518,-0.0001,0
50000,51,1,1,0,0,0.0,0
50000,56,0,0,46794,1756,0.9359,0
50000,51,0,0,44147,1785,0.8829,1
50000,51,0,0,48600,1986,0.972,0
50000,48,2,4,47009,4000,0.9402,0
370000,55,0,0,360546,15901,0.9744,0
20000,56,1,5,9453,1000,0.4726,1
300000,61,0,0,269781,10001,0.8993,0
50000,53,0,0,48120,1818,0.9624,0
200000,52,0,0,2343,3943,0.0117,0
180000,53,0,0,316,316,0.0018,1
490000,50,0,0,208353,10000,0.4252,0
330000,65,0,0,20727,194000,0.0628,0
160000,50,1,4,142779,7700,0.8924,1
80000,48,0,0,74040,3500,0.9255,0
30000,52,1,2,18034,6,0.6011,0
150000,52,0,0,4966,1406,0.0331,0
50000,50,0,0,22551,1296,0.451,0
50000,52,0,1,43286,5500,0.8657,0
200000,50,0,0,17306,17380,0.0865,0
240000,54,0,1,14332,2000,0.0597,0
50000,51,0,0,41700,1853,0.834,0
150000,53,0,0,103720,5000,0.6915,0
190000,58,1,2,147335,0,0.7754,0
450000,66,0,0,-81,15110,-0.0002,0
30000,55,3,6,2395,0,0.0798,1
410000,63,0,0,429392,15120,1.0473,1
50000,55,0,2,50805,1750,1.0161,1
240000,57,0,0,1115,1211,0.0046,0
20000,26,0,0,19026,2302,0.9513,0
290000,42,0,0,768,42863,0.0026,0
330000,28,0,0,32316,2000,0.0979,0
170000,23,0,0,139172,4970,0.8187,0
70000,23,2,2,72593,0,1.037,1
120000,24,0,0,14709,9326,0.1226,0
250000,53,0,0,0,0,0.0,1
290000,29,0,0,279804,10000,0.9648,0
20000,26,0,0,25451,3000,1.2726,0
80000,23,2,4,74860,6865,0.9358,1
30000,22,1,2,27332,0,0.9111,0
50000,23,2,1,8730,1000,0.1746,1
30000,21,2,2,23243,1704,0.7748,1
200000,22,0,1,205736,7758,1.0287,1
70000,23,0,0,32244,1841,0.4606,0
50000,26,0,0,50905,2200,1.0181,0
30000,22,0,0,14617,3000,0.4872,0
70000,22,2,4,64838,6000,0.9263,0
80000,22,2,1,73954,5400,0.9244,1
50000,25,0,0,33703,1800,0.6741,0
300000,26,0,0,29300,1214,0.0977,0
30000,22,0,0,2006,1157,0.0669,0
50000,30,0,0,49129,1833,0.9826,0
50000,31,0,0,50734,1700,1.0147,0
80000,22,0,0,3436,3473,0.043,0
50000,23,0,0,40760,1500,0.8152,0
50000,23,0,0,50859,1965,1.0172,0
40000,23,2,3,8160,1327,0.204,1
160000,23,0,0,17920,2000,0.112,0
60000,23,0,0,21972,3126,0.3662,0
30000,23,0,1,27186,1451,0.9062,1
30000,23,0,2,12936,3200,0.4312,0
30000,23,0,0,34084,1521,1.1361,0
90000,23,0,0,5802,4657,0.0645,0
100000,24,0,0,85343,2916,0.8534,0
50000,23,0,1,8400,1160,0.168,0
90000,25,0,0,28276,1505,0.3142,0
90000,28,2,3,65521,0,0.728,1
50000,23,2,1,48668,4034,0.9734,1
80000,25,0,0,76117,2300,0.9515,0
60000,25,0,0,6234,1276,0.1039,0
80000,25,0,0,4418,3000,0.0552,0
20000,25,2,6,14549,2845,0.7274,0
30000,25,2,6,7593,2379,0.2531,0
80000,24,0,0,60423,2007,0.7553,0
160000,24,0,2,2227,0,0.0139,0
460000,34,0,0,11689,2000,0.0254,0
90000,24,1,2,88550,3000,0.9839,1
30000,24,3,6,300,0,0.01,0
220000,28,0,0,224166,8200,1.0189,0
70000,22,0,0,53443,3000,0.7635,0
110000,24,2,6,107378,5500,0.9762,1
50000,25,0,0,16092,2352,0.3218,0
120000,26,0,0,316,316,0.0026,0
150000,26,0,0,127487,6000,0.8499,0
140000,26,0,0,182424,10207,1.303,0
120000,26,0,0,102157,5367,0.8513,0
40000,26,0,0,36835,2000,0.9209,0
90000,30,2,2,75620,3300,0.8402,1
50000,23,3,4,22613,0,0.4523,1
130000,26,0,2,90833,2788,0.6987,0
180000,26,0,0,100,100,0.0006,0
220000,26,0,0,4750,2012,0.0216,0
160000,29,0,1,6252,4000,0.0391,0
70000,29,0,1,20064,24336,0.2866,0
60000,27,0,2,4262,3000,0.071,1
140000,27,0,2,120072,2824,0.8577,0
70000,27,0,4,68425,6800,0.9775,0
320000,28,0,0,4114,390,0.0129,0
60000,28,0,1,20217,1116,0.337,0
360000,27,1,1,0,0,0.0,1
500000,27,0,0,3715,2013,0.0074,0
200000,28,1,1,0,0,0.0,0
160000,28,0,0,1049,2060,0.0066,0
80000,44,0,0,7491,2900,0.0936,0
20000,39,0,0,19064,2000,0.9532,0
110000,41,1,2,105152,0,0.9559,0
30000,38,0,0,2805,0,0.0935,0
140000,31,1,1,-53,0,-0.0004,0
150000,32,0,0,17594,1609,0.1173,0
140000,33,0,0,54279,2615,0.3877,0
460000,35,0,0,442291,16000,0.9615,1
60000,28,0,0,58204,2030,0.9701,0
90000,40,1,6,78976,7500,0.8775,1
130000,44,2,4,112570,0,0.8659,1
300000,28,0,0,25193,10000,0.084,0
130000,29,1,6,85342,5000,0.6565,0
160000,29,0,0,3617,2122,0.0226,0
20000,36,0,1,12530,1500,0.6265,0
20000,42,2,3,16478,2994,0.8239,1
210000,34,0,0,5081,4055,0.0242,0
100000,38,0,3,89745,3421,0.8974,0
120000,43,0,1,24484,3000,0.204,1
60000,41,0,0,56261,1993,0.9377,0
30000,26,2,4,30028,0,1.0009,1
290000,30,0,0,53476,2009,0.1844,0
260000,34,0,0,40066,2000,0.1541,0
130000,34,0,1,124777,12000,0.9598,0
180000,42,1,1,0,0,0.0,0
80000,36,0,0,79407,2491,0.9926,0
70000,38,0,0,59195,2195,0.8456,0
290000,34,0,0,58481,2000,0.2017,0
80000,37,0,3,28652,2000,0.3582,0
300000,27,0,0,2200,1378,0.0073,0
200000,28,0,0,148880,7000,0.7444,0
30000,29,0,1,15982,2226,0.5327,0
240000,35,0,0,86508,3583,0.3604,0
500000,35,0,0,416,258,0.0008,0
30000,45,2,1,31548,1665,1.0516,0
180000,28,2,4,2096,1721,0.0116,0
180000,31,0,0,384,0,0.0021,1
180000,37,0,0,34607,10000,0.1923,0
260000,26,0,0,217735,9553,0.8374,0
80000,33,0,0,1305,0,0.0163,0
400000,38,0,0,0,0,0.0,0
360000,27,0,0,0,750,0.0,0
130000,29,1,1,0,0,0.0,0
50000,35,0,0,48848,2000,0.977,0
290000,29,0,0,19315,15000,0.0666,0
360000,38,0,0,1873,13537,0.0052,0
240000,29,0,0,238225,9000,0.9926,0
80000,41,0,0,76095,3500,0.9512,0
230000,32,1,1,-46,0,-0.0002,1
230000,39,0,0,219712,30500,0.9553,0
330000,37,0,0,2202,2911,0.0067,0
30000,34,1,3,22419,3207,0.7473,0
120000,33,0,0,42687,5000,0.3557,0
60000,30,0,0,3591,0,0.0598,0
230000,42,0,0,430,430,0.0019,1
330000,43,1,1,-58,22359,-0.0002,0
380000,44,0,0,1040,0,0.0027,0
150000,27,0,0,8404,4493,0.056,0
170000,29,0,0,116048,4200,0.6826,1
200000,30,0,1,1626,233,0.0081,0
200000,31,0,0,24605,1462,0.123,0
260000,32,0,0,104717,5300,0.4028,0
430000,47,0,0,1343,909,0.0031,0
20000,46,1,4,10935,1000,0.5468,1
200000,30,0,0,75014,3190,0.3751,0
290000,31,0,0,5307,4739,0.0183,0
240000,28,0,0,188956,7200,0.7873,0
290000,34,0,0,3412,1573,0.0118,0
490000,41,0,0,250970,10000,0.5122,0
230000,39,0,0,970,1483,0.0042,0
290000,26,0,0,81022,2121,0.2794,0
20000,28,0,3,5741,0,0.2871,0
300000,28,0,0,9582,1818,0.0319,0
130000,48,0,1,390,390,0.003,1
150000,37,0,0,119398,3459,0.796,0
50000,37,0,0,35874,1600,0.7175,0
200000,45,0,0,1182,0,0.0059,0
180000,47,0,0,107,825,0.0006,0
300000,43,0,0,21670,0,0.0722,0
30000,41,1,6,8055,1500,0.2685,1
420000,44,1,1,0,5526,0.0,0
320000,42,0,0,2920,2610,0.0091,0
380000,31,0,1,66979,5700,0.1763,0
270000,43,0,0,46107,1700,0.1708,0
150000,40,0,0,213638,7877,1.4243,0
180000,46,0,0,171768,7400,0.9543,0
180000,29,0,0,2639,0,0.0147,1
140000,41,0,0,114133,10000,0.8152,1
90000,38,0,0,85718,4200,0.9524,0
100000,33,0,0,83013,8000,0.8301,0
60000,34,0,4,2084,0,0.0347,1
140000,42,0,1,117460,7000,0.839,0
50000,43,1,5,15214,0,0.3043,0
140000,39,1,1,0,797,0.0,0
230000,31,1,3,19451,1017,0.0846,0
240000,37,1,1,-3,0,-0.0,0
180000,46,0,0,184650,0,1.0258,0
80000,39,0,0,18787,1400,0.2348,0
150000,37,0,0,61137,2230,0.4076,0
300000,35,1,1,0,0,0.0,0
420000,45,2,1,412289,16272,0.9816,1
60000,31,0,0,7233,1596,0.1206,0
30000,48,0,0,29757,1720,0.9919,0
210000,37,0,0,430,1570,0.002,0
170000,38,0,0,0,0,0.0,1
270000,44,0,0,24775,10203,0.0918,0
120000,39,0,0,28724,0,0.2394,0
150000,42,0,0,30643,1237,0.2043,0
150000,37,0,0,7591,5538,0.0506,1
240000,35,0,0,5391,7375,0.0225,0
130000,43,0,0,15923,70000,0.1225,0
150000,38,0,0,105911,5530,0.7061,0
20000,37,0,0,19921,1594,0.996,0
390000,33,0,0,2703,1017,0.0069,0
270000,39,0,0,161039,6000,0.5964,0
180000,45,0,1,1560,0,0.0087,1
200000,30,0,0,78866,20000,0.3943,0
180000,37,0,0,491,0,0.0027,0
330000,39,0,0,118467,4000,0.359,0
140000,40,0,0,51270,4500,0.3662,0
220000,34,0,0,387,1086,0.0018,0
400000,40,0,0,6376,5949,0.0159,0
150000,36,0,0,339351,7000,2.2623,0
200000,36,2,2,2500,0,0.0125,1
30000,43,0,0,661,25166,0.022,0
170000,30,0,0,106667,3458,0.6275,0
180000,30,1,2,18435,0,0.1024,0
300000,31,0,0,5361,1060,0.0179,0
100000,32,0,1,76112,4500,0.7611,0
500000,38,0,0,5410,2700,0.0108,0
80000,40,0,0,34965,1578,0.4371,0
60000,40,0,0,61756,2200,1.0293,0
50000,37,0,0,24380,1366,0.4876,0
500000,48,0,0,485,6342,0.001,0
50000,37,2,6,47676,2300,0.9535,1
160000,44,0,3,6061,2000,0.0379,0
180000,46,1,1,0,0,0.0,0
520000,46,1,4,133890,5022,0.2575,0
160000,33,0,0,5459,20415,0.0341,0
380000,35,0,0,472,14985,0.0012,0
440000,33,0,1,411970,15003,0.9363,0
280000,33,2,1,3192,2000,0.0114,0
130000,35,0,0,63281,10000,0.4868,0
250000,31,1,1,0,0,0.0,0
360000,39,1,1,0,791,0.0,0
470000,36,0,0,9,1960,0.0,0
330000,29,0,0,132702,6972,0.4021,0
240000,42,0,0,1986,1323,0.0083,0
360000,48,0,0,485,0,0.0013,0
80000,40,2,2,81428,4,1.0178,1
280000,29,0,0,15801,1200,0.0564,0
60000,38,1,3,0,780,0.0,0
220000,44,2,3,34510,0,0.1569,1
140000,45,0,2,53951,3000,0.3854,0
230000,29,0,0,23586,5576,0.1025,0
360000,30,1,1,-6,1197,-0.0,0
390000,30,0,0,152535,5153,0.3911,0
280000,32,0,0,11561,1300,0.0413,0
310000,32,0,0,41623,3021,0.1343,0
500000,33,0,0,264479,15000,0.529,0
230000,39,0,0,72288,2429,0.3143,0
30000,41,0,0,0,0,0.0,0
120000,41,0,0,0,77,0.0,0
200000,43,0,0,10000,10000,0.05,0
390000,30,0,0,60819,5000,0.1559,0
200000,30,0,0,59891,3000,0.2995,0
600000,38,1,2,485861,33,0.8098,0
20000,45,2,5,21646,3400,1.0823,1
140000,48,0,0,41241,1996,0.2946,0
90000,34,0,1,336,0,0.0037,1
20000,44,0,0,5636,1200,0.2818,0
30000,45,0,0,26958,4000,0.8986,0
250000,35,0,0,154878,5200,0.6195,0
350000,33,0,0,187649,5100,0.5361,0
150000,49,0,0,4016,5119,0.0268,0
300000,42,0,0,113308,5400,0.3777,0
50000,53,0,0,46778,1770,0.9356,1
390000,58,0,0,1186,15657,0.003,0
120000,53,0,1,1743,0,0.0145,0
140000,53,0,0,142270,5357,1.0162,0
80000,51,0,0,80904,2500,1.0113,0
50000,55,0,0,23593,1831,0.4719,0
140000,49,0,0,1282,367,0.0092,1
330000,50,0,0,5600,0,0.017,0
280000,49,2,3,28788,3315,0.1028,0
470000,49,0,0,3388,1359,0.0072,1
100000,54,0,0,95980,4057,0.9598,0
160000,53,0,0,123760,6018,0.7735,0
320000,51,0,0,8391,2869,0.0262,0
130000,49,0,0,132571,0,1.0198,0
50000,53,2,4,41174,2000,0.8235,0
540000,50,0,0,66637,3100,0.1234,0
50000,48,0,0,47937,2000,0.9587,0
140000,48,0,0,248822,10000,1.7773,0
50000,53,0,0,28509,1500,0.5702,0
360000,69,0,0,0,0,0.0,0
420000,45,1,1,0,23621,0.0,0
360000,51,0,0,1495,1120,0.0042,0
110000,63,0,0,390,390,0.0035,1
170000,52,0,0,416,2939,0.0024,0
350000,53,1,1,36138,7619,0.1033,0
240000,56,2,1,133954,8500,0.5581,0
240000,51,0,0,489,4006,0.002,0
80000,57,1,1,0,2412,0.0,0
60000,59,0,0,694,694,0.0116,0
220000,53,2,1,220389,8490,1.0018,1
500000,54,0,0,260356,18609,0.5207,0
20000,24,0,1,15886,2500,0.7943,0
360000,27,3,3,245135,8000,0.6809,1
300000,53,0,0,5551,1110,0.0185,0
60000,38,0,0,57775,2000,0.9629,1
360000,30,3,6,2500,0,0.0069,1
50000,23,0,0,42284,1800,0.8457,0
130000,24,0,1,46113,5000,0.3547,0
50000,24,0,0,47734,1763,0.9547,0
150000,28,0,0,134218,4465,0.8948,0
30000,24,0,0,28327,1464,0.9442,0
350000,29,0,0,27916,2001,0.0798,0
50000,25,0,0,48517,5204,0.9703,0
20000,23,0,1,13284,1229,0.6642,0
20000,23,1,1,0,0,0.0,0
180000,26,0,0,-106,0,-0.0006,0
50000,26,1,1,0,0,0.0,0
150000,26,1,2,156387,0,1.0426,1
120000,27,0,0,117324,3500,0.9777,0
20000,27,0,0,7320,2000,0.366,1
60000,24,0,0,836,836,0.0139,0
80000,28,1,3,38151,2000,0.4769,1
50000,30,0,0,49631,3000,0.9926,0
50000,25,0,3,44477,2000,0.8895,0
30000,22,0,0,30465,1630,1.0155,0
20000,26,0,2,15481,3100,0.774,1
50000,27,0,0,0,0,0.0,0
150000,25,0,0,51568,3000,0.3438,0
50000,26,1,1,0,0,0.0,0
500000,28,0,0,59646,43018,0.1193,0
120000,27,0,1,75896,3900,0.6325,0
260000,27,0,0,256324,10000,0.9859,0
20000,23,2,3,7130,2455,0.3565,1
20000,24,1,2,20036,0,1.0018,0
200000,29,0,0,33188,11958,0.1659,0
80000,31,1,1,0,0,0.0,0
160000,28,0,0,0,0,0.0,0
200000,28,0,2,2006,0,0.01,0
90000,29,0,0,85769,3535,0.953,0
20000,41,1,2,9913,50,0.4956,0
120000,36,0,0,396,396,0.0033,0
490000,35,0,0,156021,8030,0.3184,0
290000,38,0,0,3137,8042,0.0108,0
160000,30,0,0,275241,8365,1.7203,0
220000,30,2,1,84630,5000,0.3847,0
290000,38,0,0,116625,5000,0.4022,0
360000,37,0,0,0,0,0.0,1
120000,40,2,6,58908,1000,0.4909,1
360000,30,0,0,194001,8000,0.5389,0
80000,33,0,0,390,390,0.0049,1
420000,37,0,0,3823,150298,0.0091,0
360000,39,0,0,12768,0,0.0355,0
230000,45,0,0,41414,2000,0.1801,0
50000,46,1,4,51814,2400,1.0363,1
60000,48,0,0,60924,2400,1.0154,0
200000,30,0,0,179273,6657,0.8964,0
480000,30,0,0,1309,668,0.0027,0
360000,32,0,0,33597,0,0.0933,0
100000,33,2,2,94257,0,0.9426,1
150000,37,0,0,22109,10943,0.1474,1
20000,39,0,0,19831,1300,0.9916,0
500000,45,0,0,2900,0,0.0058,0
180000,36,1,1,0,0,0.0,0
230000,29,0,0,50845,1768,0.2211,0
180000,43,0,0,5904,5739,0.0328,0
60000,29,1,1,0,0,0.0,1
200000,42,1,1,0,581,0.0,1
30000,28,0,1,38390,4200,1.2797,0
20000,31,0,1,4596,1161,0.2298,1
110000,41,0,0,80959,3486,0.736,0
80000,41,0,0,90894,4000,1.1362,1
160000,35,0,0,160303,8000,1.0019,0
20000,35,0,0,19600,1312,0.98,1
30000,30,1,6,4318,1000,0.1439,0
30000,48,0,0,29428,1402,0.9809,0
150000,34,1,6,52692,3000,0.3513,1
280000,31,0,0,235937,7000,0.8426,0
50000,33,1,2,51210,0,1.0242,0
50000,28,2,3,47237,4500,0.9447,1
280000,34,1,2,-2159,7936,-0.0077,0
200000,41,0,1,92272,6582,0.4614,0
210000,47,0,0,6460,3623,0.0308,1
360000,27,0,0,0,0,0.0,0
50000,29,1,4,47479,0,0.9496,0
90000,33,0,0,60881,5000,0.6765,0
270000,35,0,0,48465,1737,0.1795,0
50000,44,0,0,1261,1261,0.0252,0
80000,43,0,0,70479,3300,0.881,0
160000,38,0,0,25003,2000,0.1563,0
200000,36,0,0,75,3707,0.0004,0
30000,37,2,6,19177,1500,0.6392,1
260000,32,0,0,170276,6200,0.6549,1
520000,34,0,0,10000,10000,0.0192,0
140000,37,0,0,13806,1003,0.0986,1
20000,34,0,0,18351,1304,0.9176,1
50000,41,2,4,20186,2700,0.4037,1
50000,31,0,0,8673,5011,0.1735,0
170000,42,0,0,191865,7080,1.1286,0
180000,32,0,0,45469,5000,0.2526,0
360000,35,0,2,0,0,0.0,0
220000,39,1,2,4949,0,0.0225,0
500000,48,0,0,107595,5000,0.2152,0
80000,36,0,2,79673,7100,0.9959,0
150000,40,0,0,154432,4000,1.0295,0
140000,47,0,1,292,500,0.0021,1
190000,39,0,0,146224,5500,0.7696,0
200000,32,0,0,270160,11000,1.3508,0
260000,33,0,0,93767,3014,0.3606,0
210000,30,0,0,137825,5346,0.6563,0
240000,38,2,2,7123,836,0.0297,1
140000,39,1,1,0,0,0.0,1
200000,34,0,0,7468,5048,0.0373,0
200000,35,0,0,27784,10000,0.1389,0
500000,41,0,0,1296,0,0.0026,0
50000,39,2,6,31476,0,0.6295,1
130000,38,1,1,-470,0,-0.0036,0
230000,31,0,0,100074,9000,0.4351,0
260000,34,0,0,916,2615,0.0035,0
260000,46,0,0,57963,247562,0.2229,0
160000,30,0,0,750,400,0.0047,0
250000,40,1,2,65087,0,0.2603,1
180000,30,1,1,0,0,0.0,0
20000,32,2,2,12720,1250,0.636,1
270000,37,2,1,160069,6000,0.5928,1
280000,47,0,0,3587,3200,0.0128,0
30000,30,0,0,7038,1291,0.2346,0
450000,36,0,0,8012,4021,0.0178,1
360000,33,0,0,21936,14000,0.0609,0
20000,36,2,3,18458,1450,0.9229,0
200000,40,0,0,316,316,0.0016,1
500000,46,0,0,16347,17029,0.0327,0
200000,42,0,0,-6028,20405,-0.0301,0
450000,39,0,0,28499,1214,0.0633,0
20000,37,2,3,3254,2000,0.1627,1
500000,42,0,0,9894,1500,0.0198,0
260000,31,0,0,102350,4033,0.3937,0
60000,38,2,4,46389,4200,0.7732,1
10000,37,0,0,8487,2008,0.8487,0
240000,34,0,0,133272,6000,0.5553,0
480000,43,0,0,377420,20000,0.7863,0
520000,38,0,0,98615,5102,0.1896,0
20000,42,2,1,20745,1373,1.0372,1
180000,33,0,1,3060,1000,0.017,0
290000,43,0,1,172,1930,0.0006,0
50000,40,0,0,43530,2000,0.8706,1
500000,39,0,0,297309,10322,0.5946,0
100000,40,0,0,95600,15037,0.956,0
300000,39,0,0,20938,21169,0.0698,0
130000,40,2,6,62177,0,0.4783,0
500000,50,0,0,2112,6031,0.0042,0
220000,55,0,0,757,757,0.0034,0
260000,63,0,1,261326,9166,1.0051,0
50000,51,0,0,40197,2044,0.8039,1
110000,55,0,1,51716,65668,0.4701,1
350000,49,0,0,27506,4213,0.0786,0
180000,48,0,0,1294,1294,0.0072,0
120000,50,0,1,118506,4500,0.9876,0
460000,51,0,0,326,831,0.0007,1
250000,52,2,4,29860,0,0.1194,1
50000,58,0,0,60524,2200,1.2105,0
350000,56,0,0,257463,10023,0.7356,0
20000,52,0,2,16049,4519,0.8024,1
290000,49,0,0,4040,5457,0.0139,0
500000,50,2,6,70144,6500,0.1403,1
240000,57,0,0,224041,18800,0.9335,0
50000,52,0,0,45840,8000,0.9168,0
180000,50,0,0,62782,5000,0.3488,0
500000,52,0,0,30561,38219,0.0611,0
110000,51,0,0,110950,2500,1.0086,0
500000,53,0,0,-12,1282,-0.0,0
30000,53,0,0,29557,1427,0.9852,0
600000,53,2,3,458652,17000,0.7644,1
80000,60,0,0,49246,5000,0.6156,0
270000,61,0,0,15194,2000,0.0563,0
30000,56,0,0,32758,1521,1.0919,0
20000,22,1,4,9498,0,0.4749,1
20000,23,2,1,19175,1575,0.9588,0
90000,56,2,3,48900,2000,0.5433,1
160000,59,0,0,1443,1443,0.009,0
90000,23,0,0,87727,3160,0.9747,0
60000,24,1,3,0,948,0.0,1
20000,24,0,0,12509,0,0.6254,0
120000,25,0,0,827,827,0.0069,0
20000,27,0,0,19667,0,0.9834,0
130000,28,0,0,120208,5500,0.9247,1
90000,27,0,0,18525,10105,0.2058,0
430000,27,0,0,389,390,0.0009,0
360000,27,0,0,0,0,0.0,0
10000,22,0,0,9791,1275,0.9791,0
210000,25,0,0,648,39637,0.0031,0
120000,30,0,0,757,757,0.0063,0
120000,30,0,0,121038,4700,1.0086,0
100000,30,2,4,92162,3800,0.9216,0
60000,28,2,2,5669,2000,0.0945,1
20000,25,0,0,0,0,0.0,0
200000,26,0,0,0,0,0.0,0
90000,26,0,0,3268,6745,0.0363,1
220000,28,0,0,53342,5000,0.2425,0
180000,40,0,0,22523,2045,0.1251,0
320000,31,0,0,77052,3000,0.2408,0
280000,29,0,0,7545,2709,0.0269,0
130000,30,0,1,396,792,0.003,0
280000,30,1,1,0,230,0.0,1
50000,30,0,0,86750,4000,1.735,0
200000,33,0,2,10111,0,0.0506,0
320000,33,0,0,2722,11040,0.0085,0
90000,37,0,2,2330,0,0.0259,0
180000,34,2,1,314,8000,0.0017,0
140000,35,0,0,62244,2000,0.4446,0
330000,36,0,0,43943,5019,0.1332,0
90000,25,1,2,0,840,0.0,1
180000,27,0,0,53490,1952,0.2972,0
200000,38,0,0,5625,12125,0.0281,0
270000,38,0,0,2974,1071,0.011,0
60000,23,0,0,51275,2000,0.8546,0
80000,26,0,0,24986,2000,0.3123,0
250000,29,2,1,1381,1381,0.0055,1
270000,32,2,1,276339,11000,1.0235,0
170000,40,0,0,15442,2000,0.0908,0
250000,36,0,0,253627,10153,1.0145,0
360000,38,0,0,994,0,0.0028,0
310000,34,0,0,86769,2800,0.2799,0
200000,39,1,1,0,21801,0.0,0
130000,42,1,1,0,0,0.0,0
310000,49,0,0,52439,2042,0.1692,0
200000,34,0,0,19252,1000,0.0963,0
190000,35,0,0,187777,8300,0.9883,0
210000,36,0,0,26656,2641,0.1269,0
100000,36,0,0,5788,1600,0.0579,0
90000,39,1,4,90880,0,1.0098,0
290000,41,0,0,268498,10000,0.9259,0
200000,42,0,0,8050,0,0.0402,0
120000,40,0,0,326,326,0.0027,0
130000,37,0,1,41200,2019,0.3169,1
150000,46,0,0,38985,10107,0.2599,0
220000,37,0,0,14298,101405,0.065,0
200000,37,0,0,97645,3952,0.4882,0
120000,37,0,0,3140,448,0.0262,0
200000,37,1,1,-1,298,-0.0,0
100000,41,0,0,1594,4612,0.0159,0
130000,43,0,0,109464,3835,0.842,0
10000,55,1,2,9193,0,0.9193,1
150000,45,0,0,135260,12000,0.9017,0
60000,42,0,0,29243,3032,0.4874,0
130000,27,1,2,133019,6000,1.0232,0
50000,22,0,0,45192,5000,0.9038,0
410000,27,0,0,7189,16090,0.0175,0
210000,29,0,0,0,0,0.0,0
140000,30,0,0,1288,0,0.0092,0
80000,31,2,2,28175,30000,0.3522,1
30000,31,1,6,10916,1500,0.3639,1
200000,32,0,2,760,0,0.0038,0
550000,31,1,3,17516,0,0.0318,0
80000,24,1,3,-1461,0,-0.0183,1
50000,25,0,0,49357,2100,0.9871,0
30000,26,1,3,24599,1700,0.82,0
100000,26,0,0,2724,45000,0.0272,0
70000,27,0,0,2219,0,0.0317,0
220000,32,0,0,13596,34661,0.0618,0
30000,25,1,3,0,1170,0.0,1
250000,28,0,0,22303,51762,0.0892,0
20000,28,1,3,18953,18,0.9476,0
210000,29,0,0,118905,5000,0.5662,0
360000,29,1,1,0,0,0.0,0
170000,29,0,0,23070,164000,0.1357,0
10000,29,0,0,9363,1000,0.9363,0
280000,30,0,0,31272,10000,0.1117,1
30000,22,0,0,4921,1500,0.164,1
20000,24,0,1,15110,2000,0.7555,0
10000,26,0,0,6376,1121,0.6376,1
80000,26,0,0,350,0,0.0044,0
360000,29,0,0,109997,100000,0.3055,0
250000,31,1,1,-160,0,-0.0006,0
170000,33,0,0,2754,2754,0.0162,0
80000,33,0,0,73983,3300,0.9248,1
130000,33,0,0,39251,2500,0.3019,0
260000,34,0,0,32324,1503,0.1243,0
20000,31,1,4,21676,0,1.0838,0
400000,32,2,2,187698,7000,0.4692,1
220000,33,0,0,586,0,0.0027,0
180000,27,0,0,172511,8008,0.9584,0
10000,29,0,0,9893,1125,0.9893,0
500000,53,0,1,17362,16666,0.0347,0
50000,35,0,0,47816,3000,0.9563,0
180000,36,0,0,15315,0,0.0851,0
370000,39,1,3,3633,0,0.0098,0
360000,37,0,0,68438,4000,0.1901,0
230000,41,0,0,33842,2000,0.1471,0
270000,45,1,1,0,278,0.0,0
150000,35,0,0,5819,809,0.0388,0
170000,37,0,0,0,0,0.0,0
10000,41,0,0,3311,7244,0.3311,0
210000,47,0,0,8417,15271,0.0401,0
270000,39,0,0,10648,0,0.0394,0
50000,44,0,0,15735,1500,0.3147,0
250000,34,0,0,6461,8117,0.0258,0
50000,35,2,1,50481,3183,1.0096,1
280000,35,0,0,202260,4000,0.7224,0
210000,35,0,0,5811,0,0.0277,0
360000,45,1,1,0,709,0.0,0
250000,44,0,0,254933,8754,1.0197,0
170000,40,0,0,69072,100467,0.4063,0
140000,38,0,1,137611,6010,0.9829,0
30000,21,0,0,28409,2000,0.947,0
20000,22,2,2,14414,1554,0.7207,1
50000,22,0,0,50784,2300,1.0157,0
50000,21,0,0,36809,5143,0.7362,0
60000,22,0,0,60330,2500,1.0055,1
170000,51,0,0,316,316,0.0019,0
220000,42,0,0,2358,156,0.0107,0
50000,30,1,2,27369,0,0.5474,0
20000,23,0,0,19242,1500,0.9621,0
20000,38,0,0,19520,1623,0.976,0
50000,30,1,2,49310,0,0.9862,1
160000,27,0,0,146643,6645,0.9165,0
400000,27,0,0,20030,3513,0.0501,0
140000,27,0,0,134936,6700,0.9638,0
80000,27,0,0,993,1528,0.0124,0
140000,27,2,4,137582,12100,0.9827,0
340000,27,0,0,307650,0,0.9049,0
70000,26,0,0,7053,3000,0.1008,0
130000,26,0,0,0,365,0.0,0
30000,22,1,2,41867,0,1.3956,1
90000,23,0,0,23362,9025,0.2596,0
30000,23,1,2,28108,0,0.9369,0
100000,22,1,2,96491,0,0.9649,0
20000,23,1,3,15988,794,0.7994,0
30000,24,0,1,736,1472,0.0245,0
90000,23,0,1,60374,3000,0.6708,0
20000,23,2,1,17476,2000,0.8738,1
30000,22,3,4,200,0,0.0067,0
80000,22,0,0,6518,65145,0.0815,0
200000,25,0,0,7930,1343,0.0396,0
60000,23,0,0,60465,3000,1.0078,0
60000,22,0,2,60434,2141,1.0072,0
80000,22,2,5,79026,4400,0.9878,1
20000,22,2,1,14033,1500,0.7016,1
130000,22,2,4,29929,3412,0.2302,0
20000,22,2,4,6655,3200,0.3328,1
50000,23,0,0,1980,269,0.0396,0
60000,23,2,3,58032,4800,0.9672,1
100000,23,2,6,90680,5000,0.9068,0
70000,24,0,0,5633,1114,0.0805,0
30000,22,3,6,9340,1500,0.3113,1
10000,22,1,4,6251,500,0.6251,0
10000,23,0,1,5403,1300,0.5403,0
50000,23,0,0,35158,1544,0.7032,1
30000,24,0,0,0,0,0.0,0
30000,24,0,0,26581,1500,0.886,1
100000,24,0,1,54938,1985,0.5494,0
30000,24,2,4,31073,0,1.0358,1
90000,24,0,0,15985,4000,0.1776,0
140000,24,2,6,50643,2400,0.3617,1
50000,24,0,0,25207,1000,0.5041,0
70000,24,0,0,64927,2177,0.9275,0
10000,25,1,4,8599,1400,0.8599,1
20000,24,2,6,12764,0,0.6382,1
100000,44,0,0,12566,3061,0.1257,0
130000,27,0,0,116186,5500,0.8937,0
130000,24,0,0,12163,10095,0.0936,0
80000,23,0,0,77894,2850,0.9737,0
50000,23,0,1,48409,1605,0.9682,0
50000,23,2,4,50668,0,1.0134,1
150000,24,0,0,1473,1473,0.0098,0
50000,24,0,0,40901,1600,0.818,0
70000,26,0,0,105338,3600,1.5048,0
30000,26,2,6,30372,1805,1.0124,1
390000,25,0,0,21382,4000,0.0548,0
80000,25,0,0,36808,2000,0.4601,0
70000,26,0,0,41614,3000,0.5945,0
30000,23,0,1,10550,1300,0.3517,1
60000,23,0,0,45995,2400,0.7666,0
20000,24,0,0,13506,1500,0.6753,0
70000,25,0,2,73939,3000,1.0563,1
200000,25,0,0,195520,7080,0.9776,0
50000,23,0,0,48227,2000,0.9645,0
50000,27,1,2,52180,0,1.0436,0
20000,23,0,1,13858,1500,0.6929,0
50000,23,1,2,34443,0,0.6889,0
90000,24,0,0,35411,10000,0.3935,0
100000,24,2,1,177646,7900,1.7765,0
70000,24,0,0,61094,3000,0.8728,0
90000,24,0,0,87711,3248,0.9746,0
30000,23,0,1,27552,3605,0.9184,0
100000,27,0,0,81152,3000,0.8115,0
280000,25,0,0,196909,6285,0.7032,0
100000,28,1,4,101080,0,1.0108,0
140000,28,0,0,62204,7028,0.4443,0
10000,27,2,2,6100,1281,0.61,1
50000,28,0,0,48198,2195,0.964,0
120000,28,0,0,2750,0,0.0229,0
20000,27,0,0,10489,1222,0.5244,1
30000,27,0,1,390,780,0.013,0
130000,26,1,1,0,0,0.0,0
150000,27,0,0,5200,1689,0.0347,0
180000,27,0,0,114556,5000,0.6364,0
400000,26,0,0,74465,3600,0.1862,0
300000,27,1,1,-2,874,-0.0,0
30000,27,2,1,23575,1400,0.7858,0
130000,27,0,0,0,0,0.0,0
20000,26,0,1,15271,2000,0.7635,1
50000,27,2,1,50151,1724,1.003,0
80000,27,1,5,4073,0,0.0509,0
20000,26,0,0,16932,1596,0.8466,0
50000,27,2,5,48407,2100,0.9681,1
80000,26,0,0,80919,3000,1.0115,0
340000,26,0,0,4617,13054,0.0136,0
30000,27,0,0,29083,1500,0.9694,0
120000,27,0,0,57449,1743,0.4787,0
50000,27,1,3,4040,0,0.0808,1
50000,27,0,0,33944,1513,0.6789,0
500000,28,0,0,27250,20000,0.0545,0
360000,27,2,2,2500,0,0.0069,1
60000,27,1,2,0,3366,0.0,0
50000,27,0,0,50686,1779,1.0137,0
130000,27,0,0,15700,250,0.1208,0
360000,29,0,0,58653,5886,0.1629,0
160000,27,1,2,156506,7000,0.9782,0
360000,27,0,0,5146,15381,0.0143,0
210000,28,0,0,2316,2316,0.011,0
230000,28,2,4,183197,6724,0.7965,1
70000,27,2,3,34263,4000,0.4895,1
50000,25,0,0,2126,1513,0.0425,0
80000,25,0,0,2177,2000,0.0272,0
100000,26,0,0,1734,6649,0.0173,1
200000,28,0,0,197142,9197,0.9857,0
70000,28,0,0,68462,3100,0.978,0
110000,28,0,1,109474,11602,0.9952,0
50000,28,1,6,51943,0,1.0389,1
50000,28,1,2,43810,1500,0.8762,0
70000,27,0,2,25105,3500,0.3586,0
60000,27,3,6,56670,2100,0.9445,1
130000,27,0,0,76885,3500,0.5914,0
150000,25,2,6,114074,5600,0.7605,1
30000,27,0,3,17845,3384,0.5948,0
200000,26,0,0,12557,1084,0.0628,0
50000,29,0,0,48712,2128,0.9742,0
260000,29,1,1,0,18488,0.0,0
360000,29,0,0,8805,5001,0.0245,0
30000,29,2,3,13519,3211,0.4506,1
100000,29,0,3,73742,2700,0.7374,1
80000,29,0,2,52533,5120,0.6567,0
30000,29,0,1,27030,2379,0.901,0
400000,28,0,1,1026,9066,0.0026,0
240000,29,0,2,3126,626,0.013,0
110000,30,2,5,124206,4000,1.1291,1
220000,28,0,0,57739,2000,0.2624,0
200000,28,0,0,105051,32000,0.5253,0
360000,28,0,0,264971,9043,0.736,0
30000,28,2,6,19334,1500,0.6445,0
110000,28,0,0,107649,3500,0.9786,0
80000,29,0,0,33947,4000,0.4243,0
50000,35,0,0,13517,1550,0.2703,0
100000,22,1,2,74001,0,0.74,1
50000,23,0,0,26871,1500,0.5374,0
350000,28,0,0,0,0,0.0,1
80000,28,0,0,63900,3000,0.7988,1
90000,29,0,0,45343,2967,0.5038,0
120000,27,0,0,110994,1471,0.925,0
50000,25,0,0,3624,1100,0.0725,0
50000,23,0,0,19455,1500,0.3891,0
90000,24,0,1,10648,1500,0.1183,0
70000,25,0,0,32486,2000,0.4641,0
10000,31,3,2,10243,0,1.0243,0
130000,29,0,1,867,1200,0.0067,0
360000,27,0,0,130640,4500,0.3629,0
80000,35,0,4,63706,5660,0.7963,0
70000,27,0,1,47938,2500,0.6848,0
30000,22,2,2,29188,0,0.9729,1
80000,24,0,0,68250,3000,0.8531,0
80000,24,0,0,1138,804,0.0142,0
150000,29,0,2,110018,2400,0.7335,0
260000,29,0,0,193000,5072,0.7423,0
20000,29,0,3,14757,2000,0.7378,0
20000,25,0,0,7561,1144,0.378,1
200000,27,1,2,18354,0,0.0918,0
110000,25,0,5,96343,0,0.8758,1
160000,24,0,0,2990,8619,0.0187,0
20000,24,0,0,17191,2000,0.8596,0
110000,26,0,0,63376,5000,0.5761,0
200000,30,0,4,182967,15349,0.9148,1
50000,29,2,1,48259,1726,0.9652,1
340000,30,0,0,257884,13000,0.7585,0
220000,30,0,0,6391,2402,0.029,0
180000,30,0,0,148860,6500,0.827,0
110000,32,3,2,109655,3500,0.9969,0
50000,32,0,0,49330,2150,0.9866,0
50000,28,1,6,40527,2500,0.8105,0
240000,29,0,0,17486,5005,0.0729,0
200000,29,0,0,56555,0,0.2828,0
90000,29,0,0,91116,3500,1.0124,0
20000,29,0,0,3138,1030,0.1569,1
300000,30,0,0,0,0,0.0,1
290000,30,0,1,4479,15499,0.0154,0
20000,30,0,0,18354,1225,0.9177,1
200000,31,0,0,101431,5000,0.5072,0
130000,31,0,0,128319,6300,0.9871,0
10000,27,2,1,6694,1124,0.6694,0
210000,28,0,0,74235,4000,0.3535,0
130000,28,0,0,115303,4157,0.8869,0
80000,29,2,4,82074,0,1.0259,1
410000,37,0,0,54326,5000,0.1325,0
60000,31,0,4,37549,4000,0.6258,1
30000,31,0,0,0,0,0.0,0
320000,32,0,0,101121,5800,0.316,0
80000,32,0,0,8592,4000,0.1074,0
210000,32,0,0,189307,8438,0.9015,0
60000,32,2,6,20524,1700,0.3421,1
310000,29,0,0,13158,1062,0.0424,0
130000,25,0,0,51734,77817,0.398,0
60000,26,0,0,58117,2400,0.9686,0
30000,29,0,0,25167,1414,0.8389,0
150000,25,0,0,1344,1041,0.009,0
30000,25,2,6,28766,0,0.9589,1
130000,42,0,0,49363,5026,0.3797,0
50000,26,1,6,18253,2900,0.3651,0
170000,27,0,0,80848,8000,0.4756,0
30000,32,1,4,27807,0,0.9269,1
250000,32,0,0,860,860,0.0034,0
110000,32,3,2,108087,0,0.9826,0
160000,29,0,0,14023,1450,0.0876,0
340000,33,0,2,63201,8100,0.1859,0
100000,36,0,0,102505,3830,1.025,0
230000,28,0,0,64992,2500,0.2826,0
200000,31,0,0,0,0,0.0,0
30000,30,3,6,2400,0,0.08,1
120000,30,0,0,110612,5555,0.9218,0
120000,28,0,0,67087,2400,0.5591,0
50000,31,1,3,50701,0,1.014,1
20000,31,0,0,5556,1028,0.2778,0
500000,30,0,0,98618,25464,0.1972,0
100000,31,1,1,0,0,0.0,0
50000,38,2,3,21534,1400,0.4307,1
210000,30,0,0,7264,2000,0.0346,0
50000,30,0,0,50425,2400,1.0085,0
200000,29,2,4,128649,6000,0.6432,1
150000,27,0,0,1745,3384,0.0116,0
50000,34,2,3,62643,2151,1.2529,1
300000,30,0,0,217329,8000,0.7244,0
120000,31,0,0,316,316,0.0026,0
190000,36,0,0,187972,8197,0.9893,0
70000,35,0,0,68445,3001,0.9778,0
50000,39,2,4,78874,4725,1.5775,1
50000,38,0,1,31426,1655,0.6285,0
80000,38,0,1,82391,2925,1.0299,0
30000,35,0,0,25952,1440,0.8651,1
140000,41,0,1,41814,2500,0.2987,0
20000,49,1,4,18769,3186,0.9384,1
30000,38,0,0,6061,1007,0.202,1
260000,44,0,0,148803,5100,0.5723,0
30000,48,0,3,25265,2000,0.8422,1
50000,41,1,2,49487,0,0.9897,1
50000,35,0,0,16053,2000,0.3211,0
60000,35,1,3,10722,0,0.1787,1
50000,48,1,2,18704,0,0.3741,1
80000,38,0,0,72704,3133,0.9088,0
80000,41,0,1,79958,3452,0.9995,1
100000,40,0,0,49328,2038,0.4933,0
30000,37,1,4,28361,0,0.9454,0
30000,49,0,2,23705,1386,0.7902,0
30000,46,0,1,9847,1181,0.3282,0
50000,31,2,4,13815,0,0.2763,1
240000,48,0,0,234312,9454,0.9763,1
30000,44,1,1,0,0,0.0,0
240000,35,0,0,15750,1005,0.0656,0
50000,31,2,6,28947,1900,0.5789,1
70000,23,0,0,7531,1145,0.1076,1
80000,28,0,0,72561,2300,0.907,0
120000,30,0,2,98546,5600,0.8212,0
100000,32,0,4,32200,5884,0.322,0
50000,44,0,0,49644,0,0.9929,0
320000,39,0,0,42442,3336,0.1326,0
220000,36,0,0,215979,7800,0.9817,0
140000,33,0,0,87713,5000,0.6265,0
140000,37,0,0,136431,4849,0.9745,1
50000,24,0,2,0,0,0.0,0
60000,25,0,1,538,0,0.009,1
90000,47,0,0,81902,3274,0.91,0
20000,44,3,6,2400,0,0.12,1
130000,29,0,1,34529,19000,0.2656,0
80000,34,1,4,84720,3808,1.059,1
230000,37,0,0,126251,4500,0.5489,0
180000,29,0,0,25781,1800,0.1432,0
20000,34,0,0,17489,3077,0.8744,0
210000,34,0,1,4141,1283,0.0197,0
70000,22,2,4,69242,3500,0.9892,0
50000,22,0,0,15787,2250,0.3157,0
140000,30,0,1,106526,4000,0.7609,0
100000,32,0,0,29987,2007,0.2999,0
80000,37,0,0,5583,3946,0.0698,0
300000,36,1,1,0,0,0.0,0
200000,26,0,0,0,0,0.0,0
100000,29,0,0,600,600,0.006,0
50000,45,0,0,49375,1721,0.9875,0
140000,47,6,5,151790,0,1.0842,0
50000,28,0,0,43206,2100,0.8641,0
500000,28,0,0,229258,10042,0.4585,0
360000,31,0,0,3000,2668,0.0083,0
240000,34,1,1,-10,0,-0.0,0
200000,35,0,1,316,734,0.0016,0
280000,35,0,0,281424,9604,1.0051,0
330000,36,1,1,0,0,0.0,0
100000,32,0,0,79158,23591,0.7916,0
30000,35,1,4,10211,0,0.3404,1
130000,37,2,1,129677,5940,0.9975,1
30000,41,1,2,25562,0,0.8521,0
50000,43,1,3,17962,1400,0.3592,1
80000,39,1,4,0,174,0.0,1
570000,30,0,0,323085,50468,0.5668,0
20000,32,1,4,17044,0,0.8522,0
90000,35,0,0,30646,1500,0.3405,0
150000,43,0,2,142811,6000,0.9521,1
110000,41,0,0,182235,6071,1.6567,0
170000,37,1,2,33039,3,0.1943,0
90000,26,0,0,61982,2000,0.6887,0
110000,26,0,0,45028,2000,0.4093,0
20000,28,0,2,2120,0,0.106,0
200000,31,3,6,5000,0,0.025,1
50000,34,0,0,51012,2000,1.0202,0
50000,45,0,0,22352,1324,0.447,0
30000,46,0,1,2572,8848,0.0857,0
50000,46,0,0,65,0,0.0013,1
80000,26,0,2,6808,2000,0.0851,0
160000,26,0,0,157453,5937,0.9841,0
10000,40,0,0,-4,0,-0.0004,1
20000,26,1,3,19725,1293,0.9862,0
70000,34,0,0,40498,1668,0.5785,0
110000,37,2,1,67930,2293,0.6175,0
150000,45,0,0,16611,18552,0.1107,0
500000,39,0,0,418958,39432,0.8379,0
30000,48,2,5,28695,1900,0.9565,1
160000,46,0,0,24904,2343,0.1556,0
300000,36,0,0,77765,1443,0.2592,0
200000,46,0,0,154875,5216,0.7744,0
50000,35,0,0,2628,1000,0.0526,0
80000,29,0,0,60857,2000,0.7607,0
140000,29,0,1,122662,6504,0.8762,0
60000,32,0,0,63354,3000,1.0559,1
50000,47,0,4,25347,4881,0.5069,0
30000,39,0,0,29758,1500,0.9919,0
80000,45,0,0,28775,1442,0.3597,0
50000,43,1,2,50738,4,1.0148,0
90000,39,0,1,2489,0,0.0277,0
120000,46,0,0,80324,3458,0.6694,0
50000,39,3,3,52714,0,1.0543,1
80000,31,0,2,75953,7000,0.9494,0
160000,31,0,0,3089,0,0.0193,0
140000,33,0,0,316,316,0.0023,0
50000,33,0,0,33441,2659,0.6688,0
50000,35,0,0,40506,5000,0.8101,0
50000,40,0,0,19824,15000,0.3965,0
360000,47,0,0,410,3620,0.0011,0
120000,38,0,1,50721,1667,0.4227,0
160000,38,2,4,113336,6000,0.7084,1
100000,42,0,0,8166,1140,0.0817,0
110000,46,0,1,105851,5604,0.9623,0
300000,30,0,0,0,0,0.0,1
110000,31,0,0,98006,4300,0.891,0
220000,31,0,0,67722,7500,0.3078,0
100000,31,0,0,71171,1746,0.7117,0
50000,28,2,2,16639,14,0.3328,0
140000,28,1,4,5420,2000,0.0387,0
50000,43,0,0,7965,12724,0.1593,0
30000,28,0,0,16162,2000,0.5387,1
170000,30,0,0,92626,5000,0.5449,0
260000,32,0,0,1249,0,0.0048,1
290000,33,0,0,2369,1298,0.0082,1
80000,37,2,1,52052,2000,0.6506,1
160000,35,2,1,776,776,0.0048,0
100000,40,2,3,97229,0,0.9723,1
40000,37,2,5,25561,1500,0.639,1
290000,35,0,0,190453,8100,0.6567,0
160000,42,1,3,152699,4462,0.9544,1
140000,36,1,4,59379,5200,0.4241,0
80000,45,1,1,-1600,83750,-0.02,0
30000,42,1,6,16484,1800,0.5495,1
70000,46,2,6,24036,1700,0.3434,1
30000,29,0,0,419,1173,0.014,1
50000,30,0,0,34811,2000,0.6962,1
570000,32,0,0,47758,3000,0.0838,0
200000,33,0,0,92707,3112,0.4635,0
10000,37,0,5,3305,0,0.3305,0
60000,48,0,0,58653,2500,0.9776,1
220000,46,0,2,86957,4000,0.3953,1
60000,42,0,0,60902,2350,1.015,1
280000,42,2,1,185147,5000,0.6612,1
10000,31,0,0,10468,1160,1.0468,0
200000,31,0,0,191807,8500,0.959,0
200000,33,0,0,103876,2034,0.5194,1
220000,37,0,0,81191,3000,0.369,0
370000,45,0,1,155124,10000,0.4193,0
100000,36,0,0,25945,4021,0.2594,0
290000,45,0,0,145023,6000,0.5001,0
20000,43,1,1,0,0,0.0,1
200000,36,0,0,199278,7279,0.9964,1
110000,33,0,0,35370,11000,0.3215,0
80000,41,0,1,78032,2130,0.9754,0
100000,36,0,0,100050,4500,1.0005,0
50000,39,0,0,41598,1825,0.832,0
20000,30,1,4,17836,0,0.8918,1
300000,33,0,0,13713,15003,0.0457,0
160000,41,0,0,71900,0,0.4494,0
80000,40,2,1,16413,2160,0.2052,1
30000,34,2,3,16944,0,0.5648,1
30000,37,2,4,8229,3000,0.2743,0
60000,36,0,0,60333,2100,1.0056,0
200000,32,0,0,24429,1500,0.1221,1
50000,41,0,0,23064,1281,0.4613,0
50000,45,0,0,10723,1000,0.2145,0
270000,42,1,1,-330,0,-0.0012,0
30000,40,2,1,27783,1748,0.9261,1
60000,41,0,0,34632,1600,0.5772,1
60000,28,1,2,0,1672,0.0,1
50000,39,0,0,50465,4000,1.0093,1
220000,37,1,5,194640,0,0.8847,0
50000,36,0,2,51741,300,1.0348,1
30000,33,0,2,22463,3278,0.7488,1
280000,33,0,0,28928,1634,0.1033,0
120000,35,0,4,2415,9886,0.0201,0
120000,39,1,6,69830,0,0.5819,0
70000,41,0,0,23546,1573,0.3364,0
550000,39,0,0,67886,3688,0.1234,0
220000,36,0,0,124418,6300,0.5655,0
340000,45,0,0,3253,15886,0.0096,0
110000,32,0,0,9943,9284,0.0904,0
140000,34,0,0,131138,6300,0.9367,0
360000,41,0,0,352538,14152,0.9793,1
290000,30,0,0,1459,1078,0.005,0
200000,48,0,3,26465,1000,0.1323,0
60000,38,0,0,21261,2522,0.3544,0
40000,43,0,0,1858,220,0.0464,0
120000,29,0,1,9102,2000,0.0758,0
80000,38,2,2,62622,3208,0.7828,1
300000,43,0,0,0,0,0.0,1
20000,25,0,0,3454,6885,0.1727,1
30000,46,2,5,34713,2000,1.1571,1
180000,30,0,0,174869,8328,0.9715,0
110000,39,0,0,111533,5500,1.0139,0
250000,40,0,0,121558,6500,0.4862,0
140000,32,0,0,137647,5004,0.9832,0
80000,29,2,2,76362,3392,0.9545,1
20000,32,0,1,18539,1400,0.927,0
50000,47,0,0,11961,2500,0.2392,0
90000,40,0,0,14028,3090,0.1559,0
20000,33,0,0,17287,1572,0.8644,0
150000,34,0,0,121764,35837,0.8118,0
150000,34,0,0,3099,3102,0.0207,0
50000,41,0,0,3048,1074,0.061,1
90000,47,0,0,932,319,0.0104,0
350000,40,0,0,26774,22181,0.0765,0
30000,38,0,1,22070,1676,0.7357,0
150000,28,1,1,0,0,0.0,0
190000,29,0,0,189417,3318,0.9969,1
340000,36,0,0,3058,1087,0.009,0
50000,47,0,0,49571,2000,0.9914,0
50000,29,2,6,30715,0,0.6143,1
280000,30,0,0,0,0,0.0,0
230000,31,0,0,903,1711,0.0039,1
400000,31,0,0,72551,8657,0.1814,0
190000,37,0,0,752,1302,0.004,1
170000,31,0,0,18038,10047,0.1061,0
150000,30,1,1,0,0,0.0,1
140000,32,0,1,97528,3562,0.6966,1
110000,23,0,0,37857,2000,0.3442,0
260000,31,0,0,16083,759,0.0619,0
30000,37,2,1,25037,2000,0.8346,0
130000,42,2,2,95564,0,0.7351,1
190000,37,0,0,44098,164582,0.2321,0
10000,36,1,2,7081,0,0.7081,1
30000,42,2,1,5288,1117,0.1763,1
300000,45,0,0,122838,10039,0.4095,0
200000,40,0,0,9798,14499,0.049,0
130000,36,0,0,140479,5000,1.0806,0
400000,35,0,0,1432,8132,0.0036,1
220000,32,0,0,93682,4337,0.4258,0
100000,34,1,1,0,0,0.0,0
80000,38,0,0,29249,1800,0.3656,0
50000,34,0,0,60170,3000,1.2034,0
200000,34,1,1,0,0,0.0,0
400000,43,0,0,398711,17000,0.9968,0
50000,48,0,0,47295,4000,0.9459,0
140000,37,0,0,4637,1141,0.0331,0
10000,49,0,0,8671,1265,0.8671,0
80000,41,0,0,3482,1000,0.0435,0
220000,38,0,0,136269,4967,0.6194,0
80000,45,0,0,78083,3045,0.976,0
360000,35,0,0,94657,45000,0.2629,1
20000,46,2,4,16371,1289,0.8186,1
20000,46,0,0,10640,1185,0.532,0
20000,34,1,5,19381,1600,0.969,0
70000,38,0,0,50416,1835,0.7202,0
210000,33,0,0,29672,2100,0.1413,0
240000,32,0,0,153104,4500,0.6379,0
50000,34,0,0,24636,1500,0.4927,0
50000,31,0,0,17019,2591,0.3404,0
230000,38,0,0,0,0,0.0,0
120000,45,0,1,90041,3079,0.7503,0
180000,44,0,1,7668,2489,0.0426,1
290000,38,0,0,3613,14718,0.0125,0
160000,47,0,0,151400,6960,0.9462,0
80000,43,2,6,66852,3000,0.8356,1
50000,31,2,4,28133,1800,0.5627,1
20000,33,1,1,0,0,0.0,1
50000,34,0,0,33436,2005,0.6687,1
80000,34,2,5,63619,2500,0.7952,1
30000,43,1,2,32577,0,1.0859,0
10000,37,3,3,7621,0,0.7621,1
200000,41,0,0,15094,1727,0.0755,0
50000,33,0,0,49450,1743,0.989,0
480000,34,0,0,489305,18231,1.0194,1
260000,46,0,0,28700,15000,0.1104,0
200000,34,0,0,129554,5600,0.6478,0
210000,40,1,1,0,0,0.0,0
70000,41,2,6,50460,3000,0.7209,1
50000,43,2,3,49072,4000,0.9814,0
20000,45,2,2,13696,2000,0.6848,1
80000,35,0,0,390,0,0.0049,0
200000,37,0,0,10701,4251,0.0535,0
210000,38,0,0,29504,0,0.1405,0
210000,35,0,0,79662,3000,0.3793,0
360000,35,0,0,3555,2570,0.0099,0
80000,56,0,2,57730,8198,0.7216,1
50000,43,0,0,3238,1500,0.0648,0
20000,40,0,0,3135,2000,0.1568,0
40000,38,0,4,35183,4600,0.8796,1
50000,38,2,4,29989,2000,0.5998,1
170000,45,0,2,133341,6804,0.7844,0
310000,37,0,0,123,123,0.0004,0
50000,24,0,2,46108,4000,0.9222,0
30000,25,0,4,24709,5000,0.8236,0
200000,45,0,0,144249,6097,0.7212,0
260000,38,0,0,191160,8357,0.7352,0
80000,29,0,2,59520,2753,0.744,1
180000,27,1,1,0,0,0.0,0
130000,28,0,0,2936,2464,0.0226,0
190000,30,0,1,176699,15000,0.93,1
110000,33,0,3,105440,5300,0.9585,0
60000,40,2,4,42922,3700,0.7154,1
40000,49,1,4,35771,0,0.8943,0
80000,32,0,0,1880,1261,0.0235,0
100000,33,0,0,42622,5000,0.4262,0
400000,34,0,0,95390,2988,0.2385,0
70000,40,1,3,56922,5500,0.8132,1
500000,49,0,0,3645,2744,0.0073,0
190000,46,0,0,124245,4536,0.6539,0
200000,35,0,0,4585,1500,0.0229,0
210000,42,0,0,109919,11488,0.5234,0
340000,47,0,0,196112,6446,0.5768,0
180000,38,0,0,16056,180040,0.0892,0
110000,28,0,0,10048,2000,0.0913,0
80000,42,0,1,11460,455,0.1432,0
30000,31,0,0,9388,1162,0.3129,0
200000,31,0,2,2905,0,0.0145,0
80000,31,0,0,51346,3000,0.6418,0
300000,31,0,0,34515,30000,0.115,1
280000,32,0,0,215052,7000,0.768,0
110000,32,1,1,-296,2345,-0.0027,0
130000,33,0,0,108984,3775,0.8383,0
500000,32,0,0,33647,486,0.0673,0
150000,32,1,1,0,0,0.0,0
450000,36,0,0,12050,13551,0.0268,0
230000,34,0,0,167299,8448,0.7274,0
80000,34,2,4,74860,11074,0.9358,0
260000,34,0,1,199,599,0.0008,0
150000,34,2,4,140711,12416,0.9381,0
50000,35,0,0,23280,0,0.4656,0
30000,35,0,0,27785,1800,0.9262,1
100000,41,1,4,102250,0,1.0225,1
190000,43,1,2,189697,0,0.9984,1
130000,34,0,0,9383,1317,0.0722,0
30000,38,0,0,24380,1600,0.8127,1
30000,38,0,0,29632,1492,0.9877,0
110000,44,0,4,87418,7900,0.7947,1
120000,39,0,2,116983,5750,0.9749,0
30000,41,0,1,30518,5002,1.0173,0
30000,36,2,1,7109,1132,0.237,1
30000,42,0,0,26504,2000,0.8835,0
10000,45,1,4,6925,3647,0.6925,1
400000,32,0,0,183339,10016,0.4583,0
20000,32,0,0,19446,2000,0.9723,0
20000,36,2,1,18720,1610,0.936,1
500000,33,0,0,30267,14773,0.0605,0
30000,33,4,4,31087,0,1.0362,1
50000,33,1,2,7642,0,0.1528,1
30000,33,0,0,30336,3005,1.0112,0
30000,33,2,1,17011,2000,0.567,1
110000,33,0,0,36075,4000,0.328,0
100000,34,3,6,39192,1700,0.3919,0
200000,36,0,0,175000,12000,0.875,0
110000,40,0,0,41629,1688,0.3784,0
140000,38,0,0,139001,4826,0.9929,0
70000,45,0,0,70820,2500,1.0117,0
130000,37,0,0,31280,1813,0.2406,0
30000,45,0,2,390,780,0.013,0
160000,36,0,2,92816,5000,0.5801,0
50000,36,0,0,46277,2058,0.9255,0
80000,36,1,1,4749,6120,0.0594,0
50000,44,0,1,46989,5177,0.9398,0
50000,40,0,0,31297,1476,0.6259,0
180000,44,0,1,3481,761,0.0193,0
130000,42,1,1,0,0,0.0,1
420000,47,1,1,0,14165,0.0,0
140000,44,0,0,110575,0,0.7898,1
20000,42,0,3,12029,1224,0.6014,0
200000,40,0,0,118728,4895,0.5936,1
180000,49,0,0,0,0,0.0,0
120000,37,0,1,19821,1651,0.1652,0
210000,43,0,0,190693,7000,0.9081,0
30000,45,1,6,23155,0,0.7718,1
80000,43,0,0,72987,2561,0.9123,0
110000,35,0,1,85958,2968,0.7814,0
60000,36,0,0,60299,2000,1.005,1
60000,36,0,0,59945,1805,0.9991,0
140000,37,1,1,-18,0,-0.0001,0
60000,35,0,0,57267,3023,0.9544,0
500000,39,0,0,51,0,0.0001,1
420000,41,0,0,373978,33808,0.8904,1
30000,43,2,6,15780,0,0.526,1
170000,38,0,0,4202,1336,0.0247,0
200000,49,0,0,1248,0,0.0062,0
160000,45,0,0,108799,3972,0.68,0
200000,35,1,2,205002,41,1.025,1
20000,43,0,1,19295,1295,0.9648,0
190000,39,0,0,109023,4000,0.5738,0
70000,45,1,3,6369,0,0.091,1
220000,33,2,4,153664,7000,0.6985,0
500000,34,0,0,11765,6648,0.0235,0
210000,37,0,0,349,10152,0.0017,1
50000,31,2,2,43979,1724,0.8796,0
160000,38,0,0,141282,5500,0.883,0
20000,39,0,0,16690,1588,0.8345,1
70000,37,0,2,68886,2850,0.9841,1
220000,40,0,0,63386,8000,0.2881,0
200000,48,0,0,1002,0,0.005,0
130000,44,0,0,129329,4505,0.9948,0
30000,34,1,3,16935,1500,0.5645,0
260000,45,1,1,4856,1853,0.0187,0
230000,32,1,2,167419,76,0.7279,0
240000,33,0,0,0,0,0.0,0
260000,32,0,0,2378,4884,0.0091,0
360000,33,1,3,-10,2645,-0.0,0
260000,36,0,0,416,416,0.0016,0
230000,34,0,0,3128,10998,0.0136,0
300000,35,0,0,103,344,0.0003,0
140000,45,0,0,2300,483,0.0164,0
380000,38,0,0,379080,13501,0.9976,1
190000,31,0,0,150183,7000,0.7904,0
500000,31,0,0,67475,6000,0.1349,0
200000,39,0,0,14510,7922,0.0726,0
310000,37,0,0,30691,7595,0.099,0
30000,49,0,0,24885,1215,0.8295,0
280000,49,0,0,66749,3001,0.2384,0
80000,42,2,6,18378,1600,0.2297,1
150000,35,2,3,1846,3672,0.0123,1
30000,48,2,6,10509,2700,0.3503,1
170000,41,0,0,118379,4294,0.6963,0
110000,42,0,0,47021,2000,0.4275,0
30000,46,1,6,29201,2000,0.9734,1
90000,33,0,3,33035,2000,0.3671,1
50000,40,0,0,50531,2504,1.0106,1
120000,36,0,2,536,0,0.0045,1
20000,46,1,2,18505,0,0.9252,0
220000,42,0,0,316,316,0.0014,0
230000,42,0,0,390,390,0.0017,0
160000,29,0,1,1116,2599,0.007,1
450000,38,0,0,87836,6000,0.1952,0
390000,46,0,0,6570,2287,0.0168,0
90000,29,1,4,34954,0,0.3884,0
60000,33,0,0,56038,1911,0.934,1
180000,34,0,0,3359,4060,0.0187,1
80000,40,0,0,7111,6500,0.0889,0
180000,43,0,0,543,0,0.003,0
320000,46,0,0,545,5590,0.0017,0
320000,36,0,0,29026,5000,0.0907,0
100000,39,2,1,95893,3552,0.9589,0
20000,42,0,0,18650,1300,0.9325,0
140000,34,0,0,316,0,0.0023,0
100000,39,0,0,1130,600,0.0113,0
10000,44,2,6,10422,0,1.0422,1
30000,36,0,1,23309,2000,0.777,0
50000,39,0,0,38506,2008,0.7701,0
20000,44,0,1,12346,1500,0.6173,0
200000,31,1,1,0,0,0.0,0
320000,32,0,0,44312,3000,0.1385,1
360000,37,0,0,1066,0,0.003,1
200000,33,1,1,0,0,0.0,0
140000,34,0,0,138375,5000,0.9884,0
420000,31,0,0,127901,3900,0.3045,0
150000,36,0,1,20755,4938,0.1384,0
200000,38,0,0,14956,5000,0.0748,0
230000,42,0,0,3210,0,0.014,0
30000,38,0,1,18971,2000,0.6324,0
30000,41,0,0,39745,1522,1.3248,0
50000,36,1,6,18992,1500,0.3798,0
410000,44,0,0,-1,1734,-0.0,0
280000,43,0,0,273535,12000,0.9769,0
200000,46,0,0,47403,1550,0.237,0
270000,45,0,0,1526,0,0.0057,0
320000,32,0,0,20488,18615,0.064,0
60000,32,0,0,57199,2491,0.9533,0
130000,35,0,0,125989,6500,0.9691,0
30000,54,0,1,24285,1500,0.8095,1
200000,50,0,0,162296,13000,0.8115,0
170000,51,0,0,3022,2751,0.0178,0
80000,50,2,1,115027,6000,1.4378,0
500000,50,0,0,0,0,0.0,0
50000,47,0,0,1091,390,0.0218,0
90000,50,0,1,72840,0,0.8093,0
350000,50,0,0,136293,4846,0.3894,0
110000,52,2,3,32085,3393,0.2917,0
120000,50,2,1,149301,3000,1.2442,1
30000,55,0,0,10682,1200,0.3561,1
30000,53,0,1,14495,1500,0.4832,1
250000,51,0,0,6811,0,0.0272,0
50000,52,0,1,22377,1380,0.4475,0
160000,53,0,0,95907,15325,0.5994,0
140000,49,0,0,8280,3147,0.0591,1
80000,51,1,2,52275,0,0.6534,1
10000,53,0,1,1473,2095,0.1473,1
300000,50,0,1,528,0,0.0018,0
90000,50,0,1,43439,2100,0.4827,0
20000,51,0,0,0,0,0.0,0
30000,53,0,0,25627,2000,0.8542,0
80000,50,0,0,46239,1754,0.578,0
20000,54,0,3,14034,1500,0.7017,1
20000,55,0,0,3580,1238,0.179,0
50000,53,0,0,36997,1607,0.7399,1
120000,60,0,0,3956,0,0.033,0
30000,47,0,0,30567,3778,1.0189,0
30000,56,2,6,14909,1200,0.497,1
80000,55,0,0,46777,5024,0.5847,0
50000,55,0,2,21371,1376,0.4274,0
80000,56,3,6,63995,3000,0.7999,1
100000,52,2,4,94935,6018,0.9494,0
30000,62,0,0,18563,1700,0.6188,1
130000,51,0,0,73903,6000,0.5685,0
20000,54,1,4,7189,0,0.3594,0
80000,57,2,2,82150,0,1.0269,1
100000,51,0,0,94247,3200,0.9425,0
20000,50,2,3,11545,1600,0.5772,1
120000,51,0,0,138313,5000,1.1526,0
50000,53,2,4,3914,3591,0.0783,1
80000,59,0,0,75662,3212,0.9458,0
90000,54,0,0,18131,2301,0.2015,0
60000,47,0,0,50469,3329,0.8412,0
100000,50,0,3,27666,1473,0.2767,1
50000,50,0,0,51212,2070,1.0242,0
30000,53,2,6,17585,1600,0.5862,1
240000,58,0,0,7217,8210,0.0301,0
200000,47,0,0,101986,4000,0.5099,0
130000,50,0,0,390,107767,0.003,0
110000,50,0,2,101084,4700,0.9189,0
50000,51,0,1,40268,2000,0.8054,0
20000,56,0,4,6949,2000,0.3474,1
50000,69,0,0,12196,2000,0.2439,0
80000,54,2,6,48298,2200,0.6037,1
20000,52,2,1,18049,1536,0.9024,1
20000,56,1,4,11276,0,0.5638,1
30000,53,0,2,12466,3086,0.4155,1
240000,59,0,0,233918,8357,0.9747,0
50000,56,1,1,0,0,0.0,1
80000,53,0,0,2315,1400,0.0289,0
180000,56,0,0,0,0,0.0,1
240000,55,0,0,216170,8000,0.9007,0
120000,54,0,0,89197,3072,0.7433,0
20000,21,2,2,19820,2000,0.991,1
100000,33,0,2,35169,5328,0.3517,0
30000,22,3,6,1050,0,0.035,1
30000,23,0,3,19321,5320,0.644,1
50000,22,0,1,51083,3500,1.0217,0
100000,23,0,0,67873,2000,0.6787,0
80000,23,0,1,59976,2926,0.7497,0
60000,54,0,0,892,21690,0.0149,0
120000,25,1,2,117160,70,0.9763,1
20000,32,0,1,3448,1230,0.1724,0
20000,26,1,6,17077,1000,0.8538,0
50000,26,0,1,46415,1672,0.9283,0
50000,23,0,0,2680,0,0.0536,0
50000,24,0,0,15524,1300,0.3105,1
10000,23,0,0,10078,1300,1.0078,0
20000,24,2,4,14195,1500,0.7098,1
30000,25,0,0,6122,1300,0.2041,0
10000,25,0,0,8525,1500,0.8525,0
10000,22,1,6,8357,0,0.8357,1
150000,23,2,1,17635,135018,0.1176,1
80000,24,2,2,44507,3000,0.5563,1
20000,24,0,0,3843,1073,0.1921,0
120000,24,2,1,1330,2103,0.0111,1
40000,24,0,0,37412,2000,0.9353,0
20000,24,3,6,15846,1000,0.7923,1
100000,24,2,6,10618,2800,0.1062,1
160000,25,0,0,898,2000,0.0056,0
20000,24,1,6,17375,0,0.8688,1
60000,24,1,4,58231,5000,0.9705,1
150000,27,0,0,84034,5065,0.5602,0
40000,24,4,6,38344,0,0.9586,1
30000,26,0,0,25531,1500,0.851,0
420000,26,1,3,390188,14000,0.929,1
20000,26,2,4,14962,0,0.7481,0
50000,25,2,2,44630,1200,0.8926,1
20000,23,1,2,17845,0,0.8922,0
20000,24,0,0,16973,1600,0.8486,0
20000,28,0,3,15226,2000,0.7613,0
300000,26,0,0,0,0,0.0,0
30000,25,2,5,22422,2600,0.7474,0
140000,27,0,0,29751,143713,0.2125,0
20000,27,0,0,20285,1500,1.0143,0
390000,27,0,0,372743,20008,0.9558,0
50000,27,0,0,39487,1600,0.7897,0
50000,26,0,0,6945,2000,0.1389,0
50000,26,0,0,48019,2072,0.9604,0
320000,26,0,0,303703,12167,0.9491,0
280000,26,0,0,277815,12596,0.9922,0
50000,26,1,6,38160,3000,0.7632,1
500000,26,0,0,126725,6005,0.2534,0
200000,28,0,0,2393,1731,0.012,0
50000,28,1,1,0,0,0.0,0
300000,27,0,0,-158,0,-0.0005,0
30000,27,1,4,22284,0,0.7428,0
50000,27,2,2,49079,0,0.9816,1
10000,27,4,6,3462,900,0.3462,1
20000,28,1,4,8055,0,0.4028,1
50000,27,0,0,49684,1961,0.9937,0
30000,26,0,1,27889,2875,0.9296,0
100000,30,0,0,100544,4511,1.0054,1
130000,29,0,0,9619,6247,0.074,0
20000,30,1,6,16906,1000,0.8453,0
150000,29,2,1,7562,3500,0.0504,0
220000,28,0,0,38074,6000,0.1731,0
100000,29,1,1,0,4586,0.0,0
130000,25,0,0,119803,5100,0.9216,1
40000,29,0,2,20528,3100,0.5132,0
10000,30,3,6,2300,0,0.23,1
290000,30,1,1,0,0,0.0,0
180000,27,0,0,134168,4345,0.7454,0
280000,27,0,0,1566,2891,0.0056,0
30000,27,3,6,1650,0,0.055,1
310000,29,1,2,191457,651,0.6176,1
70000,28,0,0,19728,8000,0.2818,0
120000,28,0,2,7164,2515,0.0597,1
240000,29,0,0,390,0,0.0016,0
50000,27,0,0,46806,2000,0.9361,0
320000,28,0,0,79819,3524,0.2494,0
80000,29,0,0,82150,0,1.0269,0
20000,29,1,6,11586,0,0.5793,1
80000,29,1,3,71795,0,0.8974,0
360000,28,0,2,0,2500,0.0,0
50000,29,0,0,44177,2070,0.8835,0
20000,23,0,0,4584,4005,0.2292,1
10000,25,4,4,5365,600,0.5365,0
100000,28,0,0,72610,3500,0.7261,0
50000,30,0,0,47812,2536,0.9562,0
30000,24,2,1,390,780,0.013,0
20000,24,0,0,15221,3287,0.761,0
70000,28,3,3,91930,3500,1.3133,0
490000,29,0,0,264,678,0.0005,0
30000,29,1,6,25264,0,0.8421,1
20000,29,0,0,15934,1329,0.7967,0
290000,29,0,0,783,2838,0.0027,0
20000,29,5,6,1800,0,0.09,0
180000,26,0,0,8516,0,0.0473,1
100000,27,0,0,100591,3749,1.0059,0
30000,26,0,0,24079,2500,0.8026,1
470000,27,0,0,213495,10005,0.4542,0
200000,29,0,0,60068,2500,0.3003,0
400000,29,0,0,1123,82694,0.0028,0
400000,29,0,0,79435,3803,0.1986,0
50000,25,0,0,48336,1855,0.9667,0
70000,25,1,3,12088,0,0.1727,0
80000,31,1,2,27653,0,0.3457,0
70000,29,2,6,33786,1800,0.4827,1
20000,28,3,5,150,0,0.0075,0
10000,28,0,4,619,0,0.0619,1
430000,30,0,1,28966,5011,0.0674,1
40000,30,0,0,0,0,0.0,0
450000,29,0,0,179547,8101,0.399,0
10000,30,1,2,9211,0,0.9211,1
10000,29,0,0,9073,1120,0.9073,0
10000,29,2,4,2918,1500,0.2918,0
80000,29,0,0,79048,3000,0.9881,0
80000,29,2,4,69578,0,0.8697,1
240000,29,0,0,230979,7347,0.9624,0
280000,31,0,0,229780,2000,0.8206,0
50000,31,0,0,228,2955,0.0046,0
80000,32,0,1,37639,1650,0.4705,0
20000,29,1,1,0,0,0.0,0
90000,29,1,1,0,0,0.0,1
200000,29,0,0,8099,3447,0.0405,0
360000,30,2,2,2024,428,0.0056,0
50000,31,0,2,1450,2590,0.029,0
130000,27,2,3,73561,3500,0.5659,1
80000,31,0,0,65088,3000,0.8136,0
200000,29,0,0,8951,9117,0.0448,1
150000,39,1,2,9937,0,0.0662,0
370000,34,0,0,379039,14104,1.0244,0
310000,45,0,0,124793,1217,0.4026,0
240000,41,0,0,24171,3759,0.1007,0
320000,35,0,4,106799,11003,0.3337,0
50000,39,3,2,51998,0,1.04,0
50000,41,0,0,48537,2022,0.9707,0
50000,30,2,3,15397,2882,0.3079,1
80000,31,0,0,72840,9000,0.9105,0
420000,32,0,1,90875,4118,0.2164,0
50000,32,2,6,30559,2000,0.6112,1
150000,32,2,3,90476,0,0.6032,1
130000,34,0,0,30190,1818,0.2322,1
170000,34,0,2,47956,2000,0.2821,0
170000,45,0,0,165315,8000,0.9724,0
120000,25,0,1,11147,2446,0.0929,0
30000,35,1,3,29147,1900,0.9716,1
220000,30,0,1,6229,1000,0.0283,0
50000,25,2,3,19775,3800,0.3955,1
30000,34,2,4,10522,1200,0.3507,1
250000,30,0,0,73936,40000,0.2957,0
20000,29,0,0,13229,1233,0.6614,1
10000,30,0,2,7470,1141,0.747,1
50000,41,0,0,50611,2200,1.0122,0
30000,48,0,3,19650,1500,0.655,1
20000,31,2,4,13516,1000,0.6758,1
200000,32,0,0,196550,8001,0.9828,0
50000,33,1,4,7148,0,0.143,0
120000,35,0,1,326,326,0.0027,0
210000,40,0,0,325,325,0.0015,1
180000,32,0,0,181293,6400,1.0072,0
50000,32,0,0,19606,5027,0.3921,0
70000,40,0,0,41986,1455,0.5998,0
200000,44,0,0,1640,0,0.0082,0
50000,46,1,6,10960,0,0.2192,1
230000,47,0,0,996,1000,0.0043,0
30000,42,1,4,20214,0,0.6738,1
30000,32,0,0,20881,2000,0.696,0
150000,34,0,0,204187,20000,1.3612,0
10000,30,0,0,1473,3236,0.1473,1
150000,29,0,0,4614,2000,0.0308,0
360000,34,1,1,0,0,0.0,0
340000,38,0,0,86057,5000,0.2531,0
50000,34,0,0,48844,1898,0.9769,0
30000,39,0,0,20893,2007,0.6964,0
360000,34,0,0,2739,1206,0.0076,0
150000,46,0,0,150838,6000,1.0056,0
160000,28,2,5,152626,8100,0.9539,1
30000,39,0,0,28628,2003,0.9543,0
480000,47,0,0,10668,0,0.0222,0
200000,45,0,0,98974,10000,0.4949,0
50000,39,0,0,238,0,0.0048,1
20000,32,1,5,17913,0,0.8956,1
60000,44,0,0,59331,2000,0.9888,0
200000,26,0,0,16000,0,0.08,0
20000,27,0,0,16203,2000,0.8102,0
440000,35,0,0,13754,2017,0.0313,0
100000,34,0,2,772,0,0.0077,0
100000,38,0,0,95933,4499,0.9593,0
100000,48,0,4,11574,3500,0.1157,0
230000,46,0,0,1313,1421,0.0057,0
50000,37,0,0,13191,2000,0.2638,0
50000,32,0,0,42163,1472,0.8433,0
30000,41,1,2,14110,0,0.4703,0
140000,32,1,6,67923,3200,0.4852,1
60000,43,0,0,55800,1782,0.93,0
50000,41,1,4,26915,0,0.5383,0
350000,36,0,0,249663,8026,0.7133,0
20000,44,2,5,11623,1300,0.5812,1
20000,30,0,0,16320,1238,0.816,0
50000,36,0,2,46712,5000,0.9342,0
20000,41,1,4,19951,0,0.9976,1
110000,34,0,0,23751,1717,0.2159,0
200000,44,0,2,655,0,0.0033,1
260000,46,2,6,82683,4000,0.318,1
150000,36,2,2,88655,0,0.591,1
50000,33,0,0,23142,5494,0.4628,0
150000,35,0,0,13059,11526,0.0871,0
250000,35,2,6,153798,15000,0.6152,1
50000,49,0,0,36869,1615,0.7374,0
50000,47,0,0,38830,1600,0.7766,0
50000,44,2,6,41755,0,0.8351,0
80000,40,1,6,81053,300,1.0132,0
20000,49,0,0,11572,2820,0.5786,0
220000,47,2,6,233756,3000,1.0625,1
120000,39,0,3,12190,1400,0.1016,1
200000,39,0,0,84184,16000,0.4209,0
30000,47,0,0,118587,6624,3.9529,0
50000,43,0,0,50756,1934,1.0151,0
50000,42,2,2,4864,1252,0.0973,0
230000,45,0,0,42770,2000,0.186,0
280000,33,0,0,265120,9104,0.9469,0
70000,43,0,0,68228,2378,0.9747,0
120000,40,0,0,112123,4089,0.9344,0
170000,39,0,0,138811,5505,0.8165,0
30000,41,1,3,17301,1295,0.5767,0
20000,33,0,2,18706,1275,0.9353,1
20000,35,0,0,16500,1281,0.825,0
220000,39,3,3,184140,7500,0.837,1
50000,44,0,0,20995,3000,0.4199,0
300000,46,0,0,289299,15000,0.9643,0
430000,29,0,0,1442,3058,0.0034,0
30000,36,0,1,1226,0,0.0409,1
20000,46,0,0,14075,2000,0.7038,0
210000,40,0,0,119752,10030,0.5702,0
80000,31,0,0,47464,3000,0.5933,1
30000,31,0,0,28275,2000,0.9425,0
220000,47,2,3,165665,2008,0.753,1
80000,32,0,0,22753,3000,0.2844,0
480000,31,0,0,55346,4000,0.1153,0
150000,33,0,0,94020,3040,0.6268,0
60000,31,1,2,36243,0,0.604,0
80000,33,2,2,24928,0,0.3116,1
50000,32,0,0,46827,2084,0.9365,0
50000,34,1,6,33776,1900,0.6755,1
180000,42,0,0,177027,7003,0.9835,0
100000,39,0,0,10603,1315,0.106,1
240000,42,2,6,259511,11000,1.0813,0
50000,49,0,0,49331,2000,0.9866,1
20000,40,0,0,8151,1153,0.4076,0
50000,30,0,0,48591,12000,0.9718,0
200000,31,0,0,6926,1747,0.0346,0
180000,32,0,0,22832,1429,0.1268,0
320000,33,1,1,0,0,0.0,1
200000,48,0,0,87035,2915,0.4352,0
20000,41,0,2,10142,1200,0.5071,1
200000,38,0,0,5607,0,0.028,0
20000,40,1,1,0,0,0.0,0
50000,39,1,6,50180,0,1.0036,0
50000,25,0,0,50479,1649,1.0096,1
80000,43,0,0,44620,1582,0.5578,0
180000,33,0,0,48252,9024,0.2681,0
80000,42,0,0,-1590,4666,-0.0199,0
150000,36,2,6,87021,2000,0.5801,0
20000,37,0,0,830,17597,0.0415,0
300000,42,0,0,1653,1734,0.0055,0
30000,35,1,4,25601,2000,0.8534,0
140000,49,0,0,35815,1590,0.2558,0
80000,36,1,4,8415,2181,0.1052,1
20000,45,0,0,13243,1500,0.6622,0
70000,35,0,0,69388,3439,0.9913,1
320000,36,0,0,318022,10810,0.9938,0
80000,46,0,1,31290,780,0.3911,0
50000,33,0,0,28086,1500,0.5617,0
80000,41,0,0,15824,2000,0.1978,0
110000,38,0,0,52708,2469,0.4792,0
50000,45,0,0,49573,2245,0.9915,0
50000,42,2,2,10343,2000,0.2069,1
20000,38,0,0,14966,1565,0.7483,0
120000,42,2,3,63598,0,0.53,0
30000,37,0,0,23422,1397,0.7807,0
50000,34,0,0,8603,1200,0.1721,0
100000,35,1,2,23704,0,0.237,1
50000,35,3,5,150,0,0.003,0
30000,34,0,0,17803,1626,0.5934,0
40000,38,3,3,38291,0,0.9573,1
190000,39,2,4,166611,7820,0.8769,1
10000,39,1,2,10866,0,1.0866,1
50000,43,0,0,50444,2000,1.0089,0
20000,34,0,1,17676,2000,0.8838,0
120000,37,0,0,2284,2007,0.019,0
50000,43,0,0,50517,2015,1.0103,0
310000,31,0,0,279711,10143,0.9023,0
240000,45,1,2,221341,7000,0.9223,0
50000,47,1,3,-658,47000,-0.0132,1
210000,40,0,0,1535,2652,0.0073,1
60000,31,1,4,16253,0,0.2709,0
20000,31,0,2,13192,1230,0.6596,1
50000,43,0,0,50785,3000,1.0157,1
30000,39,0,0,24065,2005,0.8022,1
60000,29,1,4,43434,2100,0.7239,1
90000,29,0,0,70559,3000,0.784,0
30000,32,0,1,12452,1500,0.4151,1
30000,37,3,6,2379,0,0.0793,1
220000,39,2,6,175808,8000,0.7991,1
250000,39,0,0,14310,3700,0.0572,0
450000,42,0,0,2549,20449,0.0057,0
30000,34,2,4,18402,2000,0.6134,0
220000,37,0,0,13429,2500,0.061,0
300000,30,0,0,901,901,0.003,0
500000,30,0,0,135634,5034,0.2713,0
20000,34,1,2,15095,0,0.7548,0
110000,32,0,0,42015,1575,0.382,0
10000,41,1,4,10711,0,1.0711,0
20000,47,1,4,8557,0,0.4278,1
230000,34,0,0,1344,0,0.0058,0
20000,35,1,6,15668,0,0.7834,1
50000,38,0,0,1930,305,0.0386,0
200000,40,0,0,66052,3800,0.3303,0
80000,37,1,1,0,3000,0.0,0
50000,43,0,0,4166,4166,0.0833,0
50000,49,1,2,16747,0,0.3349,1
110000,29,0,0,110721,3938,1.0066,1
110000,38,0,0,42617,1678,0.3874,0
220000,36,0,0,87431,50005,0.3974,0
140000,38,0,0,138329,6806,0.9881,0
50000,43,0,0,34326,3000,0.6865,0
100000,40,2,5,70762,0,0.7076,1
20000,38,0,0,15255,5006,0.7628,1
50000,32,0,0,49760,2189,0.9952,1
40000,33,0,0,23330,0,0.5833,0
180000,34,0,0,13067,6170,0.0726,0
80000,34,0,0,45876,1752,0.5734,0
30000,34,0,0,26774,2000,0.8925,0
230000,35,0,0,30798,1000,0.1339,0
20000,41,0,1,20101,1318,1.005,0
350000,44,0,0,2161,7426,0.0062,0
20000,38,1,6,9599,0,0.48,0
130000,36,0,0,91016,1848,0.7001,0
50000,37,0,0,47832,2000,0.9566,1
100000,44,0,0,20439,1068,0.2044,1
20000,40,0,1,12129,1300,0.6064,1
150000,43,0,0,1000,0,0.0067,0
230000,46,0,0,117255,5400,0.5098,0
470000,38,0,0,33277,1869,0.0708,1
50000,46,0,0,43719,1700,0.8744,0
120000,49,0,0,119440,3844,0.9953,1
20000,43,2,4,17233,2000,0.8616,1
10000,45,1,5,7953,1500,0.7953,0
50000,29,2,3,7881,3000,0.1576,1
360000,30,0,0,1246,17328,0.0035,0
100000,38,0,0,101330,3824,1.0133,0
170000,36,0,0,8433,644,0.0496,0
30000,43,2,6,14697,3200,0.4899,1
230000,37,1,2,0,2062,0.0,1
150000,35,0,0,114997,4884,0.7666,0
260000,37,0,0,3000,150,0.0115,0
80000,48,0,0,76288,3003,0.9536,0
20000,43,0,0,19656,1300,0.9828,0
240000,36,1,1,0,0,0.0,1
50000,40,1,2,49039,0,0.9808,1
50000,45,0,0,42931,6004,0.8586,0
100000,45,2,4,65781,0,0.6578,1
20000,40,0,0,16884,1291,0.8442,0
150000,41,2,4,116699,0,0.778,1
230000,37,0,0,11770,10000,0.0512,0
20000,45,0,0,19473,1896,0.9736,0
390000,33,0,0,30209,1804,0.0775,0
80000,36,3,6,600,0,0.0075,1
270000,35,1,1,-12,0,-0.0,0
20000,37,0,0,15429,1270,0.7714,0
150000,45,2,4,152180,9500,1.0145,0
50000,36,0,0,49750,2100,0.995,0
160000,47,1,6,58706,0,0.3669,1
360000,33,0,0,714,7,0.002,0
150000,40,0,0,121544,5000,0.8103,0
500000,46,0,0,11471,2000,0.0229,0
220000,35,0,0,753,6220,0.0034,1
280000,46,1,1,0,0,0.0,1
30000,38,1,2,96258,0,3.2086,0
500000,36,0,0,9001,1702,0.018,0
360000,40,0,0,0,256,0.0,0
400000,38,1,4,36838,65,0.0921,0
350000,43,0,0,6088,3436,0.0174,0
20000,36,1,6,15557,0,0.7778,1
110000,36,1,2,112875,0,1.0261,0
30000,31,1,3,31405,0,1.0468,1
20000,45,0,0,19856,1316,0.9928,1
180000,42,0,0,0,0,0.0,0
140000,48,0,3,119965,8506,0.8569,0
300000,43,0,0,163,2508,0.0005,0
240000,41,0,0,218435,5778,0.9101,0
160000,41,0,0,326,1306,0.002,1
500000,38,0,0,49201,30107,0.0984,0
50000,45,0,0,50297,1939,1.0059,0
50000,39,1,5,26094,0,0.5219,0
100000,37,0,0,7642,0,0.0764,0
150000,38,0,0,6682,2669,0.0445,0
290000,36,1,1,0,0,0.0,0
20000,37,0,0,15612,1577,0.7806,1
50000,33,0,0,49916,2000,0.9983,0
80000,39,0,0,37712,1626,0.4714,0
140000,42,0,0,139227,4325,0.9945,0
260000,33,0,0,19152,5000,0.0737,0
150000,37,2,6,36148,1600,0.241,1
300000,37,0,0,11669,27963,0.0389,0
120000,33,1,1,0,0,0.0,0
90000,38,0,0,17621,1700,0.1958,0
200000,42,0,0,-200,0,-0.001,0
140000,32,0,1,46134,5890,0.3295,1
50000,45,1,2,49436,0,0.9887,1
200000,40,1,1,0,0,0.0,0
280000,33,0,0,167272,18000,0.5974,0
430000,34,0,0,416678,16005,0.969,0
190000,34,0,0,187780,6781,0.9883,0
50000,38,1,2,38811,0,0.7762,0
110000,40,0,0,106455,6000,0.9678,0
20000,46,0,0,9784,1885,0.4892,0
100000,45,0,0,10380,72024,0.1038,0
370000,37,0,0,12913,3409,0.0349,0
320000,36,0,0,2860,16021,0.0089,0
80000,33,0,0,45524,2000,0.569,0
100000,35,1,1,0,0,0.0,1
180000,42,2,1,26883,1452,0.1494,1
90000,46,0,0,91092,4000,1.0121,0
170000,39,0,0,142509,5000,0.8383,0
80000,50,0,0,72269,4000,0.9034,0
20000,50,0,1,19657,1273,0.9828,0
50000,60,0,0,51078,2013,1.0216,0
20000,50,1,6,10056,3000,0.5028,1
390000,64,0,0,38383,1608,0.0984,0
80000,59,0,0,78651,3454,0.9831,0
350000,51,0,0,343842,15000,0.9824,0
320000,51,0,0,483184,20373,1.5099,0
50000,52,2,6,36428,2000,0.7286,0
260000,62,0,0,390,390,0.0015,0
200000,55,0,0,169287,6177,0.8464,0
30000,49,0,1,390,1936,0.013,1
20000,55,0,1,7357,1290,0.3678,0
320000,50,0,0,277884,10100,0.8684,0
30000,52,1,6,23819,0,0.794,1
90000,50,0,0,80926,3451,0.8992,0
180000,52,0,0,360,345,0.002,0
50000,50,0,0,47155,2000,0.9431,0
60000,52,0,0,58682,3762,0.978,0
50000,53,0,0,48353,2000,0.9671,0
50000,55,0,0,390,390,0.0078,0
20000,53,3,6,2255,0,0.1128,1
80000,53,1,2,9637,0,0.1205,0
350000,58,0,0,500,4063,0.0014,0
200000,52,0,0,150603,7000,0.753,0
360000,50,0,0,28595,0,0.0794,0
20000,59,2,6,16357,3000,0.8178,1
90000,55,0,0,30789,1514,0.3421,0
370000,66,0,0,258397,9661,0.6984,0
180000,51,0,1,134327,6015,0.7463,1
20000,59,2,1,15281,1596,0.764,1
30000,57,2,4,22957,1707,0.7652,1
60000,54,0,0,58432,20000,0.9739,0
330000,52,0,0,120212,5000,0.3643,0
230000,51,2,1,204643,5805,0.8898,0
50000,57,2,1,18275,1509,0.3655,0
30000,56,0,0,29060,1030,0.9687,0
80000,53,0,0,39298,1809,0.4912,0
50000,58,2,4,8728,2152,0.1746,1
10000,50,1,2,10171,2,1.0171,0
170000,56,0,0,86229,55000,0.5072,0
50000,61,2,1,390,390,0.0078,1
20000,57,2,4,9918,2000,0.4959,0
20000,50,0,0,1956,16573,0.0978,0
190000,50,0,1,102648,5400,0.5403,0
270000,50,2,6,213616,0,0.7912,0
480000,51,0,0,2900,17646,0.006,0
380000,52,0,0,145445,6000,0.3828,0
20000,49,0,0,10823,1400,0.5412,1
50000,48,2,6,42807,2700,0.8561,1
280000,52,0,0,247868,9000,0.8852,1
240000,65,0,0,146696,6930,0.6112,0
110000,54,2,6,55753,2600,0.5068,1
200000,53,0,0,66012,2500,0.3301,0
140000,56,0,0,1862,7465,0.0133,0
260000,53,0,0,73223,2001,0.2816,0
130000,57,0,3,4820,0,0.0371,0
50000,54,0,1,37238,1771,0.7448,0
300000,55,0,0,390,601,0.0013,1
30000,54,3,4,29391,1600,0.9797,1
50000,58,0,0,14628,1558,0.2926,0
450000,67,0,0,0,0,0.0,1
170000,27,0,0,48947,10000,0.2879,0
60000,29,2,4,40351,2000,0.6725,1
30000,26,0,0,30244,1701,1.0081,0
200000,28,0,0,3494,2516,0.0175,0
30000,30,1,6,28720,0,0.9573,0
100000,30,1,1,0,851,0.0,1
30000,35,1,2,29622,0,0.9874,0
150000,24,0,0,66347,1827,0.4423,0
210000,25,0,0,100,0,0.0005,0
300000,28,0,0,788,1000,0.0026,0
50000,22,0,0,18108,1400,0.3622,0
360000,33,0,0,21730,20000,0.0604,0
240000,28,0,0,233441,9000,0.9727,0
260000,30,0,0,893,2946,0.0034,1
140000,33,2,1,55563,2520,0.3969,1
10000,21,0,1,8278,1304,0.8278,0
50000,22,0,0,46811,1036,0.9362,0
50000,22,0,3,37253,5500,0.7451,0
50000,22,2,6,36665,4626,0.7333,1
140000,23,0,1,90289,10007,0.6449,1
20000,27,0,0,7486,2000,0.3743,0
50000,24,2,1,48690,2078,0.9738,1
30000,23,4,4,15947,0,0.5316,0
50000,22,0,0,8585,0,0.1717,0
130000,23,0,0,-169,4739,-0.0013,0
80000,23,0,0,390,390,0.0049,0
30000,21,0,0,28028,2019,0.9343,0
50000,22,0,0,24775,2001,0.4955,0
20000,22,1,1,3843,2000,0.1921,1
90000,22,0,0,68663,4341,0.7629,0
30000,22,0,0,29362,1800,0.9787,0
50000,22,2,6,19091,0,0.3818,0
150000,24,1,2,-200,600,-0.0013,0
20000,24,0,2,10994,1500,0.5497,1
30000,24,0,0,30900,410,1.03,1
50000,24,2,6,49397,2100,0.9879,0
400000,30,0,0,153655,26876,0.3841,0
20000,23,0,0,16027,1600,0.8014,0
70000,23,1,2,72306,4,1.0329,0
20000,23,0,0,6916,14000,0.3458,0
30000,23,0,0,27013,1470,0.9004,0
30000,23,0,1,28138,2000,0.9379,0
80000,24,2,2,48597,1800,0.6075,1
80000,24,0,0,78862,4000,0.9858,0
40000,24,0,2,33370,1600,0.8342,1
70000,23,0,0,44830,2100,0.6404,0
10000,22,0,1,6967,2523,0.6967,1
60000,24,2,2,61434,2850,1.0239,1
50000,22,1,2,4434,0,0.0887,0
80000,23,0,0,6805,2000,0.0851,0
70000,23,0,0,7668,1500,0.1095,1
30000,22,0,0,8922,1275,0.2974,0
30000,22,2,3,27201,4000,0.9067,1
20000,25,0,0,18825,1300,0.9412,1
50000,25,0,0,390,0,0.0078,1
30000,29,0,0,26953,1741,0.8984,0
50000,24,0,0,50649,1905,1.013,0
50000,22,1,4,42611,0,0.8522,0
50000,23,2,6,41740,2000,0.8348,1
50000,23,1,1,0,0,0.0,0
10000,23,3,6,2400,0,0.24,1
10000,24,0,0,6902,1142,0.6902,1
110000,24,0,0,1183,1362,0.0108,0
140000,24,0,0,34814,1887,0.2487,0
20000,24,0,1,19000,1000,0.95,0
30000,24,0,0,25288,3000,0.8429,0
100000,24,2,6,93330,4400,0.9333,1
20000,24,2,1,1150,1661,0.0575,0
190000,25,0,0,26023,1615,0.137,0
300000,24,0,0,26158,5673,0.0872,0
50000,26,2,6,46800,2100,0.936,1
30000,26,0,1,30467,2173,1.0156,0
20000,25,0,0,4541,0,0.227,1
60000,25,0,0,3075,61058,0.0512,1
70000,25,0,0,67574,3839,0.9653,0
60000,24,2,5,34708,0,0.5785,1
60000,25,2,2,33598,2000,0.56,1
30000,22,2,3,31331,0,1.0444,1
100000,24,2,1,68371,1300,0.6837,1
70000,25,2,1,70963,2527,1.0138,1
20000,22,0,0,38391,2608,1.9196,1
50000,22,0,1,38340,3700,0.7668,0
50000,22,2,6,40247,900,0.8049,0
30000,22,0,0,14533,3002,0.4844,0
30000,22,2,2,29793,0,0.9931,1
30000,22,0,0,25490,1432,0.8497,1
60000,23,2,1,58900,2717,0.9817,1
20000,22,0,0,19667,1500,0.9834,1
50000,23,2,1,50653,2190,1.0131,0
30000,24,0,0,28049,2000,0.935,0
30000,23,0,2,29047,1508,0.9682,1
70000,24,1,2,19200,500,0.2743,0
100000,24,0,0,101614,10000,1.0161,0
100000,24,0,0,7094,1439,0.0709,0
250000,25,0,0,5211,5211,0.0208,0
130000,25,0,0,127125,4000,0.9779,0
50000,25,2,1,49052,3006,0.981,1
250000,26,0,3,124353,10000,0.4974,0
50000,26,0,0,50604,1924,1.0121,1
50000,25,0,0,38487,5000,0.7697,0
230000,24,0,0,0,0,0.0,0
200000,25,0,1,175435,24720,0.8772,0
50000,23,0,0,46968,1600,0.9394,0
100000,24,3,6,85016,4200,0.8502,1
140000,24,0,4,99012,11000,0.7072,0
20000,24,0,0,13542,1543,0.6771,0
100000,25,0,0,87987,4000,0.8799,0
240000,25,0,0,9030,1144,0.0376,0
20000,25,0,0,18519,2000,0.926,0
50000,25,0,0,45342,2000,0.9068,0
50000,25,0,4,25008,3200,0.5002,0
60000,25,0,0,36081,2500,0.6014,0
10000,22,0,3,6759,2450,0.6759,1
30000,23,1,6,26185,4518,0.8728,0
30000,23,0,4,21077,3383,0.7026,1
60000,23,0,1,13233,1500,0.2206,0
80000,25,1,2,78894,3000,0.9862,0
130000,25,0,0,111587,4100,0.8584,0
30000,25,1,5,17835,4000,0.5945,0
60000,23,0,0,57097,2659,0.9516,1
80000,24,0,0,74377,3000,0.9297,0
230000,24,0,0,78737,2300,0.3423,0
80000,25,0,0,72120,2600,0.9015,0
70000,24,0,0,70888,2900,1.0127,0
220000,25,0,0,142714,7200,0.6487,0
50000,25,0,0,44894,5003,0.8979,0
210000,24,0,0,45685,1609,0.2175,0
60000,24,3,5,150,0,0.0025,1
30000,25,1,2,29304,0,0.9768,1
50000,24,0,1,43627,3000,0.8725,0
50000,24,0,1,23996,3500,0.4799,0
80000,26,0,0,37329,3700,0.4666,0
60000,25,0,0,60340,2200,1.0057,1
20000,25,0,0,15389,1270,0.7694,1
50000,26,0,0,47095,2073,0.9419,0
260000,27,0,0,23820,10000,0.0916,0
170000,27,0,0,414,0,0.0024,1
20000,27,0,0,15248,1265,0.7624,0
20000,26,1,2,20224,0,1.0112,0
130000,26,0,0,2783,130000,0.0214,0
70000,25,0,0,70940,2533,1.0134,0
120000,26,0,0,594,1052,0.005,0
210000,26,0,0,10401,18480,0.0495,0
50000,27,0,0,40491,2003,0.8098,0
30000,27,0,0,26951,2000,0.8984,0
150000,27,0,0,140947,5000,0.9396,0
300000,27,0,0,105786,9000,0.3526,0
150000,27,1,1,0,0,0.0,0
30000,27,2,6,25557,1800,0.8519,1
50000,27,0,0,48492,1600,0.9698,0
80000,26,0,0,78025,3500,0.9753,0
80000,26,0,0,13465,20587,0.1683,0
60000,26,1,1,-25,0,-0.0004,0
200000,27,0,0,-3,0,-0.0,0
280000,31,0,0,147646,7001,0.5273,0
50000,24,0,1,47608,2118,0.9522,0
80000,24,2,6,22453,2000,0.2807,1
50000,23,0,0,33243,2000,0.6649,0
20000,24,0,0,18916,1600,0.9458,0
80000,24,0,1,39813,9425,0.4977,1
20000,27,3,2,16004,0,0.8002,1
110000,28,0,0,106202,5300,0.9655,0
50000,28,0,0,31392,0,0.6278,0
130000,24,0,0,90141,4200,0.6934,1
20000,25,0,1,1828,1200,0.0914,1
130000,25,2,1,836,668,0.0064,1
50000,25,0,3,41641,3500,0.8328,1
50000,25,2,6,33586,1900,0.6717,1
130000,26,0,0,187600,6074,1.4431,0
80000,26,0,4,32183,2820,0.4023,1
230000,28,0,0,1736,68000,0.0075,0
500000,28,0,0,6618,8984,0.0132,0
160000,27,0,0,124573,5800,0.7786,0
150000,27,0,0,5560,0,0.0371,1
60000,27,0,1,45373,4747,0.7562,0
50000,27,1,6,19096,0,0.3819,0
10000,27,0,0,6031,836,0.6031,0
140000,28,0,0,9598,1500,0.0686,0
180000,30,0,0,112106,3800,0.6228,0
260000,28,0,0,85666,10005,0.3295,0
90000,27,3,4,81701,6000,0.9078,1
20000,29,2,3,18985,3100,0.9492,1
30000,26,3,6,8893,0,0.2964,1
420000,26,0,0,62364,30336,0.1485,0
230000,27,0,0,326,326,0.0014,0
90000,28,0,0,59694,2852,0.6633,0
210000,27,2,3,170646,7800,0.8126,1
230000,27,0,0,73521,4000,0.3197,0
100000,30,0,0,85841,4000,0.8584,0
20000,30,0,0,12304,5170,0.6152,0
20000,27,0,0,20288,1500,1.0144,0
150000,28,0,0,35199,1588,0.2347,0
180000,29,0,1,10265,1200,0.057,0
20000,26,0,0,17921,1333,0.896,0
280000,27,0,2,18641,6630,0.0666,0
50000,26,0,0,46879,2569,0.9376,0
50000,26,0,0,35988,1700,0.7198,0
100000,26,0,1,6631,1130,0.0663,0
10000,27,1,2,5150,0,0.515,0
90000,27,0,0,85822,3327,0.9536,0
120000,29,0,0,1914,573,0.016,0
250000,29,2,3,252354,11783,1.0094,1
180000,29,0,0,9418,0,0.0523,0
350000,29,0,0,209234,7280,0.5978,0
250000,31,0,1,1242,0,0.005,0
140000,29,0,0,100064,6029,0.7147,0
50000,28,0,0,390,390,0.0078,1
150000,28,2,3,145096,5000,0.9673,1
160000,28,0,0,4122,2000,0.0258,0
130000,28,0,0,29974,5026,0.2306,0
340000,26,0,0,95878,4500,0.282,0
260000,26,0,0,16150,2000,0.0621,0
110000,26,0,0,38920,1700,0.3538,0
400000,29,0,0,7191,2000,0.018,0
70000,29,0,3,40048,1700,0.5721,0
20000,31,0,4,14320,0,0.716,1
60000,28,2,3,17942,0,0.299,1
80000,29,2,5,54313,4600,0.6789,0
150000,31,2,1,101425,3872,0.6762,0
200000,29,0,0,9383,37465,0.0469,0
110000,29,0,0,316,31895,0.0029,1
450000,29,0,0,371724,10000,0.8261,0
160000,29,0,0,21898,5004,0.1369,0
150000,28,0,2,49278,2000,0.3285,0
30000,28,0,0,30497,1800,1.0166,0
160000,29,0,0,1194,2108,0.0075,0
140000,29,0,0,51822,2000,0.3702,0
50000,28,0,0,5953,1044,0.1191,0
390000,27,2,3,393415,0,1.0088,1
300000,28,0,0,16666,1000,0.0556,0
50000,29,2,5,43629,3790,0.8726,1
70000,29,0,0,-8187,0,-0.117,0
170000,28,0,1,44996,2100,0.2647,0
160000,45,0,0,227,280,0.0014,0
50000,27,2,6,34044,0,0.6809,1
50000,28,1,4,38612,0,0.7722,0
90000,28,0,0,2780,1950,0.0309,0
200000,25,0,0,8926,700,0.0446,0
20000,26,0,0,15700,1600,0.785,0
50000,30,0,1,31079,2280,0.6216,0
50000,24,1,4,12744,0,0.2549,1
60000,26,0,0,27402,1500,0.4567,0
30000,33,0,0,11042,1200,0.3681,0
360000,30,0,2,780,390,0.0022,0
20000,22,0,0,15513,3000,0.7756,0
30000,23,0,4,18497,3153,0.6166,0
80000,25,0,2,47369,4400,0.5921,1
20000,22,0,0,16366,1600,0.8183,0
70000,25,0,0,69455,2600,0.9922,0
120000,26,0,0,103452,4000,0.8621,0
20000,26,1,2,17040,0,0.852,0
20000,22,0,1,9848,1515,0.4924,0
170000,23,0,0,8806,32192,0.0518,0
130000,24,0,0,121720,4155,0.9363,0
180000,32,0,0,183512,7700,1.0195,0
240000,30,0,0,89009,3071,0.3709,0
50000,27,0,0,50544,2300,1.0109,0
100000,39,2,6,94732,5000,0.9473,1
80000,33,0,2,73397,10000,0.9175,0
10000,46,3,6,5997,0,0.5997,1
50000,35,0,0,48818,2200,0.9764,0
80000,35,2,4,22001,2000,0.275,1
40000,39,2,6,22241,1700,0.556,1
90000,40,2,2,96249,0,1.0694,1
170000,40,0,0,69602,2128,0.4094,0
50000,49,0,0,101590,1800,2.0318,0
10000,41,3,6,2400,0,0.24,1
70000,34,1,2,76023,0,1.086,0
20000,38,0,0,15925,1618,0.7962,0
120000,36,0,1,3225,3232,0.0269,0
110000,38,0,0,105433,4008,0.9585,0
50000,36,2,6,44897,6200,0.8979,1
110000,34,0,1,10827,2500,0.0984,0
50000,37,1,2,51377,0,1.0275,0
360000,31,3,6,2500,0,0.0069,1
20000,38,3,6,18666,0,0.9333,1
180000,42,0,0,79216,3000,0.4401,1
100000,37,0,0,100253,4500,1.0025,0
20000,37,1,3,15829,0,0.7914,1
150000,39,2,3,151664,6300,1.0111,0
60000,27,0,0,40831,1617,0.6805,0
80000,29,2,3,25248,0,0.3156,1
60000,47,2,6,20347,0,0.3391,1
20000,43,2,1,18310,1300,0.9155,1
110000,33,0,0,104151,3791,0.9468,1
100000,41,1,2,77208,0,0.7721,0
280000,37,0,0,198823,10000,0.7101,0
130000,36,0,0,127544,5963,0.9811,0
50000,29,0,0,47815,2500,0.9563,0
60000,33,0,0,50696,5000,0.8449,0
70000,34,0,0,43071,5000,0.6153,0
240000,46,0,0,177221,7053,0.7384,1
310000,31,2,3,137171,6600,0.4425,1
20000,33,0,0,20023,1300,1.0012,0
50000,37,0,0,29969,1281,0.5994,0
50000,33,1,4,25922,55,0.5184,0
130000,34,0,0,99891,3700,0.7684,0
230000,30,0,0,62988,2847,0.2739,0
380000,31,1,1,3491,3878,0.0092,0
160000,32,0,0,56099,3000,0.3506,0
20000,32,0,1,17930,3000,0.8965,0
150000,33,0,0,1911,1189,0.0127,1
90000,32,0,0,1560,23153,0.0173,0
400000,33,0,0,-4,1058,-0.0,0
70000,34,0,0,66946,3007,0.9564,0
50000,34,2,6,43664,2000,0.8733,0
30000,35,1,1,0,0,0.0,0
20000,46,0,0,19113,1292,0.9556,0
20000,39,0,3,8720,4000,0.436,1
130000,37,0,0,0,0,0.0,1
80000,41,0,0,73863,3300,0.9233,0
360000,41,0,0,0,0,0.0,1
120000,47,0,0,1576,1500,0.0131,0
200000,41,0,0,184133,6710,0.9207,0
150000,38,0,0,6829,6719,0.0455,0
50000,44,0,0,27200,1172,0.544,0
170000,40,1,2,179399,0,1.0553,1
230000,34,0,0,205530,380,0.8936,0
50000,46,0,0,25119,1559,0.5024,1
280000,36,0,0,157424,6000,0.5622,0
50000,44,0,0,13226,1470,0.2645,0
30000,31,2,5,30057,0,1.0019,0
360000,32,0,0,-16,3210,-0.0,0
400000,32,0,0,6464,1692,0.0162,1
80000,33,0,0,107044,5000,1.338,0
150000,34,0,0,18631,3000,0.1242,0
260000,36,0,0,59127,2200,0.2274,0
110000,39,0,0,107441,4023,0.9767,0
50000,41,0,0,47739,2000,0.9548,0
300000,40,0,0,10626,10582,0.0354,0
20000,37,2,2,16429,1300,0.8214,1
290000,37,2,1,140599,13010,0.4848,1
120000,45,0,0,380,3175,0.0032,0
20000,40,0,0,295,748,0.0148,0
360000,36,0,0,-149,0,-0.0004,1
150000,41,0,0,7939,6629,0.0529,0
100000,42,2,2,99184,3000,0.9918,1
170000,45,0,0,73326,3504,0.4313,0
200000,49,1,1,0,0,0.0,1
60000,48,0,0,4823,5491,0.0804,1
80000,29,0,0,19578,1620,0.2447,0
40000,30,1,2,40672,9,1.0168,0
50000,30,1,2,49061,1406,0.9812,1
50000,39,2,3,20039,0,0.4008,1
40000,39,0,0,500,0,0.0125,0
120000,25,2,6,94635,5400,0.7886,0
200000,25,1,6,133797,14000,0.669,1
30000,29,0,1,22501,2429,0.75,0
260000,33,0,0,2229,1000,0.0086,0
390000,31,0,1,103061,7600,0.2643,0
140000,31,2,2,159164,0,1.1369,1
150000,32,6,6,81341,0,0.5423,0
30000,32,0,0,30096,1494,1.0032,0
90000,36,0,0,91337,4000,1.0149,0
150000,39,0,0,16878,5000,0.1125,0
30000,39,0,1,22215,18243,0.7405,0
200000,36,0,0,138636,5048,0.6932,0
30000,38,0,0,1232,764,0.0411,0
30000,48,0,1,14834,1261,0.4945,1
50000,29,0,0,20103,2000,0.4021,0
310000,29,0,0,26597,1732,0.0858,0
500000,37,1,1,0,2529,0.0,0
500000,36,0,0,27866,1062,0.0557,0
300000,36,0,0,6447,10000,0.0215,0
430000,30,0,0,200364,6215,0.466,0
30000,30,0,1,3836,1016,0.1279,0
30000,31,0,2,26667,1455,0.8889,0
200000,32,0,0,0,0,0.0,0
130000,32,0,0,126741,6100,0.9749,0
120000,33,0,0,2446,326,0.0204,0
170000,31,0,0,20625,1700,0.1213,0
210000,34,0,0,8289,16585,0.0395,0
130000,34,0,0,41379,3057,0.3183,0
420000,35,0,0,67877,3527,0.1616,0
180000,39,0,0,130374,5812,0.7243,0
240000,40,0,0,127919,4000,0.533,0
100000,44,1,4,76725,0,0.7672,1
130000,45,0,0,38222,1612,0.294,0
20000,43,1,6,11501,2000,0.575,1
50000,46,0,0,46746,2100,0.9349,0
70000,38,0,0,19500,1400,0.2786,0
30000,41,0,0,1688,0,0.0563,0
50000,48,0,0,41842,1984,0.8368,1
500000,41,0,0,119455,7012,0.2389,0
200000,41,0,0,504,2502,0.0025,0
120000,42,2,6,25809,4300,0.2151,1
200000,49,0,0,75853,6065,0.3793,0
150000,36,1,3,93658,0,0.6244,1
100000,42,1,3,3256,0,0.0326,0
50000,38,0,2,7980,3000,0.1596,0
50000,36,3,6,47222,2000,0.9444,1
50000,43,0,1,49819,2227,0.9964,1
550000,33,0,0,337733,10000,0.6141,0
30000,35,1,2,0,741,0.0,0
150000,39,0,0,5211,33522,0.0347,0
140000,27,0,3,119692,5000,0.8549,0
50000,48,0,0,55329,1902,1.1066,0
160000,39,0,0,156000,5559,0.975,0
50000,26,0,0,1804,4000,0.0361,0
50000,28,0,0,27888,2000,0.5578,0
110000,33,0,0,0,0,0.0,0
50000,46,2,4,46677,2500,0.9335,1
350000,31,1,2,279767,0,0.7993,0
70000,42,0,0,24133,1702,0.3448,0
210000,38,1,1,0,0,0.0,0
180000,36,0,0,20138,2000,0.1119,0
30000,28,0,2,12430,1200,0.4143,0
630000,31,0,0,447263,20000,0.7099,0
220000,41,0,0,143660,5005,0.653,0
280000,44,0,0,230931,8634,0.8248,0
340000,40,0,0,244451,10000,0.719,0
180000,33,2,1,416,416,0.0023,1
250000,35,0,0,7379,45000,0.0295,0
20000,48,1,6,17100,0,0.855,1
140000,40,0,0,102502,5000,0.7322,0
130000,44,2,4,72181,2700,0.5552,1
120000,38,0,0,65645,15000,0.547,0
360000,42,1,1,0,0,0.0,0
240000,43,0,0,50120,1781,0.2088,0
310000,40,0,0,3268,206,0.0105,0
100000,46,2,6,43677,0,0.4368,1
200000,37,0,0,1324,0,0.0066,0
80000,29,2,6,72674,3300,0.9084,0
210000,32,0,0,19959,1603,0.095,0
180000,31,0,0,0,0,0.0,0
70000,33,0,0,66701,53000,0.9529,0
60000,36,0,0,57724,2000,0.9621,0
200000,49,0,0,950,950,0.0048,0
50000,48,0,0,879,8061,0.0176,0
50000,46,1,4,8354,0,0.1671,1
70000,41,0,1,68953,3000,0.985,0
130000,48,0,0,23575,1300,0.1813,0
140000,47,0,0,0,0,0.0,0
350000,36,0,0,42548,2000,0.1216,0
150000,30,0,0,7674,432,0.0512,0
50000,39,0,0,32802,1497,0.656,0
50000,47,0,0,38909,1000,0.7782,0
30000,36,0,0,11896,1600,0.3965,0
20000,38,0,0,15894,1225,0.7947,0
50000,33,0,0,26740,2000,0.5348,0
30000,47,2,6,15089,1500,0.503,1
230000,47,0,1,8394,5743,0.0365,0
70000,43,2,2,85863,0,1.2266,1
30000,49,0,2,15013,1400,0.5004,0
150000,33,0,1,147350,11150,0.9823,0
40000,38,0,0,19537,1500,0.4884,0
250000,31,0,0,142905,4000,0.5716,0
200000,46,1,4,30783,3058,0.1539,0
190000,31,1,2,-92,2000,-0.0005,0
390000,33,0,0,5602,48329,0.0144,0
20000,36,0,1,14822,3641,0.7411,1
200000,47,0,0,193229,9058,0.9661,0
60000,38,0,0,58890,2620,0.9815,0
30000,39,0,1,28144,2000,0.9381,0
230000,38,0,0,845,53021,0.0037,0
130000,33,0,0,84963,2980,0.6536,0
140000,44,0,0,127254,6050,0.909,1
360000,45,1,1,0,0,0.0,0
20000,31,3,5,6186,0,0.3093,1
100000,35,0,0,1046,2702,0.0105,0
210000,45,1,1,0,0,0.0,0
50000,32,0,0,1442,1444,0.0288,0
380000,44,0,0,365023,14320,0.9606,0
50000,39,0,0,47381,2116,0.9476,0
200000,30,0,0,4690,2028,0.0234,0
50000,30,0,0,46791,1593,0.9358,0
150000,31,0,0,138121,10001,0.9208,0
30000,32,0,0,17168,12155,0.5723,1
30000,34,1,2,29678,0,0.9893,1
110000,39,0,0,132062,5000,1.2006,0
30000,38,0,1,19707,1650,0.6569,0
130000,39,1,1,0,0,0.0,0
260000,39,2,3,238601,0,0.9177,1
30000,43,2,6,28264,2000,0.9421,1
220000,47,0,0,137736,5100,0.6261,0
120000,33,0,0,35563,1426,0.2964,1
100000,43,0,2,51146,5000,0.5115,0
100000,38,0,0,88231,4326,0.8823,1
70000,44,0,0,79696,3100,1.1385,1
20000,46,1,2,13254,0,0.6627,1
320000,36,0,1,7868,0,0.0246,0
210000,45,0,0,209495,8000,0.9976,0
90000,37,0,0,78159,8000,0.8684,0
120000,36,0,1,91914,4260,0.766,0
360000,35,0,0,127548,2145,0.3543,0
140000,30,0,1,93157,4700,0.6654,0
300000,32,0,0,3092,1589,0.0103,0
90000,43,2,2,390,780,0.0043,1
170000,44,1,1,0,4142,0.0,1
190000,46,0,0,140626,8000,0.7401,0
140000,40,0,0,815,8419,0.0058,1
200000,37,0,2,37958,3023,0.1898,0
500000,43,0,0,53477,0,0.107,0
300000,38,0,0,2884,3558,0.0096,0
180000,29,0,0,151652,6000,0.8425,0
360000,44,0,0,2877,1861,0.008,0
90000,32,0,0,68248,2388,0.7583,0
150000,44,0,0,0,0,0.0,0
500000,30,0,0,224387,10100,0.4488,0
80000,29,0,0,24822,1720,0.3103,0
10000,46,1,3,4474,0,0.4474,1
180000,46,0,0,9509,16359,0.0528,0
150000,36,0,0,144833,6041,0.9656,0
80000,44,0,0,14686,3673,0.1836,0
60000,30,1,4,14135,0,0.2356,1
240000,35,0,0,380,380,0.0016,0
50000,35,0,0,10458,37907,0.2092,0
230000,33,0,0,19518,3735,0.0849,0
40000,33,0,0,34253,1567,0.8563,0
250000,33,3,3,2500,0,0.01,1
50000,32,1,4,51132,0,1.0226,0
120000,39,2,6,49437,3500,0.412,1
50000,41,2,6,23043,1700,0.4609,1
60000,38,0,0,55120,1735,0.9187,0
160000,35,0,0,92509,3472,0.5782,0
50000,43,0,0,17870,1500,0.3574,1
400000,48,0,2,1908,0,0.0048,0
50000,39,0,0,49005,6000,0.9801,0
100000,31,0,0,15856,510,0.1586,0
100000,34,0,0,22173,1372,0.2217,0
360000,35,0,0,1555,6000,0.0043,0
30000,41,0,0,12001,1485,0.4,0
50000,32,0,0,36062,1500,0.7212,0
80000,28,2,1,52062,2158,0.6508,1
150000,28,0,0,326,326,0.0022,0
10000,33,2,3,7708,2500,0.7708,0
200000,35,0,0,3773,4000,0.0189,0
30000,42,0,1,836,1672,0.0279,0
220000,37,0,0,152197,6000,0.6918,0
180000,28,0,0,161694,7500,0.8983,0
220000,30,0,0,204491,7000,0.9295,0
220000,29,0,0,0,799,0.0,0
390000,33,0,0,45818,100000,0.1175,0
350000,36,1,1,0,0,0.0,0
560000,45,0,0,374663,13195,0.669,1
240000,37,0,0,173677,8000,0.7237,1
410000,43,0,0,6917,1130,0.0169,0
90000,36,1,1,0,0,0.0,1
30000,31,0,1,28803,1800,0.9601,0
40000,33,1,6,23734,1600,0.5934,1
60000,46,0,0,39518,1870,0.6586,0
390000,41,0,0,216622,7244,0.5554,0
130000,35,0,0,80713,28000,0.6209,0
90000,32,3,4,27565,1800,0.3063,1
300000,36,0,0,147051,6700,0.4902,0
220000,33,0,0,204205,20000,0.9282,0
20000,33,0,4,11391,5000,0.5696,0
140000,35,0,0,119184,14113,0.8513,0
150000,47,0,0,89327,4539,0.5955,0
120000,44,0,0,16735,2000,0.1395,0
200000,37,1,2,7841,0,0.0392,0
20000,40,0,0,4314,1500,0.2157,1
110000,41,2,6,23078,3200,0.2098,1
290000,34,0,0,305781,12012,1.0544,0
210000,45,0,0,124147,5000,0.5912,0
370000,40,0,1,11403,191446,0.0308,0
80000,41,0,0,69964,3082,0.8746,0
200000,42,0,0,1261,1261,0.0063,0
180000,35,0,0,1264,176,0.007,0
260000,35,0,0,131211,4001,0.5047,0
50000,43,0,2,17102,3000,0.342,1
150000,40,0,0,5916,5876,0.0394,0
190000,45,0,0,76433,3300,0.4023,0
160000,42,0,0,13849,40991,0.0866,0
180000,37,0,0,107337,2000,0.5963,0
130000,32,0,0,7469,1138,0.0575,0
30000,47,0,4,27119,2894,0.904,0
100000,36,1,5,32196,0,0.322,1
20000,37,1,3,16174,0,0.8087,1
100000,43,0,0,1597,2491,0.016,0
20000,40,0,0,10470,1145,0.5235,0
20000,35,2,4,5890,1500,0.2945,1
20000,48,0,0,17332,1580,0.8666,0
50000,42,2,3,31422,1521,0.6284,1
110000,38,2,3,41619,0,0.3784,1
60000,48,0,0,50806,2000,0.8468,1
50000,35,1,2,50421,0,1.0084,0
200000,40,2,3,185696,0,0.9285,1
360000,48,0,0,0,0,0.0,0
110000,35,0,0,46640,1600,0.424,0
230000,46,0,0,207,4999,0.0009,0
180000,39,0,0,2875,0,0.016,0
180000,31,0,0,0,1152,0.0,0
50000,42,0,0,48080,1763,0.9616,0
570000,39,0,0,2394,3882,0.0042,0
30000,45,1,6,13440,1000,0.448,0
140000,46,0,0,264,1024,0.0019,0
50000,44,0,0,3351,1077,0.067,1
50000,35,0,3,44487,4000,0.8897,1
120000,35,1,1,0,0,0.0,1
120000,35,0,0,2776,2549,0.0231,1
50000,45,0,0,330,330,0.0066,0
180000,40,0,0,899,2879,0.005,0
80000,42,0,0,71650,0,0.8956,0
300000,43,0,0,-763,1000,-0.0025,0
80000,37,0,0,1330,0,0.0166,0
70000,34,2,1,71332,2744,1.019,1
320000,40,0,0,96225,5000,0.3007,0
500000,35,0,0,12590,1225,0.0252,0
250000,35,0,0,4807,10446,0.0192,0
230000,46,0,0,8136,1500,0.0354,0
80000,45,0,0,35401,1587,0.4425,0
170000,40,2,2,193,3760,0.0011,1
110000,31,0,0,89955,7908,0.8178,0
240000,31,0,0,43601,0,0.1817,0
150000,46,0,0,61510,2240,0.4101,0
90000,37,0,0,91193,7006,1.0133,0
100000,36,2,1,101483,4500,1.0148,1
30000,42,2,2,30149,0,1.005,1
80000,40,2,1,80934,3800,1.0117,1
260000,49,0,0,8046,2184,0.0309,1
200000,43,0,0,623,623,0.0031,0
20000,39,2,6,15307,0,0.7654,1
160000,31,0,1,1494,2,0.0093,1
70000,38,1,6,21047,1700,0.3007,0
20000,43,0,0,6459,1123,0.323,0
200000,45,0,0,632,337,0.0032,0
440000,49,0,0,386288,14453,0.8779,0
20000,43,4,4,20461,0,1.023,0
110000,35,0,0,107905,4000,0.981,0
130000,44,0,0,122264,3541,0.9405,0
50000,33,0,2,40738,4200,0.8148,0
290000,35,0,0,0,0,0.0,1
480000,38,0,0,4658,6000,0.0097,0
310000,29,0,0,976,0,0.0031,0
30000,30,0,1,24061,1800,0.802,1
500000,39,1,1,-397,2200,-0.0008,0
80000,31,0,2,51160,4500,0.6395,0
100000,32,0,0,74136,3200,0.7414,0
70000,37,0,0,74117,2589,1.0588,0
210000,43,0,0,91152,3348,0.4341,0
180000,43,0,0,780,0,0.0043,0
50000,43,0,1,51229,2100,1.0246,0
60000,34,0,0,39505,5000,0.6584,0
50000,40,0,0,4860,8389,0.0972,0
70000,38,1,2,59020,50,0.8431,0
50000,36,0,0,81793,2682,1.6359,0
350000,42,0,0,360,360,0.001,0
170000,45,0,0,156993,8000,0.9235,0
180000,32,1,4,146549,7641,0.8142,0
220000,30,0,0,213525,6439,0.9706,0
80000,30,2,6,40654,2000,0.5082,1
360000,33,0,0,30198,30000,0.0839,0
500000,31,0,0,1779,644,0.0036,0
410000,31,0,0,309531,11270,0.755,0
80000,32,0,2,4927,0,0.0616,1
180000,33,2,6,118656,10000,0.6592,1
280000,31,0,0,410,3977,0.0015,0
20000,31,0,0,416,416,0.0208,0
30000,31,3,5,29078,0,0.9693,1
200000,31,0,0,1203,0,0.006,0
180000,32,0,2,10831,7201,0.0602,1
140000,33,2,1,130104,4900,0.9293,0
130000,29,0,1,86584,4100,0.666,0
20000,30,0,0,3366,0,0.1683,0
120000,29,0,1,632,0,0.0053,1
50000,30,0,0,35758,3000,0.7152,0
310000,30,0,0,13768,4000,0.0444,0
420000,30,0,0,46209,1543,0.11,0
60000,30,0,0,10809,3160,0.1802,0
140000,30,1,1,0,0,0.0,0
80000,30,2,6,56761,3700,0.7095,1
220000,31,0,0,79226,3900,0.3601,0
360000,33,0,0,11596,1058,0.0322,0
290000,29,0,0,10370,1400,0.0358,0
260000,30,1,2,96549,0,0.3713,0
170000,29,0,0,24717,3000,0.1454,0
200000,34,0,0,0,0,0.0,1
140000,35,0,0,127794,4317,0.9128,0
170000,39,0,0,161277,5856,0.9487,0
220000,45,0,0,142389,6200,0.6472,0
230000,44,0,0,756,0,0.0033,1
360000,38,0,0,1638,3060,0.0046,0
340000,36,0,0,242518,8849,0.7133,0
360000,37,0,0,0,0,0.0,1
90000,42,0,0,91240,4895,1.0138,0
130000,47,2,6,123896,0,0.953,1
80000,41,0,0,390,390,0.0049,1
400000,41,0,0,104083,8,0.2602,0
240000,43,0,0,225159,20000,0.9382,0
10000,46,1,6,7660,1306,0.766,1
240000,41,0,0,3087,10839,0.0129,0
130000,40,0,0,989,991,0.0076,0
20000,44,0,3,20313,3030,1.0156,0
80000,40,0,0,37123,2072,0.464,0
250000,39,0,0,210262,10073,0.841,0
30000,44,1,6,28864,2000,0.9621,0
280000,42,0,0,255527,273844,0.9126,0
290000,49,0,1,-236,0,-0.0008,0
500000,46,0,0,24239,15000,0.0485,0
80000,40,1,3,63340,6,0.7917,0
120000,47,0,0,97989,5100,0.8166,0
80000,48,0,0,49526,1740,0.6191,0
210000,41,0,0,227271,9000,1.0822,0
100000,30,2,4,96604,0,0.966,1
210000,41,1,1,-28,0,-0.0001,0
500000,44,0,0,193136,6610,0.3863,0
230000,39,0,0,63370,2305,0.2755,0
110000,40,0,0,23303,1511,0.2118,0
210000,46,0,0,112901,4910,0.5376,0
320000,35,0,0,61687,3500,0.1928,0
140000,37,0,0,143118,6400,1.0223,0
40000,48,0,0,38549,2000,0.9637,0
280000,35,2,1,47,99007,0.0002,0
220000,47,0,0,210753,6426,0.958,0
250000,37,0,0,59023,45000,0.2361,0
70000,34,0,0,36467,5000,0.521,0
70000,35,0,0,59795,2479,0.8542,0
300000,47,0,0,514,2392,0.0017,1
50000,40,0,0,117191,2325,2.3438,0
70000,36,0,0,79640,3000,1.1377,0
50000,35,0,0,49930,2300,0.9986,0
250000,35,2,1,92966,1641,0.3719,1
120000,34,0,0,119287,4400,0.9941,0
70000,35,2,6,51143,3500,0.7306,1
440000,40,0,0,416044,16500,0.9456,0
280000,41,0,0,96590,5000,0.345,0
360000,42,0,0,174857,10000,0.4857,0
150000,43,0,0,885,123,0.0059,0
300000,44,0,0,0,0,0.0,1
20000,42,1,4,8395,0,0.4198,0
380000,38,0,0,12538,1000,0.033,0
340000,44,0,0,240851,8297,0.7084,0
210000,41,0,0,165425,8000,0.7877,0
60000,41,2,2,56483,2203,0.9414,1
130000,46,0,0,15393,1593,0.1184,0
340000,43,0,0,15928,3000,0.0468,0
170000,49,0,0,12769,3557,0.0751,0
360000,43,0,2,9011,4045,0.025,0
60000,35,2,6,3167,2500,0.0528,0
360000,37,0,0,5625,368,0.0156,0
280000,41,0,0,9551,5000,0.0341,0
240000,34,0,1,2799,855,0.0117,0
120000,34,0,1,17067,0,0.1422,0
90000,33,0,1,92725,8500,1.0303,0
100000,34,0,0,101620,4000,1.0162,0
410000,34,1,1,0,0,0.0,0
190000,43,2,1,191869,7305,1.0098,0
220000,36,0,1,184765,9000,0.8398,0
90000,44,2,6,15089,2500,0.1677,1
120000,30,0,0,170263,5520,1.4189,0
10000,50,3,6,600,0,0.06,1
500000,50,0,0,378981,20002,0.758,0
120000,51,0,0,4777,62462,0.0398,0
120000,50,0,1,38261,23000,0.3188,0
220000,51,0,2,2262,2276,0.0103,1
240000,50,0,1,978,193,0.0041,0
150000,36,1,1,0,990,0.0,0
500000,50,0,0,21794,12610,0.0436,0
150000,50,0,0,6350,0,0.0423,0
60000,49,0,0,58928,2500,0.9821,0
30000,50,2,4,29468,1000,0.9823,1
320000,53,0,0,319711,3000,0.9991,0
470000,61,0,0,228,5241,0.0005,0
440000,51,0,0,26106,8999,0.0593,0
50000,51,0,4,44664,4110,0.8933,0
220000,51,0,0,36022,3010,0.1637,0
360000,54,1,1,0,0,0.0,0
90000,58,0,0,5563,0,0.0618,0
50000,60,2,3,46554,5000,0.9311,1
50000,56,0,0,50586,2000,1.0117,0
290000,58,1,4,68445,0,0.236,0
350000,50,0,0,263390,10532,0.7525,1
110000,52,1,3,23969,0,0.2179,0
40000,53,0,2,4621,2150,0.1155,1
50000,59,1,1,-639,0,-0.0128,1
110000,55,0,2,632,0,0.0057,0
360000,70,0,2,1960,800,0.0054,0
200000,63,0,2,632,0,0.0032,1
140000,53,0,0,8068,1535,0.0576,0
80000,61,1,1,0,0,0.0,1
260000,56,0,0,2338,0,0.009,0
340000,56,0,0,5610,5399,0.0165,1
30000,58,1,6,11223,0,0.3741,1
30000,54,2,6,22147,3000,0.7382,0
440000,50,0,0,250825,10043,0.5701,0
10000,52,0,5,2465,1200,0.2465,0
230000,55,0,0,7302,2001,0.0317,0
50000,61,0,0,2020,0,0.0404,0
150000,54,0,0,138765,4772,0.9251,0
330000,55,0,0,21333,5000,0.0646,0
370000,50,0,0,48303,124174,0.1305,0
130000,53,0,0,101156,3615,0.7781,0
10000,51,3,6,2400,0,0.24,1
360000,54,0,0,277688,10450,0.7714,0
20000,61,1,1,0,0,0.0,1
180000,52,0,0,173065,5902,0.9615,0
80000,62,0,0,36088,2100,0.4511,0
50000,55,2,1,41696,1674,0.8339,1
150000,64,1,2,157231,3,1.0482,0
30000,56,1,6,25158,0,0.8386,0
50000,52,0,0,5976,2000,0.1195,0
20000,56,0,0,17977,3000,0.8988,0
130000,55,0,0,116336,10063,0.8949,0
320000,53,0,0,188373,276698,0.5887,0
300000,62,0,0,0,0,0.0,0
330000,53,0,0,304922,14000,0.924,0
50000,53,0,0,51320,1952,1.0264,0
70000,60,0,0,10083,1184,0.144,0
70000,58,0,0,70012,2418,1.0002,0
100000,58,0,0,96821,3589,0.9682,0
110000,54,2,4,95090,3400,0.8645,1
100000,58,2,3,86654,3500,0.8665,1
160000,53,1,3,0,0,0.0,0
70000,55,0,0,4664,1100,0.0666,0
60000,59,4,6,54506,4000,0.9084,0
80000,61,0,0,74156,3000,0.927,0
100000,60,0,2,2178,7300,0.0218,0
230000,66,1,1,0,0,0.0,1
60000,64,0,0,15463,1410,0.2577,0
160000,58,0,0,1443,1443,0.009,0
30000,55,0,0,13532,1647,0.4511,1
310000,62,2,6,327289,12500,1.0558,0
60000,46,0,0,57487,2706,0.9581,0
50000,64,2,4,28433,0,0.5687,0
140000,58,2,1,98985,4520,0.707,0
20000,27,0,1,780,0,0.039,0
10000,38,1,1,-58,0,-0.0058,0
80000,29,0,0,10278,1085,0.1285,0
50000,24,0,0,40751,1627,0.815,0
160000,51,2,2,65312,4000,0.4082,1
500000,51,1,1,0,0,0.0,0
470000,54,1,2,358581,0,0.7629,0
210000,54,0,0,1494,6555,0.0071,0
50000,23,0,1,1789,2500,0.0358,1
30000,24,2,1,29015,1400,0.9672,1
50000,23,0,0,18666,2000,0.3733,0
80000,24,0,0,77225,3649,0.9653,0
30000,23,2,6,27172,1800,0.9057,1
80000,24,0,0,52991,2121,0.6624,0
150000,28,0,0,5797,436,0.0386,0
170000,27,0,0,169106,5000,0.9947,0
220000,30,0,0,15872,20066,0.0721,0
30000,35,2,4,18915,2000,0.6305,1
100000,23,0,0,291,291,0.0029,0
10000,24,3,6,1050,0,0.105,1
140000,24,0,0,6312,0,0.0451,1
50000,24,1,6,25932,1800,0.5186,0
20000,22,0,1,8785,1142,0.4392,0
10000,22,1,6,6829,0,0.6829,1
50000,24,0,0,49989,1800,0.9998,0
10000,22,1,1,0,7492,0.0,0
30000,23,0,0,30620,2000,1.0207,0
50000,23,0,0,49283,1781,0.9857,0
100000,24,0,0,87478,3500,0.8748,1
20000,24,0,0,18661,1400,0.933,0
20000,25,0,0,17584,3000,0.8792,0
100000,25,0,0,49199,1000,0.492,0
50000,25,1,2,15491,1000,0.3098,1
100000,24,0,0,33921,1563,0.3392,0
30000,25,2,2,23421,1500,0.7807,1
50000,25,0,0,42238,1807,0.8448,1
50000,25,0,0,-1587,0,-0.0317,1
50000,25,0,0,60200,2000,1.204,0
50000,23,0,0,42407,7275,0.8481,0
50000,25,0,0,48848,1845,0.977,0
50000,25,0,0,50547,1900,1.0109,0
380000,26,0,0,64900,2600,0.1708,0
50000,24,2,2,5524,1500,0.1105,1
30000,24,2,4,31529,0,1.051,0
150000,25,0,0,890,0,0.0059,0
180000,25,0,0,12891,1600,0.0716,0
80000,26,0,0,79558,3694,0.9945,1
110000,24,2,6,98428,5500,0.8948,1
30000,25,0,0,23075,2000,0.7692,0
110000,25,0,2,23459,4000,0.2133,1
280000,26,0,0,51951,25486,0.1855,0
10000,23,0,0,5583,5000,0.5583,1
10000,23,0,0,1473,1863,0.1473,0
20000,24,2,6,16239,600,0.8119,0
170000,26,0,0,85914,10050,0.5054,0
20000,26,3,3,21667,0,1.0834,1
130000,22,0,0,120479,5601,0.9268,0
200000,26,2,6,196979,7800,0.9849,1
250000,26,0,0,115497,3835,0.462,0
80000,27,0,1,48329,5004,0.6041,0
180000,27,0,0,3210,12000,0.0178,0
120000,28,0,0,70124,3000,0.5844,0
20000,26,1,4,16167,0,0.8084,0
150000,26,0,0,26443,2000,0.1763,0
190000,26,0,0,2204,1800,0.0116,0
210000,27,0,0,42585,8000,0.2028,0
180000,27,0,0,147310,7503,0.8184,0
50000,28,0,1,48431,1700,0.9686,0
140000,25,0,0,92465,3500,0.6605,0
80000,26,0,0,2970,0,0.0371,0
80000,27,0,0,81752,3069,1.0219,1
80000,25,2,1,76915,3149,0.9614,0
20000,28,0,0,8723,2000,0.4362,0
10000,26,3,6,2400,0,0.24,1
30000,26,1,6,14773,0,0.4924,1
240000,27,0,0,19365,5534,0.0807,0
50000,28,1,1,-727,53860,-0.0145,0
90000,26,0,1,481,1000,0.0053,1
60000,28,0,0,40784,2001,0.6797,0
100000,28,0,0,9125,2000,0.0912,1
120000,28,0,0,4660,6074,0.0388,0
10000,28,0,0,1474,1196,0.1474,0
70000,28,1,6,26357,1600,0.3765,1
60000,28,0,0,26129,5000,0.4355,0
130000,29,0,0,120000,0,0.9231,0
30000,30,3,6,2400,0,0.08,1
360000,30,0,0,2020,28057,0.0056,0
80000,30,0,0,31299,20000,0.3912,0
20000,27,0,0,15993,1600,0.7996,0
50000,28,0,1,8608,2000,0.1722,0
80000,27,1,1,0,0,0.0,1
150000,27,0,0,390,0,0.0026,0
60000,27,0,1,26437,1701,0.4406,0
220000,28,0,0,59247,6000,0.2693,0
10000,23,0,0,5807,1270,0.5807,0
50000,26,2,1,49586,2268,0.9917,0
50000,26,0,0,48924,2200,0.9785,0
220000,28,0,0,22399,3000,0.1018,0
450000,29,1,1,1261,1261,0.0028,0
240000,33,1,4,172618,6765,0.7192,0
500000,29,0,0,39345,2014,0.0787,0
170000,28,0,0,56061,2051,0.3298,0
100000,29,2,2,43531,2600,0.4353,1
60000,29,0,1,816,2440,0.0136,0
200000,30,0,0,6589,3449,0.0329,0
200000,27,2,1,189605,14635,0.948,1
20000,28,0,2,3202,2000,0.1601,0
40000,27,1,3,41520,0,1.038,1
110000,27,0,0,87487,5000,0.7953,0
10000,27,0,0,10128,1151,1.0128,0
100000,28,0,0,32480,1600,0.3248,0
50000,28,1,3,52753,0,1.0551,0
30000,28,0,0,11064,1159,0.3688,0
30000,28,1,1,0,0,0.0,0
50000,29,3,6,400,0,0.008,0
20000,29,1,2,5957,0,0.2978,1
50000,30,0,0,26666,2000,0.5333,0
60000,28,2,3,61743,2800,1.029,1
50000,32,0,1,1473,5486,0.0295,1
130000,34,2,4,69388,3000,0.5338,1
20000,25,0,3,14193,2850,0.7096,1
100000,28,2,2,58566,5100,0.5857,1
20000,38,0,0,8337,3000,0.4168,1
150000,44,0,0,151009,6913,1.0067,0
70000,33,0,0,62615,2870,0.8945,0
250000,40,0,0,7351,3039,0.0294,0
50000,32,2,6,38023,2500,0.7605,1
90000,34,0,0,86371,3073,0.9597,1
90000,32,0,0,73814,3700,0.8202,0
120000,33,2,6,87310,4300,0.7276,1
240000,25,0,0,24640,1700,0.1027,0
50000,25,0,0,43785,1795,0.8757,1
100000,29,2,6,81839,3200,0.8184,1
390000,49,0,0,282849,12000,0.7253,0
50000,36,2,1,47097,1796,0.9419,1
40000,44,2,6,24262,3100,0.6066,1
190000,38,0,0,194670,9000,1.0246,0
10000,40,3,6,1050,0,0.105,1
10000,44,0,1,6696,2668,0.6696,0
180000,30,0,0,4027,2130,0.0224,0
230000,31,0,0,170041,9800,0.7393,0
20000,31,0,1,12214,2000,0.6107,0
230000,32,2,3,253935,10183,1.1041,1
200000,32,0,0,190530,9000,0.9526,0
470000,34,0,0,57566,5344,0.1225,0
150000,45,0,0,108434,3000,0.7229,0
70000,37,0,0,71742,2721,1.0249,0
50000,37,0,0,49473,2314,0.9895,0
80000,35,0,0,75734,20000,0.9467,0
330000,40,0,0,309055,12500,0.9365,0
140000,33,0,0,133336,5000,0.9524,0
70000,44,2,6,43314,2025,0.6188,1
280000,32,0,0,35038,2000,0.1251,0
150000,30,0,0,80220,3095,0.5348,0
80000,35,0,0,79875,4000,0.9984,0
120000,42,0,3,7722,2000,0.0644,1
50000,45,0,1,14488,1558,0.2898,0
230000,43,0,1,3472,1061,0.0151,0
160000,36,1,1,0,0,0.0,0
50000,37,0,0,28951,1765,0.579,0
100000,49,0,0,82214,2659,0.8221,0
200000,43,2,6,94529,0,0.4726,1
170000,36,1,2,158954,7,0.935,0
50000,43,0,0,25387,1374,0.5077,0
200000,46,0,0,0,0,0.0,0
200000,39,0,0,1543,1109,0.0077,0
50000,41,0,0,43383,1992,0.8677,0
50000,45,0,0,35962,1857,0.7192,0
300000,39,0,0,29997,598,0.1,0
130000,32,0,0,21395,10000,0.1646,0
80000,33,2,6,67206,0,0.8401,1
120000,34,0,1,32773,1509,0.2731,0
140000,32,0,0,130134,5000,0.9295,1
220000,48,0,1,113061,5600,0.5139,0
70000,32,0,0,71336,3609,1.0191,1
20000,45,0,0,18416,1303,0.9208,0
200000,49,1,1,0,492,0.0,0
20000,31,1,6,6313,500,0.3156,1
510000,32,0,0,63573,2900,0.1247,0
450000,34,0,2,42713,0,0.0949,0
50000,34,0,0,45459,2000,0.9092,0
120000,48,0,0,61673,2345,0.5139,0
50000,45,1,1,0,0,0.0,1
280000,31,0,0,4821,1017,0.0172,0
30000,33,4,6,22303,0,0.7434,1
20000,35,1,3,5659,0,0.283,0
80000,42,0,0,78216,2115,0.9777,0
120000,45,0,0,52574,2000,0.4381,0
370000,38,0,0,189567,8000,0.5123,0
50000,45,0,0,30359,2000,0.6072,0
20000,39,0,0,30892,5000,1.5446,0
160000,36,0,0,59675,3000,0.373,0
170000,44,0,0,167077,12275,0.9828,0
100000,36,0,0,2069,1500,0.0207,0
210000,42,0,0,2827,3527,0.0135,0
100000,32,0,0,54483,2460,0.5448,0
230000,33,0,0,213859,9285,0.9298,1
240000,38,0,2,6333,0,0.0264,0
240000,36,0,0,135053,10000,0.5627,0
50000,48,2,5,42850,1000,0.857,1
80000,46,0,0,79707,3542,0.9963,0
50000,41,0,0,94962,4200,1.8992,0
50000,36,0,0,43900,2268,0.878,0
440000,37,0,0,186061,50000,0.4229,0
220000,42,0,0,26595,9000,0.1209,0
70000,30,0,0,16163,1000,0.2309,0
240000,32,0,0,3162,3162,0.0132,0
360000,42,0,0,52460,3000,0.1457,0
360000,32,0,0,8971,2303,0.0249,0
80000,33,0,1,251594,13000,3.1449,0
30000,36,1,4,13208,1000,0.4403,1
160000,37,1,3,99793,4300,0.6237,1
150000,39,2,1,155896,5500,1.0393,1
100000,30,0,0,55776,3000,0.5578,0
70000,33,1,6,26181,12000,0.374,0
300000,35,0,0,242168,40006,0.8072,0
90000,39,2,6,26493,4000,0.2944,1
800000,46,0,0,6229,4644,0.0078,0
360000,40,0,0,36560,11028,0.1016,0
90000,41,1,3,86699,0,0.9633,1
300000,43,0,0,303747,11500,1.0125,1
30000,46,1,2,19523,0,0.6508,1
50000,37,0,0,48566,2088,0.9713,0
110000,30,2,4,54404,4000,0.4946,1
80000,37,0,0,155342,6000,1.9418,0
140000,31,0,2,134039,13650,0.9574,0
50000,44,0,0,48659,1345,0.9732,0
20000,40,0,2,13195,1238,0.6597,0
50000,46,0,0,48060,2326,0.9612,0
50000,34,1,1,0,0,0.0,0
130000,48,3,6,120326,5000,0.9256,1
90000,45,0,1,46608,4500,0.5179,0
30000,44,0,0,2180,0,0.0727,0
50000,49,0,0,33346,2000,0.6669,1
170000,39,0,0,0,0,0.0,0
290000,31,2,1,45021,2700,0.1552,1
20000,47,0,0,16013,1419,0.8006,0
180000,38,2,3,114091,12100,0.6338,1
360000,35,1,1,396,396,0.0011,0
20000,31,0,0,7222,10009,0.3611,0
140000,33,0,0,279184,7000,1.9942,0
90000,34,0,0,53105,2525,0.5901,0
120000,40,0,0,35671,2000,0.2973,0
160000,31,0,0,24465,7751,0.1529,0
280000,32,2,6,204057,0,0.7288,1
500000,46,0,0,991,4082,0.002,0
100000,38,2,1,106989,3910,1.0699,1
160000,31,0,0,108963,4500,0.681,0
20000,42,0,0,14124,1249,0.7062,0
400000,39,2,6,49354,2500,0.1234,0
30000,45,2,6,28854,2372,0.9618,0
50000,47,0,0,2840,1000,0.0568,0
70000,40,1,2,79237,0,1.132,0
110000,42,1,4,45461,0,0.4133,0
50000,44,0,0,50677,4000,1.0135,0
170000,40,0,0,4599,3409,0.0271,0
30000,33,0,0,28700,1800,0.9567,0
50000,29,0,0,9527,2000,0.1905,0
50000,30,0,2,780,0,0.0156,1
90000,44,1,1,0,0,0.0,1
110000,40,0,1,31042,3454,0.2822,0
240000,46,0,0,47379,3000,0.1974,0
360000,42,0,0,0,4435,0.0,0
290000,45,0,0,212643,6755,0.7333,0
180000,39,0,0,5086,5668,0.0283,0
180000,43,0,0,158843,6029,0.8825,0
50000,43,0,0,47669,2000,0.9534,0
500000,47,0,0,21376,20473,0.0428,0
50000,35,0,2,5219,2500,0.1044,1
50000,37,5,4,54078,0,1.0816,0
400000,32,0,0,525,1610,0.0013,0
240000,34,0,0,225709,8544,0.9405,0
150000,31,0,0,64276,3500,0.4285,0
50000,31,3,6,15208,0,0.3042,1
150000,34,1,1,0,347,0.0,0
50000,41,0,1,2602,10000,0.052,1
360000,40,0,0,3457,2020,0.0096,0
100000,38,2,5,72437,4000,0.7244,1
30000,44,2,2,44072,0,1.4691,0
260000,36,0,0,16751,10000,0.0644,0
140000,29,0,1,140933,5503,1.0067,0
30000,48,0,0,1261,1261,0.042,0
60000,36,2,6,48547,2000,0.8091,1
10000,29,1,5,8393,1000,0.8393,0
110000,34,2,6,86345,4504,0.785,1
40000,34,0,2,38849,3600,0.9712,1
50000,47,2,1,49386,1818,0.9877,1
50000,40,0,0,44310,3003,0.8862,0
350000,32,0,0,227873,10156,0.6511,1
450000,34,0,0,260733,20255,0.5794,0
50000,42,0,0,49495,3000,0.9899,0
170000,39,0,0,54397,2009,0.32,0
100000,41,1,2,96310,0,0.9631,0
140000,36,0,0,39598,2200,0.2828,0
250000,29,1,3,0,5023,0.0,0
130000,29,1,1,0,0,0.0,0
130000,33,2,3,1183,2000,0.0091,0
360000,36,0,0,222,1256,0.0006,1
270000,39,0,0,18232,14341,0.0675,0
140000,40,0,1,139934,6500,0.9995,0
150000,32,0,0,151594,4523,1.0106,0
200000,33,0,0,1431,1491,0.0072,0
280000,34,0,0,188698,6337,0.6739,0
80000,35,2,1,88027,3264,1.1003,1
240000,40,0,0,245311,8491,1.0221,0
20000,42,3,6,1050,0,0.0525,1
300000,38,0,0,113807,4511,0.3794,0
250000,41,0,4,173,0,0.0007,1
50000,49,0,0,48135,1314,0.9627,1
50000,41,0,4,5620,42100,0.1124,0
30000,39,2,6,25999,0,0.8666,1
240000,38,2,2,2500,0,0.0104,1
200000,40,0,4,154090,21000,0.7704,1
50000,39,0,0,57436,2055,1.1487,0
210000,38,0,0,280,0,0.0013,0
280000,42,1,1,0,0,0.0,0
200000,33,0,0,223147,8376,1.1157,0
300000,41,0,0,163033,5505,0.5434,0
420000,36,0,3,9464,40146,0.0225,0
350000,34,0,0,259524,8432,0.7415,0
120000,43,2,6,41439,2000,0.3453,1
110000,48,2,4,65070,5500,0.5915,1
20000,31,1,1,0,150,0.0,0
100000,32,0,0,81210,3019,0.8121,0
240000,36,0,0,0,0,0.0,1
130000,37,0,0,22335,1617,0.1718,0
170000,48,0,0,6203,5079,0.0365,0
60000,42,2,5,4136,2300,0.0689,1
200000,42,0,1,151392,7000,0.757,0
210000,48,0,0,186004,8100,0.8857,0
100000,35,0,0,95271,3558,0.9527,0
380000,37,0,0,83852,13014,0.2207,0
240000,38,0,1,6865,2000,0.0286,0
150000,33,0,4,53224,5000,0.3548,0
60000,35,0,1,34604,1900,0.5767,0
350000,37,0,0,219376,7669,0.6268,0
300000,33,0,0,250,1280,0.0008,0
160000,42,0,0,75847,30000,0.474,0
130000,37,0,0,91390,5000,0.703,0
50000,38,0,0,4269,1288,0.0854,0
270000,40,0,0,42598,3036,0.1578,1
90000,36,0,1,87678,3573,0.9742,0
240000,37,0,0,4081,7644,0.017,0
450000,45,0,0,201015,10000,0.4467,0
280000,36,0,1,10831,4216,0.0387,1
270000,38,0,0,0,0,0.0,0
10000,46,3,6,1050,0,0.105,1
50000,37,0,1,45553,6324,0.9111,0
100000,33,0,3,34139,5000,0.3414,0
190000,32,0,0,183594,15000,0.9663,1
240000,33,0,0,85603,2500,0.3567,0
220000,33,0,1,171182,7000,0.7781,0
500000,42,0,0,47556,2016,0.0951,0
300000,32,0,2,8077,2800,0.0269,1
500000,30,0,0,3317,11393,0.0066,0
200000,30,0,0,8985,805,0.0449,0
260000,31,0,0,3113,1300,0.012,0
160000,31,0,0,50901,4000,0.3181,0
340000,31,0,0,85292,17241,0.2509,0
500000,32,0,0,65736,2425,0.1315,0
310000,32,1,3,310392,56,1.0013,0
360000,30,0,0,1431,3933,0.004,0
110000,36,2,1,36152,2000,0.3287,1
390000,36,0,0,8040,7857,0.0206,0
140000,31,0,0,4900,393,0.035,0
30000,32,0,0,27995,1456,0.9332,0
200000,33,1,1,-168,1000,-0.0008,0
110000,40,0,0,101781,3700,0.9253,0
20000,35,2,3,20547,1250,1.0274,1
210000,41,2,6,85639,4200,0.4078,1
380000,42,0,0,2588,39529,0.0068,0
70000,42,0,0,25317,2000,0.3617,0
20000,32,0,0,14549,1306,0.7274,0
260000,32,0,1,2112,733,0.0081,0
200000,46,0,0,53643,1765,0.2682,0
190000,36,0,0,154456,6176,0.8129,1
50000,42,0,0,47282,2500,0.9456,0
20000,35,0,0,17042,1500,0.8521,0
400000,49,0,0,749,1530,0.0019,0
280000,49,0,0,236168,11000,0.8435,0
60000,38,2,4,33044,0,0.5507,1
250000,47,0,0,0,0,0.0,0
400000,41,0,0,11461,5877,0.0287,0
180000,46,0,0,97660,6000,0.5426,0
50000,45,0,0,51132,2800,1.0226,0
220000,39,0,0,103159,5000,0.4689,0
50000,35,0,0,3056,0,0.0611,0
20000,61,3,3,1930,0,0.0965,0
100000,44,0,1,11509,1270,0.1151,0
500000,44,0,0,48533,2200,0.0971,0
120000,38,0,2,500,0,0.0042,0
360000,37,0,0,-40,8187,-0.0001,0
440000,48,0,0,23424,3000,0.0532,0
240000,30,0,0,13989,7976,0.0583,0
200000,45,0,0,3659,1718,0.0183,0
50000,46,0,0,4270,1600,0.0854,0
260000,44,2,2,802,4541,0.0031,1
300000,35,0,1,142378,8000,0.4746,1
130000,37,0,0,923,1632,0.0071,0
50000,48,0,1,4975,2000,0.0995,1
20000,36,0,0,18786,1615,0.9393,0
20000,36,0,1,16736,1700,0.8368,0
50000,45,0,0,43469,2015,0.8694,0
70000,39,2,6,33521,3350,0.4789,1
70000,45,2,1,68722,3100,0.9817,0
450000,38,0,0,322402,15000,0.7164,0
70000,40,0,0,5481,1113,0.0783,0
120000,45,0,0,123772,6000,1.0314,0
80000,33,0,0,32394,23185,0.4049,0
20000,40,1,6,8545,1923,0.4272,1
230000,42,0,0,26644,1440,0.1158,0
480000,49,0,0,449336,17124,0.9361,0
490000,42,0,0,283484,10000,0.5785,0
310000,42,0,0,286506,9297,0.9242,0
100000,33,0,0,68073,5000,0.6807,0
260000,39,0,0,248880,10611,0.9572,0
360000,43,1,1,-985,10000,-0.0027,0
500000,48,1,1,-471,0,-0.0009,0
160000,34,0,0,0,150,0.0,0
360000,34,0,0,304883,15000,0.8469,0
320000,36,0,0,154188,5000,0.4818,0
210000,42,0,0,0,1145,0.0,0
140000,41,0,0,44635,2000,0.3188,0
20000,39,0,0,13231,1300,0.6616,1
300000,50,0,0,301731,60000,1.0058,1
130000,50,0,2,122079,7700,0.9391,0
200000,50,0,4,119657,11754,0.5983,0
120000,51,2,2,137965,0,1.1497,1
50000,52,0,0,49854,2500,0.9971,0
180000,51,0,0,40310,2000,0.2239,0
230000,53,1,1,0,0,0.0,1
10000,50,0,3,4674,2000,0.4674,0
20000,49,2,4,13380,400,0.669,1
200000,48,0,0,111664,4080,0.5583,0
360000,49,1,2,3295,0,0.0092,0
210000,53,0,0,170760,7700,0.8131,0
80000,53,2,4,6469,2600,0.0809,1
60000,51,0,0,27293,1450,0.4549,0
100000,56,1,6,51021,4388,0.5102,0
20000,62,2,6,17072,0,0.8536,0
50000,54,2,6,35068,0,0.7014,1
300000,56,0,0,110350,4052,0.3678,0
140000,50,0,1,143090,5411,1.0221,0
120000,59,0,0,68646,2144,0.572,0
400000,57,0,0,17253,160002,0.0431,0
50000,58,2,1,7831,1123,0.1566,0
90000,56,0,0,58438,2572,0.6493,0
60000,57,0,0,59617,3099,0.9936,0
260000,51,0,0,62635,6000,0.2409,0
80000,52,0,2,27308,3000,0.3414,0
160000,55,0,0,-64,0,-0.0004,0
10000,51,0,1,7282,1311,0.7282,0
190000,50,1,6,19871,0,0.1046,1
160000,51,0,3,131124,5000,0.8195,0
20000,49,3,4,16066,0,0.8033,0
300000,57,1,1,0,176,0.0,0
440000,79,0,0,429309,15715,0.9757,0
50000,54,1,2,48679,0,0.9736,0
350000,50,0,0,348938,11000,0.997,0
60000,50,0,0,59703,2047,0.995,0
50000,47,2,1,10492,1600,0.2098,1
30000,52,2,2,30119,0,1.004,1
150000,52,0,0,227634,18000,1.5176,0
100000,60,0,2,4814,3591,0.0481,1
350000,55,0,0,3297,11637,0.0094,0
80000,52,0,0,75113,3500,0.9389,0
80000,55,0,0,80037,63000,1.0005,0
10000,54,4,6,7936,0,0.7936,1
210000,66,0,1,780,0,0.0037,1
500000,62,1,1,0,0,0.0,0
20000,61,3,6,18618,0,0.9309,1
330000,54,0,0,3027,2386,0.0092,0
250000,58,0,0,1635,1025,0.0065,0
420000,54,0,1,1003,1632,0.0024,0
90000,53,0,0,24782,3000,0.2754,1
180000,52,0,0,77408,3293,0.43,0
50000,51,0,0,47877,2516,0.9575,0
200000,53,1,1,0,2920,0.0,1
100000,63,0,0,61228,2810,0.6123,0
150000,55,1,1,0,780,0.0,0
360000,62,0,0,5875,7289,0.0163,0
50000,57,0,1,51867,2200,1.0373,0
30000,58,3,3,23496,0,0.7832,0
330000,56,0,1,360,1499,0.0011,0
70000,47,0,1,27847,2000,0.3978,1
420000,51,0,0,57815,1000,0.1377,0
130000,51,0,0,124108,4530,0.9547,0
200000,55,0,1,184505,8000,0.9225,0
180000,58,2,6,36086,2000,0.2005,1
170000,59,2,6,44619,1800,0.2625,1
190000,54,0,0,187295,7000,0.9858,0
200000,54,1,2,7111,10,0.0356,0
30000,54,0,1,13693,1600,0.4564,1
460000,55,0,0,5352,3000,0.0116,0
190000,54,0,0,205824,7154,1.0833,0
10000,54,0,2,3697,1561,0.3697,0
90000,57,0,0,10635,3007,0.1182,0
440000,54,0,0,8517,0,0.0194,0
480000,58,0,0,470310,16898,0.9798,0
360000,56,0,0,22000,7772,0.0611,0
500000,69,0,0,1149,205,0.0023,0
30000,28,0,1,23176,2867,0.7725,0
80000,33,0,1,780,0,0.0098,1
200000,66,0,1,389,779,0.0019,1
350000,57,0,0,1910,0,0.0055,0
150000,55,0,0,1540,780,0.0103,0
360000,54,0,0,0,0,0.0,1
20000,31,1,2,15903,0,0.7952,1
310000,47,0,0,290211,10989,0.9362,0
200000,31,1,1,3028,1473,0.0151,0
210000,40,0,0,160292,3720,0.7633,0
30000,47,0,0,15979,2000,0.5326,0
110000,31,1,1,0,0,0.0,0
50000,27,2,1,13979,1261,0.2796,0
50000,26,0,0,4197,1000,0.0839,1
50000,33,0,0,32752,2000,0.655,0
20000,23,0,0,16931,1300,0.8466,0
230000,30,0,1,291,763,0.0013,0
80000,32,0,0,16007,5000,0.2001,0
150000,53,0,0,2337,5336,0.0156,0
240000,28,0,0,1444,2553,0.006,0
450000,36,0,0,3961,2495,0.0088,0
180000,24,0,0,316,316,0.0018,1
30000,22,0,0,24426,1712,0.8142,0
50000,22,0,0,48560,2000,0.9712,1
20000,31,2,5,17727,1700,0.8864,0
150000,25,0,0,-19,0,-0.0001,0
20000,29,0,0,5586,1268,0.2793,1
40000,25,0,1,40633,1950,1.0158,1
180000,30,1,1,1591,150,0.0088,0
80000,29,0,0,78626,3400,0.9828,0
50000,24,0,0,45397,3015,0.9079,0
480000,32,0,0,3655,38024,0.0076,0
20000,23,0,0,19422,1300,0.9711,0
150000,24,0,0,1495,2060,0.01,0
20000,22,0,0,15847,1300,0.7924,0
360000,29,1,1,0,0,0.0,0
200000,33,0,0,8819,8656,0.0441,1
20000,28,0,1,4647,5057,0.2324,0
50000,23,1,1,18085,7000,0.3617,0
70000,23,0,0,64882,2782,0.9269,1
120000,23,0,0,116314,6019,0.9693,0
50000,46,0,1,13406,2000,0.2681,0
310000,36,0,0,157173,6000,0.507,0
60000,24,0,0,54216,2000,0.9036,0
20000,22,0,0,23050,1336,1.1525,0
20000,22,2,3,6900,0,0.345,1
50000,22,0,1,3560,1090,0.0712,1
80000,22,0,0,18429,2015,0.2304,0
20000,22,0,0,16990,3000,0.8495,0
20000,22,0,0,19568,4641,0.9784,1
10000,23,0,0,7641,1262,0.7641,0
20000,21,0,1,17617,1489,0.8808,0
20000,21,1,3,18455,1327,0.9228,0
30000,22,0,0,18424,1311,0.6141,0
20000,21,0,0,2798,2000,0.1399,0
20000,22,0,0,18479,2022,0.924,0
20000,22,1,3,15712,0,0.7856,0
50000,22,1,2,51798,0,1.036,0
50000,23,0,0,8889,1500,0.1778,0
50000,23,0,0,3237,5389,0.0647,1
20000,22,0,1,10294,4000,0.5147,1
20000,22,2,4,8628,0,0.4314,1
80000,23,0,0,390,390,0.0049,0
80000,23,0,0,43275,1700,0.5409,0
130000,23,0,0,69,0,0.0005,0
200000,24,0,0,675,1053,0.0034,0
50000,24,0,0,27320,27704,0.5464,0
20000,22,0,4,12476,3000,0.6238,0
20000,22,1,3,15706,1000,0.7853,1
50000,22,1,2,44980,7,0.8996,1
60000,23,1,2,9491,0,0.1582,0
130000,22,0,0,8570,527,0.0659,0
80000,22,0,0,1247,0,0.0156,1
170000,34,0,0,156526,7500,0.9207,0
90000,23,0,0,18418,5000,0.2046,0
20000,23,0,0,3426,11615,0.1713,0
20000,23,0,0,1207,0,0.0604,0
80000,23,0,0,38587,5000,0.4823,0
30000,22,0,3,26568,1762,0.8856,1
30000,22,0,4,18324,3300,0.6108,0
30000,23,2,4,15003,1500,0.5001,1
150000,23,0,0,956,66470,0.0064,0
50000,23,0,0,40756,10000,0.8151,1
80000,23,1,2,-1678,78000,-0.021,0
30000,23,0,0,20958,1092,0.6986,1
60000,23,2,6,26596,3500,0.4433,1
100000,23,0,0,42409,1700,0.4241,0
140000,23,0,0,35206,2000,0.2515,0
140000,23,0,0,1217,866,0.0087,0
70000,23,0,0,30847,1516,0.4407,0
70000,22,2,1,34970,1313,0.4996,0
30000,28,2,4,21588,0,0.7196,1
50000,22,2,2,1261,1261,0.0252,1
50000,22,2,3,49559,1100,0.9912,1
30000,22,0,1,23185,1400,0.7728,0
30000,23,0,0,28371,2000,0.9457,1
30000,24,0,0,0,0,0.0,0
20000,25,0,0,11629,1193,0.5814,0
60000,23,0,0,60876,2523,1.0146,0
200000,23,0,0,72853,2933,0.3643,0
80000,23,1,1,0,0,0.0,1
170000,23,0,0,15639,1265,0.092,0
230000,24,0,0,160,237,0.0007,1
90000,24,2,4,14085,0,0.1565,1
290000,24,0,0,262476,8000,0.9051,1
60000,24,0,1,8086,3015,0.1348,0
20000,24,0,4,18252,2000,0.9126,1
50000,23,0,0,25526,1431,0.5105,0
210000,23,0,0,9987,5000,0.0476,0
290000,29,0,0,140809,6201,0.4855,0
90000,23,0,0,29357,1500,0.3262,0
50000,23,0,0,37259,1750,0.7452,0
50000,23,0,1,32206,1630,0.6441,0
20000,24,0,0,1360,1301,0.068,0
360000,23,0,0,37927,2057,0.1054,0
230000,23,0,0,34975,2000,0.1521,0
30000,24,0,0,19998,3001,0.6666,0
30000,23,0,0,17462,10000,0.5821,0
70000,23,0,0,45743,1619,0.6535,0
20000,25,2,1,18696,1705,0.9348,1
80000,25,0,0,390,0,0.0049,0
80000,24,0,0,80690,2852,1.0086,0
50000,25,0,0,49173,1800,0.9835,0
30000,22,0,0,13738,4000,0.4579,0
30000,22,0,1,28000,3703,0.9333,0
70000,22,0,0,53399,1841,0.7628,0
30000,24,0,0,30767,1600,1.0256,0
110000,24,1,2,9787,5,0.089,0
160000,24,0,0,55559,3010,0.3472,0
30000,22,2,5,29412,0,0.9804,1
40000,24,2,1,19012,1326,0.4753,1
160000,25,1,1,0,1000,0.0,1
50000,23,2,1,33999,1867,0.68,1
160000,23,0,0,77947,4000,0.4872,1
30000,22,0,0,3077,390,0.1026,0
70000,23,2,4,64655,0,0.9236,0
150000,24,0,0,12769,902,0.0851,0
50000,24,0,1,46485,1523,0.9297,0
80000,24,0,1,79393,3400,0.9924,0
50000,24,2,2,35845,1500,0.7169,1
50000,24,0,0,54519,2000,1.0904,0
30000,25,0,0,26277,2000,0.8759,0
250000,27,2,4,324204,5000,1.2968,0
70000,23,0,0,3000,0,0.0429,0
150000,23,0,0,330,330,0.0022,0
320000,25,0,0,179893,6558,0.5622,0
80000,25,0,0,11521,1500,0.144,0
30000,26,1,6,11167,2600,0.3722,1
50000,23,0,0,47160,5000,0.9432,0
30000,23,0,0,33171,1524,1.1057,0
20000,23,0,0,8936,1000,0.4468,0
200000,25,0,0,108174,5000,0.5409,1
20000,22,0,2,12932,1532,0.6466,1
100000,24,2,3,84098,1000,0.841,1
20000,26,1,6,18194,1446,0.9097,1
130000,24,0,0,10071,46034,0.0775,0
50000,24,0,0,42207,2000,0.8441,0
200000,25,0,0,149886,5388,0.7494,1
20000,25,1,1,0,0,0.0,1
20000,26,1,2,7072,2,0.3536,0
100000,26,1,4,3144,0,0.0314,0
170000,24,0,0,64142,3000,0.3773,0
80000,22,0,0,48305,1739,0.6038,0
130000,26,0,0,1815,3532,0.014,1
50000,26,2,3,50002,2330,1.0,1
280000,26,0,0,25989,1800,0.0928,0
130000,27,0,0,3359,0,0.0258,0
150000,27,0,0,9377,11908,0.0625,0
130000,23,0,0,0,0,0.0,0
30000,23,0,1,20194,5000,0.6731,0
50000,23,0,0,50933,2400,1.0187,0
120000,24,0,0,89240,8000,0.7437,0
30000,24,0,1,28218,2000,0.9406,0
80000,25,0,0,69816,2600,0.8727,0
80000,23,0,0,1178,2550,0.0147,0
20000,23,0,0,15781,5000,0.789,1
80000,23,0,0,333,333,0.0042,0
30000,27,2,2,25243,1730,0.8414,0
120000,26,0,0,6500,4899,0.0542,0
110000,26,0,0,104804,4988,0.9528,0
70000,25,0,0,64822,2502,0.926,0
300000,25,1,1,0,9048,0.0,0
160000,25,0,0,5536,15046,0.0346,0
150000,25,0,0,44552,2022,0.297,0
210000,47,0,0,2295,566,0.0109,1
20000,26,0,0,16976,1300,0.8488,0
240000,26,0,0,150886,6537,0.6287,0
60000,25,0,0,995,7353,0.0166,0
20000,25,0,4,7712,6742,0.3856,0
130000,25,1,2,136963,0,1.0536,0
330000,25,0,0,118053,198842,0.3577,0
50000,25,0,0,48294,1805,0.9659,1
110000,24,0,0,67729,3000,0.6157,0
50000,24,0,0,44742,1737,0.8948,0
90000,24,0,0,24179,0,0.2687,0
130000,26,0,3,131336,6000,1.0103,0
150000,26,0,0,92802,7500,0.6187,0
140000,27,0,0,515,0,0.0037,0
150000,24,0,0,143212,5500,0.9547,0
50000,26,2,1,48510,1800,0.9702,1
40000,26,0,0,6223,2000,0.1556,1
170000,27,0,0,164646,7200,0.9685,0
60000,24,0,1,3485,0,0.0581,0
200000,25,0,0,0,169,0.0,0
80000,25,1,1,-51,72500,-0.0006,0
100000,25,0,1,13201,2000,0.132,0
170000,25,0,0,65531,2019,0.3855,0
140000,26,0,0,131863,6500,0.9419,0
90000,26,0,0,70457,2850,0.7829,0
70000,26,0,0,71993,2851,1.0285,0
120000,26,0,0,80975,4000,0.6748,0
60000,26,0,0,28768,1524,0.4795,0
150000,26,0,0,107506,5109,0.7167,0
50000,24,0,0,27172,1390,0.5434,0
80000,26,0,0,78627,3000,0.9828,0
310000,27,0,0,60692,4000,0.1958,0
50000,23,0,0,22939,1413,0.4588,0
20000,23,0,1,12483,3071,0.6242,1
80000,24,0,1,4711,1266,0.0589,1
180000,25,0,0,2654,0,0.0147,0
50000,23,0,0,40544,2000,0.8109,0
70000,22,0,0,66505,2501,0.9501,1
20000,25,0,2,17294,4821,0.8647,0
60000,24,2,2,28600,0,0.4767,1
30000,25,2,3,25267,1800,0.8422,0
20000,24,2,2,2968,1223,0.1484,1
280000,25,0,0,8574,2000,0.0306,0
30000,25,0,0,0,1232,0.0,0
40000,26,2,6,26487,1500,0.6622,1
130000,25,0,0,14351,2000,0.1104,0
90000,25,0,0,44727,2000,0.497,0
260000,25,0,0,5008,10698,0.0193,0
100000,26,0,0,123,123,0.0012,1
50000,24,0,0,33879,1900,0.6776,1
190000,24,0,0,54186,2000,0.2852,0
70000,22,0,1,32845,3100,0.4692,0
50000,26,0,0,49855,4100,0.9971,0
40000,26,0,1,37423,3967,0.9356,0
200000,26,0,0,203025,10010,1.0151,0
100000,26,1,1,0,0,0.0,0
220000,26,0,0,1534,3524,0.007,0
200000,27,0,0,14753,3670,0.0738,0
50000,27,2,2,1884,570,0.0377,0
360000,27,0,0,1189,0,0.0033,0
170000,25,0,0,8046,1085,0.0473,0
250000,26,0,0,28507,129565,0.114,0
80000,26,2,3,76540,8000,0.9568,0
110000,23,0,0,19980,2500,0.1816,0
20000,23,0,0,10513,1000,0.5256,0
20000,25,2,4,11202,1500,0.5601,1
60000,24,0,0,29832,1538,0.4972,0
170000,24,0,0,19103,3000,0.1124,0
150000,24,0,0,66731,3000,0.4449,0
210000,24,0,0,973,4224,0.0046,0
230000,25,0,0,10379,2255,0.0451,0
160000,25,0,0,1532,0,0.0096,0
150000,25,0,0,38494,1516,0.2566,0
210000,26,0,0,4341,402,0.0207,0
300000,28,0,0,603,4747,0.002,0
340000,27,0,0,7453,2942,0.0219,0
150000,24,0,0,2901,0,0.0193,1
50000,25,0,0,8481,1000,0.1696,0
160000,27,0,0,717,3269,0.0045,1
50000,25,0,1,40067,4000,0.8013,1
70000,25,1,2,5412,0,0.0773,1
120000,25,0,0,79108,3000,0.6592,0
200000,25,0,0,-3,776,-0.0,0
50000,25,0,1,20123,2880,0.4025,0
310000,26,0,0,27638,1393,0.0892,0
50000,24,0,0,27890,2000,0.5578,0
300000,24,0,0,2892,4039,0.0096,0
160000,25,0,0,156753,10000,0.9797,0
90000,25,0,0,67004,3000,0.7445,0
160000,25,0,0,116744,4000,0.7296,0
500000,25,0,0,119193,70005,0.2384,0
390000,26,0,0,0,280,0.0,0
320000,26,0,0,320983,14000,1.0031,0
50000,26,0,0,3655,0,0.0731,0
200000,27,1,1,777,15103,0.0039,0
90000,27,0,0,4403,1000,0.0489,0
360000,27,0,0,12389,0,0.0344,0
180000,27,0,0,264,264,0.0015,0
60000,24,0,0,9970,1020,0.1662,0
250000,24,0,0,0,0,0.0,1
20000,25,0,0,15312,3000,0.7656,0
10000,24,0,1,5707,1123,0.5707,0
110000,24,0,2,9334,100082,0.0849,0
150000,25,0,0,69333,3401,0.4622,0
160000,25,0,0,154365,7000,0.9648,0
30000,25,1,3,13785,0,0.4595,0
30000,24,1,4,29492,1000,0.9831,0
280000,26,0,0,4664,1578,0.0167,0
120000,28,1,3,0,1170,0.0,0
360000,27,0,0,115730,4371,0.3215,0
80000,27,0,0,42037,2100,0.5255,0
310000,27,0,0,83756,4000,0.2702,0
80000,27,0,0,390,390,0.0049,0
180000,28,0,0,171237,8000,0.9513,0
130000,26,0,0,11149,3160,0.0858,0
70000,24,0,0,66380,4000,0.9483,0
400000,24,0,0,14925,5000,0.0373,0
20000,22,1,2,19849,0,0.9924,1
30000,23,0,0,4242,3915,0.1414,0
80000,25,1,1,0,9000,0.0,0
150000,26,0,0,11474,5001,0.0765,0
20000,24,0,0,5103,3773,0.2552,0
20000,25,0,0,1983,326,0.0992,0
150000,26,0,0,15079,5018,0.1005,0
60000,27,0,0,41546,5845,0.6924,0
320000,27,0,0,120158,6000,0.3755,0
80000,27,0,0,725,2968,0.0091,0
130000,25,0,0,123945,6000,0.9534,0
400000,24,0,0,187790,5519,0.4695,0
20000,25,0,0,15810,1249,0.7905,0
60000,24,0,0,6686,1049,0.1114,0
80000,24,0,0,47952,1732,0.5994,0
50000,24,0,1,14345,2836,0.2869,1
20000,25,0,0,14785,3000,0.7392,0
100000,25,0,0,99203,3485,0.992,0
80000,25,3,6,45031,3100,0.5629,1
140000,25,0,0,2555,2000,0.0182,1
110000,25,0,0,103135,4800,0.9376,0
350000,27,0,0,83415,4000,0.2383,0
60000,27,1,1,-215,0,-0.0036,0
50000,24,2,1,43878,2068,0.8776,1
210000,26,0,1,107948,5407,0.514,0
50000,25,0,0,33831,2000,0.6766,0
80000,25,0,0,74180,3500,0.9272,0
30000,26,2,2,22364,1753,0.7455,1
150000,26,0,0,153070,6000,1.0205,0
20000,26,0,0,1000,8930,0.05,0
270000,26,1,1,0,0,0.0,0
50000,27,2,6,41126,2100,0.8225,1
380000,27,0,0,118624,3700,0.3122,0
60000,28,0,0,23518,2700,0.392,0
50000,26,1,6,31336,1800,0.6267,1
120000,26,0,0,9267,29600,0.0772,0
260000,26,0,2,1608,29447,0.0062,0
190000,26,1,6,51799,0,0.2726,0
50000,26,0,0,16785,1600,0.3357,0
80000,26,0,0,4301,0,0.0538,0
110000,26,0,0,1687,400,0.0153,1
50000,26,0,0,28795,1500,0.5759,0
150000,27,0,0,35688,14820,0.2379,0
50000,27,0,1,780,0,0.0156,1
80000,25,0,0,83931,3500,1.0491,0
20000,24,0,0,22515,2000,1.1258,0
200000,24,0,0,225931,8271,1.1297,0
80000,25,0,1,746,4830,0.0093,0
70000,25,0,4,33390,2000,0.477,1
280000,26,0,0,189748,6300,0.6777,0
160000,26,0,0,2454,1083,0.0153,0
90000,26,0,1,86183,4100,0.9576,0
200000,27,0,3,10603,0,0.053,0
150000,28,1,1,0,382,0.0,0
80000,27,0,1,78933,3400,0.9867,0
390000,28,0,0,249265,8903,0.6391,0
190000,28,0,0,4639,1100,0.0244,0
240000,28,0,0,8451,1419,0.0352,0
200000,29,0,0,5612,25004,0.0281,0
130000,29,0,0,1451,1175,0.0112,0
100000,29,0,0,118008,5614,1.1801,0
190000,29,0,0,4460,5537,0.0235,0
90000,29,0,0,84515,4200,0.9391,0
20000,27,0,1,6294,1500,0.3147,1
90000,26,1,6,50200,0,0.5578,0
90000,26,1,6,86335,4500,0.9593,0
80000,27,1,5,74250,4500,0.9281,0
40000,28,2,6,31131,3500,0.7783,0
50000,22,0,1,25561,2134,0.5112,0
150000,25,0,1,78823,3000,0.5255,0
200000,27,0,0,0,127,0.0,0
20000,27,0,0,15939,1500,0.797,0
160000,27,0,0,27058,3173,0.1691,0
80000,28,0,0,79688,2800,0.9961,0
30000,22,0,0,28681,1850,0.956,0
50000,23,0,0,2332,0,0.0466,0
310000,25,0,0,191767,6612,0.6186,0
50000,26,0,0,8056,1500,0.1611,1
200000,26,0,0,41906,18089,0.2095,0
20000,22,0,0,15499,1270,0.775,1
30000,22,0,0,0,0,0.0,0
20000,23,0,0,1174,1283,0.0587,1
50000,22,0,0,28544,1450,0.5709,0
230000,28,0,0,24867,4300,0.1081,0
130000,29,0,0,430,430,0.0033,0
500000,29,0,0,14217,20000,0.0284,0
200000,29,0,0,78201,4000,0.391,0
110000,29,0,0,7397,2000,0.0672,0
230000,30,1,4,6168,0,0.0268,0
80000,30,0,0,36968,390,0.4621,0
20000,27,0,0,4734,0,0.2367,1
120000,27,0,0,15234,1137,0.127,1
200000,27,1,1,0,0,0.0,0
70000,28,0,1,16030,1500,0.229,0
230000,28,0,0,33057,1500,0.1437,0
60000,28,1,3,60718,2258,1.012,0
60000,28,2,6,48322,4692,0.8054,0
360000,28,0,1,9278,6213,0.0258,1
100000,25,0,0,62665,2300,0.6266,0
240000,25,1,1,0,587,0.0,0
130000,25,2,2,1990,0,0.0153,0
130000,25,0,2,3148,5,0.0242,1
50000,25,0,1,37014,1900,0.7403,0
150000,26,2,5,69716,5211,0.4648,1
300000,28,0,0,0,0,0.0,1
200000,28,0,0,18134,18410,0.0907,0
320000,28,0,0,4392,11700,0.0137,0
160000,27,1,1,0,0,0.0,0
210000,26,0,0,186544,8102,0.8883,0
70000,25,0,3,37017,3900,0.5288,1
250000,25,0,1,25823,1500,0.1033,0
130000,27,0,0,58811,1500,0.4524,0
30000,27,0,4,10562,2500,0.3521,0
210000,27,0,0,161055,6000,0.7669,0
170000,27,2,1,173577,6500,1.021,1
100000,28,2,4,30884,0,0.3088,0
50000,28,1,2,41468,0,0.8294,0
130000,27,0,0,49964,1000,0.3843,0
30000,26,0,0,27110,1455,0.9037,1
130000,30,0,1,148234,5200,1.1403,0
70000,26,0,0,46222,2500,0.6603,0
210000,26,0,0,23245,3487,0.1107,0
170000,25,0,0,70326,3100,0.4137,0
420000,28,0,0,7880,1010,0.0188,0
80000,26,0,0,42972,2000,0.5372,0
150000,26,0,0,37636,27603,0.2509,0
200000,26,0,0,73508,3100,0.3675,0
70000,26,2,4,42053,0,0.6008,1
90000,26,2,3,87606,7063,0.9734,1
130000,27,2,3,60032,0,0.4618,0
360000,28,0,0,12393,3445,0.0344,0
260000,28,0,0,181121,7013,0.6966,0
160000,28,0,0,11832,100000,0.074,0
20000,28,0,0,1424,10094,0.0712,0
140000,28,2,6,96008,4500,0.6858,1
200000,29,0,0,9283,0,0.0464,0
200000,29,0,0,46139,30000,0.2307,0
120000,28,0,0,120154,6010,1.0013,0
210000,29,0,0,52143,2500,0.2483,0
50000,23,0,0,37586,2000,0.7517,1
80000,23,1,3,80457,4350,1.0057,1
60000,23,0,0,56250,2000,0.9375,0
50000,24,0,0,44159,5000,0.8832,0
50000,25,0,3,26509,1757,0.5302,0
70000,25,1,6,53742,0,0.7677,0
80000,25,1,2,50120,0,0.6265,1
50000,25,0,0,9587,1200,0.1917,1
30000,25,0,1,5285,0,0.1762,1
300000,26,0,0,0,0,0.0,0
240000,26,0,0,2335,2335,0.0097,0
140000,26,0,0,75000,0,0.5357,0
30000,27,0,0,25552,1800,0.8517,0
70000,29,0,0,11502,2000,0.1643,0
220000,29,0,0,217345,4030,0.9879,0
230000,29,0,0,33511,2000,0.1457,0
20000,29,0,0,13958,1600,0.6979,0
130000,25,1,5,11446,1600,0.088,0
60000,26,2,6,60455,3200,1.0076,1
200000,26,0,0,22737,3000,0.1137,0
310000,26,0,0,11566,3010,0.0373,0
240000,26,0,0,210437,9016,0.8768,0
200000,26,0,0,2318,7478,0.0116,0
440000,27,0,0,197019,6040,0.4478,0
180000,27,0,0,16996,1249,0.0944,0
300000,29,0,0,25370,21250,0.0846,0
160000,30,0,1,17357,2250,0.1085,0
160000,30,1,5,151270,6000,0.9454,0
230000,30,0,1,1855,0,0.0081,0
160000,30,2,2,74286,2700,0.4643,1
200000,28,0,1,38783,26286,0.1939,0
240000,29,0,0,66473,8000,0.277,0
420000,29,0,0,52898,3000,0.1259,0
210000,30,0,0,390,390,0.0019,0
220000,28,0,0,157215,6502,0.7146,0
200000,28,0,0,1878,576,0.0094,0
230000,28,1,2,0,0,0.0,0
250000,28,0,0,3731,1000,0.0149,0
80000,28,0,0,58784,1970,0.7348,0
80000,26,0,0,26158,1623,0.327,0
50000,26,0,1,6064,0,0.1213,1
20000,26,0,0,767,376,0.0384,1
60000,27,0,0,54900,1971,0.915,1
50000,27,2,4,19410,3000,0.3882,1
310000,28,0,0,8193,43003,0.0264,0
140000,29,0,0,58971,7062,0.4212,0
220000,27,0,0,67028,5332,0.3047,0
130000,27,1,1,0,0,0.0,0
300000,29,0,0,3438,28,0.0115,0
140000,28,0,0,800,7937,0.0057,0
400000,29,0,0,1158,95,0.0029,0
200000,30,1,4,38398,0,0.192,0
150000,29,0,0,3305,0,0.022,0
420000,27,0,0,41354,7004,0.0985,0
230000,26,0,0,18612,90523,0.0809,0
210000,27,0,0,16186,1300,0.0771,0
120000,27,0,0,22225,1118,0.1852,0
50000,28,0,0,36917,2100,0.7383,0
200000,28,0,0,59373,6002,0.2969,0
180000,28,0,0,8689,3000,0.0483,0
30000,28,0,0,25344,2000,0.8448,0
110000,29,2,1,113394,5314,1.0309,1
50000,29,0,0,82843,4000,1.6569,0
120000,29,1,2,103944,0,0.8662,0
230000,29,0,0,33988,2500,0.1478,0
80000,29,0,2,2801,0,0.035,1
320000,29,0,0,2391,1561,0.0075,0
50000,29,0,0,46375,1876,0.9275,0
110000,29,0,0,104163,3400,0.9469,0
150000,25,1,2,0,0,0.0,0
30000,26,0,0,2089,780,0.0696,0
80000,26,0,0,35220,4000,0.4402,0
150000,26,0,0,83446,3500,0.5563,0
270000,26,0,0,134235,6000,0.4972,0
160000,26,0,0,118204,6000,0.7388,0
150000,29,0,0,3737,1000,0.0249,0
170000,31,1,1,0,0,0.0,0
70000,31,0,0,72286,2600,1.0327,0
210000,31,0,0,10968,2000,0.0522,0
50000,30,0,0,31205,2000,0.6241,0
70000,27,0,1,6851,0,0.0979,0
180000,28,1,1,0,652,0.0,0
260000,27,0,0,208,208,0.0008,1
50000,27,0,0,45632,1837,0.9126,0
140000,27,0,0,142027,7000,1.0145,0
100000,30,0,1,100963,3700,1.0096,1
420000,29,0,0,82235,3000,0.1958,0
300000,30,1,1,1943,107000,0.0065,0
30000,25,0,0,28494,1750,0.9498,1
150000,26,1,1,0,0,0.0,0
180000,26,0,0,182026,4500,1.0113,0
330000,26,2,1,179887,5289,0.5451,1
360000,26,0,0,1968,463,0.0055,0
210000,27,0,0,542,22366,0.0026,1
90000,27,0,0,83840,3200,0.9316,0
250000,28,2,2,28245,2000,0.113,1
80000,24,1,6,12098,0,0.1512,0
290000,27,0,0,109746,4000,0.3784,0
280000,29,0,0,149312,5500,0.5333,0
340000,29,0,0,11806,10000,0.0347,0
120000,29,0,0,111625,4012,0.9302,0
110000,31,0,0,4061,1205,0.0369,0
30000,22,0,0,20439,1595,0.6813,0
70000,24,0,0,34201,1800,0.4886,0
20000,24,0,0,4983,0,0.2492,0
80000,25,0,0,45109,2100,0.5639,0
120000,25,2,2,17488,3000,0.1457,1
500000,26,0,0,32637,15943,0.0653,0
320000,27,0,1,180137,17100,0.5629,0
150000,27,0,0,346,21379,0.0023,0
190000,27,2,4,3902,1000,0.0205,1
130000,29,1,1,0,0,0.0,0
70000,34,0,0,50488,2200,0.7213,0
350000,30,0,0,856,187,0.0024,0
210000,27,0,0,18430,2000,0.0878,1
120000,27,0,1,85492,3500,0.7124,1
130000,28,0,0,123943,6500,0.9534,0
170000,27,0,0,43839,2400,0.2579,0
100000,30,1,1,-602,0,-0.006,0
200000,28,0,0,140407,8031,0.702,0
270000,28,0,0,15167,845,0.0562,0
30000,30,1,6,28534,0,0.9511,1
160000,24,0,0,37030,4060,0.2314,0
80000,26,0,1,69589,5000,0.8699,0
310000,26,0,0,27283,1459,0.088,0
20000,23,0,0,14302,2000,0.7151,0
80000,27,0,0,52652,2000,0.6582,1
180000,28,0,1,390,1345,0.0022,0
80000,29,0,0,64440,3000,0.8055,0
140000,28,0,0,129925,6200,0.928,0
150000,26,0,0,117209,3700,0.7814,0
100000,27,0,1,21043,4000,0.2104,0
50000,27,1,1,0,45000,0.0,1
200000,28,0,0,106519,4000,0.5326,0
130000,28,2,1,98606,4500,0.7585,0
150000,29,2,2,6241,0,0.0416,0
170000,30,0,0,165327,7400,0.9725,0
180000,28,8,6,197231,0,1.0957,1
320000,28,1,3,23595,2000,0.0737,1
50000,28,0,3,4917,0,0.0983,0
50000,27,0,0,20762,2000,0.4152,0
80000,27,0,0,18094,1034,0.2262,0
100000,27,1,1,-6,2000,-0.0001,0
80000,23,0,0,50456,1432,0.6307,0
120000,26,1,3,3730,1500,0.0311,0
230000,31,0,0,49279,4674,0.2143,0
60000,31,0,0,44912,144047,0.7485,1
220000,30,0,0,45346,1947,0.2061,0
80000,30,0,0,70540,2485,0.8818,0
300000,28,1,1,0,0,0.0,0
400000,30,0,0,2912,2668,0.0073,0
50000,31,0,0,51036,1762,1.0207,0
200000,30,0,0,4800,2040,0.024,0
120000,32,1,1,0,0,0.0,0
360000,31,0,0,15121,5006,0.042,0
220000,30,0,0,32357,2000,0.1471,0
280000,31,0,0,139998,6084,0.5,0
500000,31,0,0,-9,0,-0.0,0
240000,31,0,0,167686,3977,0.6987,0
310000,30,0,0,296942,12401,0.9579,0
200000,28,1,2,205683,0,1.0284,1
260000,28,0,0,75841,3008,0.2917,0
200000,28,1,6,171468,0,0.8573,1
180000,27,0,0,0,0,0.0,0
270000,27,0,1,24769,4000,0.0917,0
30000,28,0,0,6731,0,0.2244,0
180000,28,0,0,300,500,0.0017,0
340000,29,0,0,36533,3000,0.1074,0
140000,28,0,0,108018,1000,0.7716,1
180000,28,1,4,5930,0,0.0329,1
150000,27,0,1,89302,4200,0.5953,0
110000,27,0,0,112938,6000,1.0267,0
50000,28,0,1,1019,1672,0.0204,0
140000,28,0,0,7588,17015,0.0542,0
360000,28,0,0,9626,15023,0.0267,0
280000,29,0,0,99,0,0.0004,0
310000,28,0,0,37085,3817,0.1196,0
290000,28,0,0,24257,2026,0.0836,0
210000,28,0,0,5850,4388,0.0279,0
210000,29,0,0,742,742,0.0035,0
110000,29,3,6,600,0,0.0055,1
50000,28,0,0,48211,1971,0.9642,0
280000,28,0,0,269,4166,0.001,0
50000,28,1,6,45472,3500,0.9094,1
120000,28,1,2,60188,0,0.5016,1
80000,28,1,1,0,146,0.0,0
50000,29,0,0,17250,8560,0.345,0
60000,28,2,1,4114,2000,0.0686,1
190000,28,2,6,155335,8000,0.8176,1
150000,28,2,1,65809,1498,0.4387,1
170000,28,0,0,2300,0,0.0135,0
150000,28,0,0,62122,2000,0.4141,0
390000,28,0,0,202248,10000,0.5186,0
70000,29,0,0,20244,50005,0.2892,0
120000,29,0,0,61470,3000,0.5122,0
30000,29,2,6,26799,5000,0.8933,0
200000,26,0,0,98822,4300,0.4941,0
300000,28,2,1,272399,11232,0.908,1
90000,29,2,3,7052,2605,0.0784,1
200000,30,0,0,4833,6370,0.0242,0
210000,31,0,0,326,326,0.0016,0
230000,31,0,0,4908,0,0.0213,0
200000,31,1,1,4035,4210,0.0202,0
420000,32,0,0,89863,1782,0.214,0
60000,28,1,3,32578,3000,0.543,0
50000,34,0,1,42050,10000,0.841,0
60000,28,1,6,61474,0,1.0246,0
210000,28,0,0,2568,52720,0.0122,0
50000,28,0,3,43648,3000,0.873,0
390000,28,0,0,129002,5000,0.3308,1
150000,28,1,1,-89,13983,-0.0006,0
200000,30,0,0,38616,3040,0.1931,0
150000,31,0,0,12420,0,0.0828,0
470000,30,0,0,216031,7513,0.4596,0
200000,30,0,1,18660,27010,0.0933,0
160000,31,0,0,214,0,0.0013,0
220000,30,1,2,5627,0,0.0256,1
290000,32,1,2,146853,1503,0.5064,0
50000,32,0,1,326,652,0.0065,0
290000,32,0,0,76383,3400,0.2634,0
30000,23,1,2,33181,0,1.106,1
40000,23,2,5,8244,0,0.2061,1
70000,26,0,0,64471,2281,0.921,0
100000,23,0,0,82323,1000,0.8232,0
20000,23,0,0,16178,1300,0.8089,0
50000,23,0,0,51002,1983,1.02,1
130000,39,0,0,264,264,0.002,0
140000,28,2,6,115019,4000,0.8216,1
230000,30,0,0,37719,3025,0.164,0
300000,30,0,1,8805,2186,0.0294,0
200000,29,0,0,-792,0,-0.004,1
100000,29,1,6,63542,5000,0.6354,0
100000,30,0,0,92683,3324,0.9268,0
80000,29,0,1,1443,1443,0.018,1
170000,29,0,0,51401,2100,0.3024,0
420000,29,0,0,392,400,0.0009,0
70000,29,0,1,17154,2000,0.2451,0
480000,30,0,0,470400,0,0.98,1
250000,27,0,0,127786,3729,0.5111,0
180000,28,0,0,230740,1500,1.2819,0
240000,28,0,0,8590,6398,0.0358,0
210000,28,0,0,9918,6942,0.0472,0
100000,28,3,3,49961,0,0.4996,0
50000,28,0,0,48940,2059,0.9788,0
300000,28,0,0,28989,1291,0.0966,0
70000,28,0,0,21777,2000,0.3111,0
490000,29,0,0,20984,2000,0.0428,0
170000,29,0,0,37350,2000,0.2197,0
100000,29,0,0,51650,2500,0.5165,0
200000,32,0,1,2261,298,0.0113,0
80000,32,0,0,3459,3789,0.0432,0
220000,32,0,0,150393,2349,0.6836,0
300000,33,0,0,0,0,0.0,1
120000,33,0,0,90575,3204,0.7548,0
240000,30,0,0,226315,9100,0.943,0
200000,30,0,0,96152,8000,0.4808,0
40000,30,0,0,39940,2000,0.9985,0
200000,30,0,2,195128,13600,0.9756,0
100000,30,3,6,95890,2000,0.9589,0
50000,31,0,0,48509,3310,0.9702,0
40000,32,0,0,40368,1603,1.0092,0
70000,32,2,4,68321,6600,0.976,0
210000,31,0,0,191,376,0.0009,0
30000,28,0,0,25150,3000,0.8383,0
100000,30,0,0,91844,3200,0.9184,0
20000,30,0,0,16754,1291,0.8377,0
400000,36,0,1,20818,1878,0.052,0
330000,28,0,1,221793,10000,0.6721,0
240000,30,0,0,4684,18432,0.0195,1
70000,29,0,4,71237,6577,1.0177,1
240000,29,0,0,358,176,0.0015,0
200000,27,1,2,-896,7052,-0.0045,0
100000,27,0,0,904,3710,0.009,0
180000,29,0,0,44109,8000,0.245,0
360000,30,0,0,82195,20500,0.2283,0
130000,29,0,0,113203,4200,0.8708,0
120000,30,0,0,2680,14770,0.0223,0
230000,30,0,0,0,0,0.0,0
340000,30,0,0,47001,2000,0.1382,0
320000,29,0,0,198441,10000,0.6201,0
330000,29,0,0,311577,13110,0.9442,0
80000,30,2,1,4794,1074,0.0599,1
150000,30,0,0,4083,3537,0.0272,0
160000,31,0,0,207,565,0.0013,1
50000,37,0,0,39804,1964,0.7961,0
300000,48,0,0,0,0,0.0,0
190000,36,0,0,185788,7483,0.9778,0
50000,27,0,0,25870,1325,0.5174,0
90000,28,0,0,866,148,0.0096,0
210000,28,0,0,85672,6009,0.408,0
240000,28,0,0,246310,10500,1.0263,0
60000,34,2,5,40511,4200,0.6752,1
440000,35,0,0,3091,1150,0.007,0
30000,42,2,2,28485,0,0.9495,1
230000,26,0,0,23758,0,0.1033,0
440000,28,1,3,209176,11000,0.4754,1
80000,29,0,0,63899,2500,0.7987,1
30000,30,0,0,29265,2000,0.9755,0
250000,35,0,0,238855,8517,0.9554,0
30000,45,2,1,26155,1482,0.8718,1
50000,49,0,1,49402,1800,0.988,0
50000,34,0,0,47303,2807,0.9461,0
30000,34,1,6,26330,0,0.8777,0
30000,45,0,0,30788,1759,1.0263,1
500000,42,0,0,149838,0,0.2997,0
50000,41,1,6,24540,1500,0.4908,1
50000,36,0,0,49872,1600,0.9974,0
50000,22,0,0,2416,0,0.0483,0
90000,26,0,0,45069,2000,0.5008,0
30000,26,1,4,13890,2000,0.463,1
150000,43,0,0,125403,5018,0.836,0
50000,23,0,0,14465,50295,0.2893,0
70000,23,2,4,14871,2850,0.2124,1
80000,23,0,0,68850,0,0.8606,0
280000,29,0,0,-11,0,-0.0,0
90000,30,0,0,6480,1106,0.072,0
330000,39,0,0,94384,4000,0.286,0
190000,46,0,0,80903,5000,0.4258,0
210000,40,0,0,47109,2000,0.2243,0
100000,30,3,6,98094,6000,0.9809,1
20000,30,3,2,20226,0,1.0113,1
260000,31,0,0,555,8078,0.0021,0
20000,26,1,6,15803,0,0.7902,1
80000,37,0,0,77480,3000,0.9685,1
50000,42,0,0,30640,1746,0.6128,0
70000,35,2,6,50834,2460,0.7262,1
30000,38,0,2,26664,3582,0.8888,0
100000,25,1,2,97271,0,0.9727,1
50000,25,0,1,50673,2500,1.0135,0
80000,27,2,2,63711,2907,0.7964,1
50000,27,0,0,7439,1028,0.1488,1
150000,28,0,0,152105,6300,1.014,0
140000,29,0,0,130261,3474,0.9304,0
70000,31,0,0,63820,5000,0.9117,0
30000,31,1,3,28933,1949,0.9644,0
80000,32,2,3,70381,0,0.8798,1
40000,41,0,0,21960,1176,0.549,0
100000,37,0,0,34572,1849,0.3457,0
50000,40,0,0,48050,2000,0.961,0
30000,35,2,6,26088,1800,0.8696,1
120000,35,0,0,9756,2519,0.0813,0
260000,39,0,0,152735,6627,0.5874,0
90000,35,0,0,21093,1256,0.2344,0
30000,33,0,0,4101,172,0.1367,0
260000,37,0,0,174971,10000,0.673,0
170000,39,1,3,161105,0,0.9477,0
150000,36,0,0,137664,5500,0.9178,0
90000,40,1,6,40467,2000,0.4496,0
50000,45,0,0,3740,1100,0.0748,0
70000,29,0,0,66867,3020,0.9552,0
210000,29,0,0,217220,7700,1.0344,0
450000,31,0,0,0,0,0.0,0
70000,32,0,1,14180,3000,0.2026,1
70000,32,2,4,23741,4000,0.3392,1
300000,34,0,1,2344,8000,0.0078,0
70000,29,0,0,68494,3200,0.9785,0
180000,37,0,0,88275,2800,0.4904,0
50000,29,2,2,59077,0,1.1815,1
20000,27,0,2,20556,8,1.0278,0
260000,31,0,0,229398,8720,0.8823,0
70000,34,0,0,5219,3092,0.0746,0
50000,31,2,6,39193,4600,0.7839,1
150000,34,0,0,146661,6800,0.9777,0
150000,45,0,0,47372,2000,0.3158,0
20000,37,0,0,19326,1263,0.9663,0
60000,45,0,0,57711,2500,0.9618,0
50000,30,0,0,40596,2000,0.8119,0
50000,25,0,1,26240,1500,0.5248,0
80000,27,3,3,71965,0,0.8996,1
140000,27,0,0,10064,2000,0.0719,0
20000,28,1,5,6616,0,0.3308,1
10000,49,2,1,2240,1057,0.224,1
120000,45,0,0,11547,5000,0.0962,0
50000,40,1,3,36291,0,0.7258,1
30000,39,2,3,11436,1500,0.3812,1
210000,49,2,1,114273,6000,0.5442,1
150000,27,0,0,0,0,0.0,1
180000,28,0,0,113125,1923,0.6285,0
590000,29,0,0,0,0,0.0,1
260000,30,0,0,25661,5000,0.0987,0
90000,35,0,0,13865,2054,0.1541,0
110000,28,0,0,20186,1300,0.1835,0
140000,28,0,0,1756,2209,0.0125,0
210000,30,0,0,7631,5583,0.0363,0
80000,31,0,0,0,0,0.0,0
30000,36,1,4,8910,22,0.297,0
120000,28,0,0,93623,3440,0.7802,0
20000,44,0,3,7661,1457,0.383,0
80000,42,0,0,50320,1784,0.629,0
110000,35,0,0,22514,1378,0.2047,0
240000,34,0,0,77126,5005,0.3214,0
100000,49,0,0,5532,5325,0.0553,0
200000,32,0,0,150204,5479,0.751,0
450000,32,0,0,1249,142,0.0028,0
150000,32,0,0,49760,2538,0.3317,0
120000,39,0,1,11277,0,0.094,0
70000,26,2,1,66087,3120,0.9441,1
190000,31,0,0,132946,6000,0.6997,0
50000,45,0,0,49212,1611,0.9842,0
60000,44,1,2,39466,0,0.6578,0
90000,30,2,6,15979,2000,0.1775,1
300000,33,0,0,62951,4007,0.2098,0
210000,32,0,0,1406,0,0.0067,0
50000,34,2,3,46843,4310,0.9369,0
350000,34,0,0,37129,75000,0.1061,0
30000,34,0,0,26253,1444,0.8751,0
280000,34,1,1,0,0,0.0,0
380000,35,0,0,18341,2000,0.0483,0
360000,34,0,0,724,1232,0.002,0
260000,37,1,2,5917,0,0.0228,0
160000,37,0,0,27720,5000,0.1732,0
250000,43,0,0,8443,13829,0.0338,0
320000,27,0,0,19950,5000,0.0623,0
140000,31,0,0,137326,6400,0.9809,0
80000,32,0,0,58091,2700,0.7261,0
100000,40,2,6,63422,3000,0.6342,1
210000,41,0,0,1662,13934,0.0079,0
200000,29,0,0,5555,7485,0.0278,0
110000,37,0,0,104691,5000,0.9517,0
70000,36,1,4,18514,2000,0.2645,1
240000,46,0,0,233438,11250,0.9727,0
80000,38,0,0,70613,2006,0.8827,0
150000,47,0,0,132093,5000,0.8806,0
50000,42,0,0,46566,2000,0.9313,0
230000,37,0,0,53327,1973,0.2319,0
290000,43,0,0,1457,1808,0.005,0
350000,36,0,0,3272,7008,0.0093,0
100000,39,0,0,86453,5000,0.8645,0
50000,46,0,0,48796,2000,0.9759,0
360000,43,0,0,0,0,0.0,0
210000,38,0,0,1026,3751,0.0049,0
500000,39,0,0,1948,599,0.0039,0
290000,47,0,0,244377,10000,0.8427,0
350000,36,0,1,255751,33010,0.7307,0
190000,33,0,0,2125,3411,0.0112,0
180000,34,0,0,108016,150000,0.6001,0
110000,35,0,0,6137,1053,0.0558,1
200000,33,1,6,51979,0,0.2599,1
210000,40,0,0,10240,0,0.0488,0
100000,36,0,0,476,476,0.0048,0
130000,43,0,0,135390,6329,1.0415,0
70000,38,0,0,70621,2506,1.0089,0
100000,33,0,0,92189,3252,0.9219,0
150000,35,0,1,600,660,0.004,0
160000,39,0,0,102358,4671,0.6397,0
30000,48,1,1,-100,200,-0.0033,0
80000,36,0,0,816,1423,0.0102,0
200000,44,0,0,7096,1336,0.0355,0
180000,41,2,4,96093,6500,0.5339,1
180000,34,0,0,47517,1526,0.264,0
170000,35,0,0,144606,5007,0.8506,0
50000,35,0,0,4309,7000,0.0862,0
160000,40,0,0,93287,3230,0.583,0
160000,40,0,0,390,390,0.0024,1
20000,22,0,0,18390,2000,0.9195,0
70000,24,0,0,33602,10096,0.48,0
240000,38,0,0,34752,30073,0.1448,0
300000,45,0,0,343205,12429,1.144,0
420000,37,0,0,4904,5332,0.0117,0
200000,43,1,2,119432,0,0.5972,1
50000,47,0,0,27121,2000,0.5424,0
50000,38,0,0,20606,2000,0.4121,0
200000,38,0,0,2571,2772,0.0129,0
200000,32,0,0,118532,6000,0.5927,0
380000,33,1,6,363944,29540,0.9577,0
50000,27,0,0,17626,1547,0.3525,0
50000,28,0,0,1460,1625,0.0292,0
500000,35,0,0,35757,22372,0.0715,0
300000,40,0,0,2470,0,0.0082,0
170000,32,0,0,10928,6151,0.0643,1
20000,46,3,6,11698,2000,0.5849,1
20000,43,0,0,1475,1291,0.0738,0
280000,36,0,0,183797,6083,0.6564,0
80000,22,0,0,858,1000,0.0107,0
20000,24,0,1,17372,1500,0.8686,0
70000,24,0,0,110176,2700,1.5739,0
30000,25,2,6,23888,3800,0.7963,1
170000,37,0,0,117527,5837,0.6913,0
320000,30,0,0,97541,3900,0.3048,0
210000,30,0,0,0,0,0.0,0
310000,31,0,0,14015,2000,0.0452,0
230000,29,1,1,0,162,0.0,0
90000,31,2,2,90089,3500,1.001,1
200000,31,0,0,6024,2180,0.0301,0
150000,34,3,6,103389,8000,0.6893,0
60000,27,0,0,23690,1283,0.3948,0
50000,38,0,0,1496,35007,0.0299,0
200000,40,0,0,132563,4841,0.6628,0
220000,35,0,0,41259,2000,0.1875,0
300000,34,0,0,-75,29089,-0.0002,0
30000,47,2,3,25893,5501,0.8631,1
330000,36,0,0,18768,3744,0.0569,0
280000,42,0,0,172886,6232,0.6175,0
330000,38,0,0,0,0,0.0,1
390000,45,0,0,94373,2230,0.242,0
200000,38,0,0,788,165,0.0039,0
20000,45,0,0,12670,1520,0.6335,0
140000,32,0,0,52825,3000,0.3773,0
30000,32,0,0,3684,2911,0.1228,0
210000,41,1,1,0,0,0.0,0
100000,44,0,0,1010,0,0.0101,0
50000,38,0,0,1121,0,0.0224,0
30000,42,0,0,26012,2000,0.8671,1
30000,45,2,1,29278,2000,0.9759,1
150000,37,1,1,0,0,0.0,0
180000,39,0,0,11732,6653,0.0652,0
230000,49,1,1,0,0,0.0,0
220000,36,0,0,122,104,0.0006,0
200000,35,0,0,5956,10402,0.0298,0
80000,35,0,0,17087,1617,0.2136,0
380000,44,0,0,7234,1500,0.019,0
30000,42,2,2,9985,1176,0.3328,1
160000,41,0,0,8091,5344,0.0506,0
60000,47,0,2,27970,1456,0.4662,1
100000,42,0,2,7689,0,0.0769,0
150000,37,0,0,0,1771,0.0,0
100000,38,2,4,36414,2000,0.3641,0
30000,44,0,0,0,1330,0.0,0
220000,36,1,4,4086,0,0.0186,1
220000,38,0,5,2650,0,0.012,0
400000,30,0,0,-38,10446,-0.0001,1
680000,30,0,0,39639,0,0.0583,1
280000,30,0,0,36269,10300,0.1295,0
70000,44,0,0,34135,2020,0.4876,0
300000,39,0,0,6192,4790,0.0206,1
250000,41,0,0,312,0,0.0012,0
200000,31,0,0,1570,0,0.0078,0
450000,31,0,0,12818,17577,0.0285,0
30000,33,3,4,21167,0,0.7056,1
210000,29,0,0,1778,226,0.0085,0
250000,29,2,6,124780,5900,0.4991,1
70000,31,0,0,64888,2127,0.927,0
230000,31,1,1,-9,0,-0.0,0
150000,37,0,0,0,0,0.0,0
70000,47,1,6,29386,3000,0.4198,0
150000,35,0,0,102007,5000,0.68,1
200000,37,0,0,313,0,0.0016,0
200000,42,0,0,5433,2000,0.0272,0
300000,42,0,0,885,0,0.003,0
80000,39,0,0,2921,780,0.0365,1
30000,43,5,4,31273,0,1.0424,1
100000,40,0,0,89236,3162,0.8924,0
360000,32,0,0,290543,7288,0.8071,0
150000,32,0,0,32428,2000,0.2162,0
180000,32,1,1,-10,0,-0.0001,0
210000,33,0,0,1345,6087,0.0064,0
110000,41,0,0,101316,5300,0.9211,0
80000,41,0,0,2727,1679,0.0341,0
50000,39,0,3,263,1209,0.0053,0
150000,32,0,0,0,0,0.0,0
260000,40,0,0,0,0,0.0,0
200000,33,0,0,6421,1064,0.0321,0
230000,29,0,0,2624,1149,0.0114,0
70000,32,0,0,70178,2900,1.0025,1
70000,32,2,1,34640,2000,0.4949,1
160000,32,0,0,2812,1222,0.0176,1
200000,34,0,0,195380,7632,0.9769,0
270000,35,0,0,1636,37,0.0061,0
100000,36,0,0,97026,5000,0.9703,0
410000,42,0,1,12327,2324,0.0301,0
160000,33,0,0,1655,4271,0.0103,0
120000,39,0,0,326,3756,0.0027,1
50000,37,0,0,12246,1196,0.2449,0
450000,38,0,0,0,0,0.0,0
200000,36,0,0,193083,9000,0.9654,0
360000,41,0,0,3640,1436,0.0101,0
340000,40,0,0,40681,3171,0.1196,0
300000,40,0,0,0,0,0.0,1
220000,40,0,0,220091,7797,1.0004,0
370000,37,0,0,308011,10404,0.8325,0
170000,39,0,1,2947,4134,0.0173,0
500000,39,0,0,491395,25799,0.9828,0
100000,36,2,1,94796,2624,0.948,0
110000,31,0,0,223,0,0.002,0
230000,31,0,1,23526,7005,0.1023,0
230000,31,0,0,33109,5000,0.144,0
150000,33,0,0,25849,1735,0.1723,0
210000,32,0,0,7544,5255,0.0359,0
100000,32,0,1,24002,2781,0.24,0
230000,42,0,0,147396,10000,0.6409,0
360000,33,0,0,0,0,0.0,1
360000,34,0,0,80540,3933,0.2237,0
200000,34,1,1,-2113,0,-0.0106,1
200000,34,0,0,16024,18184,0.0801,0
150000,33,0,0,508,1166,0.0034,0
110000,41,3,6,150,0,0.0014,0
320000,38,0,0,0,0,0.0,0
50000,44,2,6,19178,1500,0.3836,1
160000,39,0,0,32930,14000,0.2058,0
80000,42,0,0,43045,1301,0.5381,1
100000,35,0,0,28428,1800,0.2843,0
150000,36,0,0,289463,8245,1.9298,0
60000,38,7,6,126220,0,2.1037,0
200000,39,0,0,345,355,0.0017,0
160000,38,0,0,5207,207,0.0325,0
230000,38,0,0,4549,0,0.0198,0
230000,40,1,1,0,0,0.0,0
90000,39,1,1,0,0,0.0,0
140000,40,2,3,30755,1815,0.2197,1
30000,41,0,1,24217,2000,0.8072,0
320000,41,0,0,59807,10000,0.1869,0
20000,35,0,0,17008,1501,0.8504,0
50000,35,0,0,3123,1326,0.0625,0
30000,38,0,0,24505,1800,0.8168,0
160000,36,0,0,27204,897,0.17,0
280000,48,0,0,79536,31280,0.2841,0
390000,35,0,0,42286,2389,0.1084,0
100000,44,0,0,41803,33882,0.418,1
200000,48,0,0,198540,0,0.9927,0
110000,43,0,0,48796,2350,0.4436,0
50000,45,0,0,48875,2080,0.9775,0
100000,41,0,0,111925,4000,1.1192,0
200000,31,1,1,0,0,0.0,0
250000,34,2,2,138380,5136,0.5535,0
20000,48,2,6,13836,1500,0.6918,1
260000,35,0,0,3439,10127,0.0132,0
20000,31,1,2,15043,0,0.7522,1
320000,44,1,1,0,0,0.0,0
30000,37,0,0,7979,1149,0.266,0
50000,41,0,0,39859,1501,0.7972,0
80000,36,2,1,19671,1700,0.2459,1
120000,40,1,6,57816,5900,0.4818,1
290000,49,0,0,37246,3000,0.1284,0
50000,43,0,0,30530,2000,0.6106,0
30000,39,0,1,21173,2000,0.7058,1
580000,33,0,0,18812,2000,0.0324,0
270000,41,0,0,1278,0,0.0047,0
30000,42,2,1,836,836,0.0279,0
160000,31,2,3,147710,7501,0.9232,0
180000,31,0,0,416,416,0.0023,0
20000,34,0,1,3223,1220,0.1611,1
210000,33,0,0,7655,1644,0.0365,0
200000,43,0,0,113570,4149,0.5678,0
130000,43,0,0,32667,2000,0.2513,0
30000,36,0,0,8839,0,0.2946,0
130000,40,0,0,4176,11839,0.0321,0
180000,43,0,0,3122,16,0.0173,0
110000,39,0,0,93111,3226,0.8465,0
20000,39,0,2,15299,1883,0.765,0
150000,35,0,0,97268,3500,0.6485,0
210000,37,1,1,0,202,0.0,0
90000,42,0,0,92837,4500,1.0315,0
500000,42,0,0,62112,20025,0.1242,0
300000,37,0,0,15695,11551,0.0523,0
370000,33,0,0,18082,1628,0.0489,0
200000,35,0,1,104393,6300,0.522,0
500000,38,0,0,2252,2265,0.0045,0
50000,41,0,0,43885,2408,0.8777,1
120000,36,0,0,106609,380,0.8884,0
270000,38,0,0,62263,3000,0.2306,0
300000,43,0,0,21953,32905,0.0732,0
90000,37,1,4,18255,0,0.2028,0
120000,48,0,0,626,0,0.0052,0
90000,47,1,4,6681,0,0.0742,0
350000,41,0,0,122017,6000,0.3486,0
180000,29,1,5,20867,0,0.1159,0
30000,30,0,2,24171,3634,0.8057,0
240000,29,0,0,2638,1526,0.011,1
80000,38,1,2,84372,0,1.0546,0
50000,37,0,1,46239,2000,0.9248,1
370000,42,0,0,291006,12100,0.7865,0
150000,43,0,0,5446,6682,0.0363,0
410000,31,0,0,400967,14158,0.978,0
230000,32,0,0,1680,1535,0.0073,0
80000,32,0,0,4965,51932,0.0621,0
140000,32,0,0,10281,32172,0.0734,0
180000,32,0,0,5244,3000,0.0291,0
240000,33,0,0,95835,4060,0.3993,0
160000,30,0,0,-38,0,-0.0002,0
320000,31,0,0,11910,4445,0.0372,0
80000,35,2,2,252,0,0.0032,0
230000,36,0,1,3745,3000,0.0163,0
230000,40,0,0,273,273,0.0012,0
20000,38,0,0,11904,1500,0.5952,0
220000,37,0,0,158494,7000,0.7204,0
180000,42,0,0,626,0,0.0035,0
260000,36,0,0,7258,2037,0.0279,0
360000,37,0,0,10000,17444,0.0278,0
210000,36,1,2,167970,0,0.7999,1
200000,32,0,0,261,1723,0.0013,0
350000,35,0,0,8526,10951,0.0244,0
360000,35,1,1,0,0,0.0,0
60000,27,0,3,30641,3987,0.5107,0
190000,47,0,0,314,3031,0.0017,0
180000,35,0,0,24414,2483,0.1356,0
230000,37,0,0,312,3186,0.0014,1
270000,45,0,0,0,0,0.0,1
220000,45,0,0,176879,10150,0.804,0
80000,36,0,0,78780,0,0.9848,0
90000,29,0,0,79063,3687,0.8785,0
500000,35,0,0,5799,36277,0.0116,0
210000,35,0,0,188,971,0.0009,1
110000,27,0,1,89603,4113,0.8146,0
150000,31,0,0,10778,6000,0.0719,0
90000,33,0,0,3000,6000,0.0333,0
190000,34,0,3,84031,5000,0.4423,0
180000,43,0,0,152122,10000,0.8451,0
240000,37,0,0,51277,10006,0.2137,0
200000,28,0,2,4571,0,0.0229,0
200000,49,1,1,0,0,0.0,0
160000,38,0,0,0,0,0.0,0
240000,27,1,2,7029,0,0.0293,0
80000,25,0,0,76358,3000,0.9545,0
180000,39,1,1,0,0,0.0,1
80000,26,1,1,0,0,0.0,0
70000,26,0,0,70805,2600,1.0115,0
160000,38,0,0,73902,50000,0.4619,0
200000,30,0,0,148646,5000,0.7432,0
20000,34,0,0,1789,16745,0.0894,0
300000,35,0,0,155493,50706,0.5183,0
150000,42,0,3,107968,5023,0.7198,0
30000,45,1,2,5830,0,0.1943,0
360000,37,0,0,333,333,0.0009,1
280000,39,0,0,97694,4014,0.3489,0
30000,23,1,2,30335,0,1.0112,0
50000,24,0,0,48712,2269,0.9742,0
160000,28,0,0,819,162,0.0051,0
80000,28,0,2,36736,1955,0.4592,0
100000,29,0,1,92929,5000,0.9293,0
60000,47,0,0,54532,1970,0.9089,0
420000,27,0,0,198604,7518,0.4729,0
140000,27,0,0,0,0,0.0,0
270000,32,2,3,9220,5000,0.0341,1
160000,35,1,1,0,0,0.0,1
230000,31,0,0,2850,1940,0.0124,0
100000,47,0,0,43175,1680,0.4318,0
260000,36,0,0,0,132,0.0,0
200000,37,0,0,191876,4305,0.9594,0
380000,44,0,0,268755,11035,0.7072,0
130000,33,0,0,41573,0,0.3198,0
70000,33,1,6,67967,0,0.971,0
270000,33,0,0,10148,625,0.0376,0
30000,49,0,0,27922,2000,0.9307,1
290000,37,0,0,20565,8741,0.0709,0
50000,40,0,1,46319,4000,0.9264,0
30000,40,1,3,31230,2007,1.041,1
210000,38,0,0,2569,3920,0.0122,0
220000,43,0,0,223022,7750,1.0137,0
340000,32,0,0,61605,3500,0.1812,0
500000,41,0,0,4513,4375,0.009,0
30000,31,1,3,20494,0,0.6831,0
180000,32,2,5,13286,2800,0.0738,1
60000,24,0,0,53910,2600,0.8985,0
100000,32,0,0,41531,6157,0.4153,0
270000,33,0,1,7780,2228,0.0288,1
200000,47,0,0,8800,0,0.044,0
240000,38,0,0,234304,7888,0.9763,0
110000,40,0,0,107035,4000,0.973,0
360000,32,0,0,167232,6121,0.4645,0
50000,35,0,0,54731,1730,1.0946,0
60000,39,0,0,50615,1619,0.8436,0
50000,38,0,1,5764,1278,0.1153,0
120000,28,0,0,3564,2063,0.0297,0
140000,48,0,0,121096,4407,0.865,0
100000,46,1,3,97515,4000,0.9752,0
280000,46,2,2,506515,0,1.809,1
180000,28,0,0,176793,8000,0.9822,0
180000,28,1,1,0,0,0.0,0
150000,37,2,4,100390,11600,0.6693,0
180000,42,2,6,130304,13600,0.7239,1
180000,35,0,0,19369,7123,0.1076,0
30000,41,0,0,25735,2000,0.8578,0
380000,48,0,0,64001,5000,0.1684,0
130000,36,0,0,1738,1738,0.0134,0
170000,28,0,0,1311,3008,0.0077,0
220000,43,0,1,941,920,0.0043,1
150000,49,1,1,0,0,0.0,0
180000,34,1,1,0,149,0.0,0
180000,46,0,0,0,0,0.0,1
360000,27,1,1,0,0,0.0,0
150000,30,0,0,107799,16363,0.7187,0
170000,39,0,0,1803,218,0.0106,0
50000,44,0,0,10012,1500,0.2002,0
300000,39,0,1,87540,5000,0.2918,0
450000,40,0,0,799,0,0.0018,0
210000,29,0,0,145499,4751,0.6929,0
80000,30,2,2,15304,0,0.1913,0
240000,32,0,0,0,0,0.0,0
110000,32,0,0,68014,2500,0.6183,0
400000,40,0,0,27035,28204,0.0676,0
90000,49,1,1,0,0,0.0,1
210000,29,0,0,199251,9025,0.9488,0
260000,31,0,0,69343,4000,0.2667,0
170000,27,0,0,89909,8941,0.5289,0
210000,30,1,2,0,0,0.0,0
200000,38,1,1,0,0,0.0,0
560000,45,0,0,34669,150000,0.0619,0
540000,34,0,0,1128,1784,0.0021,0
100000,29,0,0,500,0,0.005,0
80000,26,0,0,77758,4000,0.972,1
30000,35,2,5,23785,0,0.7928,1
80000,28,0,0,77856,3670,0.9732,1
50000,28,2,2,19930,0,0.3986,1
120000,26,0,0,43629,25000,0.3636,0
240000,32,0,0,24615,5000,0.1026,0
260000,33,0,0,3342,9023,0.0129,0
280000,33,0,0,71174,2290,0.2542,0
30000,35,0,0,31955,1800,1.0652,1
150000,38,1,4,1589,1339,0.0106,0
350000,36,0,0,21026,15000,0.0601,1
100000,34,0,0,1919,1831,0.0192,0
320000,46,0,0,57593,534,0.18,0
380000,41,3,3,415735,0,1.094,1
40000,43,1,6,9268,0,0.2317,0
100000,43,0,0,5719,1043,0.0572,0
270000,30,0,0,81488,3000,0.3018,0
30000,44,2,1,26627,1452,0.8876,1
50000,40,0,0,19869,15584,0.3974,0
180000,30,0,0,44478,8000,0.2471,0
150000,31,0,0,5596,2573,0.0373,0
360000,32,0,0,16039,5000,0.0446,0
170000,38,0,0,5910,0,0.0348,0
140000,37,0,0,86858,5000,0.6204,0
90000,41,0,0,25388,1800,0.2821,0
20000,46,0,0,942,942,0.0471,0
160000,28,2,4,132528,7000,0.8283,0
30000,36,0,0,26535,1433,0.8845,0
300000,38,1,1,0,0,0.0,1
80000,24,2,1,81228,3400,1.0154,1
360000,32,0,0,11358,7079,0.0316,1
460000,41,0,0,6302,31321,0.0137,0
30000,46,2,3,19830,0,0.661,0
80000,37,0,0,2000,2000,0.025,1
140000,25,0,0,91485,3009,0.6535,0
280000,43,2,1,644,499,0.0023,0
300000,28,0,0,30631,1373,0.1021,0
30000,29,2,4,15361,3175,0.512,1
500000,37,0,0,208068,30072,0.4161,0
180000,42,0,1,258662,11056,1.437,0
160000,37,0,0,17500,10000,0.1094,0
200000,40,0,0,0,0,0.0,0
130000,37,0,0,110434,4100,0.8495,0
230000,30,0,0,2380,0,0.0103,0
230000,34,0,0,3251,4347,0.0141,1
60000,48,0,0,316,316,0.0053,1
80000,47,0,2,4166,0,0.0521,0
240000,47,0,0,27884,23610,0.1162,0
240000,30,0,0,35380,64013,0.1474,0
220000,33,0,0,1037,1062,0.0047,0
50000,44,0,0,10950,1097,0.219,1
50000,42,0,0,50562,2000,1.0112,0
50000,38,0,0,588,588,0.0118,0
90000,39,0,0,1330,950,0.0148,1
80000,46,0,1,79812,2854,0.9976,0
190000,43,0,0,93359,3404,0.4914,0
210000,31,0,0,157544,7505,0.7502,0
370000,45,0,0,137250,5927,0.3709,0
80000,45,1,6,53916,0,0.674,1
220000,32,0,0,28853,2000,0.1312,0
230000,44,0,0,899,1000,0.0039,0
200000,39,0,0,13145,15571,0.0657,0
400000,31,0,0,5974,2600,0.0149,0
80000,44,0,0,22771,1239,0.2846,0
360000,36,0,0,16557,3000,0.046,0
310000,35,0,0,308105,13088,0.9939,1
150000,29,0,0,80299,3000,0.5353,0
80000,30,0,0,90562,3340,1.132,0
40000,30,2,6,14408,1500,0.3602,1
320000,30,0,0,2419,2000,0.0076,0
170000,38,0,0,153123,7000,0.9007,0
80000,36,0,0,23347,10000,0.2918,0
420000,33,2,1,8117,20837,0.0193,0
170000,45,0,0,169625,6081,0.9978,0
230000,40,0,0,1163,0,0.0051,0
200000,35,0,0,20375,1089,0.1019,0
430000,42,2,6,282880,12700,0.6579,1
100000,32,0,1,18641,5000,0.1864,0
210000,32,1,1,15207,16529,0.0724,0
50000,40,0,0,0,1470,0.0,0
290000,36,0,0,57721,2514,0.199,0
200000,32,0,0,0,0,0.0,0
170000,37,0,0,7365,255,0.0433,0
30000,38,0,0,9730,0,0.3243,0
360000,48,0,0,2500,0,0.0069,1
110000,31,1,1,0,0,0.0,0
180000,31,0,3,151776,9300,0.8432,0
220000,34,0,0,93815,4300,0.4264,0
190000,34,0,0,90945,3500,0.4787,0
150000,29,0,0,17196,2012,0.1146,0
350000,38,0,0,62862,24000,0.1796,0
240000,47,0,0,121386,6000,0.5058,0
230000,30,0,0,0,63508,0.0,0
500000,29,0,0,6887,2940,0.0138,0
160000,30,0,1,33712,14116,0.2107,0
290000,30,0,0,41626,5004,0.1435,0
50000,30,0,0,22459,26499,0.4492,0
270000,30,2,3,172933,19028,0.6405,1
260000,30,0,0,4456,177,0.0171,0
180000,31,0,0,10790,7239,0.0599,0
180000,32,0,0,0,0,0.0,0
50000,33,0,0,43268,2011,0.8654,0
50000,34,2,1,47993,2010,0.9599,1
80000,37,0,0,27695,10000,0.3462,1
250000,37,0,0,212954,8000,0.8518,0
80000,45,0,0,81328,3750,1.0166,0
160000,37,0,0,13307,22887,0.0832,0
30000,42,0,0,27855,5000,0.9285,0
100000,44,0,0,1603,1440,0.016,0
100000,46,1,1,0,766,0.0,0
130000,45,0,1,1980,0,0.0152,0
80000,35,0,0,81513,3612,1.0189,0
170000,41,0,0,93095,3500,0.5476,0
280000,42,0,0,6425,3746,0.0229,0
500000,44,2,1,1273,79113,0.0025,1
300000,41,0,0,1215,43943,0.004,0
310000,42,0,1,21692,19697,0.07,0
120000,29,0,2,8318,0,0.0693,0
50000,49,2,1,48297,3000,0.9659,1
340000,29,0,0,262621,24298,0.7724,0
90000,31,2,6,20052,59872,0.2228,0
60000,32,1,3,17992,0,0.2999,1
380000,29,0,0,384979,20000,1.0131,0
200000,29,0,0,2692,4403,0.0135,0
460000,29,0,0,82315,90150,0.1789,0
300000,30,0,1,10940,0,0.0365,0
360000,30,0,0,4765,3434,0.0132,0
120000,30,0,0,25657,3000,0.2138,0
500000,31,1,1,0,5377,0.0,0
210000,33,0,0,199851,7000,0.9517,1
180000,33,2,6,115166,10800,0.6398,1
200000,32,0,0,47550,5000,0.2378,0
240000,32,0,0,12000,0,0.05,0
50000,32,0,0,943,10528,0.0189,0
240000,32,0,0,89988,18063,0.375,0
160000,33,0,1,2364,0,0.0148,1
150000,33,0,0,11529,2000,0.0769,0
100000,33,0,2,5640,0,0.0564,0
50000,33,1,2,49633,24,0.9927,0
180000,33,0,0,31689,10000,0.1761,0
50000,33,1,3,23250,0,0.465,1
20000,44,0,2,18126,3599,0.9063,1
120000,39,0,1,2753,0,0.0229,0
320000,44,0,0,29227,49619,0.0913,0
370000,36,0,0,219386,10500,0.5929,0
210000,37,0,0,26557,5000,0.1265,0
220000,40,0,1,197139,6500,0.8961,0
220000,41,0,0,119951,4375,0.5452,0
210000,36,2,1,420522,16000,2.0025,0
200000,34,0,0,5481,1068,0.0274,0
180000,41,0,0,9309,1119,0.0517,0
60000,44,1,2,61049,0,1.0175,0
430000,37,0,0,17800,2003,0.0414,0
20000,34,0,0,5185,2000,0.2592,0
50000,35,0,0,48658,3000,0.9732,0
500000,38,0,0,2937,5242,0.0059,0
340000,37,0,0,334125,13562,0.9827,0
80000,40,0,1,780,0,0.0098,1
230000,41,0,0,54598,1528,0.2374,0
170000,37,0,0,170687,3000,1.004,0
260000,40,0,0,411,209,0.0016,0
120000,34,0,0,8505,4086,0.0709,0
110000,39,0,0,102801,3818,0.9346,0
200000,46,0,0,106651,3692,0.5333,0
80000,46,0,1,25505,1000,0.3188,1
420000,35,0,0,65958,3500,0.157,0
50000,38,0,1,10379,1000,0.2076,1
30000,39,2,2,31207,0,1.0402,1
210000,40,0,0,2616,7537,0.0125,0
240000,33,0,0,214361,7830,0.8932,0
240000,45,0,0,8732,5286,0.0364,0
390000,37,0,0,175363,5551,0.4496,0
30000,33,0,0,498,4831,0.0166,0
50000,37,0,1,2564,0,0.0513,0
70000,49,0,0,64049,3700,0.915,1
180000,38,0,1,36479,2810,0.2027,0
180000,49,0,0,92140,3892,0.5119,0
470000,37,0,0,163000,10047,0.3468,0
120000,38,2,6,63700,3000,0.5308,1
390000,33,0,0,8243,4644,0.0211,0
50000,48,1,2,49621,0,0.9924,1
50000,39,0,0,48694,1803,0.9739,0
140000,32,0,0,112933,5000,0.8067,0
160000,40,0,0,0,3843,0.0,0
30000,37,0,0,3860,780,0.1287,0
20000,31,0,0,5500,3000,0.275,0
100000,47,0,0,6666,6666,0.0667,1
80000,47,0,0,2795,1067,0.0349,0
40000,24,1,4,24171,0,0.6043,1
180000,28,0,0,131007,5000,0.7278,0
80000,34,0,0,8413,1029,0.1052,0
300000,41,0,0,3399,0,0.0113,0
220000,29,3,5,4695,0,0.0213,1
80000,27,0,0,35303,1800,0.4413,0
290000,27,0,0,-4,0,-0.0,0
360000,28,0,0,5446,0,0.0151,0
500000,32,0,0,26455,7060,0.0529,0
430000,34,1,3,14965,0,0.0348,0
280000,35,0,0,5716,0,0.0204,0
150000,28,0,0,58322,36865,0.3888,0
200000,32,0,0,101685,4000,0.5084,0
110000,27,0,0,105979,5340,0.9634,0
150000,30,0,0,24523,2029,0.1635,0
120000,39,0,0,32598,20092,0.2716,0
500000,44,0,0,329570,72001,0.6591,0
270000,28,0,0,38875,6000,0.144,0
50000,29,0,0,24399,4000,0.488,0
300000,30,2,6,131957,6500,0.4399,0
140000,30,0,0,97288,4400,0.6949,1
170000,32,0,0,6699,2999,0.0394,0
320000,35,0,0,158942,5057,0.4967,0
200000,39,0,0,145687,7627,0.7284,0
50000,31,0,0,0,323,0.0,0
120000,32,0,0,37981,1586,0.3165,0
170000,38,0,0,13451,10539,0.0791,0
150000,40,0,0,798,2309,0.0053,0
200000,27,0,0,62574,2278,0.3129,0
110000,30,0,0,49069,1600,0.4461,0
50000,35,3,2,50437,0,1.0087,0
50000,42,0,0,13562,1500,0.2712,0
50000,46,2,4,64350,5000,1.287,1
110000,30,0,0,101706,3687,0.9246,0
160000,32,0,0,6919,2389,0.0432,0
20000,43,0,1,6483,0,0.3242,1
200000,48,0,0,93713,1866,0.4686,0
460000,45,0,0,184,1904,0.0004,0
50000,43,2,1,344,5128,0.0069,0
80000,35,0,0,28590,1500,0.3574,0
180000,40,0,0,15118,6047,0.084,0
440000,39,0,0,431557,18174,0.9808,0
300000,31,0,0,188,188,0.0006,0
180000,33,0,0,437,0,0.0024,1
80000,47,0,1,3598,2,0.045,0
20000,41,1,3,10774,1300,0.5387,1
310000,36,0,0,101941,3016,0.3288,0
180000,41,1,1,1520,10,0.0084,0
20000,42,2,1,15552,1575,0.7776,1
480000,38,0,0,29414,5002,0.0613,0
90000,33,0,2,75451,2800,0.8383,0
310000,35,0,0,27089,20000,0.0874,0
310000,35,0,0,143072,30000,0.4615,0
200000,34,0,1,7026,6599,0.0351,0
100000,34,0,2,246,123,0.0025,1
100000,35,0,0,79277,3580,0.7928,0
370000,35,0,0,201666,7094,0.545,0
60000,46,0,0,58584,2700,0.9764,0
50000,39,2,2,50932,0,1.0186,0
280000,35,0,0,92095,83959,0.3289,0
90000,46,0,0,5965,1120,0.0663,1
360000,45,0,0,0,700,0.0,0
100000,47,0,0,139550,3500,1.3955,0
30000,37,2,6,21368,1500,0.7123,1
230000,40,0,0,0,0,0.0,0
180000,44,0,0,108,131,0.0006,0
150000,48,0,0,9730,0,0.0649,0
240000,37,0,0,86701,5000,0.3613,0
110000,42,0,2,5174,1106,0.047,0
180000,36,0,0,980,960,0.0054,0
50000,42,0,0,41836,6000,0.8367,0
170000,44,0,0,0,0,0.0,0
120000,42,0,0,112237,4097,0.9353,0
400000,45,0,0,10985,2441,0.0275,0
240000,40,0,0,390,390,0.0016,0
50000,37,1,4,47071,148,0.9414,1
290000,35,1,1,0,1839,0.0,0
150000,36,0,0,134797,5600,0.8986,1
170000,40,0,0,-3549,4557,-0.0209,0
230000,46,0,0,4957,9467,0.0216,0
180000,38,0,0,0,0,0.0,0
260000,41,1,1,0,5848,0.0,0
90000,41,0,0,61287,3021,0.681,0
520000,35,0,0,57536,5000,0.1106,0
50000,40,0,0,48489,1813,0.9698,1
320000,45,1,1,0,0,0.0,0
60000,42,0,3,26536,5000,0.4423,0
180000,39,0,0,2569,11662,0.0143,0
290000,43,0,0,170373,5007,0.5875,0
300000,40,0,0,0,0,0.0,0
220000,47,0,0,3148,4206,0.0143,0
70000,32,0,4,15623,3009,0.2232,1
150000,40,0,0,0,0,0.0,0
80000,40,0,0,3463,5143,0.0433,0
10000,41,0,3,1838,0,0.1838,1
280000,46,0,0,34433,1383,0.123,0
450000,43,0,0,1448,6018,0.0032,0
230000,34,0,0,1716,1518,0.0075,0
320000,35,0,0,0,0,0.0,1
200000,42,0,0,25897,10000,0.1295,0
60000,37,0,0,38670,1606,0.6445,0
50000,31,0,0,29731,1500,0.5946,0
30000,47,1,4,13012,1000,0.4337,0
260000,36,0,0,5160,0,0.0198,0
210000,42,0,0,7065,1459,0.0336,0
290000,41,0,0,32192,2500,0.111,0
20000,41,0,1,6667,2600,0.3334,0
100000,45,3,4,94471,0,0.9447,1
230000,40,0,0,33907,2000,0.1474,0
300000,36,0,0,28292,1583,0.0943,0
20000,33,2,1,19946,1593,0.9973,1
30000,42,0,3,21969,1706,0.7323,1
170000,43,1,1,0,1010,0.0,0
200000,46,0,3,2893,1436,0.0145,1
50000,46,0,0,47788,2201,0.9558,0
20000,41,0,0,20441,1700,1.022,0
60000,32,0,0,59274,2131,0.9879,0
20000,46,3,3,10145,0,0.5072,1
220000,35,0,0,3327,0,0.0151,0
20000,43,0,0,14959,1600,0.748,0
70000,33,0,0,9286,2748,0.1327,0
380000,43,0,0,121868,6000,0.3207,0
30000,48,0,1,36956,1553,1.2319,0
200000,35,1,2,-3258,14000,-0.0163,0
80000,36,1,4,81606,0,1.0201,1
150000,38,0,0,26495,1291,0.1766,0
210000,40,0,0,111508,4100,0.531,0
70000,43,2,1,46092,1700,0.6585,0
280000,38,0,0,92579,4300,0.3306,0
140000,35,0,0,326,326,0.0023,0
200000,44,0,0,0,1904,0.0,0
170000,40,0,0,117338,4211,0.6902,0
50000,49,1,4,19208,1000,0.3842,0
90000,32,0,0,4857,0,0.054,0
130000,33,0,0,63505,5000,0.4885,0
250000,40,2,3,170489,13926,0.682,0
120000,35,2,4,110581,0,0.9215,1
490000,37,1,2,18961,0,0.0387,0
200000,43,1,1,0,601,0.0,1
200000,42,0,0,192821,8000,0.9641,0
100000,30,2,1,736,1237,0.0074,0
280000,31,0,0,14697,4501,0.0525,0
290000,34,0,0,21849,1500,0.0753,0
160000,45,0,0,151214,6000,0.9451,0
230000,45,0,0,71149,3000,0.3093,0
130000,49,0,0,53714,2570,0.4132,0
420000,42,1,1,0,0,0.0,1
20000,46,0,0,15717,1276,0.7859,0
70000,38,1,3,73688,0,1.0527,1
230000,47,0,0,-96,3031,-0.0004,0
340000,38,0,0,250475,11000,0.7367,0
420000,34,0,0,19406,6000,0.0462,0
140000,34,0,0,22848,2000,0.1632,0
30000,26,0,0,27217,1179,0.9072,0
50000,27,1,4,51176,0,1.0235,1
430000,27,0,0,401298,40000,0.9333,0
260000,41,0,0,2472,8160,0.0095,1
180000,34,0,0,-20,50684,-0.0001,0
100000,33,1,6,12560,0,0.1256,0
160000,39,0,0,106260,0,0.6641,0
260000,38,0,0,0,0,0.0,0
200000,33,0,0,23870,2000,0.1194,0
450000,34,0,0,1494,538,0.0033,0
390000,34,0,0,1162,759,0.003,0
390000,35,0,0,43098,42000,0.1105,0
40000,38,0,1,37539,2000,0.9385,1
500000,46,0,2,198342,19000,0.3967,0
180000,39,0,0,5360,6207,0.0298,0
100000,39,1,1,-5,585,-0.0,0
50000,42,0,0,37606,3000,0.7521,0
40000,38,0,0,40125,2006,1.0031,0
350000,46,0,0,5372,12277,0.0153,0
360000,37,0,0,1568,2500,0.0044,0
200000,36,0,0,9738,1177,0.0487,1
230000,38,0,0,2581,2929,0.0112,0
200000,39,0,0,2880,0,0.0144,0
230000,42,0,0,7906,2138,0.0344,0
500000,31,1,1,29091,5763,0.0582,0
230000,32,0,0,198704,10000,0.8639,0
340000,34,0,0,332916,14600,0.9792,0
20000,47,0,1,13963,1500,0.6982,1
20000,48,0,0,14203,1252,0.7101,0
310000,35,0,0,83719,5000,0.2701,0
160000,36,0,0,2054,1950,0.0128,0
230000,41,0,0,34578,495,0.1503,0
200000,40,0,0,7277,6,0.0364,0
120000,42,0,0,114740,4038,0.9562,0
350000,37,0,0,336061,12701,0.9602,0
170000,32,1,2,9990,0,0.0588,1
240000,35,0,0,18086,1133,0.0754,0
100000,49,1,1,0,0,0.0,0
130000,33,2,2,73250,0,0.5635,1
410000,41,2,1,348559,13000,0.8501,1
200000,42,0,1,390,742,0.002,0
60000,45,0,0,59998,2152,1.0,0
400000,44,0,0,0,804,0.0,0
380000,40,0,0,12839,11212,0.0338,0
210000,43,0,0,3577,1003,0.017,0
500000,45,0,0,290,5692,0.0006,0
100000,42,2,2,91534,0,0.9153,1
80000,44,0,0,3995,1000,0.0499,0
80000,31,0,0,1068,0,0.0134,1
200000,33,0,0,77670,6782,0.3883,0
260000,31,0,0,69957,3945,0.2691,0
310000,31,0,0,309080,11900,0.997,0
30000,32,0,0,29480,1431,0.9827,1
50000,33,0,0,40757,2000,0.8151,0
310000,46,0,0,43990,3000,0.1419,0
500000,40,0,0,212961,63000,0.4259,0
30000,49,0,0,3340,0,0.1113,0
160000,45,0,0,3650,1650,0.0228,0
350000,44,0,0,110472,100957,0.3156,0
350000,44,0,0,4025,2820,0.0115,1
50000,40,0,0,44749,2229,0.895,0
30000,44,0,0,9725,1200,0.3242,0
110000,31,0,0,98531,3577,0.8957,1
50000,31,0,0,22716,2000,0.4543,0
320000,34,0,0,3825,3000,0.012,0
80000,34,0,1,652,0,0.0081,1
40000,42,0,0,40285,1658,1.0071,1
330000,39,1,2,0,1380,0.0,0
160000,36,0,0,170,1062,0.0011,0
210000,49,0,0,11790,2230,0.0561,0
50000,36,0,0,26277,1700,0.5255,0
50000,49,0,1,46468,5000,0.9294,1
120000,36,0,0,71199,2574,0.5933,0
150000,45,0,2,882,258,0.0059,0
100000,31,0,0,960,4348,0.0096,0
50000,31,2,4,50539,1000,1.0108,0
240000,36,0,2,176035,25228,0.7335,0
230000,39,1,1,0,0,0.0,1
290000,45,0,0,36335,1564,0.1253,0
230000,42,0,0,7338,15,0.0319,0
360000,39,1,1,-390,0,-0.0011,0
320000,38,0,0,129416,4836,0.4044,0
360000,45,0,0,12040,0,0.0334,0
90000,38,0,1,85376,4326,0.9486,0
500000,34,0,0,4677,6187,0.0094,0
210000,36,0,0,91801,4000,0.4371,0
90000,39,0,0,45406,3000,0.5045,0
80000,44,2,1,31023,1000,0.3878,0
390000,39,0,0,27918,3145,0.0716,0
170000,33,1,1,-189,0,-0.0011,0
300000,37,0,0,85405,3479,0.2847,0
30000,38,0,0,1535,835,0.0512,0
260000,39,0,0,0,2399,0.0,0
500000,44,0,0,2128,635,0.0043,0
240000,35,0,0,238887,10000,0.9954,0
100000,35,1,1,0,0,0.0,0
180000,45,0,1,16452,2616,0.0914,0
50000,45,0,1,3487,1213,0.0697,0
200000,35,0,0,27561,5000,0.1378,0
20000,45,0,1,17235,1610,0.8618,0
20000,46,1,3,4426,0,0.2213,1
60000,35,0,1,20163,2000,0.336,0
260000,42,0,0,16827,1500,0.0647,0
180000,41,0,2,10324,3744,0.0574,0
210000,44,0,0,4925,32930,0.0235,0
270000,36,0,0,73953,5168,0.2739,0
370000,36,0,0,2788,25794,0.0075,0
200000,35,0,0,467,2700,0.0023,0
270000,31,0,0,6181,12140,0.0229,0
350000,32,0,0,11942,3252,0.0341,0
230000,37,2,3,535,3888,0.0023,0
130000,41,0,0,8920,1161,0.0686,0
260000,31,0,0,263688,8993,1.0142,0
400000,32,0,0,3616,0,0.009,0
180000,36,0,0,0,1290,0.0,0
220000,41,0,1,138657,22000,0.6303,0
210000,32,1,1,-974,0,-0.0046,0
240000,32,1,1,0,0,0.0,0
240000,35,0,0,0,0,0.0,0
150000,45,0,0,60236,6007,0.4016,0
300000,31,0,0,123306,5000,0.411,0
180000,43,0,0,81147,101522,0.4508,0
300000,47,3,6,5000,0,0.0167,1
70000,34,0,0,1533,3921,0.0219,0
60000,43,0,0,65349,2300,1.0892,1
260000,33,0,0,1900,0,0.0073,0
400000,37,0,0,2218,13256,0.0055,0
490000,48,1,1,500,7081,0.001,0
50000,42,2,4,34218,1893,0.6844,1
130000,32,0,0,58776,2010,0.4521,0
150000,32,0,1,3204,0,0.0214,0
70000,33,1,2,51900,0,0.7414,0
240000,34,0,0,626,1921,0.0026,0
250000,49,0,0,1104,0,0.0044,0
440000,41,0,0,348397,14006,0.7918,0
130000,40,0,0,133559,5400,1.0274,0
60000,37,0,0,59462,3000,0.991,1
290000,41,0,0,2025,0,0.007,0
150000,41,0,0,4474,3000,0.0298,0
240000,37,0,1,1769,0,0.0074,0
220000,43,0,0,4009,1689,0.0182,1
100000,38,3,2,2156,0,0.0216,0
200000,39,0,0,5553,2294,0.0278,0
400000,37,0,0,10677,31008,0.0267,0
500000,47,0,0,3634,299,0.0073,0
230000,45,0,0,6348,0,0.0276,1
50000,43,0,0,48474,2334,0.9695,0
180000,46,0,0,578,911,0.0032,0
200000,31,0,0,90708,2768,0.4535,0
230000,37,0,0,1985,8075,0.0086,0
210000,34,0,1,201223,17580,0.9582,1
170000,33,2,1,170348,7622,1.002,0
200000,41,0,0,2615,9855,0.0131,0
350000,42,0,1,3931,0,0.0112,0
360000,41,0,0,3578,3658,0.0099,0
160000,35,0,0,3027,1116,0.0189,0
230000,36,0,0,0,1663,0.0,0
110000,44,0,0,42214,2000,0.3838,0
520000,42,0,0,437492,14710,0.8413,0
280000,30,0,0,192045,9300,0.6859,0
240000,30,0,0,3376,0,0.0141,0
20000,31,1,4,-363,567,-0.0182,0
210000,30,0,0,184705,7000,0.8795,0
250000,30,0,0,144807,20000,0.5792,0
90000,44,0,0,1473,1473,0.0164,0
70000,30,0,0,2429,1500,0.0347,1
90000,36,0,0,39317,1808,0.4369,1
180000,39,0,0,547,547,0.003,0
210000,43,1,1,0,0,0.0,1
250000,30,0,0,197436,7500,0.7897,0
200000,30,0,1,17160,2880,0.0858,0
240000,36,2,2,247477,11,1.0312,0
500000,32,1,1,0,0,0.0,0
20000,32,1,2,18931,0,0.9466,0
160000,44,0,0,-18,0,-0.0001,0
250000,32,0,0,3829,4374,0.0153,0
360000,44,0,0,1715,3680,0.0048,0
300000,44,0,0,7948,576,0.0265,0
500000,45,0,0,494140,14515,0.9883,0
420000,40,0,1,101873,3517,0.2426,0
30000,36,0,0,2114,490,0.0705,0
260000,48,0,0,85378,2664,0.3284,0
360000,45,0,0,20137,3332,0.0559,0
220000,32,0,0,18477,16370,0.084,0
20000,35,0,0,19792,1339,0.9896,0
230000,37,0,0,-18,18,-0.0001,1
100000,41,0,2,2427,935,0.0243,0
180000,44,0,0,0,0,0.0,0
300000,45,0,0,12975,1520,0.0432,0
160000,46,0,0,960,485,0.006,0
10000,43,0,1,6110,1240,0.611,0
300000,39,0,0,2973,2702,0.0099,0
80000,37,0,0,104989,4369,1.3124,0
440000,39,0,0,388357,14193,0.8826,1
80000,33,0,1,12554,1523,0.1569,0
230000,45,0,0,0,0,0.0,0
340000,47,0,0,507,892,0.0015,0
50000,48,0,0,50099,1291,1.002,0
80000,37,0,0,2028,286,0.0254,0
150000,47,0,0,39139,15374,0.2609,0
160000,43,0,0,2980,2817,0.0186,1
390000,40,0,0,195688,7636,0.5018,0
500000,37,0,0,16801,14805,0.0336,0
100000,32,0,0,29222,1432,0.2922,0
310000,41,0,0,30680,100000,0.099,0
30000,43,0,0,29327,1659,0.9776,0
20000,45,0,0,7221,1245,0.361,0
500000,45,0,0,87206,5303,0.1744,0
150000,37,0,0,702,0,0.0047,0
360000,38,1,2,4741,0,0.0132,1
200000,31,0,0,68244,6018,0.3412,0
270000,36,0,0,16699,1800,0.0618,0
230000,32,0,0,17957,3000,0.0781,0
150000,40,0,0,1221,176,0.0081,0
240000,41,0,0,129776,5000,0.5407,0
250000,49,0,0,41075,5000,0.1643,0
240000,35,0,0,3664,5770,0.0153,1
340000,34,0,0,1780,28763,0.0052,0
160000,35,0,2,52010,4792,0.3251,0
180000,33,0,0,44806,3000,0.2489,0
240000,41,0,0,852,1746,0.0036,0
120000,43,0,0,121427,77225,1.0119,0
150000,40,0,0,21001,4000,0.14,0
210000,31,1,1,0,0,0.0,0
500000,31,0,0,348526,15210,0.6971,0
80000,49,0,0,79967,2700,0.9996,0
30000,45,0,0,0,0,0.0,0
60000,33,0,0,56379,3000,0.9396,0
370000,35,0,0,20108,13994,0.0543,0
30000,33,0,0,390,390,0.013,0
150000,30,0,0,6154,0,0.041,1
100000,42,0,0,61618,2406,0.6162,0
80000,39,0,0,48784,2194,0.6098,0
200000,32,0,0,8479,2021,0.0424,0
80000,33,2,4,51016,1200,0.6377,1
140000,42,0,0,156062,5750,1.1147,0
290000,40,0,0,258360,12025,0.8909,0
350000,36,0,0,28489,28950,0.0814,0
310000,39,0,0,12080,1989,0.039,0
80000,42,0,1,18172,2000,0.2272,1
30000,37,0,0,25689,1500,0.8563,1
230000,47,0,0,0,0,0.0,0
150000,37,0,0,0,0,0.0,0
110000,29,0,0,60101,2505,0.5464,0
170000,29,0,0,50104,2000,0.2947,0
200000,30,1,2,0,1186,0.0,0
260000,30,0,0,147565,7129,0.5676,0
50000,47,0,0,39296,2000,0.7859,0
50000,42,0,0,49699,1857,0.994,0
420000,46,0,0,19629,8765,0.0467,0
220000,36,0,1,637,0,0.0029,1
230000,36,0,0,928,282,0.004,0
280000,49,0,0,278569,11005,0.9949,0
20000,45,0,1,25102,3550,1.2551,1
200000,44,0,0,35210,1858,0.1761,0
280000,37,0,0,8909,3571,0.0318,0
170000,45,0,1,130668,5900,0.7686,1
50000,42,0,0,49624,2100,0.9925,0
240000,33,0,0,103100,5295,0.4296,0
200000,45,0,0,45876,1732,0.2294,0
100000,42,0,0,117464,2962,1.1746,1
230000,30,0,0,185129,10024,0.8049,0
240000,32,0,0,199789,9000,0.8325,0
240000,32,0,0,132252,6500,0.551,0
80000,36,0,0,22657,1320,0.2832,0
80000,30,0,0,21072,2620,0.2634,0
50000,48,0,1,2896,1500,0.0579,0
180000,38,0,0,150345,5300,0.8352,1
150000,31,0,0,4847,4268,0.0323,0
140000,42,2,3,141321,4300,1.0094,1
80000,43,2,1,68612,3100,0.8576,0
300000,43,0,0,5972,1857,0.0199,0
350000,34,0,0,19202,1300,0.0549,0
110000,46,0,0,44590,2000,0.4054,1
130000,37,0,0,33346,5448,0.2565,0
130000,45,0,0,126840,5298,0.9757,0
170000,48,0,0,99728,4500,0.5866,0
310000,43,0,0,112343,3023,0.3624,0
500000,36,0,0,51132,8830,0.1023,0
230000,35,0,0,1890,533,0.0082,0
50000,35,1,6,8917,0,0.1783,1
390000,44,0,0,35369,15000,0.0907,0
200000,43,0,0,5853,1024,0.0293,0
380000,34,0,0,25079,100000,0.066,0
140000,41,0,0,130439,5000,0.9317,0
420000,49,0,0,115505,4044,0.275,0
50000,42,3,4,24225,500,0.4845,1
100000,46,0,2,3780,0,0.0378,0
50000,36,2,4,50817,2000,1.0163,1
140000,37,0,0,58075,3000,0.4148,0
50000,40,0,0,48519,1800,0.9704,0
20000,48,1,1,0,0,0.0,1
260000,45,0,0,243952,15521,0.9383,0
240000,37,0,0,-150,0,-0.0006,1
20000,49,0,0,12165,1517,0.6082,0
200000,38,0,1,18703,1533,0.0935,0
150000,40,0,0,87105,3000,0.5807,0
280000,35,0,0,3072,0,0.011,0
280000,34,0,0,2793,1356,0.01,0
120000,34,1,1,0,0,0.0,1
160000,47,0,0,1961,5495,0.0123,0
80000,37,0,0,63558,2500,0.7945,0
500000,43,0,0,42081,16495,0.0842,0
50000,42,5,4,20235,0,0.4047,1
120000,36,0,0,2779,6428,0.0232,1
150000,34,0,0,5712,14539,0.0381,0
150000,34,0,0,150294,6750,1.002,0
200000,31,0,0,1507,0,0.0075,0
160000,31,0,0,0,2036,0.0,0
200000,33,0,0,84064,5935,0.4203,0
280000,43,1,1,0,4051,0.0,1
120000,39,0,1,20693,2000,0.1724,1
360000,42,0,3,10000,893,0.0278,0
150000,49,1,1,0,1870,0.0,0
390000,39,0,0,42721,12041,0.1095,0
200000,34,0,0,7271,2000,0.0364,0
200000,37,1,2,226365,0,1.1318,0
60000,43,0,0,60788,2500,1.0131,0
300000,30,0,0,0,0,0.0,0
420000,32,0,0,211688,7300,0.504,0
170000,33,1,1,0,0,0.0,0
170000,28,0,0,56766,4000,0.3339,0
160000,28,0,0,15525,34604,0.097,0
210000,28,0,0,2670,262,0.0127,0
200000,29,0,0,2618,784,0.0131,0
200000,30,0,0,154030,5370,0.7702,0
60000,32,0,0,59166,2000,0.9861,0
500000,33,0,0,249,2655,0.0005,0
150000,33,0,1,3389,0,0.0226,0
310000,42,0,0,-2123,260000,-0.0068,0
350000,31,0,0,35420,4000,0.1012,0
140000,35,0,0,7921,9268,0.0566,1
320000,30,0,0,9646,13442,0.0301,0
330000,32,0,0,12118,2000,0.0367,0
200000,36,0,0,10890,1500,0.0544,0
430000,41,0,0,2663,20679,0.0062,0
170000,30,0,0,173922,7400,1.0231,0
300000,30,0,0,15575,10810,0.0519,0
450000,39,0,0,217126,10329,0.4825,0
250000,44,0,0,23438,0,0.0938,0
300000,29,0,0,11500,0,0.0383,0
230000,30,0,0,149775,10000,0.6512,0
230000,35,0,0,9000,0,0.0391,0
100000,37,0,0,14394,36291,0.1439,0
20000,52,0,1,18603,1555,0.9302,0
50000,54,0,0,45777,1800,0.9155,0
70000,50,2,1,62049,4000,0.8864,1
170000,52,0,0,170133,7620,1.0008,1
110000,53,0,0,105435,5400,0.9585,0
30000,50,0,1,17891,1800,0.5964,0
60000,50,2,1,60199,2800,1.0033,1
70000,59,0,1,67088,2244,0.9584,0
20000,50,0,0,5141,3754,0.257,1
30000,51,0,0,15126,1236,0.5042,0
30000,52,2,3,7033,3700,0.2344,1
490000,54,0,0,396,396,0.0008,0
280000,53,0,2,1890,2846,0.0068,0
150000,51,1,1,0,0,0.0,0
240000,52,1,1,0,0,0.0,0
230000,53,0,0,9358,5000,0.0407,0
100000,52,1,6,13687,1600,0.1369,1
60000,51,0,0,57252,2501,0.9542,0
50000,51,0,0,38306,1661,0.7661,0
70000,52,1,3,38527,0,0.5504,0
50000,52,3,2,49534,0,0.9907,0
110000,52,0,0,38298,1935,0.3482,0
200000,51,2,1,455293,10688,2.2765,0
220000,51,0,0,44076,2000,0.2003,0
30000,50,0,0,25648,1000,0.8549,0
20000,50,0,1,13779,1245,0.6889,1
20000,51,1,2,14710,0,0.7355,0
20000,51,0,0,18768,1714,0.9384,0
280000,51,0,0,390,11223,0.0014,1
100000,54,0,0,40112,1661,0.4011,0
300000,56,0,0,129234,10060,0.4308,0
200000,54,0,1,2841,0,0.0142,0
50000,52,2,1,48970,2100,0.9794,0
20000,52,0,0,18652,1300,0.9326,0
30000,61,2,2,24453,0,0.8151,0
430000,50,0,0,268537,10000,0.6245,0
90000,55,0,0,3388,0,0.0376,0
280000,50,0,0,8740,4919,0.0312,0
20000,50,0,0,19681,1313,0.984,0
150000,52,0,0,139733,7000,0.9316,0
300000,50,0,0,22443,31175,0.0748,0
80000,52,2,1,79822,2773,0.9978,0
280000,50,0,0,2712,4494,0.0097,0
120000,50,0,0,121018,5550,1.0085,0
210000,51,2,2,42795,2007,0.2038,1
40000,52,0,0,0,3500,0.0,0
100000,52,0,0,39555,1955,0.3956,0
90000,54,0,0,0,0,0.0,1
80000,49,0,0,390,390,0.0049,1
170000,51,0,0,9773,4146,0.0575,0
350000,52,3,6,2400,0,0.0069,1
80000,55,2,1,76414,3100,0.9552,0
30000,58,0,0,24874,1500,0.8291,0
500000,54,0,0,6259,2962,0.0125,1
180000,53,0,0,0,533,0.0,0
80000,57,0,0,33600,0,0.42,0
150000,51,0,0,13219,1179,0.0881,0
600000,51,0,0,95286,10448,0.1588,0
50000,51,0,0,24202,1340,0.484,0
20000,51,0,1,5411,1116,0.2706,0
150000,72,0,0,0,1250,0.0,0
100000,50,0,0,47895,1790,0.479,0
20000,58,2,4,8287,3000,0.4144,1
80000,55,0,1,67671,2141,0.8459,0
50000,52,1,2,19371,0,0.3874,0
150000,52,0,1,85404,8400,0.5694,0
90000,52,0,0,49115,2477,0.5457,0
80000,50,0,0,30711,1957,0.3839,0
190000,48,2,4,90128,4500,0.4744,1
320000,50,0,0,1999,730,0.0062,0
500000,50,0,0,10061,20631,0.0201,0
50000,57,0,0,50990,2100,1.0198,1
60000,62,0,1,57918,3028,0.9653,0
100000,53,0,0,98026,3773,0.9803,0
150000,54,0,0,-1,263,-0.0,1
280000,50,0,2,5380,400,0.0192,0
100000,50,0,0,49032,1736,0.4903,0
30000,50,2,6,21993,1300,0.7331,1
50000,50,2,6,38483,1960,0.7697,1
60000,50,0,0,33290,1558,0.5548,0
40000,55,1,6,27849,2000,0.6962,0
160000,51,0,0,0,0,0.0,0
150000,50,0,0,8478,7890,0.0565,0
200000,50,0,0,0,0,0.0,1
60000,51,0,0,60350,2435,1.0058,0
210000,51,0,1,3490,3611,0.0166,0
50000,52,2,1,6379,1091,0.1276,0
360000,52,0,0,6658,2610,0.0185,0
80000,52,0,0,77086,3000,0.9636,0
360000,52,0,0,-3,0,-0.0,1
140000,52,0,0,850,12340,0.0061,0
260000,52,1,2,9979,0,0.0384,1
180000,52,0,0,76538,3200,0.4252,0
300000,55,0,0,0,0,0.0,0
200000,53,0,1,88895,2600,0.4445,0
390000,53,0,0,30400,5000,0.0779,0
130000,59,0,0,390,2356,0.003,0
130000,56,0,0,30218,2000,0.2324,0
240000,53,0,0,890,236,0.0037,0
80000,54,0,0,12158,2000,0.152,0
350000,56,0,0,8451,36108,0.0241,0
110000,62,0,1,65932,2500,0.5994,0
30000,56,0,1,10232,1510,0.3411,1
130000,53,1,6,112363,0,0.8643,0
80000,54,0,0,75267,3000,0.9408,0
60000,55,1,2,61278,17,1.0213,0
180000,70,0,0,162647,5644,0.9036,0
50000,54,0,0,42326,2200,0.8465,0
70000,57,0,0,10042,1176,0.1435,0
270000,60,0,1,836,836,0.0031,1
110000,55,0,3,4924,0,0.0448,1
150000,53,0,0,11589,29190,0.0773,0
150000,53,0,0,29076,1200,0.1938,0
170000,56,0,0,390,17450,0.0023,0
70000,62,2,1,48367,1796,0.691,1
360000,57,0,0,-2,0,-0.0,0
200000,59,0,0,92215,4300,0.4611,0
200000,69,0,0,45870,2100,0.2294,0
140000,61,1,1,0,0,0.0,1
360000,58,0,0,0,600,0.0,0
180000,54,0,0,87695,3200,0.4872,0
80000,55,0,0,79816,1600,0.9977,0
390000,53,0,0,611,0,0.0016,0
440000,53,0,0,295180,13007,0.6709,0
50000,55,0,0,1100,0,0.022,0
80000,60,0,0,577,500,0.0072,0
230000,54,0,2,187,3327,0.0008,0
90000,53,0,0,60769,2207,0.6752,0
80000,54,0,1,16613,3500,0.2077,0
350000,64,0,0,30726,3000,0.0878,0
440000,64,0,0,133996,6319,0.3045,0
90000,54,3,5,86228,1500,0.9581,1
40000,56,0,0,30048,1805,0.7512,1
50000,61,3,2,52659,4,1.0532,1
50000,58,1,6,39649,1500,0.793,0
100000,55,0,0,390,390,0.0039,1
200000,56,0,0,193392,5039,0.967,0
180000,55,0,0,52824,2000,0.2935,0
180000,62,1,1,0,0,0.0,1
20000,58,0,0,17895,13605,0.8948,0
120000,63,0,0,49394,3000,0.4116,0
80000,65,2,1,85882,3900,1.0735,0
60000,66,0,4,47350,5000,0.7892,0
140000,55,0,0,108038,4200,0.7717,0
220000,39,0,0,1557,4478,0.0071,0
80000,25,2,2,79000,0,0.9875,0
360000,29,0,0,67273,10000,0.1869,0
60000,26,0,0,56387,2200,0.9398,0
50000,29,0,0,1528,0,0.0306,0
20000,28,0,0,17027,1500,0.8514,0
50000,22,1,1,0,1054,0.0,0
360000,29,0,0,390,390,0.0011,0
50000,34,0,0,44168,1410,0.8834,0
130000,27,0,0,500,2000,0.0038,1
20000,22,1,3,17336,1000,0.8668,1
20000,22,3,6,16132,1000,0.8066,1
300000,35,0,0,91282,3260,0.3043,0
250000,36,0,0,5992,0,0.024,1
100000,37,0,0,99516,10184,0.9952,1
80000,37,2,1,81970,3000,1.0246,1
20000,22,1,5,9422,1000,0.4711,1
50000,23,0,0,34376,1806,0.6875,0
50000,23,2,1,49301,2500,0.986,1
20000,23,1,6,11113,3500,0.5556,1
50000,23,0,0,9156,0,0.1831,1
180000,23,0,0,177736,6849,0.9874,0
50000,23,0,0,11306,1069,0.2261,1
20000,23,0,0,8038,1161,0.4019,1
20000,22,1,3,15471,1300,0.7736,0
10000,22,1,4,7019,0,0.7019,1
10000,21,0,0,7327,1500,0.7327,0
20000,22,0,0,19614,11630,0.9807,0
150000,24,0,0,139125,0,0.9275,0
10000,21,2,1,8999,1400,0.8999,1
20000,23,0,2,3286,3300,0.1643,0
20000,24,2,6,21034,0,1.0517,0
50000,23,0,0,43087,2100,0.8617,1
10000,24,1,4,5570,2000,0.557,1
50000,23,0,0,49276,0,0.9855,0
20000,23,0,0,15932,1605,0.7966,0
90000,23,3,2,92154,0,1.0239,1
30000,23,1,2,30391,0,1.013,0
110000,25,0,0,89687,4100,0.8153,0
10000,23,0,1,780,0,0.078,1
20000,23,2,3,16771,2919,0.8386,1
10000,24,1,3,5378,0,0.5378,0
80000,25,0,0,302,0,0.0038,0
20000,24,0,0,6814,1132,0.3407,0
240000,25,0,0,62946,2212,0.2623,0
170000,40,0,0,171650,6384,1.0097,0
80000,23,0,0,78542,1750,0.9818,0
20000,22,2,4,20433,0,1.0216,0
20000,22,0,0,9493,1500,0.4746,0
480000,37,0,0,2849,45205,0.0059,0
20000,23,3,4,11859,0,0.593,1
20000,24,0,0,17924,1400,0.8962,0
100000,22,0,0,35986,2548,0.3599,0
50000,23,0,0,48784,2400,0.9757,0
80000,24,2,2,1430,0,0.0179,0
200000,24,0,0,9167,200,0.0458,0
150000,32,0,0,159919,4019,1.0661,0
30000,34,0,0,390,0,0.013,0
140000,25,0,1,17172,1815,0.1227,0
10000,21,0,0,7427,1200,0.7427,0
20000,24,2,1,11179,1504,0.5589,1
50000,26,0,0,12571,1600,0.2514,0
130000,25,0,0,101281,31200,0.7791,0
50000,26,0,0,6905,2000,0.1381,0
160000,26,0,0,5417,15134,0.0339,0
30000,26,0,0,29160,2015,0.972,0
80000,27,0,0,60829,2061,0.7604,0
20000,25,0,4,9248,3100,0.4624,0
20000,24,0,0,15570,2000,0.7785,0
10000,24,1,1,-372,5253,-0.0372,0
110000,26,0,0,10183,2000,0.0926,0
50000,24,0,0,47796,2100,0.9559,0
40000,25,0,2,977,1190,0.0244,0
120000,26,0,0,316,316,0.0026,0
50000,26,0,0,49458,2200,0.9892,0
270000,27,0,0,176380,15000,0.6533,0
200000,27,2,4,177998,14600,0.89,1
20000,24,1,4,7733,1300,0.3866,0
30000,24,0,0,27880,2000,0.9293,0
20000,26,3,5,150,0,0.0075,1
20000,24,0,2,5212,1500,0.2606,1
10000,24,2,2,8837,0,0.8837,1
50000,24,2,1,47121,1950,0.9424,0
60000,25,0,0,45648,2000,0.7608,0
200000,26,0,0,14335,1213,0.0717,0
110000,26,0,0,36770,2000,0.3343,0
210000,27,0,0,196963,7000,0.9379,0
20000,27,0,0,1663,1662,0.0832,0
300000,27,0,0,11645,3513,0.0388,0
30000,22,3,6,26061,0,0.8687,1
50000,24,0,1,29341,1806,0.5868,0
80000,24,1,4,178541,0,2.2318,1
50000,26,1,6,31392,2400,0.6278,1
230000,27,0,0,147530,6800,0.6414,0
110000,27,0,0,71048,5000,0.6459,0
140000,27,0,0,80210,10000,0.5729,0
140000,28,0,0,218318,5000,1.5594,0
360000,28,0,1,2711,780,0.0075,0
90000,25,1,6,25179,0,0.2798,1
10000,26,0,0,4457,1400,0.4457,0
180000,26,0,0,14565,9500,0.0809,0
120000,26,0,0,45753,13160,0.3813,0
130000,25,2,1,128947,5006,0.9919,0
90000,25,0,0,2381,1800,0.0265,0
170000,26,0,0,164408,5700,0.9671,1
50000,23,0,1,47378,4000,0.9476,0
400000,26,0,0,98580,8006,0.2464,0
10000,24,0,0,9285,273,0.9285,0
360000,27,0,0,4614,6813,0.0128,0
100000,25,0,0,1522,291,0.0152,0
80000,25,0,1,825,1650,0.0103,0
20000,25,0,0,390,390,0.0195,0
50000,25,0,0,15639,1200,0.3128,0
50000,24,0,1,1959,0,0.0392,0
50000,24,0,0,12570,6000,0.2514,0
100000,26,0,0,30928,2500,0.3093,1
150000,26,2,5,164576,0,1.0972,1
190000,25,0,1,3173,2323,0.0167,0
80000,26,0,0,75755,3500,0.9469,0
10000,26,0,0,9861,1099,0.9861,0
50000,26,0,0,29021,1768,0.5804,0
140000,26,0,0,136013,5300,0.9715,0
80000,25,1,1,0,0,0.0,0
50000,26,0,1,42695,2000,0.8539,0
80000,34,1,6,71104,3400,0.8888,1
20000,27,0,0,36908,0,1.8454,0
170000,27,0,0,156411,7100,0.9201,1
210000,27,1,1,0,582,0.0,1
230000,27,0,0,5504,2000,0.0239,0
50000,28,0,0,23266,5224,0.4653,0
30000,28,2,1,24104,1800,0.8035,0
50000,25,0,0,48424,2710,0.9685,0
50000,28,2,2,14091,1200,0.2818,1
20000,26,0,1,17961,1513,0.898,0
160000,26,0,0,1987,0,0.0124,0
70000,26,0,1,64494,5916,0.9213,1
290000,28,0,0,18359,1500,0.0633,0
120000,26,0,0,88143,6000,0.7345,0
50000,27,0,0,45586,3000,0.9117,0
110000,26,0,0,101860,3577,0.926,0
160000,26,0,0,11152,5398,0.0697,0
30000,27,0,0,29584,3000,0.9861,0
210000,27,1,2,0,0,0.0,0
150000,27,0,0,85993,2922,0.5733,0
120000,28,0,0,117303,1256,0.9775,1
100000,28,1,1,0,0,0.0,1
120000,28,2,4,114127,0,0.9511,1
220000,23,0,0,181870,7500,0.8267,0
140000,26,2,6,119424,0,0.853,1
20000,24,1,3,6962,1200,0.3481,1
330000,25,0,0,229229,9520,0.6946,0
210000,29,0,0,183214,6000,0.8724,0
430000,29,0,0,325,325,0.0008,0
150000,28,0,0,129151,3501,0.861,0
210000,28,0,0,58340,2107,0.2778,0
240000,29,0,0,243774,8891,1.0157,0
140000,30,2,1,138421,5000,0.9887,1
50000,28,0,0,45622,2500,0.9124,1
400000,28,0,0,21012,5056,0.0525,0
160000,28,0,0,154412,7028,0.9651,0
130000,28,0,0,91092,5000,0.7007,0
160000,26,0,0,3720,396,0.0232,0
30000,27,0,1,25081,2000,0.836,0
20000,27,0,0,13384,1300,0.6692,1
200000,27,0,0,202591,7565,1.013,0
20000,27,1,1,0,18965,0.0,0
130000,27,0,0,2219,2000,0.0171,0
100000,30,0,0,416,416,0.0042,0
150000,24,0,0,10459,2516,0.0697,0
100000,25,0,0,83749,4000,0.8375,0
40000,27,2,1,10181,2500,0.2545,1
50000,26,0,0,43226,1300,0.8645,0
150000,32,1,2,127399,0,0.8493,1
50000,29,2,3,46346,4355,0.9269,0
50000,24,0,0,51112,2109,1.0222,0
60000,29,2,6,35932,0,0.5989,1
320000,30,0,0,5562,6091,0.0174,0
90000,30,2,5,91562,0,1.0174,1
160000,30,0,0,155967,7541,0.9748,0
30000,25,1,2,3997,0,0.1332,1
50000,26,0,0,41375,1515,0.8275,0
20000,27,0,0,19812,1291,0.9906,0
150000,27,0,2,58795,5600,0.392,0
70000,28,0,0,5154,5860,0.0736,0
180000,28,0,0,40675,1560,0.226,0
320000,29,0,0,9161,28524,0.0286,0
90000,29,0,0,84844,2277,0.9427,0
210000,29,0,0,62590,3815,0.298,0
180000,26,0,0,67276,3000,0.3738,0
360000,28,0,0,7156,9849,0.0199,0
100000,28,0,0,1000,0,0.01,0
300000,28,1,1,0,0,0.0,0
160000,27,0,0,390,390,0.0024,0
50000,27,2,2,43063,0,0.8613,1
50000,29,0,0,27179,1454,0.5436,1
160000,33,0,0,144,6636,0.0009,0
160000,30,0,0,11170,1007,0.0698,0
20000,30,4,6,19379,0,0.969,0
250000,27,0,0,144525,43089,0.5781,0
50000,27,0,0,33567,2034,0.6713,0
30000,26,3,3,30311,1700,1.0104,0
50000,31,0,1,23051,2719,0.461,0
50000,28,0,0,42046,11000,0.8409,0
50000,28,0,0,57207,2000,1.1441,0
200000,28,0,0,2626,15954,0.0131,0
80000,28,0,0,75923,2500,0.949,0
220000,29,0,0,146022,7000,0.6637,0
60000,28,0,2,59059,3800,0.9843,0
230000,29,0,0,4649,4004,0.0202,0
210000,31,0,0,30785,1472,0.1466,0
50000,32,0,0,49292,2661,0.9858,0
20000,26,2,5,10449,0,0.5224,1
320000,28,0,0,46385,2000,0.145,0
180000,28,1,6,29484,2000,0.1638,0
140000,30,0,2,188,6229,0.0013,0
30000,25,0,0,1211,0,0.0404,0
50000,25,0,0,35227,2011,0.7045,0
170000,30,0,0,297,1096,0.0017,0
80000,29,2,2,9928,2000,0.1241,1
290000,30,0,0,8452,7728,0.0291,0
20000,28,2,2,17429,0,0.8714,1
20000,27,0,0,690,665,0.0345,0
100000,26,0,0,1847,2000,0.0185,0
10000,27,1,1,0,0,0.0,0
30000,28,0,2,22634,1385,0.7545,1
180000,29,0,1,183887,4000,1.0216,0
160000,31,1,2,3310,0,0.0207,0
390000,29,0,0,65354,20000,0.1676,0
90000,28,0,0,42322,1997,0.4702,0
310000,29,3,5,400,0,0.0013,0
100000,29,0,0,66195,2303,0.662,0
50000,27,0,0,3150,9375,0.063,0
500000,30,0,2,20544,5835,0.0411,0
120000,30,1,4,80226,3500,0.6686,0
80000,29,0,0,52175,2034,0.6522,0
140000,27,0,0,88588,3200,0.6328,0
50000,31,1,2,51086,0,1.0217,0
400000,30,0,0,162540,10000,0.4064,0
380000,29,0,0,24469,30690,0.0644,0
100000,29,0,0,57757,5003,0.5776,0
110000,29,0,0,104216,7316,0.9474,0
130000,29,1,1,-4,1202,-0.0,0
200000,29,0,0,1418,3066,0.0071,0
170000,25,0,0,-1028,60751,-0.006,0
50000,27,0,0,17831,1295,0.3566,0
140000,29,0,0,7307,5000,0.0522,0
50000,32,0,0,41266,27004,0.8253,1
100000,29,0,0,92086,3500,0.9209,0
200000,32,2,5,110419,5400,0.5521,1
70000,33,0,0,70011,15000,1.0002,1
320000,29,0,0,146515,4697,0.4579,0
90000,31,0,1,32581,4500,0.362,0
220000,31,0,0,167390,6000,0.7609,1
170000,28,0,0,169763,6300,0.9986,0
150000,28,1,2,155963,12,1.0398,0
180000,29,0,0,0,300,0.0,1
110000,29,0,0,104968,4000,0.9543,0
200000,30,1,6,182499,6600,0.9125,1
150000,30,0,0,989,1023,0.0066,0
260000,30,0,0,2322,1233,0.0089,0
360000,30,0,0,365290,13000,1.0147,0
130000,29,2,3,47272,1600,0.3636,0
500000,29,0,0,29378,5000,0.0588,0
340000,29,0,0,277140,10000,0.8151,1
70000,26,0,1,51897,2230,0.7414,0
90000,29,0,0,500,715,0.0056,0
50000,30,4,3,49926,0,0.9985,1
170000,30,0,0,352,14547,0.0021,0
50000,30,0,0,43702,2000,0.874,0
90000,29,0,1,47585,1782,0.5287,0
200000,29,0,0,69182,3000,0.3459,0
20000,32,0,0,18472,2000,0.9236,0
280000,32,0,0,158798,6000,0.5671,1
200000,33,0,0,5868,8697,0.0293,0
50000,32,0,1,50240,6000,1.0048,1
100000,32,0,0,13565,1000,0.1356,0
120000,32,0,0,1166,2000,0.0097,0
30000,32,0,0,5981,1500,0.1994,0
160000,32,0,0,38254,1907,0.2391,0
360000,29,0,1,6902,141,0.0192,0
200000,33,0,0,18044,390,0.0902,1
220000,29,0,0,26012,1410,0.1182,0
80000,30,0,0,5504,1004,0.0688,0
160000,30,0,0,16754,40453,0.1047,0
260000,30,0,1,4640,1500,0.0178,0
120000,31,0,0,120619,5326,1.0052,0
80000,30,0,1,53627,33000,0.6703,0
20000,30,0,0,82812,2697,4.1406,0
100000,30,0,0,92218,3435,0.9222,0
50000,31,0,2,10426,4231,0.2085,0
50000,29,0,0,30900,0,0.618,0
260000,37,0,4,163553,32000,0.629,1
50000,38,0,0,16486,1592,0.3297,0
190000,28,0,0,359280,10367,1.8909,0
200000,33,0,0,48950,2374,0.2448,0
140000,48,0,0,131959,4153,0.9426,0
130000,42,0,1,390,0,0.003,1
50000,26,1,3,14655,1600,0.2931,1
100000,31,1,4,36204,2100,0.362,0
200000,37,0,0,103715,3942,0.5186,0
10000,23,0,0,7787,1299,0.7787,0
20000,24,0,0,15408,2000,0.7704,0
20000,25,0,0,5347,5006,0.2673,0
30000,22,1,6,25147,4311,0.8382,1
30000,27,4,6,10846,0,0.3615,1
310000,30,0,0,253549,10400,0.8179,0
50000,31,0,0,49024,1813,0.9805,1
320000,47,0,0,8748,1285,0.0273,0
160000,45,0,0,155842,6139,0.974,1
50000,31,0,1,45194,1500,0.9039,0
20000,31,0,0,3769,1239,0.1884,1
330000,32,2,4,60804,6000,0.1843,0
10000,36,0,0,576,4009,0.0576,1
100000,41,1,3,89137,0,0.8914,0
130000,42,0,0,23970,1288,0.1844,0
20000,44,1,4,11027,0,0.5514,1
370000,39,1,2,343248,5,0.9277,1
190000,41,0,2,82926,326,0.4365,0
50000,35,0,0,20274,2600,0.4055,0
180000,28,0,0,26730,1800,0.1485,0
60000,30,1,5,46138,0,0.769,1
170000,29,0,0,175349,5800,1.0315,0
70000,49,1,4,38228,0,0.5461,1
150000,32,0,0,146785,3300,0.9786,1
100000,32,0,3,34904,3000,0.349,1
20000,35,0,3,6855,5000,0.3428,1
330000,38,0,0,144729,10000,0.4386,0
20000,31,3,4,11358,0,0.5679,1
200000,32,0,0,4881,6691,0.0244,0
90000,40,0,0,53256,1923,0.5917,1
90000,47,0,0,54268,2425,0.603,1
150000,39,0,0,0,0,0.0,0
20000,47,1,3,17629,0,0.8814,1
50000,28,0,0,16889,1271,0.3378,0
20000,32,0,0,7162,1200,0.3581,0
180000,48,0,0,64788,3000,0.3599,0
50000,29,2,5,35488,2000,0.7098,1
180000,37,0,0,175287,8440,0.9738,0
200000,40,2,2,208012,0,1.0401,1
180000,28,2,6,175154,5100,0.9731,0
440000,31,0,0,37547,20016,0.0853,0
30000,40,3,3,26129,0,0.871,1
270000,36,0,0,109611,6285,0.406,0
130000,28,0,0,132703,5000,1.0208,0
50000,29,0,0,13200,1506,0.264,0
130000,42,0,0,396,396,0.003,0
190000,41,2,2,127370,0,0.6704,1
50000,34,1,4,53916,2600,1.0783,1
50000,35,0,0,49878,1718,0.9976,0
50000,42,0,0,42238,1425,0.8448,0
80000,44,0,0,55297,2300,0.6912,1
70000,36,0,0,33050,5000,0.4721,0
50000,49,0,0,48245,1286,0.9649,0
30000,33,1,6,25826,3000,0.8609,0
310000,34,0,1,200328,3860,0.6462,0
120000,35,0,2,49485,3458,0.4124,1
280000,47,0,0,191759,10051,0.6849,0
90000,39,0,0,36703,2000,0.4078,0
280000,42,0,0,-26,0,-0.0001,0
10000,44,0,0,6436,3012,0.6436,1
340000,43,0,0,185,4418,0.0005,0
70000,44,1,6,54297,0,0.7757,1
560000,49,0,2,13432,3300,0.024,0
360000,40,0,1,1473,3125,0.0041,0
70000,47,0,0,40862,1421,0.5837,0
220000,45,0,0,165583,6500,0.7526,0
200000,40,0,0,820,820,0.0041,0
180000,39,0,0,24068,1706,0.1337,0
210000,39,0,0,173187,4000,0.8247,0
100000,39,0,0,74053,3274,0.7405,0
50000,44,0,1,5789,43134,0.1158,0
50000,34,0,0,44036,4500,0.8807,0
210000,34,0,0,42617,30020,0.2029,0
20000,37,3,6,2400,0,0.12,1
170000,36,2,2,177116,0,1.0419,0
180000,37,0,0,11368,3595,0.0632,0
270000,38,2,6,258442,10350,0.9572,1
450000,41,0,0,1068,1287,0.0024,0
60000,41,0,1,27130,6300,0.4522,1
30000,36,0,4,22261,6200,0.742,0
50000,41,0,0,39369,2000,0.7874,0
280000,46,0,0,14186,2836,0.0507,0
420000,33,1,3,170146,0,0.4051,0
50000,45,0,0,29287,1600,0.5857,0
120000,45,0,1,22573,5000,0.1881,0
50000,41,1,6,32141,0,0.6428,1
120000,49,0,0,10105,106000,0.0842,0
100000,43,0,0,390,390,0.0039,0
20000,22,1,2,10591,0,0.5296,0
20000,24,5,5,21151,0,1.0576,0
30000,30,1,6,25907,0,0.8636,1
240000,30,0,0,178911,6581,0.7455,0
360000,33,0,0,32290,2000,0.0897,0
50000,44,2,2,1473,2423,0.0295,1
180000,46,0,0,390,3182,0.0022,1
220000,39,0,0,96473,10000,0.4385,0
450000,45,0,0,26773,700,0.0595,1
30000,42,0,0,2782,2975,0.0927,0
50000,41,0,0,31197,4590,0.6239,0
360000,36,0,0,4671,929,0.013,0
360000,34,0,0,49792,3444,0.1383,0
20000,40,0,0,14353,3000,0.7176,0
230000,36,0,0,0,0,0.0,0
50000,40,0,0,47060,2154,0.9412,1
420000,42,0,0,13218,24671,0.0315,0
20000,40,0,0,18987,1258,0.9494,1
20000,40,0,4,13370,3200,0.6685,1
70000,37,0,0,57981,15000,0.8283,0
40000,46,2,6,27324,3573,0.6831,1
20000,34,1,4,16456,1500,0.8228,1
140000,30,0,0,13468,1000,0.0962,0
130000,33,0,0,99,99,0.0008,0
240000,35,0,0,18079,6315,0.0753,0
20000,30,0,0,15070,1568,0.7535,1
230000,34,0,0,27178,0,0.1182,0
500000,44,0,0,77009,94064,0.154,0
20000,46,0,0,17483,1363,0.8742,1
50000,42,0,0,44637,1880,0.8927,0
130000,38,0,0,131197,7000,1.0092,0
400000,42,0,0,2984,3369,0.0075,1
50000,40,2,1,37245,1700,0.7449,0
360000,30,0,0,8195,100496,0.0228,0
50000,34,2,6,44951,2000,0.899,1
20000,44,0,0,8843,1115,0.4422,0
160000,40,0,0,500,1000,0.0031,1
420000,32,0,0,1875,2499,0.0045,0
150000,34,2,3,32355,0,0.2157,1
190000,37,0,0,98588,4007,0.5189,0
20000,31,2,3,16509,2906,0.8254,1
410000,32,0,0,3339,10000,0.0081,0
270000,32,0,0,47116,2000,0.1745,0
120000,32,0,0,106552,6000,0.8879,0
30000,33,0,0,30258,2300,1.0086,0
240000,33,0,1,64853,8000,0.2702,0
300000,33,0,0,31808,1514,0.106,0
500000,34,0,0,104638,3780,0.2093,0
700000,34,0,0,3609,6168,0.0052,0
110000,33,0,0,92575,4000,0.8416,0
490000,34,0,0,25015,1340,0.0511,0
500000,34,0,0,32282,5000,0.0646,0
50000,43,0,0,396,396,0.0079,1
430000,42,0,0,11362,11461,0.0264,0
200000,37,0,0,29312,19313,0.1466,0
270000,38,0,0,263842,11021,0.9772,0
220000,49,0,0,540,1158,0.0025,0
20000,34,0,2,390,390,0.0195,0
280000,35,1,1,-2,401,-0.0,0
70000,49,0,0,59156,2020,0.8451,0
420000,43,0,0,8100,14274,0.0193,0
90000,44,2,1,58395,2134,0.6488,1
10000,37,0,0,6930,1065,0.693,0
120000,41,1,2,121988,0,1.0166,1
340000,49,0,0,317686,17000,0.9344,0
350000,49,0,0,213236,7600,0.6092,0
100000,34,2,4,84196,2300,0.842,1
60000,37,2,1,21962,2000,0.366,1
290000,42,0,0,0,0,0.0,1
30000,37,0,0,15054,1551,0.5018,1
180000,31,0,0,6221,1000,0.0346,1
50000,49,0,0,59236,2000,1.1847,1
160000,39,0,2,34171,1639,0.2136,1
30000,49,0,0,29429,3000,0.981,0
240000,47,2,2,2500,0,0.0104,1
260000,43,0,0,154386,10000,0.5938,0
20000,42,1,3,11063,0,0.5532,1
50000,39,2,1,42245,30003,0.8449,0
180000,37,0,0,49531,45612,0.2752,0
110000,43,0,0,390,390,0.0035,0
130000,33,0,0,390,390,0.003,0
30000,45,0,0,390,390,0.013,0
130000,48,0,0,1115,1902,0.0086,0
170000,38,0,0,16480,15067,0.0969,1
240000,38,0,0,167544,8400,0.6981,0
360000,38,0,0,1800,2413,0.005,0
150000,37,0,0,305,89524,0.002,0
70000,38,0,0,68370,2682,0.9767,1
220000,30,0,0,226613,7667,1.0301,0
80000,31,0,0,78356,2600,0.9794,0
180000,31,0,0,17426,12000,0.0968,0
390000,32,0,0,26214,6000,0.0672,0
20000,48,0,0,19195,1257,0.9598,1
100000,44,0,1,81786,3400,0.8179,0
10000,37,0,0,17018,1117,1.7018,0
80000,42,0,0,390,1780,0.0049,0
330000,48,0,0,0,12089,0.0,0
20000,47,0,3,10628,1200,0.5314,1
270000,33,0,0,288,765,0.0011,0
280000,33,0,0,0,2650,0.0,0
180000,33,0,0,103956,4100,0.5775,0
350000,44,0,0,266692,3569,0.762,0
200000,44,2,1,147817,11000,0.7391,1
50000,41,0,0,49401,1803,0.988,1
500000,41,0,3,62289,2608,0.1246,0
140000,43,0,0,1453,1872,0.0104,0
180000,40,0,0,0,0,0.0,1
540000,49,0,0,83722,3538,0.155,0
30000,28,0,0,598,0,0.0199,0
270000,42,0,0,6532,3923,0.0242,0
210000,28,1,1,0,0,0.0,0
160000,45,1,1,0,10427,0.0,0
50000,39,0,1,34617,1000,0.6923,0
50000,29,0,0,5140,9377,0.1028,0
200000,33,0,1,57579,5250,0.2879,0
240000,35,0,1,325,650,0.0014,1
50000,32,1,6,45997,2064,0.9199,1
80000,28,0,0,10677,2017,0.1335,0
80000,34,2,3,81882,3650,1.0235,1
80000,30,2,2,13708,9200,0.1714,1
200000,38,0,0,7400,1005,0.037,0
200000,41,0,0,171929,7000,0.8596,1
290000,38,1,1,0,0,0.0,0
80000,39,0,0,145905,5107,1.8238,0
250000,40,0,1,307321,4730,1.2293,0
50000,37,1,1,0,780,0.0,0
240000,45,0,0,228278,10000,0.9512,0
130000,43,0,0,59762,3496,0.4597,0
190000,45,0,0,82764,5000,0.4356,0
20000,40,0,0,1261,11839,0.063,0
60000,32,1,6,47908,3000,0.7985,0
170000,35,1,5,17920,1900,0.1054,0
50000,46,1,3,35556,0,0.7111,0
240000,31,0,0,230234,8200,0.9593,0
200000,31,1,6,182307,8300,0.9115,1
130000,31,1,1,0,0,0.0,0
360000,31,0,0,270955,8000,0.7527,0
200000,33,0,1,54713,5000,0.2736,0
160000,38,0,0,138937,120000,0.8684,0
230000,39,0,0,660,660,0.0029,0
280000,38,1,1,4608,5410,0.0165,0
210000,40,0,1,23764,1367,0.1132,0
380000,39,0,0,37096,10012,0.0976,0
270000,36,1,2,5714,0,0.0212,1
150000,34,0,2,917,2000,0.0061,0
110000,30,1,6,88312,4200,0.8028,0
500000,32,0,0,27318,40019,0.0546,0
100000,41,0,5,1941,1500,0.0194,1
130000,30,0,0,80528,3700,0.6194,0
200000,34,2,3,150493,10000,0.7525,1
280000,47,0,0,229281,20213,0.8189,0
420000,39,0,0,100333,5138,0.2389,0
380000,29,0,0,388,389,0.001,0
220000,33,1,1,0,0,0.0,1
310000,35,0,0,-354,0,-0.0011,0
310000,48,0,0,102646,5200,0.3311,0
550000,35,2,5,539092,23000,0.9802,0
170000,36,0,0,37830,11376,0.2225,0
50000,35,0,0,49241,1600,0.9848,0
390000,41,0,0,7015,500,0.018,0
20000,24,0,0,18196,1775,0.9098,0
80000,26,0,0,18229,10000,0.2279,0
200000,25,0,0,88569,15000,0.4428,0
80000,27,1,1,0,0,0.0,0
200000,28,0,0,87390,30002,0.437,0
130000,30,0,0,70142,1100,0.5396,0
200000,28,3,6,2443,0,0.0122,1
20000,48,3,6,250,0,0.0125,1
310000,35,0,0,2186,1532,0.0071,0
160000,40,0,0,150451,7000,0.9403,0
190000,40,2,6,149411,0,0.7864,1
110000,49,0,0,51395,1855,0.4672,0
150000,49,0,0,86035,3090,0.5736,0
90000,37,0,0,51438,1950,0.5715,0
150000,34,0,0,56142,10115,0.3743,0
160000,41,0,1,776,230,0.0048,1
180000,34,0,0,0,0,0.0,0
20000,26,1,4,8476,2000,0.4238,1
50000,32,0,0,50805,2284,1.0161,1
420000,41,0,0,193370,4988,0.4604,0
30000,30,0,0,29202,2001,0.9734,0
20000,46,0,2,1836,0,0.0918,1
200000,38,2,1,1810,3405,0.0091,0
50000,36,2,2,45960,0,0.9192,1
500000,39,2,4,15776,3004,0.0316,1
30000,42,1,2,14655,14,0.4885,0
360000,46,0,0,8746,3108,0.0243,1
130000,38,0,0,233617,10000,1.7971,0
20000,45,0,4,-2044,5966,-0.1022,0
200000,34,0,0,1740,10108,0.0087,0
340000,39,0,2,177237,16100,0.5213,0
50000,33,0,1,40505,6930,0.8101,0
360000,33,0,0,780,286,0.0022,0
200000,35,0,0,1121,4621,0.0056,0
50000,33,0,0,47364,1780,0.9473,1
560000,36,0,0,4286,3282,0.0077,0
130000,39,2,6,66548,5600,0.5119,1
20000,38,0,0,12248,3000,0.6124,0
360000,42,0,0,30860,20204,0.0857,0
50000,39,0,0,23257,1333,0.4651,0
70000,35,1,3,44193,3000,0.6313,1
280000,49,0,1,32311,1429,0.1154,0
280000,39,0,0,6251,12577,0.0223,0
50000,37,0,0,44320,2021,0.8864,0
160000,40,0,0,101782,3710,0.6361,0
240000,40,0,0,8936,1658,0.0372,0
300000,48,1,1,0,0,0.0,0
280000,39,2,1,130549,5000,0.4662,1
530000,30,0,0,205848,13000,0.3884,0
120000,32,0,0,7111,6000,0.0593,0
130000,33,0,0,126592,5264,0.9738,0
500000,35,0,0,6257,10492,0.0125,0
70000,31,0,0,3588,1505,0.0513,0
10000,31,0,0,390,390,0.039,0
500000,41,0,0,11060,6895,0.0221,0
340000,41,0,0,11379,11258,0.0335,0
10000,37,0,0,4950,1103,0.495,1
140000,41,0,1,185948,6088,1.3282,0
50000,36,0,0,1261,1261,0.0252,0
270000,44,2,1,187352,8000,0.6939,1
290000,30,0,0,65369,3360,0.2254,0
50000,33,0,3,36363,0,0.7273,0
30000,33,0,0,6390,1102,0.213,0
290000,41,0,0,275367,10580,0.9495,0
200000,31,0,0,9080,14280,0.0454,0
50000,31,2,1,56251,8705,1.125,0
290000,32,0,2,3739,0,0.0129,1
130000,36,1,4,128190,6500,0.9861,0
220000,47,0,0,3489,6261,0.0159,0
250000,33,0,0,76412,5000,0.3056,0
360000,44,0,0,162773,5676,0.4521,0
150000,38,5,5,288585,0,1.9239,1
160000,37,0,0,140266,5019,0.8767,0
360000,34,0,0,2433,1230,0.0068,0
210000,42,0,0,197204,8800,0.9391,0
60000,43,0,0,44057,1669,0.7343,0
20000,48,0,1,16537,1500,0.8268,0
50000,45,0,1,10522,261,0.2104,1
60000,41,0,0,58563,2826,0.976,0
460000,39,0,0,290372,15495,0.6312,0
240000,40,0,0,19295,2054,0.0804,0
30000,44,2,1,17766,1306,0.5922,1
50000,41,0,0,43607,2500,0.8721,0
120000,41,0,0,0,0,0.0,1
120000,32,0,0,114476,4100,0.954,0
230000,40,0,0,6514,7882,0.0283,1
80000,39,0,0,48491,8000,0.6061,0
20000,34,2,3,17497,3500,0.8748,1
360000,33,0,0,15299,44730,0.0425,0
500000,30,0,0,74797,2800,0.1496,0
30000,45,1,6,14728,1600,0.4909,1
170000,29,0,2,14479,70,0.0852,0
240000,41,0,0,226047,10000,0.9419,0
230000,40,0,0,169,2018,0.0007,0
180000,31,1,6,172505,0,0.9584,0
210000,38,2,6,122157,12301,0.5817,1
460000,44,2,6,282944,12000,0.6151,1
200000,47,1,3,198663,8013,0.9933,1
80000,40,0,0,71578,3007,0.8947,0
50000,49,1,3,50435,2400,1.0087,1
230000,38,2,5,177917,8000,0.7736,0
80000,38,0,0,40356,1631,0.5044,0
200000,32,0,0,80,90001,0.0004,0
50000,40,0,0,1261,2522,0.0252,0
30000,36,1,1,0,780,0.0,0
280000,40,2,1,178220,10000,0.6365,1
260000,37,0,0,128602,3203,0.4946,0
200000,32,2,1,160106,7600,0.8005,1
80000,32,2,2,79237,3000,0.9905,1
200000,45,0,0,14027,5006,0.0701,0
20000,28,0,0,9278,1400,0.4639,0
200000,47,0,0,42114,235728,0.2106,1
60000,41,0,0,866,29687,0.0144,0
50000,38,0,0,46509,2000,0.9302,0
50000,42,0,0,1345,1000,0.0269,0
50000,41,0,0,50516,2721,1.0103,0
200000,43,3,6,2500,0,0.0125,1
130000,38,2,2,114726,20,0.8825,1
130000,41,0,0,131762,3466,1.0136,1
50000,32,0,2,780,0,0.0156,1
160000,33,2,3,146129,15000,0.9133,1
50000,32,1,3,48793,2500,0.9759,1
10000,46,0,0,8866,1143,0.8866,0
200000,35,0,0,87750,3000,0.4388,0
360000,38,0,0,12325,14123,0.0342,0
230000,37,0,0,1464,1742,0.0064,0
200000,34,0,0,3253,4005,0.0163,0
50000,43,0,0,27620,1767,0.5524,1
90000,34,0,0,106053,3547,1.1784,0
270000,36,0,0,11464,1879,0.0425,0
50000,41,0,0,49999,2263,1.0,0
50000,39,2,3,17150,0,0.343,1
20000,39,0,0,16621,1200,0.831,0
50000,35,0,0,50500,2000,1.01,1
390000,39,0,1,7831,8,0.0201,0
50000,36,4,3,51689,3,1.0338,0
160000,38,1,1,0,0,0.0,0
20000,36,3,6,17500,0,0.875,1
230000,36,0,0,3245,1864,0.0141,0
50000,46,0,0,49386,2000,0.9877,0
50000,40,0,2,55397,2000,1.1079,0
80000,37,0,0,51925,3018,0.6491,0
240000,42,0,0,795,1921,0.0033,0
90000,39,0,0,93757,4000,1.0417,1
260000,44,0,0,250416,11000,0.9631,0
50000,47,0,0,48017,2488,0.9603,0
350000,41,0,0,24297,1411,0.0694,0
20000,42,0,0,15717,1276,0.7859,0
110000,41,0,0,53497,2510,0.4863,0
80000,34,0,0,5173,10826,0.0647,0
230000,34,1,3,0,0,0.0,1
370000,39,0,0,377259,15198,1.0196,0
100000,38,0,1,7798,864,0.078,1
490000,35,2,2,427020,0,0.8715,1
50000,42,2,4,22591,0,0.4518,0
200000,41,0,0,20950,182,0.1048,0
70000,37,2,6,60514,3000,0.8645,1
210000,38,0,0,326,0,0.0016,0
50000,33,0,0,47834,1866,0.9567,0
50000,34,0,0,49454,1792,0.9891,0
100000,34,0,4,18185,7100,0.1819,1
160000,38,4,6,99340,0,0.6209,1
30000,32,0,0,5066,6367,0.1689,0
220000,34,0,2,170352,15206,0.7743,1
150000,29,0,1,820,3431,0.0055,0
300000,31,0,0,281829,10208,0.9394,0
390000,36,1,1,0,0,0.0,0
180000,36,0,0,170619,6063,0.9479,0
300000,40,1,1,0,0,0.0,0
150000,37,0,1,112695,3515,0.7513,0
80000,36,0,0,77870,2900,0.9734,1
250000,31,1,1,0,0,0.0,0
350000,37,0,0,916,1133,0.0026,0
380000,40,0,0,231759,10000,0.6099,0
450000,34,0,0,583,0,0.0013,0
340000,35,0,0,62896,16591,0.185,0
70000,44,0,0,14202,1500,0.2029,0
320000,37,0,0,367670,13200,1.149,1
180000,48,0,0,325,1260,0.0018,0
360000,43,0,0,38324,3390,0.1065,0
230000,46,1,6,189724,8000,0.8249,1
280000,36,1,2,314318,0,1.1226,0
50000,34,0,1,46413,4729,0.9283,0
260000,34,0,0,186189,6203,0.7161,1
230000,41,0,0,23216,10014,0.1009,0
240000,41,0,0,-317,63752,-0.0013,0
140000,44,0,1,90547,3500,0.6468,0
360000,43,0,0,30769,13952,0.0855,0
320000,44,0,0,1329,4526,0.0042,0
310000,36,0,0,8517,6765,0.0275,0
60000,42,0,0,78291,3000,1.3048,0
380000,38,0,0,365427,14008,0.9616,0
40000,37,0,0,36712,1596,0.9178,0
150000,40,0,0,74985,3400,0.4999,0
360000,40,0,0,2569,316,0.0071,0
200000,36,0,0,4585,33485,0.0229,0
260000,42,0,0,204017,8000,0.7847,0
430000,38,0,0,37693,3507,0.0877,0
200000,36,0,0,5440,2000,0.0272,0
380000,40,0,1,95972,30027,0.2526,0
110000,37,0,0,112091,4625,1.019,0
200000,42,2,6,168289,8000,0.8414,0
270000,34,1,3,20979,0,0.0777,0
120000,31,0,0,1216,416,0.0101,0
420000,47,0,0,54799,5000,0.1305,0
20000,34,0,1,6569,2449,0.3284,0
200000,40,1,3,193773,7350,0.9689,1
80000,45,0,0,34905,1600,0.4363,0
270000,45,1,1,0,0,0.0,0
30000,45,3,4,12751,0,0.425,1
80000,45,0,0,55385,2019,0.6923,0
30000,39,2,2,18557,1700,0.6186,1
20000,36,0,0,18958,1500,0.9479,1
20000,33,2,1,17999,1700,0.9,1
320000,35,0,0,274599,11500,0.8581,1
120000,36,0,0,326,326,0.0027,0
290000,38,1,2,296437,25,1.0222,0
380000,39,0,0,3074,9203,0.0081,0
480000,49,0,0,376186,20000,0.7837,0
350000,47,0,0,190211,8239,0.5435,0
220000,36,0,1,792,0,0.0036,0
360000,44,0,0,188,1610,0.0005,1
420000,39,0,0,22219,7573,0.0529,0
160000,40,0,3,4024,3000,0.0252,1
30000,47,2,3,26413,0,0.8804,0
170000,31,0,0,8024,1610,0.0472,0
710000,38,0,0,67061,10045,0.0945,0
350000,34,0,0,2184,1445,0.0062,0
230000,36,0,0,4761,1110,0.0207,0
30000,40,2,2,2922,1000,0.0974,0
360000,38,0,0,475,0,0.0013,0
500000,41,0,3,390,780,0.0008,0
380000,34,0,0,124486,3563,0.3276,0
240000,37,1,2,211808,2000,0.8825,0
100000,41,0,0,31452,1527,0.3145,1
200000,38,0,0,176579,6589,0.8829,1
500000,35,0,0,5925,11194,0.0118,0
220000,48,0,0,0,0,0.0,1
640000,33,0,0,21189,4258,0.0331,0
340000,34,0,0,334628,16040,0.9842,1
400000,48,0,0,112789,5000,0.282,0
200000,39,0,0,8852,5585,0.0443,0
20000,41,0,0,9632,1208,0.4816,0
210000,35,0,0,205,0,0.001,0
280000,35,0,0,275659,10932,0.9845,0
150000,36,0,0,149931,5500,0.9995,0
50000,36,0,0,45010,1919,0.9002,0
60000,36,0,0,37129,1602,0.6188,1
60000,36,1,1,0,0,0.0,1
200000,45,0,0,197600,10265,0.988,0
30000,35,0,2,21708,1542,0.7236,1
130000,42,1,1,-52,0,-0.0004,1
140000,39,0,0,136032,5400,0.9717,0
280000,39,0,0,273651,11128,0.9773,0
110000,44,0,0,102274,3734,0.9298,0
130000,42,0,0,836,836,0.0064,0
110000,48,0,0,92806,5000,0.8437,0
320000,38,0,0,18924,3000,0.0591,0
490000,41,0,0,345075,10000,0.7042,0
360000,45,0,0,287,29794,0.0008,0
280000,37,2,1,1405,1549,0.005,0
290000,36,2,1,170953,546,0.5895,0
180000,39,0,0,119466,4500,0.6637,0
150000,36,0,0,32263,3000,0.2151,0
260000,44,0,0,11506,975,0.0443,0
90000,34,0,0,74012,4600,0.8224,0
20000,35,0,0,16958,1699,0.8479,0
180000,34,0,0,4400,3018,0.0244,0
230000,36,0,0,182,1407,0.0008,0
260000,38,3,3,2500,0,0.0096,1
150000,31,3,3,125086,4967,0.8339,1
480000,44,0,0,634,144,0.0013,0
110000,45,0,1,112987,7000,1.0272,1
150000,49,0,1,20604,1359,0.1374,0
170000,42,0,0,166708,4000,0.9806,0
50000,44,0,0,49699,2300,0.994,0
400000,40,0,0,178069,6496,0.4452,0
430000,47,1,1,-18,6408,-0.0,0
300000,40,0,0,4950,0,0.0165,0
40000,33,0,4,21107,3400,0.5277,0
180000,45,0,0,130950,6000,0.7275,0
300000,31,0,0,80928,4000,0.2698,0
20000,49,0,0,16336,1294,0.8168,1
230000,32,0,0,326,326,0.0014,0
180000,46,0,0,178517,5000,0.9918,0
50000,36,1,6,19649,1500,0.393,1
160000,37,0,0,16750,1100,0.1047,0
100000,43,0,0,6768,10015,0.0677,0
140000,35,0,0,135227,5304,0.9659,0
70000,30,0,1,67730,3000,0.9676,0
400000,32,0,0,55773,3028,0.1394,0
330000,35,0,0,3888,14782,0.0118,0
130000,39,0,0,103566,3969,0.7967,1
410000,46,0,0,8756,1237,0.0214,0
350000,36,0,0,15061,10000,0.043,0
360000,35,0,0,41327,20059,0.1148,0
90000,41,0,0,188,188,0.0021,0
100000,46,0,0,390,3505,0.0039,0
200000,36,0,0,193097,10000,0.9655,0
20000,38,0,1,5705,1266,0.2852,1
230000,35,0,0,170413,5976,0.7409,0
20000,31,0,0,18764,1610,0.9382,0
130000,31,3,6,300,0,0.0023,1
150000,32,0,0,150201,5039,1.0013,0
160000,31,0,0,2930,466,0.0183,0
20000,30,3,6,15556,2000,0.7778,0
130000,48,0,0,102771,4843,0.7905,0
490000,43,2,1,3956,3081,0.0081,1
360000,45,0,0,2369,1367,0.0066,0
150000,40,0,0,172935,35749,1.1529,0
70000,44,1,4,14960,0,0.2137,1
360000,32,0,0,10591,326,0.0294,0
500000,37,1,1,271115,15873,0.5422,0
250000,38,0,0,2395,29658,0.0096,0
50000,38,0,0,46005,1266,0.9201,0
250000,45,0,0,142001,5084,0.568,0
20000,40,2,4,15563,2000,0.7782,0
360000,33,0,0,0,0,0.0,0
80000,41,0,0,80920,3500,1.0115,0
140000,44,0,1,72763,3905,0.5197,0
140000,36,0,0,123474,4409,0.882,1
50000,37,2,4,72034,7300,1.4407,1
160000,34,0,0,144953,6000,0.906,0
50000,49,0,0,41638,2000,0.8328,0
200000,41,2,6,1075,11000,0.0054,0
80000,38,1,6,67046,3100,0.8381,1
140000,33,0,0,0,935,0.0,0
90000,34,0,1,77846,5700,0.865,0
40000,47,0,4,34664,3524,0.8666,0
10000,38,1,3,4437,1150,0.4437,0
500000,33,0,0,26597,3357,0.0532,0
410000,41,0,0,396975,30000,0.9682,0
20000,49,0,0,19111,1286,0.9556,0
200000,37,1,1,0,0,0.0,0
50000,32,0,0,49571,1773,0.9914,0
150000,44,0,0,4825,3018,0.0322,0
180000,49,0,2,1092,1733,0.0061,1
80000,33,1,1,0,3495,0.0,0
300000,34,0,0,50281,2000,0.1676,0
150000,36,2,3,167094,5068,1.114,1
220000,48,1,1,0,0,0.0,0
120000,35,0,0,90972,4000,0.7581,0
360000,43,0,0,59,4465,0.0002,0
550000,37,0,0,452600,16025,0.8229,1
260000,39,3,2,235799,13,0.9069,0
80000,45,0,1,8133,3000,0.1017,1
160000,48,1,1,0,0,0.0,0
190000,48,0,0,6450,189717,0.0339,0
250000,44,0,1,3893,54946,0.0156,0
30000,37,0,0,22629,5002,0.7543,0
100000,37,2,6,24927,3185,0.2493,1
350000,35,0,2,15193,5197,0.0434,0
120000,45,0,0,24591,3000,0.2049,0
350000,43,0,0,2878,0,0.0082,0
340000,49,0,0,9983,43418,0.0294,0
360000,39,0,0,2758,1448,0.0077,0
410000,47,0,0,40390,9760,0.0985,0
170000,42,0,0,162880,8000,0.9581,0
110000,38,0,0,95925,4000,0.872,0
30000,51,0,1,24070,2000,0.8023,0
200000,54,0,0,41190,2138,0.206,0
250000,50,0,1,254893,9316,1.0196,0
240000,50,0,0,35117,11051,0.1463,0
210000,50,1,1,0,0,0.0,0
30000,52,0,0,28541,1502,0.9514,0
30000,51,0,0,13386,1218,0.4462,0
40000,56,1,1,0,0,0.0,1
50000,55,0,0,23498,1336,0.47,0
50000,50,0,0,47053,1200,0.9411,1
20000,50,0,4,14123,3200,0.7062,0
20000,52,2,4,8145,2474,0.4072,1
240000,51,0,0,98588,3592,0.4108,1
110000,52,0,1,56327,2700,0.5121,0
90000,52,0,0,86826,4000,0.9647,0
110000,52,0,0,82390,4000,0.749,0
500000,50,0,0,350340,12884,0.7007,0
20000,54,0,0,18398,2000,0.9199,0
70000,50,2,6,41087,2000,0.587,1
50000,51,1,1,0,0,0.0,1
120000,53,0,4,88702,14357,0.7392,1
50000,60,0,0,46344,1389,0.9269,0
20000,50,0,1,5519,1200,0.2759,0
30000,51,0,0,29628,1460,0.9876,0
290000,61,0,0,281967,10492,0.9723,0
80000,61,0,0,81647,5500,1.0206,1
110000,50,0,0,110406,4600,1.0037,0
190000,54,0,0,142032,5883,0.7475,0
50000,48,0,0,56672,2500,1.1334,0
50000,51,0,2,38302,1634,0.766,0
20000,52,2,1,16290,1289,0.8145,0
110000,57,0,0,390,390,0.0035,0
350000,50,0,0,83134,3969,0.2375,0
60000,52,0,0,57470,2200,0.9578,1
20000,59,2,4,7451,2000,0.3726,0
430000,51,0,0,4704,9723,0.0109,0
260000,51,0,0,0,0,0.0,1
140000,52,1,3,31511,0,0.2251,1
360000,50,0,0,1858,0,0.0052,0
280000,50,0,0,5622,4573,0.0201,0
10000,50,0,0,3664,1300,0.3664,0
280000,49,0,0,94916,3500,0.339,0
50000,63,0,1,264,528,0.0053,0
50000,56,0,0,37624,8000,0.7525,0
280000,53,0,0,278127,1700,0.9933,1
20000,50,0,0,18865,1500,0.9432,0
80000,51,2,2,1041,1000,0.013,1
50000,51,0,0,46094,1831,0.9219,0
360000,51,0,0,346225,14562,0.9617,1
260000,50,0,0,390,7516,0.0015,0
20000,60,1,2,17495,0,0.8748,0
110000,51,0,0,45012,2000,0.4092,0
20000,52,0,0,19626,1311,0.9813,1
20000,55,0,1,69257,2400,3.4628,1
70000,60,0,0,69956,2500,0.9994,0
30000,52,1,3,3997,0,0.1332,1
230000,61,2,2,2500,0,0.0109,1
160000,57,0,0,759,209,0.0047,1
30000,50,0,0,390,390,0.013,0
50000,52,0,0,0,0,0.0,1
210000,47,0,0,1772,0,0.0084,0
50000,60,0,0,46362,1800,0.9272,0
150000,55,3,6,97719,4500,0.6515,1
660000,55,0,0,284334,6486,0.4308,0
100000,47,1,2,99823,0,0.9982,0
700000,50,0,0,280809,10000,0.4012,0
300000,50,2,6,245193,11000,0.8173,1
320000,50,0,0,18831,1809,0.0588,0
250000,50,1,1,0,0,0.0,0
150000,50,0,1,829,18400,0.0055,0
200000,50,1,1,-6676,16374,-0.0334,1
50000,52,0,0,50717,1357,1.0143,1
320000,52,0,0,293481,10104,0.9171,0
20000,51,0,0,14962,2890,0.7481,0
170000,64,0,0,1922,1788,0.0113,0
50000,52,1,4,50757,0,1.0151,1
130000,52,0,1,6954,12,0.0535,0
150000,59,0,0,5066,2616,0.0338,0
500000,53,0,0,13331,13941,0.0267,0
410000,54,0,1,1413,1710,0.0034,0
50000,53,0,0,70820,1998,1.4164,0
200000,66,0,0,143994,4767,0.72,0
230000,55,0,0,208273,10012,0.9055,0
20000,53,0,0,19165,3000,0.9582,1
300000,53,0,0,-3,0,-0.0,0
20000,57,0,1,19071,2000,0.9536,0
380000,55,0,0,59881,2185,0.1576,0
150000,57,2,6,14496,1600,0.0966,1
20000,53,1,3,5397,1000,0.2698,0
130000,56,0,0,33928,2000,0.261,0
350000,57,0,0,262719,11500,0.7506,0
440000,64,0,0,427038,20000,0.9705,0
170000,54,0,0,186,116,0.0011,0
70000,67,1,4,275,10400,0.0039,0
270000,58,0,0,9211,9012,0.0341,0
500000,59,0,0,197792,7200,0.3956,0
200000,60,0,3,135775,4916,0.6789,0
290000,55,0,0,21372,5000,0.0737,0
50000,54,0,0,48092,2500,0.9618,0
20000,57,1,3,1472,0,0.0736,1
80000,56,0,0,49897,1822,0.6237,0
70000,55,0,0,31081,1474,0.444,0
50000,53,0,0,48684,1974,0.9737,0
160000,55,0,0,155389,6911,0.9712,0
70000,57,0,0,70051,3567,1.0007,0
230000,59,1,1,0,0,0.0,0
180000,70,0,0,12216,1724,0.0679,0
20000,56,5,5,19977,0,0.9988,0
350000,70,0,0,106813,4000,0.3052,0
70000,54,0,0,20706,1351,0.2958,0
20000,54,0,0,37720,1200,1.886,0
180000,56,0,0,89560,3460,0.4976,0
320000,56,0,0,274210,9441,0.8569,0
50000,53,2,2,17946,1306,0.3589,0
50000,56,0,0,48895,1775,0.9779,0
180000,55,0,0,6854,560,0.0381,1
130000,55,0,3,780,390,0.006,0
20000,57,0,0,170,0,0.0085,0
500000,54,0,0,108075,5014,0.2162,0
50000,58,0,2,382,0,0.0076,0
760000,54,0,0,447670,20011,0.589,0
20000,55,3,4,13139,0,0.657,1
200000,54,0,0,22413,890,0.1121,0
500000,59,0,0,-3182,0,-0.0064,0
70000,54,0,0,1261,1261,0.018,0
50000,54,2,6,48556,1804,0.9711,1
680000,64,0,0,568532,22000,0.8361,0
290000,53,0,0,4975,1027,0.0172,0
450000,53,0,0,17530,3885,0.039,0
370000,68,0,0,8207,3000,0.0222,0
80000,53,0,1,9527,42908,0.1191,0
40000,57,0,1,87313,2729,2.1828,0
60000,54,1,2,60500,0,1.0083,0
300000,58,0,0,13620,5823,0.0454,0
430000,69,0,0,3658,1962,0.0085,0
190000,67,2,4,186797,9000,0.9831,0
200000,65,0,0,1269,3789,0.0063,0
150000,54,1,6,23959,0,0.1597,1
200000,58,0,0,0,0,0.0,1
50000,58,0,0,55262,2000,1.1052,0
300000,55,0,0,14202,0,0.0473,0
480000,53,1,1,-11,11360,-0.0,0
290000,53,0,0,271508,11000,0.9362,0
360000,54,1,1,-281,3011,-0.0008,1
110000,56,0,0,93983,3371,0.8544,0
220000,27,0,1,375,750,0.0017,0
120000,59,2,6,82172,0,0.6848,1
50000,26,0,0,6450,4500,0.129,1
70000,37,0,1,67374,6044,0.9625,0
30000,35,0,0,29728,1779,0.9909,0
60000,32,0,0,13070,2000,0.2178,0
110000,28,0,0,35208,2000,0.3201,1
30000,30,0,0,1483,1378,0.0494,0
60000,34,0,0,53748,1778,0.8958,0
60000,26,0,0,959,0,0.016,0
30000,24,1,5,16704,2000,0.5568,0
60000,49,0,0,60335,6751,1.0056,0
180000,26,0,0,42086,90402,0.2338,0
240000,34,0,0,65883,3000,0.2745,0
220000,30,0,0,8939,316,0.0406,0
100000,35,0,0,390,390,0.0039,0
180000,27,0,1,4676,1500,0.026,0
140000,26,0,0,128720,6450,0.9194,0
60000,27,1,6,25547,0,0.4258,1
90000,56,0,0,59524,2670,0.6614,0
50000,27,2,3,16557,2000,0.3311,1
290000,28,0,0,125679,4315,0.4334,0
400000,47,0,0,6573,8195,0.0164,0
60000,35,0,0,42174,3090,0.7029,0
60000,29,0,0,10450,1011,0.1742,0
180000,29,0,0,0,0,0.0,1
130000,24,0,0,128499,5100,0.9885,0
110000,24,2,2,85123,2000,0.7738,1
160000,35,0,1,24306,2000,0.1519,0
500000,25,1,1,-46,9458,-0.0001,0
160000,26,0,0,5323,1726,0.0333,0
80000,29,1,1,0,416,0.0,0
70000,28,0,0,12018,39270,0.1717,0
130000,27,0,0,106852,4000,0.8219,0
20000,23,0,0,5373,2000,0.2686,0
90000,27,1,2,94699,0,1.0522,1
30000,24,0,0,4848,3000,0.1616,0
360000,25,0,0,354626,14000,0.9851,1
150000,30,0,0,106911,4000,0.7127,0
360000,26,0,0,358897,14245,0.9969,1
160000,29,0,0,3462,4000,0.0216,0
120000,51,0,3,26496,2800,0.2208,0
160000,25,0,0,83005,3900,0.5188,0
190000,27,0,0,14671,2000,0.0772,0
110000,28,0,0,65024,2500,0.5911,0
290000,26,0,0,291861,9596,1.0064,0
20000,24,1,1,0,1516,0.0,0
200000,28,1,4,0,344,0.0,0
440000,30,0,0,777,612,0.0018,0
70000,27,2,6,43616,2000,0.6231,1
160000,24,0,0,39604,1378,0.2475,0
120000,30,0,0,140,3230,0.0012,0
20000,22,2,1,16358,1282,0.8179,0
310000,27,0,0,1000,152,0.0032,0
80000,29,0,0,15008,3000,0.1876,0
180000,29,1,3,77494,0,0.4305,0
250000,28,0,0,176925,7000,0.7077,1
180000,24,0,0,8031,2009,0.0446,1
130000,29,2,1,120844,4500,0.9296,1
330000,27,0,0,7098,4885,0.0215,0
310000,29,0,0,135195,3500,0.4361,0
70000,25,0,0,27990,1394,0.3999,0
30000,29,2,5,18872,3500,0.6291,1
290000,29,2,1,112676,4500,0.3885,1
260000,29,2,1,19006,6005,0.0731,1
250000,26,0,0,187336,10000,0.7493,0
120000,28,1,1,0,0,0.0,1
230000,26,0,0,166511,6722,0.724,0
390000,27,0,0,375023,13313,0.9616,0
30000,28,0,0,435,0,0.0145,0
50000,26,1,5,49119,0,0.9824,1
180000,28,0,0,49550,3006,0.2753,0
500000,34,0,0,367463,10584,0.7349,0
50000,29,0,0,2463,0,0.0493,0
80000,28,0,0,8432,928,0.1054,0
460000,28,0,0,25537,1335,0.0555,0
150000,28,0,0,3558,2000,0.0237,0
50000,27,0,0,48292,2300,0.9658,0
20000,27,0,0,5888,4813,0.2944,0
350000,33,0,0,14118,3922,0.0403,0
20000,24,0,5,19915,600,0.9958,1
400000,29,0,0,3807,3168,0.0095,0
490000,35,0,0,48108,3000,0.0982,0
280000,30,0,0,596,645,0.0021,0
50000,23,0,0,48570,1773,0.9714,0
20000,24,2,2,19891,0,0.9946,1
90000,27,0,1,46588,4000,0.5176,0
150000,29,0,0,1639,592,0.0109,0
70000,28,0,0,37325,2000,0.5332,0
230000,30,0,0,1432,1094,0.0062,0
200000,29,0,0,3334,1500,0.0167,0
500000,28,0,0,182416,5000,0.3648,0
160000,28,0,1,968,710,0.006,0
250000,29,0,0,390,0,0.0016,1
60000,27,0,0,57697,2200,0.9616,1
180000,25,0,0,3887,0,0.0216,0
500000,34,0,0,30376,15000,0.0608,0
50000,25,1,4,52207,0,1.0441,0
140000,30,0,0,0,0,0.0,0
460000,28,0,0,21333,4560,0.0464,0
160000,39,0,3,30633,7000,0.1915,1
50000,29,1,1,0,0,0.0,0
110000,26,0,0,103705,3500,0.9428,0
100000,24,0,0,65744,2398,0.6574,0
80000,29,0,1,19833,2000,0.2479,0
230000,27,0,0,2978,7000,0.0129,0
280000,38,0,0,8868,10006,0.0317,0
20000,22,3,4,22353,0,1.1176,1
30000,22,2,1,30324,1900,1.0108,1
30000,23,6,6,40439,0,1.348,1
30000,23,0,0,10210,6000,0.3403,0
30000,23,2,1,729,483,0.0243,1
110000,24,0,0,90929,3550,0.8266,0
30000,25,2,2,28518,0,0.9506,0
220000,25,0,0,215036,7800,0.9774,0
20000,26,1,1,0,0,0.0,0
60000,26,2,6,55892,2300,0.9315,0
90000,48,0,1,1102,0,0.0122,0
100000,30,0,1,92909,6000,0.9291,0
70000,33,0,0,52901,2011,0.7557,0
210000,28,0,0,40236,2200,0.1916,0
50000,22,0,0,51417,2054,1.0283,0
50000,22,1,2,4112,0,0.0822,0
20000,22,0,3,18021,0,0.901,1
130000,23,2,1,1330,5719,0.0102,1
360000,44,1,1,0,0,0.0,0
200000,26,0,0,134780,6000,0.6739,0
130000,35,0,0,23693,4257,0.1823,0
100000,23,0,0,6584,2500,0.0658,0
80000,22,0,0,77408,2677,0.9676,0
60000,22,3,6,61558,10,1.026,1
50000,23,0,0,50614,2500,1.0123,0
10000,23,1,5,5699,2000,0.5699,1
30000,23,2,4,27588,3540,0.9196,1
50000,23,0,2,26001,1282,0.52,0
50000,22,2,2,4536,0,0.0907,1
30000,22,0,5,11222,1000,0.3741,1
50000,22,0,1,11970,3000,0.2394,0
70000,22,0,0,68969,3200,0.9853,0
20000,22,0,3,12831,0,0.6415,1
30000,22,0,0,19502,3000,0.6501,0
30000,24,0,0,24835,1485,0.8278,0
80000,24,0,0,17220,1400,0.2152,0
130000,24,0,2,3621,1130,0.0279,0
10000,23,0,0,9438,1985,0.9438,0
70000,23,0,0,14816,1000,0.2117,0
20000,21,0,0,19039,1286,0.952,0
20000,22,1,2,0,6594,0.0,0
30000,22,2,6,24874,2000,0.8291,0
50000,22,0,0,2498,0,0.05,0
20000,24,0,1,396,1301,0.0198,0
60000,22,2,1,46403,1544,0.7734,1
50000,23,0,0,900,3147,0.018,0
20000,22,0,0,19458,1552,0.9729,0
30000,22,0,0,19759,3000,0.6586,0
20000,23,1,3,15596,0,0.7798,1
10000,23,2,2,3413,2000,0.3413,0
50000,22,0,0,50813,1972,1.0163,0
70000,22,0,1,64525,3093,0.9218,0
20000,23,0,0,14702,2000,0.7351,0
50000,23,1,1,14191,5896,0.2838,0
30000,23,2,1,27997,1800,0.9332,0
50000,22,0,0,49619,1836,0.9924,0
30000,23,3,2,30051,0,1.0017,0
80000,23,1,6,68594,0,0.8574,0
50000,23,0,0,32644,2000,0.6529,0
20000,24,0,0,16582,1422,0.8291,0
30000,25,0,0,26376,1550,0.8792,0
80000,25,2,1,69614,3238,0.8702,1
140000,25,0,0,30077,2809,0.2148,0
210000,26,0,0,119269,2345,0.5679,0
200000,26,0,0,200849,80000,1.0042,0
20000,22,1,4,14645,0,0.7322,0
30000,22,2,3,30525,1725,1.0175,1
150000,23,0,0,11329,1219,0.0755,0
60000,24,0,0,35138,1553,0.5856,0
20000,21,0,0,10109,3000,0.5054,0
150000,25,0,0,119788,4728,0.7986,0
70000,25,0,0,1288,0,0.0184,0
60000,30,0,0,65460,2299,1.091,1
30000,23,1,3,30380,1,1.0127,1
330000,31,0,0,30532,3814,0.0925,0
20000,22,3,6,1650,0,0.0825,1
180000,35,0,0,1175,5317,0.0065,0
20000,23,0,1,23809,1700,1.1904,0
130000,24,0,0,14518,1150,0.1117,0
30000,25,0,0,28709,1462,0.957,1
30000,22,0,1,27762,5000,0.9254,0
500000,37,0,0,315,2579,0.0006,0
450000,38,0,0,108390,4300,0.2409,0
50000,22,0,0,44593,5000,0.8919,0
60000,24,0,0,58692,5000,0.9782,0
130000,22,1,3,0,0,0.0,0
280000,25,0,0,139019,4074,0.4965,0
100000,26,0,0,7086,1500,0.0709,0
60000,24,0,0,57802,2960,0.9634,0
80000,25,0,0,177,1200,0.0022,0
130000,27,1,1,0,1386,0.0,0
30000,21,0,0,9696,2000,0.3232,0
50000,22,1,4,38633,500,0.7727,0
50000,23,0,0,43634,0,0.8727,1
50000,23,2,3,7285,0,0.1457,1
90000,23,0,0,90508,3432,1.0056,1
70000,23,0,0,-22,0,-0.0003,0
110000,25,0,0,80374,3000,0.7307,0
80000,25,0,0,81477,3100,1.0185,0
50000,23,0,0,49971,2303,0.9994,0
130000,23,0,0,13429,1000,0.1033,0
130000,24,0,0,7353,3727,0.0566,0
60000,24,0,0,28277,1450,0.4713,1
140000,24,0,0,0,580,0.0,0
110000,24,1,2,72184,0,0.6562,0
100000,24,1,3,7127,0,0.0713,1
20000,24,0,0,17599,1920,0.88,0
90000,24,0,0,89608,4507,0.9956,0
50000,24,0,0,46437,1912,0.9287,0
30000,24,0,0,1513,26500,0.0504,0
130000,23,0,0,579,1186,0.0045,1
50000,26,0,0,390,2078,0.0078,0
80000,23,0,0,79874,2100,0.9984,0
50000,23,0,0,21699,11877,0.434,0
130000,24,0,0,78744,3500,0.6057,0
20000,24,0,0,390,390,0.0195,0
120000,24,0,0,0,0,0.0,0
20000,24,1,4,9739,3023,0.487,0
80000,24,0,0,13118,1500,0.164,0
50000,24,0,0,35871,5000,0.7174,0
100000,24,0,0,76025,3000,0.7602,0
70000,24,0,1,12954,2000,0.1851,0
90000,25,0,0,7766,93788,0.0863,0
280000,25,1,2,6714,22,0.024,0
400000,26,0,0,2871,4016,0.0072,0
130000,26,0,0,113707,5000,0.8747,0
30000,22,0,0,24979,1859,0.8326,1
50000,23,2,2,25046,1724,0.5009,1
80000,23,1,6,21775,0,0.2722,1
50000,22,2,3,24729,1651,0.4946,0
10000,23,1,3,8356,1200,0.8356,0
90000,24,0,1,83590,3200,0.9288,0
50000,24,3,4,8506,2000,0.1701,1
100000,24,0,0,3587,660,0.0359,0
90000,25,2,1,90371,4100,1.0041,1
100000,25,0,0,40083,5000,0.4008,0
310000,26,0,0,297,0,0.001,0
210000,26,1,2,7271,6,0.0346,0
340000,25,0,0,-2,0,-0.0,0
30000,25,2,1,27458,1267,0.9153,1
70000,25,2,6,67588,3100,0.9655,1
450000,25,0,0,0,0,0.0,0
110000,26,0,0,111306,3931,1.0119,0
30000,26,0,0,3761,7231,0.1254,0
10000,26,1,6,6220,0,0.622,1
50000,26,0,0,49392,1786,0.9878,0
120000,27,0,0,13060,23008,0.1088,0
210000,27,0,0,21275,2079,0.1013,0
260000,27,0,0,895,0,0.0034,0
300000,27,0,0,183468,10000,0.6116,0
160000,27,0,0,96441,4406,0.6028,0
30000,27,0,2,8476,1500,0.2825,0
120000,22,2,2,121522,2000,1.0127,0
70000,23,0,0,68410,2413,0.9773,0
90000,23,0,0,3030,0,0.0337,0
60000,24,0,0,57674,2500,0.9612,0
60000,24,0,0,22504,1420,0.3751,0
50000,22,0,0,49772,1778,0.9954,0
100000,23,0,0,4357,1901,0.0436,0
50000,24,0,0,34983,1700,0.6997,0
20000,24,3,6,322,0,0.0161,1
80000,24,0,0,34106,3000,0.4263,0
300000,26,0,0,293880,11128,0.9796,0
100000,23,0,0,892,2180,0.0089,0
140000,25,0,0,140286,6500,1.002,1
80000,23,2,1,71975,3139,0.8997,1
60000,23,0,0,30660,1800,0.511,0
230000,23,1,1,-15,6194,-0.0001,0
120000,25,0,2,46953,2500,0.3913,0
50000,23,0,1,48771,2106,0.9754,0
60000,24,0,0,59267,2694,0.9878,0
50000,24,0,0,50096,1000,1.0019,0
210000,25,0,0,7788,1149,0.0371,0
90000,23,0,0,13107,1251,0.1456,0
20000,24,0,0,19403,1300,0.9702,0
130000,22,0,0,34970,2012,0.269,0
20000,22,0,0,16653,2000,0.8326,0
90000,24,0,0,14329,3000,0.1592,0
30000,23,0,0,23225,30043,0.7742,0
30000,23,0,0,27222,1450,0.9074,0
150000,24,1,1,0,0,0.0,0
20000,24,0,0,20933,2700,1.0466,1
80000,25,0,0,63214,2300,0.7902,0
40000,25,0,1,34084,1861,0.8521,0
240000,27,0,0,5886,5055,0.0245,0
100000,27,0,0,152330,3000,1.5233,0
100000,30,1,1,0,0,0.0,0
150000,25,0,0,0,1145,0.0,0
270000,25,0,0,22579,1380,0.0836,0
400000,24,0,0,35660,2000,0.0891,0
50000,25,0,0,38153,1700,0.7631,0
80000,25,0,2,259,0,0.0032,0
20000,25,0,0,4120,1500,0.206,0
240000,25,0,0,198768,2986,0.8282,0
70000,25,2,3,19112,1629,0.273,1
50000,26,2,1,47510,1744,0.9502,0
70000,23,0,0,45707,1931,0.653,0
170000,24,0,0,85663,0,0.5039,0
110000,26,1,3,117274,3000,1.0661,0
100000,26,0,0,98530,4301,0.9853,0
10000,23,3,3,7067,1291,0.7067,1
230000,23,1,6,5263,3,0.0229,0
230000,23,0,0,5049,1444,0.022,0
60000,23,0,0,43714,5000,0.7286,0
50000,23,0,1,17976,1564,0.3595,0
110000,23,0,0,50346,5000,0.4577,0
180000,42,0,0,102826,5011,0.5713,0
80000,24,0,0,390,2463,0.0049,0
30000,24,1,6,25193,0,0.8398,1
50000,24,1,2,50162,0,1.0032,0
190000,26,1,1,0,2236,0.0,0
120000,26,0,1,87151,3500,0.7263,0
30000,21,0,0,28404,1467,0.9468,0
20000,21,0,0,19382,1318,0.9691,0
60000,22,0,0,57484,3000,0.9581,0
20000,22,0,0,16936,2684,0.8468,0
50000,23,0,0,97259,3608,1.9452,1
30000,26,2,3,26412,0,0.8804,0
150000,27,0,0,58751,3000,0.3917,0
50000,22,2,2,50345,0,1.0069,1
210000,26,0,0,177492,10000,0.8452,0
130000,25,0,0,24885,1740,0.1914,0
50000,26,1,1,0,0,0.0,0
200000,26,0,0,32938,3000,0.1647,0
180000,26,0,0,4745,5865,0.0264,0
190000,26,0,0,174519,9000,0.9185,1
160000,24,0,0,133268,4753,0.8329,0
130000,23,0,0,4459,13485,0.0343,0
50000,23,0,0,307,0,0.0061,0
30000,21,0,1,28884,2091,0.9628,0
20000,23,0,0,4456,3000,0.2228,0
110000,23,0,0,37129,1800,0.3375,0
50000,24,2,1,57396,2500,1.1479,1
50000,24,2,4,45049,0,0.901,1
80000,23,0,0,80715,5000,1.0089,0
20000,24,0,2,16505,2905,0.8252,1
20000,24,0,0,16393,1688,0.8196,0
150000,23,0,0,0,0,0.0,0
50000,23,0,0,45345,2010,0.9069,0
20000,24,0,1,5275,2778,0.2638,0
130000,23,1,2,126885,239,0.976,0
130000,25,0,0,3639,396,0.028,0
60000,24,0,0,52676,1778,0.8779,0
110000,24,0,0,6071,0,0.0552,0
80000,22,1,3,7369,0,0.0921,0
50000,24,0,0,40246,2128,0.8049,0
80000,24,0,0,75125,3503,0.9391,0
150000,24,0,0,4244,9830,0.0283,0
50000,24,1,4,50789,2500,1.0158,0
270000,25,0,0,184560,6061,0.6836,0
180000,23,0,0,6825,2015,0.0379,0
80000,24,0,0,0,698,0.0,0
50000,24,0,0,48393,1814,0.9679,1
210000,24,0,0,1077,7960,0.0051,1
90000,24,0,1,12750,3155,0.1417,0
130000,24,0,1,9920,5555,0.0763,0
60000,24,0,0,5648,12270,0.0941,0
320000,24,0,0,64232,4000,0.2007,0
130000,25,1,1,0,2178,0.0,0
180000,25,0,0,109030,78266,0.6057,0
100000,25,0,0,97997,4000,0.98,0
80000,25,0,0,0,0,0.0,0
90000,25,0,0,1407,5000,0.0156,1
310000,25,0,0,140483,4000,0.4532,0
360000,25,2,2,1614,40,0.0045,0
180000,26,0,0,60258,2130,0.3348,0
40000,24,0,0,5247,7196,0.1312,0
20000,24,2,2,1015,19214,0.0508,1
90000,24,0,1,86422,5000,0.9602,0
210000,25,0,0,2785,461,0.0133,0
180000,25,0,0,11393,2000,0.0633,0
220000,25,0,1,47588,1479,0.2163,1
150000,25,0,0,151160,5526,1.0077,0
50000,25,0,0,18734,1340,0.3747,0
20000,25,1,1,2521,17388,0.126,1
130000,25,0,0,55368,5000,0.4259,0
200000,25,0,0,136435,105,0.6822,0
320000,25,0,0,66497,3084,0.2078,0
90000,25,1,1,0,0,0.0,0
160000,25,0,0,8030,8030,0.0502,1
210000,26,1,3,5589,14,0.0266,0
360000,26,0,0,2741,0,0.0076,0
220000,26,2,4,80055,4500,0.3639,1
200000,25,1,1,2396,1823,0.012,0
60000,27,0,0,170536,5143,2.8423,0
30000,24,0,0,27690,1578,0.923,0
50000,24,0,0,48789,1775,0.9758,0
90000,25,0,0,14550,2000,0.1617,0
110000,25,0,0,38152,2000,0.3468,0
140000,25,0,0,133714,6560,0.9551,0
200000,25,0,0,2298,1490,0.0115,0
30000,25,0,0,26815,2000,0.8938,0
50000,25,0,0,3195,3557,0.0639,0
50000,25,2,6,40959,3900,0.8192,1
50000,25,0,0,4705,5000,0.0941,0
80000,24,0,1,754,0,0.0094,0
240000,25,0,0,26501,5000,0.1104,0
120000,25,0,0,106621,4000,0.8885,1
200000,26,0,0,5337,2322,0.0267,0
140000,26,0,0,21688,0,0.1549,0
360000,26,0,0,22233,1287,0.0618,0
70000,26,0,0,41659,1687,0.5951,0
170000,26,2,2,111170,4065,0.6539,1
140000,26,2,1,144010,5301,1.0286,1
20000,24,3,6,17690,2000,0.8845,1
50000,24,0,1,12986,1230,0.2597,0
110000,25,0,0,92332,2800,0.8394,0
180000,26,1,1,0,0,0.0,0
90000,25,2,1,77651,3300,0.8628,1
120000,26,0,0,115520,5001,0.9627,0
140000,26,0,0,63119,2450,0.4508,0
290000,26,0,0,262518,6500,0.9052,1
310000,26,0,3,11683,3000,0.0377,0
30000,27,0,0,3812,2000,0.1271,0
200000,25,0,0,776,0,0.0039,0
180000,26,0,3,1728,0,0.0096,0
120000,24,0,0,56324,3000,0.4694,0
290000,25,0,0,11102,9358,0.0383,0
90000,26,0,0,91564,3000,1.0174,0
260000,26,0,0,145165,6500,0.5583,0
230000,26,0,0,865,221,0.0038,0
270000,27,0,2,9112,6035,0.0337,0
280000,29,0,0,11536,3419,0.0412,0
110000,27,1,1,0,0,0.0,1
60000,27,0,1,1130,7,0.0188,0
70000,27,0,0,70844,3000,1.0121,0
100000,27,2,2,101429,2833,1.0143,1
140000,27,0,0,125792,5000,0.8985,0
50000,22,0,0,34250,1550,0.685,1
80000,23,0,0,74464,3117,0.9308,0
40000,24,0,0,40848,1650,1.0212,0
140000,24,0,0,135432,6500,0.9674,1
200000,24,0,0,19326,1330,0.0966,0
50000,24,1,6,16455,2000,0.3291,0
80000,24,0,0,41444,1306,0.518,0
270000,26,0,0,22804,1496,0.0845,0
70000,27,0,0,69762,2450,0.9966,1
200000,25,0,0,11740,2012,0.0587,0
170000,25,0,0,26151,3000,0.1538,1
420000,25,0,0,23191,2267,0.0552,0
50000,26,2,4,25875,2000,0.5175,1
140000,27,0,0,124753,3626,0.8911,0
130000,27,0,0,19486,35000,0.1499,0
270000,27,0,0,1390,363,0.0051,0
80000,27,0,0,81787,2600,1.0223,0
160000,26,1,3,46835,0,0.2927,0
130000,26,0,0,130318,4700,1.0024,1
160000,27,0,0,100613,3600,0.6288,0
180000,27,0,0,173098,8000,0.9617,0
180000,27,1,1,0,2039,0.0,0
210000,27,0,0,4700,0,0.0224,0
150000,26,0,0,21081,2200,0.1405,0
360000,26,0,0,1517,2749,0.0042,0
470000,26,0,0,27134,1500,0.0577,0
40000,27,0,0,33563,1204,0.8391,0
200000,27,0,0,201202,15200,1.006,0
150000,27,0,0,8000,13024,0.0533,0
90000,25,0,1,65924,3000,0.7325,1
60000,26,1,2,47963,0,0.7994,0
80000,26,0,0,4620,2991,0.0578,0
160000,26,0,1,13122,4000,0.082,0
130000,27,1,3,0,0,0.0,0
70000,26,0,0,70251,2000,1.0036,0
170000,24,0,0,1471,6040,0.0087,0
50000,25,0,0,4406,3000,0.0881,0
100000,25,0,0,7565,28,0.0756,0
130000,27,1,1,0,0,0.0,0
60000,23,0,0,56397,2039,0.94,0
290000,25,0,0,140615,7003,0.4849,0
50000,26,1,3,0,1000,0.0,0
140000,24,0,0,28872,2000,0.2062,0
120000,24,0,0,3377,2500,0.0281,0
190000,26,0,1,115608,26500,0.6085,0
30000,22,2,1,174,1995,0.0058,0
160000,26,0,0,390,390,0.0024,0
230000,26,1,2,0,500,0.0,0
130000,27,0,0,124769,5400,0.9598,0
340000,27,0,0,195524,7524,0.5751,0
230000,28,2,1,101347,4179,0.4406,1
90000,25,0,0,33336,10000,0.3704,0
300000,26,0,0,63425,3005,0.2114,0
110000,25,0,0,52059,1150,0.4733,1
140000,25,0,0,38199,2000,0.2728,0
180000,26,0,0,3739,3889,0.0208,1
70000,26,1,6,52204,2500,0.7458,1
180000,27,0,0,117703,4171,0.6539,0
150000,27,0,0,7815,4933,0.0521,0
30000,27,0,1,27347,5500,0.9116,0
230000,25,0,1,14330,232557,0.0623,0
180000,27,1,1,0,376,0.0,0
150000,27,0,0,61162,3000,0.4077,0
40000,27,0,0,30923,5000,0.7731,0
40000,27,0,3,37005,2000,0.9251,1
120000,27,2,4,113354,6200,0.9446,1
140000,27,0,0,14997,2000,0.1071,0
80000,27,0,0,494,329,0.0062,0
420000,27,0,0,15629,5402,0.0372,0
180000,27,0,0,3578,3898,0.0199,0
90000,27,0,0,73849,2900,0.8205,0
330000,27,0,0,0,0,0.0,0
260000,27,0,0,71865,5000,0.2764,0
200000,27,0,0,1126,390,0.0056,0
30000,23,0,1,19769,5896,0.659,0
300000,24,0,0,16463,1500,0.0549,0
130000,24,0,1,16078,4176,0.1237,0
30000,22,0,0,2293,1009,0.0764,0
30000,23,1,6,11174,1300,0.3725,1
130000,23,0,0,102087,4500,0.7853,0
190000,28,0,1,188370,8700,0.9914,0
230000,23,3,3,1090,0,0.0047,1
50000,24,0,2,18625,2071,0.3725,0
70000,24,0,0,8193,1122,0.117,0
50000,25,0,0,59010,2039,1.1802,1
60000,24,0,0,47386,4807,0.7898,1
150000,25,0,0,36215,6105,0.2414,0
240000,27,0,0,240428,7227,1.0018,0
110000,25,0,0,50406,1800,0.4582,0
110000,26,0,0,108001,3500,0.9818,0
50000,25,0,0,47858,1949,0.9572,0
210000,29,0,0,10692,0,0.0509,0
160000,28,0,0,3849,6458,0.0241,0
120000,29,0,0,3706,100000,0.0309,0
130000,27,0,0,131041,6500,1.008,0
170000,27,0,1,168858,7000,0.9933,0
120000,27,0,0,35238,1777,0.2936,0
170000,27,1,1,0,0,0.0,0
290000,27,0,0,240506,8601,0.8293,0
70000,27,0,0,157,157,0.0022,0
140000,27,0,0,136276,7000,0.9734,0
180000,27,1,4,5892,0,0.0327,1
200000,27,0,0,1171,0,0.0059,0
90000,27,0,1,97973,12500,1.0886,1
80000,27,0,0,52934,3000,0.6617,0
130000,27,0,0,3363,8319,0.0259,0
20000,27,0,1,191,20200,0.0096,0
200000,27,0,0,4257,3690,0.0213,1
200000,27,0,0,13285,2155,0.0664,0
120000,27,1,1,0,0,0.0,1
60000,28,0,0,7207,12625,0.1201,0
340000,28,0,0,1830,3000,0.0054,0
150000,28,0,2,1040,0,0.0069,1
160000,28,0,0,408,99,0.0026,0
200000,28,0,0,52935,2500,0.2647,0
50000,28,0,2,43165,6987,0.8633,1
170000,27,0,0,106,18719,0.0006,1
280000,27,0,4,109392,21000,0.3907,0
270000,26,0,0,209164,6429,0.7747,0
120000,27,0,1,1184,1066,0.0099,0
280000,27,0,0,6585,4308,0.0235,0
50000,27,0,0,30951,1600,0.619,0
200000,28,0,0,0,0,0.0,0
50000,27,0,0,47254,1720,0.9451,1
150000,28,0,0,6121,4391,0.0408,0
50000,28,3,6,2350,50,0.047,1
150000,27,0,0,1518,1798,0.0101,0
150000,27,0,0,-3706,3449,-0.0247,0
90000,27,0,0,18674,92858,0.2075,0
500000,28,0,0,93625,11723,0.1872,0
300000,28,0,0,327724,11250,1.0924,0
240000,28,0,0,234053,5000,0.9752,0
120000,28,0,0,48499,1621,0.4042,0
120000,28,0,0,1613,136,0.0134,0
390000,28,0,0,125863,10053,0.3227,0
200000,28,0,0,5733,2023,0.0287,0
80000,24,0,4,70411,6657,0.8801,0
20000,23,2,2,12492,0,0.6246,1
50000,24,0,0,26735,1500,0.5347,0
70000,25,2,1,46526,2070,0.6647,1
170000,24,0,0,169398,5679,0.9965,0
80000,25,2,3,77096,8000,0.9637,0
310000,27,0,0,122127,10000,0.394,0
230000,27,0,0,145959,3551,0.6346,0
20000,27,0,0,18833,1290,0.9416,0
270000,27,1,2,253072,0,0.9373,0
230000,27,0,1,6155,500,0.0268,1
230000,28,0,0,7865,5000,0.0342,0
200000,28,0,2,58833,4100,0.2942,0
30000,28,0,1,8432,25460,0.2811,0
300000,28,0,4,275855,15000,0.9195,1
500000,29,0,0,16090,37039,0.0322,0
170000,29,1,1,0,6390,0.0,0
200000,29,0,0,18568,0,0.0928,0
500000,29,0,0,33107,7000,0.0662,0
50000,29,0,0,50029,2100,1.0006,0
150000,29,0,1,2599,0,0.0173,0
100000,29,0,0,47107,18000,0.4711,0
150000,26,0,0,24848,14000,0.1657,0
170000,26,0,0,22680,2000,0.1334,0
100000,27,0,0,42713,10000,0.4271,0
160000,27,0,0,1040,1320,0.0065,0
90000,27,0,1,37026,5000,0.4114,0
190000,27,0,0,97136,4418,0.5112,0
200000,28,0,0,61940,3000,0.3097,0
50000,28,0,2,56701,5000,1.134,0
260000,28,0,0,-28,5763,-0.0001,0
250000,29,0,0,20687,14158,0.0827,0
230000,29,0,1,3764,11142,0.0164,0
240000,26,0,0,28700,1639,0.1196,0
110000,27,0,0,110553,4000,1.005,1
60000,27,1,1,0,0,0.0,0
80000,24,0,0,42377,2008,0.5297,0
230000,28,0,0,111295,4473,0.4839,0
210000,28,0,0,7457,1512,0.0355,0
100000,28,2,5,72464,0,0.7246,1
50000,29,2,4,48286,2100,0.9657,1
50000,27,0,1,42391,3000,0.8478,0
40000,27,0,0,27025,6000,0.6756,1
90000,24,0,0,3386,0,0.0376,0
70000,25,0,2,35871,1902,0.5124,0
30000,26,0,1,20105,1650,0.6702,0
170000,27,0,0,272,272,0.0016,0
80000,27,0,0,83120,1764,1.039,0
140000,27,0,0,16037,2000,0.1146,0
30000,25,0,1,5293,3000,0.1764,0
40000,25,0,0,26133,1500,0.6533,1
50000,26,1,1,0,0,0.0,0
230000,26,0,0,2656,1074,0.0115,0
60000,27,1,1,0,3947,0.0,0
60000,27,0,0,62321,3000,1.0387,0
250000,29,0,0,46948,2500,0.1878,0
240000,29,0,0,41923,1779,0.1747,0
310000,28,0,0,176565,25532,0.5696,0
320000,28,0,0,293073,13300,0.9159,0
20000,28,0,0,12031,5000,0.6016,0
300000,28,0,0,10291,19326,0.0343,0
50000,28,0,0,10051,5000,0.201,0
570000,28,0,0,33675,3000,0.0591,0
160000,28,0,0,118695,10000,0.7418,0
230000,28,0,0,7539,6500,0.0328,0
250000,28,0,0,45687,5000,0.1827,0
80000,28,0,0,77391,2784,0.9674,0
60000,28,0,0,396,87804,0.0066,0
90000,24,0,0,17584,2000,0.1954,0
150000,25,0,0,8319,5056,0.0555,0
90000,25,0,0,25806,1619,0.2867,0
150000,25,1,1,0,0,0.0,0
150000,24,0,0,52824,4000,0.3522,0
400000,25,0,0,12570,958,0.0314,0
200000,25,0,0,198890,8058,0.9944,0
210000,25,0,0,66517,3000,0.3167,0
140000,28,0,1,1953,0,0.014,1
220000,28,0,0,7468,5045,0.0339,0
250000,29,0,0,227762,35018,0.911,0
120000,29,0,0,328,417,0.0027,0
200000,28,1,1,0,2658,0.0,0
50000,29,1,4,22021,1000,0.4404,0
50000,29,0,0,50148,1840,1.003,0
230000,29,0,0,20517,12903,0.0892,0
100000,29,2,2,1526,0,0.0153,0
50000,29,1,2,26293,0,0.5259,0
330000,27,0,0,37587,2000,0.1139,0
90000,27,0,0,3000,0,0.0333,0
150000,27,0,0,5877,1268,0.0392,0
70000,28,2,6,24799,0,0.3543,0
80000,28,0,0,71126,4000,0.8891,0
130000,28,0,0,131630,3600,1.0125,0
130000,29,0,3,101650,4621,0.7819,0
140000,29,0,0,389,407,0.0028,1
240000,27,0,0,2400,152,0.01,1
160000,26,0,0,2659,3859,0.0166,0
50000,26,0,0,651,651,0.013,1
500000,27,0,0,17531,26588,0.0351,0
260000,28,0,0,238896,11000,0.9188,0
100000,23,0,0,10693,22622,0.1069,0
130000,23,0,0,111388,6000,0.8568,0
80000,26,0,0,124224,4574,1.5528,0
400000,29,0,0,52875,55544,0.1322,0
360000,27,0,0,44179,1498,0.1227,0
190000,28,0,1,7188,2459,0.0378,0
90000,28,0,0,41138,2000,0.4571,0
50000,29,0,0,8838,6540,0.1768,0
80000,29,0,4,49196,6292,0.615,0
120000,29,0,0,1450,0,0.0121,0
100000,28,2,4,21117,1400,0.2112,1
170000,28,1,1,0,1295,0.0,0
90000,28,0,3,38355,1700,0.4262,0
400000,27,0,0,0,0,0.0,1
230000,27,0,1,79108,3187,0.3439,0
260000,28,0,0,207593,7011,0.7984,0
110000,29,0,0,56073,4500,0.5098,0
500000,28,0,0,319082,8752,0.6382,0
90000,28,0,0,2943,906,0.0327,0
60000,28,0,2,20729,3016,0.3455,0
320000,28,0,1,320635,12500,1.002,1
320000,29,0,0,34818,1690,0.1088,0
190000,28,0,0,112039,4600,0.5897,0
80000,28,1,1,0,0,0.0,1
230000,28,2,6,35610,3706,0.1548,1
310000,29,0,0,594,477,0.0019,0
260000,29,0,0,150709,6911,0.5796,0
200000,29,1,1,0,928,0.0,0
200000,29,0,0,65199,6532,0.326,0
200000,28,0,0,50925,2455,0.2546,0
50000,28,0,0,28157,1430,0.5631,0
50000,28,0,0,52775,2500,1.0555,1
50000,29,0,0,44498,4000,0.89,0
240000,29,0,0,187431,8200,0.781,0
100000,29,0,0,7815,5000,0.0782,0
230000,28,0,0,2454,1197,0.0107,0
230000,29,0,0,4827,2000,0.021,0
240000,28,2,5,191137,24000,0.7964,1
150000,30,0,0,35213,115041,0.2348,0
150000,30,0,0,1499,1231,0.01,0
200000,29,0,0,27869,5531,0.1393,0
60000,29,2,1,58501,2000,0.975,1
50000,31,0,0,19889,1500,0.3978,0
140000,31,0,0,277,19983,0.002,0
220000,30,2,2,150682,0,0.6849,0
300000,28,0,0,936,0,0.0031,0
300000,29,0,0,-5478,1220,-0.0183,0
200000,29,0,0,118296,3900,0.5915,0
80000,29,0,1,6441,14349,0.0805,0
430000,29,2,1,75249,3754,0.175,1
60000,29,0,0,4134,1200,0.0689,0
170000,29,0,0,1333,1359,0.0078,0
50000,29,0,0,26159,1800,0.5232,0
420000,26,0,0,24434,1500,0.0582,0
80000,26,3,6,45088,2000,0.5636,1
230000,27,0,0,17077,22437,0.0742,1
270000,29,0,0,62516,1854,0.2315,0
500000,28,0,0,56437,2357,0.1129,0
220000,28,0,1,94311,4319,0.4287,0
180000,24,0,0,100772,3034,0.5598,0
50000,23,0,2,34448,1975,0.689,0
20000,22,1,2,11871,0,0.5936,0
20000,24,1,1,0,890,0.0,0
80000,22,1,3,6261,1000,0.0783,0
120000,23,0,0,64049,3000,0.5337,0
40000,23,0,0,10389,1200,0.2597,0
100000,42,0,0,2811,1055,0.0281,0
90000,25,1,2,91830,0,1.0203,0
160000,24,0,0,160553,6050,1.0035,0
100000,24,0,0,27753,1632,0.2775,0
230000,25,0,0,50757,3000,0.2207,0
60000,28,0,0,37878,3000,0.6313,0
300000,26,2,1,800,1946,0.0027,0
140000,29,0,0,129289,3713,0.9235,0
300000,29,0,0,1049,205,0.0035,1
60000,29,0,0,23304,3000,0.3884,0
360000,29,0,0,0,1307,0.0,0
100000,29,1,2,3788,0,0.0379,0
100000,29,0,0,3262,3262,0.0326,0
320000,29,0,1,0,192,0.0,0
500000,29,0,0,902,0,0.0018,0
180000,30,0,0,405,4445,0.0022,0
280000,30,2,1,18925,1976,0.0676,1
140000,30,0,0,13859,5000,0.099,0
200000,30,0,2,1877,0,0.0094,0
270000,30,0,1,25628,3000,0.0949,0
230000,30,0,0,5442,1210,0.0237,0
210000,29,1,1,-12,2437,-0.0001,0
170000,29,0,0,1380,9533,0.0081,0
230000,29,0,0,360,0,0.0016,0
300000,29,0,0,164437,5100,0.5481,0
150000,29,0,0,3850,227,0.0257,0
360000,29,1,1,0,0,0.0,0
110000,29,2,1,99876,3000,0.908,1
150000,30,1,2,6043,0,0.0403,0
50000,27,0,0,49959,2100,0.9992,0
170000,27,0,1,356,1536,0.0021,0
210000,27,0,0,26311,2000,0.1253,0
50000,28,2,3,45004,3880,0.9001,1
200000,30,0,1,4644,1263,0.0232,0
100000,28,0,0,29086,1400,0.2909,0
180000,31,0,0,112900,0,0.6272,0
80000,33,0,0,75564,3406,0.9446,0
80000,27,0,0,56720,5958,0.709,1
50000,29,0,0,47425,2100,0.9485,0
560000,28,0,0,2740,2740,0.0049,0
150000,28,2,1,89336,4027,0.5956,1
310000,27,0,0,1261,1261,0.0041,1
210000,27,0,0,1856,8657,0.0088,0
200000,27,0,0,4941,5610,0.0247,0
100000,28,0,0,14309,1268,0.1431,0
200000,28,0,0,34819,165,0.1741,0
40000,28,0,1,29195,3650,0.7299,0
80000,29,0,0,456,3366,0.0057,0
360000,29,0,0,3307,0,0.0092,0
290000,28,0,0,15042,15000,0.0519,0
90000,28,0,0,1944,0,0.0216,0
280000,29,0,0,33210,726,0.1186,0
50000,29,0,0,22120,4000,0.4424,0
200000,29,0,0,203621,7464,1.0181,0
400000,30,0,0,438569,16718,1.0964,0
210000,31,0,0,0,0,0.0,0
50000,31,0,0,47800,3725,0.956,1
150000,30,0,0,4205,1264,0.028,0
230000,29,1,1,0,0,0.0,0
70000,29,0,0,75040,3000,1.072,0
450000,29,0,0,104457,2489,0.2321,0
80000,29,0,0,70810,3200,0.8851,0
380000,30,0,0,305489,11687,0.8039,0
100000,31,0,0,91192,4000,0.9119,0
30000,31,0,0,24358,3000,0.8119,0
140000,31,0,0,3886,1100,0.0278,0
320000,27,1,6,43243,2000,0.1351,1
20000,24,0,0,18919,1600,0.946,0
350000,25,0,1,327915,20000,0.9369,1
180000,25,0,0,175063,5000,0.9726,0
30000,23,0,0,28347,2300,0.9449,0
110000,24,0,1,111863,6001,1.0169,0
50000,24,0,0,2568,1070,0.0514,0
200000,31,0,0,2718,591,0.0136,0
100000,29,0,0,87018,3267,0.8702,0
100000,27,0,0,4829,0,0.0483,0
150000,29,0,1,1148,2000,0.0077,1
60000,27,0,0,60915,2255,1.0152,0
80000,27,0,0,20417,3082,0.2552,0
150000,26,0,0,7448,2089,0.0497,0
30000,27,0,0,30342,1500,1.0114,1
150000,26,0,0,205467,6000,1.3698,0
250000,26,0,0,50122,2027,0.2005,0
500000,29,0,0,36051,2065,0.0721,0
230000,28,0,0,65862,5000,0.2864,0
160000,29,0,0,386,4194,0.0024,0
360000,31,0,0,9315,58617,0.0259,0
400000,30,0,0,30667,5034,0.0767,0
130000,29,0,1,93761,8901,0.7212,0
80000,28,0,0,70723,3200,0.884,0
160000,28,0,0,316,1617,0.002,0
390000,28,0,0,60697,5000,0.1556,0
200000,31,0,2,3707,0,0.0185,1
30000,30,0,0,9211,1154,0.307,0
50000,31,0,3,780,0,0.0156,0
180000,31,0,0,69502,2500,0.3861,0
200000,32,0,0,148959,6700,0.7448,0
180000,32,0,1,151307,6000,0.8406,0
250000,31,0,0,36439,5000,0.1458,0
180000,29,0,0,3900,222,0.0217,0
50000,32,0,0,48971,1754,0.9794,0
220000,33,0,0,199040,10032,0.9047,0
360000,31,0,0,990,990,0.0028,0
500000,29,0,0,33252,10000,0.0665,0
50000,30,0,0,1032,1464,0.0206,0
150000,30,0,0,55,0,0.0004,0
150000,31,0,0,13701,12013,0.0913,0
300000,31,0,0,720,0,0.0024,0
130000,24,0,1,76582,12000,0.5891,0
30000,22,2,4,15048,2000,0.5016,0
90000,25,0,0,27658,6708,0.3073,0
90000,25,0,1,88822,1588,0.9869,1
70000,25,0,0,31337,4000,0.4477,0
80000,25,0,0,73267,2971,0.9158,1
60000,25,0,0,7885,1500,0.1314,1
60000,26,0,1,4837,0,0.0806,0
420000,27,0,0,15000,15000,0.0357,0
200000,27,0,0,0,0,0.0,1
220000,29,0,0,2848,7181,0.0129,0
170000,29,0,0,1000,5000,0.0059,0
500000,29,0,0,5024,802,0.01,1
60000,29,1,2,0,351,0.0,1
140000,30,0,0,107,232,0.0008,0
100000,31,0,0,95160,2000,0.9516,0
180000,31,0,0,-23,5654,-0.0001,0
360000,31,1,1,0,0,0.0,0
420000,31,0,0,233413,12000,0.5557,1
200000,29,0,0,779,860,0.0039,0
260000,31,0,0,82156,3611,0.316,0
300000,30,0,0,19333,19333,0.0644,0
400000,29,0,1,74829,7017,0.1871,1
220000,30,0,0,22959,20066,0.1044,0
130000,30,0,0,1493,1492,0.0115,1
150000,29,0,0,962,5868,0.0064,0
280000,33,0,0,266030,12000,0.9501,0
230000,33,0,0,181532,9000,0.7893,0
180000,28,0,0,54972,2000,0.3054,0
270000,29,0,0,39004,1520,0.1445,0
190000,30,0,0,198098,4515,1.0426,0
150000,30,0,0,69235,2500,0.4616,0
230000,28,0,0,355,0,0.0015,1
70000,29,0,0,22438,2000,0.3205,0
500000,29,0,0,2140,3919,0.0043,0
50000,30,0,0,46800,1604,0.936,1
220000,29,0,0,206879,9100,0.9404,1
210000,30,0,0,2818,0,0.0134,0
260000,30,0,0,66433,2400,0.2555,0
280000,29,0,0,1939,333,0.0069,0
180000,30,0,0,360,120,0.002,0
30000,29,1,6,27705,1500,0.9235,1
20000,30,1,3,0,0,0.0,1
200000,32,1,4,-400,563,-0.002,0
80000,30,3,2,82523,0,1.0315,1
90000,31,0,2,22259,1838,0.2473,1
20000,32,2,3,15073,1600,0.7536,1
30000,32,0,1,27395,2000,0.9132,0
70000,29,0,0,61217,3000,0.8745,0
200000,29,0,0,74566,3213,0.3728,0
420000,29,0,0,326239,7108,0.7768,0
130000,29,0,0,130927,7000,1.0071,0
160000,30,0,0,78623,3000,0.4914,0
320000,29,0,0,2799,7329,0.0087,0
130000,29,0,0,790,390,0.0061,0
200000,29,1,1,0,0,0.0,1
320000,30,0,0,1259,5177,0.0039,0
400000,30,0,0,68835,2600,0.1721,0
390000,30,0,0,35169,1070,0.0902,0
100000,29,0,0,27304,2000,0.273,0
100000,30,0,0,98048,3903,0.9805,0
400000,31,0,0,9123,1500,0.0228,0
100000,27,0,2,667,0,0.0067,1
300000,27,0,0,1890,1570,0.0063,0
20000,27,0,0,14248,2000,0.7124,0
50000,27,0,0,27314,1500,0.5463,0
100000,30,2,6,29668,3600,0.2967,0
200000,30,0,0,194747,9000,0.9737,0
300000,30,0,1,251986,11000,0.84,0
240000,30,0,0,7075,17003,0.0295,0
240000,30,0,0,17047,15188,0.071,0
120000,30,1,2,119511,3,0.9959,1
350000,31,0,1,403,0,0.0012,0
590000,31,1,1,-154,1000,-0.0003,0
240000,30,1,1,0,0,0.0,0
200000,27,0,0,0,0,0.0,0
300000,27,0,0,131760,4700,0.4392,0
240000,28,0,0,5740,1215,0.0239,0
170000,28,0,0,3497,17920,0.0206,0
470000,30,0,0,26549,1420,0.0565,0
110000,30,0,0,51276,3000,0.4661,0
30000,24,0,0,27276,2000,0.9092,1
80000,24,1,2,62550,10000,0.7819,0
100000,24,1,1,-78,0,-0.0008,0
160000,25,0,0,45835,2000,0.2865,0
110000,27,0,0,52426,1772,0.4766,0
150000,28,2,1,107603,5500,0.7174,0
390000,30,0,0,7650,3031,0.0196,0
180000,30,0,0,5100,9861,0.0283,1
300000,29,0,0,45117,1281,0.1504,0
400000,29,0,0,5074,1097,0.0127,0
110000,29,1,2,113093,3,1.0281,0
120000,28,0,0,20578,2000,0.1715,0
200000,28,0,0,8837,9690,0.0442,0
120000,25,0,0,70282,4000,0.5857,0
270000,25,0,0,162905,5085,0.6034,0
250000,25,0,0,18761,4662,0.075,0
130000,25,0,0,61223,4003,0.4709,0
290000,26,0,0,32126,10884,0.1108,0
210000,26,0,0,78632,2000,0.3744,0
200000,26,1,2,-1544,12651,-0.0077,0
240000,28,1,4,17868,0,0.0744,0
170000,30,0,0,5280,5020,0.0311,0
180000,28,0,0,26000,5488,0.1444,0
280000,28,0,0,40683,1888,0.1453,0
490000,28,0,0,128821,3047,0.2629,0
240000,31,0,0,7414,2020,0.0309,0
150000,31,0,0,67852,2500,0.4523,0
350000,32,0,1,260076,9501,0.7431,0
80000,30,0,0,22113,1600,0.2764,0
330000,31,0,0,3437,7565,0.0104,0
20000,31,1,1,-19,4540,-0.001,0
210000,32,0,0,44304,3000,0.211,0
400000,32,0,0,0,626,0.0,0
230000,28,0,0,0,0,0.0,0
200000,29,0,0,8695,14329,0.0435,0
180000,31,0,0,0,2813,0.0,0
200000,30,0,1,33604,3000,0.168,0
50000,26,0,0,48057,2007,0.9611,0
290000,27,0,0,168,569,0.0006,0
100000,31,0,0,75818,2745,0.7582,0
150000,32,0,3,9545,5000,0.0636,1
20000,32,0,0,9763,925,0.4882,0
200000,32,0,0,12367,2000,0.0618,0
80000,32,0,0,77535,3010,0.9692,0
290000,29,0,0,78928,8000,0.2722,0
200000,29,0,0,118729,4874,0.5936,0
150000,29,0,0,933,598,0.0062,0
180000,27,0,0,101489,10006,0.5638,0
420000,32,0,0,546485,18546,1.3012,0
30000,29,0,4,10456,3200,0.3485,1
230000,31,0,1,2155,2010,0.0094,0
60000,27,1,6,5087,2410,0.0848,0
220000,28,0,0,43436,5012,0.1974,0
240000,29,0,0,186969,5510,0.779,0
140000,31,0,0,518,518,0.0037,0
200000,32,0,0,6890,11002,0.0344,0
410000,30,0,0,0,8417,0.0,0
140000,34,0,0,47922,2710,0.3423,0
80000,30,0,0,127580,13000,1.5947,0
340000,29,0,0,246245,8730,0.7242,0
140000,29,0,0,4880,0,0.0349,1
170000,30,2,6,155910,6800,0.9171,1
290000,30,0,0,288033,10784,0.9932,0
360000,31,0,0,3386,5964,0.0094,0
310000,32,0,0,4762,26943,0.0154,1
500000,32,0,0,9609,5637,0.0192,0
250000,33,2,2,243262,7991,0.973,1
500000,33,0,0,10361,263,0.0207,0
80000,33,0,0,74973,3113,0.9372,0
180000,30,0,0,23398,1541,0.13,0
320000,30,0,0,60947,2868,0.1905,0
130000,30,0,0,106796,4000,0.8215,0
250000,30,0,0,1962,82,0.0078,0
380000,27,0,0,119628,3250,0.3148,0
200000,27,0,0,24635,0,0.1232,0
260000,28,0,0,237212,8006,0.9124,0
150000,28,2,6,137564,3500,0.9171,1
100000,28,1,1,-4894,0,-0.0489,0
180000,28,0,0,85557,3200,0.4753,0
150000,26,0,0,136736,4486,0.9116,0
230000,27,0,0,175050,10000,0.7611,0
160000,29,0,0,36370,4002,0.2273,0
360000,30,0,0,20992,20000,0.0583,0
150000,28,0,0,146325,5125,0.9755,0
360000,34,0,0,0,0,0.0,1
10000,37,0,0,6993,6495,0.6993,0
20000,35,0,0,15852,1579,0.7926,1
50000,35,0,0,34265,2000,0.6853,0
50000,37,1,2,26305,0,0.5261,0
60000,37,1,6,49335,0,0.8222,1
20000,37,2,4,12443,2000,0.6222,0
130000,39,2,4,108879,5500,0.8375,0
50000,36,0,0,48831,2002,0.9766,0
350000,36,0,0,50889,10000,0.1454,0
210000,40,0,0,41826,1520,0.1992,0
10000,23,0,1,8536,1117,0.8536,0
20000,34,1,4,17970,0,0.8985,0
80000,33,0,0,65484,3000,0.8186,0
110000,33,0,0,83762,3200,0.7615,1
180000,40,0,0,0,0,0.0,0
360000,37,0,0,646,0,0.0018,0
250000,33,0,0,484,0,0.0019,0
180000,34,0,0,13954,5589,0.0775,0
190000,35,0,0,66859,3054,0.3519,0
150000,35,0,5,15349,0,0.1023,0
90000,35,0,3,37003,2000,0.4111,0
230000,39,0,0,4612,2906,0.0201,0
120000,47,0,0,0,0,0.0,0
100000,36,2,2,99298,5220,0.993,1
60000,45,0,0,26350,1413,0.4392,0
360000,38,0,1,254900,9300,0.7081,0
310000,38,0,0,302623,12000,0.9762,0
280000,37,0,0,12693,13214,0.0453,0
30000,38,2,5,11403,0,0.3801,0
260000,38,0,0,81745,2984,0.3144,0
180000,36,0,0,1252,23,0.007,0
330000,36,0,0,257156,10037,0.7793,0
400000,46,0,1,260,60064,0.0006,1
90000,36,0,1,86155,8600,0.9573,0
200000,36,0,0,0,0,0.0,1
280000,38,0,0,6491,4041,0.0232,0
350000,37,0,0,1140,0,0.0033,0
50000,42,0,0,47867,2083,0.9573,0
50000,44,0,0,390,390,0.0078,0
120000,41,0,0,4591,0,0.0383,0
80000,38,0,0,17816,3000,0.2227,0
90000,36,0,0,91552,55000,1.0172,0
50000,44,0,0,42941,1800,0.8588,0
180000,44,0,1,123100,6102,0.6839,0
200000,31,0,0,202139,7000,1.0107,0
420000,31,0,0,147344,4153,0.3508,0
270000,31,0,0,6894,14305,0.0255,0
50000,49,0,0,46970,3005,0.9394,0
30000,41,0,0,26300,1450,0.8767,0
170000,36,2,6,15570,0,0.0916,0
170000,42,0,0,52262,1985,0.3074,0
150000,40,0,0,157548,160812,1.0503,1
20000,38,1,4,21769,0,1.0884,0
120000,40,0,0,105124,6020,0.876,0
50000,41,2,5,17028,3828,0.3406,1
500000,44,0,0,206766,20077,0.4135,0
40000,36,2,4,7129,3147,0.1782,1
70000,48,0,0,3838,1930,0.0548,0
30000,44,0,0,28467,1814,0.9489,1
70000,48,1,2,9518,0,0.136,1
20000,49,0,0,17543,2100,0.8772,1
140000,45,0,0,1352,381,0.0097,0
200000,39,3,5,117868,0,0.5893,1
90000,42,0,0,34672,1562,0.3852,0
30000,44,1,3,3213,0,0.1071,0
260000,41,0,0,8154,1365,0.0314,0
100000,36,1,1,0,0,0.0,0
150000,36,1,1,0,0,0.0,0
50000,44,2,4,23268,1500,0.4654,1
200000,31,0,3,2480,0,0.0124,0
480000,34,0,0,19810,3495,0.0413,0
150000,36,0,0,7160,5279,0.0477,0
80000,38,0,0,2226,6259,0.0278,0
310000,39,0,0,11819,3000,0.0381,0
200000,46,0,0,14617,1261,0.0731,0
20000,43,0,0,11511,1205,0.5756,0
480000,41,0,0,44018,35176,0.0917,0
200000,35,0,0,6512,2000,0.0326,0
20000,45,0,0,1649,1071,0.0824,0
300000,30,0,0,515,200,0.0017,0
230000,34,1,1,0,0,0.0,0
50000,35,0,0,7378,1121,0.1476,1
50000,39,0,0,49575,2067,0.9915,0
110000,40,0,0,105055,4058,0.955,0
70000,49,2,3,16127,4500,0.2304,1
50000,46,0,0,-1494,7084,-0.0299,0
50000,32,0,0,33231,1868,0.6646,1
440000,46,0,0,177425,7700,0.4032,0
150000,38,0,0,1242,0,0.0083,0
420000,37,0,0,36032,7022,0.0858,0
180000,33,0,0,3490,0,0.0194,0
230000,33,0,0,38646,2000,0.168,0
50000,44,0,3,16094,3155,0.3219,1
260000,32,0,0,251330,10000,0.9667,1
260000,33,0,0,5188,13000,0.02,1
310000,33,0,0,2729,0,0.0088,1
60000,37,2,6,42101,2500,0.7017,1
120000,40,0,0,32130,3613,0.2678,0
400000,41,0,0,10928,2000,0.0273,0
80000,45,0,0,640,23699,0.008,0
60000,40,0,0,31168,2000,0.5195,0
160000,40,0,1,137930,6574,0.8621,0
220000,34,0,0,208009,8200,0.9455,0
300000,46,0,0,5287,3000,0.0176,0
100000,32,0,0,101556,3481,1.0156,0
60000,37,0,0,55233,1940,0.9206,0
80000,43,0,0,71100,10000,0.8888,0
10000,43,0,0,1593,2006,0.1593,0
30000,40,0,0,29896,11158,0.9965,0
500000,36,0,0,9241,10786,0.0185,0
40000,40,1,4,-531,3383,-0.0133,1
300000,35,0,0,48926,1006,0.1631,0
20000,34,2,6,13552,3188,0.6776,0
280000,37,0,1,2560,0,0.0091,1
190000,38,0,0,39468,2151,0.2077,0
500000,33,0,0,9511,1468,0.019,0
250000,43,0,0,-6,1304,-0.0,0
120000,47,0,0,7301,2327,0.0608,0
20000,35,0,0,0,1492,0.0,0
210000,40,1,4,66635,0,0.3173,0
220000,46,0,0,104603,5000,0.4755,0
30000,49,0,0,28806,1600,0.9602,0
340000,45,0,0,284099,11000,0.8356,0
180000,36,0,0,4911,2000,0.0273,0
40000,40,0,0,776,776,0.0194,1
20000,37,0,0,19969,1400,0.9984,0
130000,48,2,6,105500,5500,0.8115,1
50000,41,0,0,47406,2200,0.9481,1
300000,31,0,1,17641,2765,0.0588,0
140000,33,0,0,62063,22400,0.4433,0
260000,46,0,3,16170,3000,0.0622,0
100000,45,0,0,90483,3315,0.9048,0
130000,40,2,2,8539,1165,0.0657,1
200000,47,1,1,0,0,0.0,1
200000,48,0,0,657,0,0.0033,1
200000,31,1,1,0,6372,0.0,0
180000,32,0,0,17332,4579,0.0963,0
360000,33,0,0,0,0,0.0,1
420000,34,0,0,26232,8967,0.0625,0
180000,35,0,1,3544,0,0.0197,0
50000,35,3,4,34440,0,0.6888,0
120000,34,0,0,3755,0,0.0313,1
80000,35,0,0,54986,1966,0.6873,0
180000,38,1,1,0,0,0.0,0
20000,32,0,2,15547,2900,0.7774,1
180000,32,0,0,136055,6400,0.7559,0
230000,34,0,0,3256,1401,0.0142,0
80000,43,0,0,78374,4000,0.9797,0
90000,42,0,0,1367,2086,0.0152,0
300000,30,0,0,25936,1500,0.0865,0
160000,36,1,1,0,0,0.0,1
180000,47,0,0,4164,701,0.0231,0
160000,30,0,0,13680,2019,0.0855,0
230000,30,0,0,246101,38172,1.07,0
360000,31,0,0,3429,33702,0.0095,0
500000,31,0,0,26760,750,0.0535,0
120000,30,2,6,69443,3200,0.5787,0
280000,31,0,0,0,0,0.0,1
200000,32,1,2,134625,341,0.6731,0
180000,31,0,0,89903,3073,0.4995,0
240000,34,0,0,1670,1479,0.007,1
500000,44,0,0,322849,14000,0.6457,0
180000,48,0,0,4498,0,0.025,0
330000,43,0,0,15018,3000,0.0455,0
420000,37,0,0,433837,15500,1.0329,0
220000,33,0,0,41352,3100,0.188,0
170000,34,0,0,2435,0,0.0143,0
140000,48,0,0,907,19891,0.0065,0
200000,31,0,0,187864,8500,0.9393,0
230000,32,0,0,55623,5855,0.2418,0
150000,31,0,1,9846,5345,0.0656,0
240000,37,0,0,660,31187,0.0028,0
210000,49,0,0,21639,8455,0.103,0
500000,35,0,0,113466,12197,0.2269,0
180000,39,1,3,0,0,0.0,0
60000,31,0,1,59426,2800,0.9904,0
290000,34,0,0,276365,9263,0.953,0
80000,48,0,0,36320,2030,0.454,0
180000,46,0,0,182283,15000,1.0127,0
350000,33,0,0,61937,5343,0.177,0
160000,41,0,0,8554,1000,0.0535,1
210000,36,0,0,57605,3000,0.2743,0
160000,35,1,1,0,0,0.0,0
350000,40,0,0,3286,0,0.0094,0
130000,41,0,0,104898,4714,0.8069,0
240000,49,0,1,0,2421,0.0,0
330000,40,0,0,81084,3100,0.2457,0
500000,45,1,1,0,1376,0.0,1
170000,41,0,0,1000,0,0.0059,0
240000,43,0,0,4522,1868,0.0188,0
180000,47,0,0,167915,6028,0.9329,1
260000,36,0,0,17631,13184,0.0678,0
130000,43,0,0,2292,6776,0.0176,0
30000,38,0,0,497,1001,0.0166,0
440000,42,1,1,0,0,0.0,0
260000,43,0,0,684,1742,0.0026,0
30000,38,2,1,25080,1800,0.836,0
390000,37,0,0,200927,17843,0.5152,0
260000,45,0,0,113872,6302,0.438,0
70000,46,0,0,65906,3500,0.9415,0
200000,30,2,6,140327,6600,0.7016,0
150000,32,0,0,21274,11540,0.1418,0
460000,32,0,0,13377,12840,0.0291,0
180000,33,0,0,478,478,0.0027,0
70000,37,0,0,64860,2200,0.9266,0
250000,40,0,0,1385,4843,0.0055,0
170000,39,0,0,22870,2000,0.1345,0
160000,34,0,0,149,1100,0.0009,0
80000,36,2,2,12639,1300,0.158,1
400000,49,1,1,0,877,0.0,0
20000,43,4,6,28447,0,1.4224,1
130000,44,0,0,128854,4000,0.9912,0
60000,36,0,3,4373,1131,0.0729,0
90000,41,0,0,87240,10000,0.9693,0
210000,44,0,0,84298,3379,0.4014,0
380000,34,2,6,315912,13000,0.8313,0
200000,35,0,0,29327,2000,0.1466,0
180000,37,2,1,326,326,0.0018,1
20000,42,1,3,21001,0,1.05,0
350000,38,0,0,1316,3061,0.0038,0
200000,41,1,1,0,0,0.0,0
400000,34,0,0,10150,5869,0.0254,0
230000,38,1,1,828,1547,0.0036,0
230000,43,0,0,390,390,0.0017,1
50000,38,0,0,25184,1800,0.5037,0
300000,47,0,0,225542,7055,0.7518,0
230000,45,0,0,15160,1500,0.0659,0
50000,44,0,0,47569,1986,0.9514,0
150000,34,0,0,7249,1070,0.0483,0
260000,33,0,0,2537,2606,0.0098,0
320000,33,0,0,3077,1661,0.0096,1
100000,49,0,0,55084,2500,0.5508,0
60000,37,1,1,0,0,0.0,0
420000,42,0,0,87263,20803,0.2078,0
500000,38,0,0,80460,3527,0.1609,0
450000,34,0,0,372188,20000,0.8271,0
30000,42,0,0,75112,1371,2.5037,1
60000,47,2,4,26782,3400,0.4464,1
180000,43,0,0,316,316,0.0018,0
320000,35,0,0,1302,3571,0.0041,0
250000,37,0,0,116861,3424,0.4674,0
30000,34,0,0,23336,1700,0.7779,0
360000,34,0,0,4874,5000,0.0135,0
360000,43,0,0,4435,805,0.0123,0
150000,36,0,0,32440,13447,0.2163,0
400000,39,0,1,58126,31,0.1453,0
350000,44,2,6,309250,12000,0.8836,1
80000,45,0,0,3473,3329,0.0434,0
140000,37,0,0,1208,4411,0.0086,0
150000,48,0,0,175095,10011,1.1673,0
480000,40,0,0,5664,12871,0.0118,0
200000,41,0,0,0,0,0.0,0
180000,29,0,0,9862,2903,0.0548,0
260000,30,0,0,0,3459,0.0,0
450000,33,1,2,621,11420,0.0014,0
140000,33,0,0,136302,6000,0.9736,0
220000,43,0,0,242526,8100,1.1024,1
100000,39,0,0,380,1357,0.0038,0
160000,41,0,0,550,550,0.0034,0
140000,36,0,0,74500,3508,0.5321,0
200000,39,0,0,1017,0,0.0051,0
460000,30,0,0,0,0,0.0,0
50000,31,0,0,41124,1750,0.8225,0
100000,31,0,0,6033,19922,0.0603,0
150000,31,0,0,138363,6000,0.9224,0
460000,32,0,0,5085,3282,0.0111,0
360000,32,0,0,171,1058,0.0005,0
180000,33,0,0,4019,1550,0.0223,0
470000,42,0,0,10360,2474,0.022,0
320000,44,1,3,-1,508,-0.0,0
360000,47,0,0,3899,7148,0.0108,0
60000,36,0,0,2079,6964,0.0346,0
310000,39,0,0,4934,1275,0.0159,0
140000,36,0,0,50663,1788,0.3619,0
450000,43,0,0,7361,8692,0.0164,0
210000,30,0,1,857,725,0.0041,0
180000,33,0,0,2196,1640,0.0122,1
360000,38,0,0,1659,0,0.0046,0
50000,33,2,6,40669,3424,0.8134,1
340000,34,0,0,16462,1310,0.0484,0
140000,38,2,4,119715,6000,0.8551,0
120000,32,0,1,32051,10000,0.2671,0
180000,32,1,1,0,0,0.0,1
360000,32,0,0,192160,20104,0.5338,0
340000,34,0,0,254219,9500,0.7477,0
200000,35,0,0,136264,5000,0.6813,0
80000,36,0,0,3966,0,0.0496,0
500000,35,0,0,286595,11000,0.5732,0
150000,31,0,0,416,416,0.0028,0
20000,46,1,4,14231,1200,0.7116,1
500000,41,0,0,275956,15000,0.5519,0
340000,47,0,1,169842,7000,0.4995,0
500000,34,0,0,2730,5606,0.0055,0
240000,31,0,2,173628,8000,0.7234,0
80000,34,0,0,7437,4000,0.093,0
200000,37,1,1,-58,0,-0.0003,0
230000,31,0,0,-18,3937,-0.0001,0
300000,36,0,0,4035,0,0.0134,0
140000,36,0,0,165,341,0.0012,1
300000,33,0,0,3854,142,0.0128,0
360000,34,0,0,0,0,0.0,1
320000,35,0,0,157249,6000,0.4914,1
380000,30,0,0,384846,13291,1.0128,0
170000,30,0,0,136639,7200,0.8038,0
300000,41,0,0,66132,6983,0.2204,0
60000,44,0,0,2802,0,0.0467,0
240000,36,0,0,214122,19000,0.8922,0
500000,44,0,0,0,1275,0.0,0
230000,45,0,0,12047,17094,0.0524,0
290000,35,0,0,33278,1600,0.1148,0
60000,35,0,0,59449,2300,0.9908,0
100000,35,0,0,98118,3500,0.9812,0
270000,36,0,0,-33,0,-0.0001,0
280000,35,0,0,259637,10028,0.9273,0
100000,38,3,6,750,0,0.0075,0
100000,32,0,1,1876,9814,0.0188,0
90000,31,1,1,0,0,0.0,0
280000,44,0,0,5374,12360,0.0192,1
150000,38,0,0,0,0,0.0,0
70000,40,0,1,390,780,0.0056,0
180000,32,0,0,1160,2889,0.0064,0
190000,33,0,0,153962,10000,0.8103,0
500000,38,0,0,15050,7000,0.0301,0
190000,47,1,2,194487,92,1.0236,0
210000,32,0,0,524,4581,0.0025,0
60000,38,0,0,6842,15772,0.114,0
200000,34,0,0,198482,5014,0.9924,0
470000,32,1,1,0,0,0.0,0
260000,30,0,0,235961,7988,0.9075,0
140000,30,0,0,13626,8399,0.0973,0
190000,33,0,0,-2650,0,-0.0139,1
80000,36,0,0,73873,2006,0.9234,0
310000,37,0,0,68430,5000,0.2207,0
150000,40,0,1,16986,2000,0.1132,0
340000,30,0,0,338624,15000,0.996,1
360000,31,0,0,49011,15000,0.1361,0
250000,38,2,1,236546,8007,0.9462,0
220000,34,0,0,3410,1623,0.0155,0
30000,46,1,1,0,0,0.0,0
210000,41,0,0,16486,15728,0.0785,0
350000,32,0,0,30625,60396,0.0875,1
270000,33,0,0,1481,3952,0.0055,0
200000,34,0,0,205362,5504,1.0268,0
70000,40,2,1,64744,2361,0.9249,1
220000,45,0,1,1196,8087,0.0054,0
230000,39,0,0,5650,3798,0.0246,1
120000,35,0,0,22148,1550,0.1846,0
360000,30,0,0,17602,1030,0.0489,0
210000,37,0,0,13438,9315,0.064,0
460000,40,3,6,2650,0,0.0058,1
500000,34,0,0,13000,13000,0.026,0
180000,35,0,0,3010,1679,0.0167,0
180000,36,0,0,11540,633,0.0641,0
220000,26,0,0,68090,4039,0.3095,0
600000,30,0,0,501499,19500,0.8358,0
180000,36,0,0,360,2240,0.002,1
360000,39,0,0,26680,22434,0.0741,0
620000,38,0,0,1966,35703,0.0032,0
60000,44,0,0,63236,2500,1.0539,1
100000,32,0,0,11273,694,0.1127,0
200000,31,0,0,7773,3643,0.0389,0
50000,36,0,0,49889,1952,0.9978,0
200000,29,1,1,0,0,0.0,1
10000,43,0,0,4834,1038,0.4834,1
280000,36,0,0,93982,15000,0.3356,0
450000,46,0,0,30535,84267,0.0679,0
260000,29,0,0,267336,11000,1.0282,1
140000,30,0,0,124288,10000,0.8878,0
390000,33,0,0,84100,5000,0.2156,0
350000,41,0,0,5037,15069,0.0144,0
50000,44,0,0,47497,2306,0.9499,0
120000,46,0,0,68168,2650,0.5681,0
80000,45,0,0,17613,2000,0.2202,0
160000,36,0,0,9330,31745,0.0583,0
90000,46,0,0,316,10758,0.0035,0
190000,39,0,0,180201,7000,0.9484,1
100000,40,2,2,13278,0,0.1328,1
210000,35,0,0,147812,5000,0.7039,0
160000,33,2,4,161771,15000,1.0111,0
240000,35,0,0,238166,8522,0.9924,1
20000,36,0,0,223,0,0.0112,0
220000,36,2,4,192654,8500,0.8757,1
260000,44,0,0,279670,11778,1.0757,0
500000,34,0,0,250263,29000,0.5005,0
200000,34,0,0,0,0,0.0,0
260000,33,0,0,151123,4002,0.5812,1
170000,30,0,0,171992,6027,1.0117,0
150000,38,0,0,5584,1106,0.0372,0
360000,37,0,0,-5,0,-0.0,0
260000,44,0,0,296349,6891,1.1398,0
170000,30,0,0,15220,8404,0.0895,0
230000,33,0,0,10765,1300,0.0468,0
620000,38,0,0,12136,8638,0.0196,0
180000,35,0,0,68488,3603,0.3805,0
180000,33,0,0,7017,14824,0.039,0
30000,45,0,4,5239,0,0.1746,1
300000,31,0,0,31827,1009,0.1061,0
370000,35,0,0,236242,10301,0.6385,0
80000,31,0,0,28788,8000,0.3598,0
200000,40,0,0,201598,10100,1.008,0
150000,42,0,0,11070,6151,0.0738,0
210000,33,0,3,159715,6000,0.7605,0
70000,35,1,5,41730,0,0.5961,0
80000,38,0,0,4404,5096,0.055,0
50000,44,0,0,390,390,0.0078,0
210000,33,0,1,14682,1075,0.0699,1
260000,33,0,0,112501,4000,0.4327,0
170000,36,0,0,7346,27183,0.0432,0
360000,35,0,2,2500,0,0.0069,0
500000,37,0,0,43643,4000,0.0873,0
290000,46,0,0,113618,34507,0.3918,0
200000,35,0,0,215090,7700,1.0754,0
90000,47,0,0,28240,2000,0.3138,0
100000,41,0,0,1023,0,0.0102,0
290000,31,0,0,82939,5017,0.286,0
50000,31,1,1,0,0,0.0,1
150000,32,0,0,75918,3525,0.5061,0
400000,42,0,0,44198,10132,0.1105,0
50000,37,0,0,49080,2228,0.9816,0
400000,42,0,1,80,0,0.0002,0
50000,37,2,6,19068,1500,0.3814,1
50000,29,3,6,49624,0,0.9925,1
100000,34,0,1,66193,3413,0.6619,0
170000,39,0,0,100849,2000,0.5932,0
150000,30,0,0,52806,13497,0.352,0
360000,30,0,0,37012,4924,0.1028,0
50000,31,0,0,46993,2000,0.9399,1
180000,35,0,0,37701,32005,0.2094,0
350000,35,0,0,314309,13000,0.898,0
120000,38,0,0,111098,5600,0.9258,0
140000,33,0,0,1750,397,0.0125,0
150000,34,0,0,28210,1130,0.1881,0
260000,42,0,0,6783,0,0.0261,1
50000,28,0,0,45797,2500,0.9159,1
180000,36,0,0,1000,92,0.0056,0
290000,44,0,0,2615,0,0.009,0
40000,49,0,0,36159,3000,0.904,0
310000,36,0,0,67940,2000,0.2192,0
70000,46,0,0,86919,3000,1.2417,1
180000,39,0,0,0,0,0.0,0
570000,46,0,0,563892,19534,0.9893,0
150000,41,2,1,102629,3100,0.6842,1
20000,30,1,2,16560,0,0.828,0
180000,32,0,0,166,1484,0.0009,0
100000,34,0,0,9728,5000,0.0973,0
90000,31,0,4,77278,8000,0.8586,1
150000,47,0,0,153412,7000,1.0227,0
490000,31,0,0,245566,10095,0.5012,0
30000,33,0,3,39577,3800,1.3192,1
300000,33,0,0,996,1500,0.0033,0
140000,32,0,2,739,0,0.0053,1
50000,32,0,0,12513,1600,0.2503,0
150000,31,2,5,17893,3400,0.1193,1
350000,32,0,0,87611,3300,0.2503,0
140000,32,0,0,15497,1231,0.1107,0
80000,43,0,0,1520,23190,0.019,0
80000,40,0,0,390,390,0.0049,0
210000,34,0,0,11848,5687,0.0564,0
110000,34,0,1,45302,2100,0.4118,0
120000,29,1,1,0,0,0.0,0
180000,28,0,0,3840,18588,0.0213,0
340000,44,3,3,160596,6,0.4723,1
220000,29,0,0,-12,0,-0.0001,0
230000,39,0,0,7479,31280,0.0325,0
170000,27,0,0,10596,3000,0.0623,0
70000,28,0,0,44397,3000,0.6342,0
50000,31,0,0,10184,2204,0.2037,0
200000,30,0,0,192743,9003,0.9637,0
290000,34,2,6,219757,0,0.7578,1
80000,30,0,0,2994,16709,0.0374,0
30000,39,1,6,25574,0,0.8525,0
280000,37,0,0,280323,10505,1.0012,1
100000,29,0,0,85268,5000,0.8527,0
50000,35,0,0,50202,1200,1.004,0
240000,43,0,1,2077,0,0.0087,1
240000,31,0,0,3371,2000,0.014,0
100000,31,1,1,0,0,0.0,0
210000,36,0,0,14516,4915,0.0691,0
400000,37,0,0,49447,30000,0.1236,0
280000,42,0,0,396,396,0.0014,0
180000,36,0,0,802,2240,0.0045,0
500000,36,0,0,238847,10000,0.4777,0
200000,45,0,0,144314,7008,0.7216,0
500000,27,0,0,8328,25450,0.0167,1
200000,30,0,0,389,5890,0.0019,0
110000,27,1,3,110593,4363,1.0054,0
280000,30,0,0,21489,5,0.0767,0
100000,31,2,6,41052,2000,0.4105,1
70000,33,0,0,31130,10171,0.4447,0
130000,47,0,2,5027,1622,0.0387,0
30000,35,2,6,17880,2000,0.596,1
30000,43,0,3,13135,1240,0.4378,0
180000,27,0,0,2381,28100,0.0132,0
100000,27,0,0,48051,2000,0.4805,0
150000,30,1,2,0,0,0.0,0
140000,32,0,0,142357,5300,1.0168,0
240000,45,0,0,103344,0,0.4306,0
180000,48,0,0,8308,440,0.0462,0
340000,37,0,0,7200,0,0.0212,0
200000,37,0,0,114480,5000,0.5724,0
360000,39,0,0,4201,0,0.0117,1
500000,37,1,1,0,17250,0.0,0
270000,33,0,0,0,0,0.0,0
140000,33,0,0,1247,1654,0.0089,0
120000,33,0,0,0,0,0.0,0
210000,34,0,0,205475,9500,0.9785,0
300000,35,0,0,5345,0,0.0178,0
360000,41,0,0,4528,2000,0.0126,0
120000,27,0,0,1164,1671,0.0097,0
430000,29,0,0,42130,1000,0.098,0
250000,27,0,0,4883,2500,0.0195,0
180000,29,0,0,326,326,0.0018,1
170000,29,0,0,56980,3000,0.3352,0
500000,36,0,0,64266,26000,0.1285,0
20000,37,0,0,425,1629,0.0213,0
200000,43,0,0,132823,71998,0.6641,0
50000,48,0,0,46589,2500,0.9318,0
120000,34,0,0,515,882,0.0043,0
340000,31,0,0,192860,7332,0.5672,0
80000,32,0,0,5566,6000,0.0696,0
90000,33,0,0,3817,5000,0.0424,0
90000,32,0,0,39664,1657,0.4407,0
80000,32,0,0,1784,871,0.0223,0
170000,46,0,0,162110,6000,0.9536,0
230000,29,0,0,33147,1672,0.1441,0
290000,30,0,0,4603,2699,0.0159,0
360000,44,1,2,48114,0,0.1336,0
270000,43,0,0,94125,1326,0.3486,0
60000,43,0,0,49340,4570,0.8223,0
360000,33,0,0,7157,2000,0.0199,0
100000,28,0,0,20068,1800,0.2007,0
180000,44,0,0,20916,0,0.1162,0
80000,31,0,0,3506,2372,0.0438,0
80000,34,0,0,0,0,0.0,0
220000,35,0,0,45739,2000,0.2079,0
240000,43,1,1,0,0,0.0,0
210000,44,0,0,308361,9408,1.4684,1
270000,34,0,0,106600,4500,0.3948,0
170000,44,0,0,2376,2870,0.014,1
190000,29,0,0,132669,6000,0.6983,0
200000,31,0,2,2500,0,0.0125,1
240000,32,0,0,234774,10000,0.9782,0
150000,34,0,0,23900,1329,0.1593,0
90000,44,0,2,421,9422,0.0047,0
400000,44,0,0,35504,5025,0.0888,0
420000,46,0,0,347531,13503,0.8275,0
140000,25,0,0,52196,2000,0.3728,0
50000,48,0,0,50411,5000,1.0082,0
210000,46,0,0,134700,6149,0.6414,0
210000,30,0,0,87292,4600,0.4157,0
180000,41,0,0,4351,12069,0.0242,0
100000,30,0,0,430,35993,0.0043,0
300000,34,0,0,56,0,0.0002,0
250000,36,0,0,396,396,0.0016,0
200000,33,0,0,19572,10000,0.0979,0
380000,33,0,0,372926,13248,0.9814,0
30000,25,0,0,26417,1448,0.8806,0
80000,31,0,0,70492,2806,0.8812,1
300000,27,1,2,311987,0,1.04,0
240000,38,1,1,-25,4103,-0.0001,0
80000,23,0,0,25084,1500,0.3136,0
280000,27,0,0,272507,8533,0.9732,0
50000,36,0,1,23368,4400,0.4674,1
200000,36,2,1,197810,9051,0.989,1
210000,32,0,0,355,979,0.0017,0
160000,31,0,1,112878,8000,0.7055,0
130000,43,0,0,2798,3228,0.0215,0
300000,39,0,0,301945,13700,1.0065,0
50000,41,1,3,21638,0,0.4328,1
150000,40,0,0,16019,0,0.1068,0
500000,43,0,0,10330,12320,0.0207,0
270000,34,0,0,203657,10015,0.7543,0
500000,43,0,0,270,9483,0.0005,0
200000,40,0,0,21464,2000,0.1073,0
300000,33,0,0,13889,1465,0.0463,0
230000,40,0,0,164208,7105,0.7139,0
500000,37,0,0,5946,140000,0.0119,0
80000,38,0,0,2431,31386,0.0304,0
500000,42,0,0,237066,20000,0.4741,0
30000,44,0,0,29263,1441,0.9754,0
170000,41,0,0,736,736,0.0043,0
70000,37,0,0,69099,3018,0.9871,0
310000,46,0,0,12479,423,0.0403,0
50000,41,1,6,45313,2000,0.9063,0
180000,44,0,0,25706,5000,0.1428,0
310000,35,0,0,192454,9088,0.6208,0
500000,39,0,0,4419,2584,0.0088,0
330000,41,0,0,76279,4179,0.2311,0
150000,49,1,1,-260,4,-0.0017,0
110000,42,0,0,106478,3951,0.968,0
230000,46,0,0,782,316,0.0034,1
50000,46,1,1,10372,110,0.2074,0
60000,40,0,0,728,22,0.0121,0
250000,32,1,1,-154973,225066,-0.6199,0
450000,46,0,0,2656,1861,0.0059,0
260000,33,2,3,258150,20485,0.9929,1
380000,45,0,0,220208,9000,0.5795,0
240000,38,0,0,3816,3816,0.0159,0
30000,34,0,0,14840,10483,0.4947,1
90000,43,0,0,0,0,0.0,0
230000,43,0,0,226319,9309,0.984,1
60000,45,0,0,57966,1900,0.9661,0
170000,38,0,0,9550,1055,0.0562,0
440000,41,0,0,3982,16282,0.0091,0
120000,37,0,1,15591,7227,0.1299,0
240000,37,0,0,180517,8022,0.7522,0
260000,42,0,0,2788,4058,0.0107,0
300000,43,0,1,36062,1897,0.1202,0
190000,34,0,0,7251,11996,0.0382,0
110000,43,0,0,33794,6725,0.3072,1
280000,38,0,0,242864,11000,0.8674,0
220000,40,0,0,1129,227,0.0051,0
280000,36,0,0,4126,7065,0.0147,0
70000,39,3,6,20392,0,0.2913,1
500000,36,0,0,352986,13016,0.706,0
130000,36,0,0,118410,5001,0.9108,0
610000,43,0,1,403546,25002,0.6616,0
210000,35,0,0,6518,14272,0.031,0
210000,45,0,0,203273,6515,0.968,0
80000,37,0,0,600,0,0.0075,0
150000,33,2,6,105610,4500,0.7041,1
160000,33,1,1,0,0,0.0,0
150000,34,0,0,14967,3000,0.0998,0
130000,45,0,1,780,0,0.006,0
210000,40,0,0,2245,1794,0.0107,0
360000,42,0,0,64268,2339,0.1785,0
500000,45,0,0,443118,155484,0.8862,0
220000,33,0,1,652,0,0.003,0
320000,46,0,0,15176,24969,0.0474,0
220000,41,8,6,246915,0,1.1223,1
80000,32,0,0,50189,10000,0.6274,0
210000,32,0,0,0,0,0.0,0
160000,32,0,0,111907,3805,0.6994,0
160000,33,0,0,699,0,0.0044,1
440000,36,0,0,14234,11066,0.0323,0
90000,36,1,1,0,950,0.0,0
230000,37,0,0,225800,8440,0.9817,0
180000,33,1,1,0,4163,0.0,0
440000,32,2,1,339410,11500,0.7714,0
200000,41,1,2,2217,61634,0.0111,1
220000,41,0,0,24435,2142,0.1111,0
360000,39,0,2,1220,170,0.0034,0
120000,27,0,0,934,0,0.0078,1
20000,27,0,0,5635,1186,0.2818,0
230000,28,0,1,2376,0,0.0103,0
30000,29,0,0,647,1222,0.0216,0
160000,29,0,1,157067,5708,0.9817,1
170000,29,0,0,69314,2330,0.4077,0
140000,29,1,1,0,1216,0.0,0
160000,33,0,2,7845,0,0.049,1
500000,36,0,0,13302,1051,0.0266,0
80000,31,0,0,62636,5000,0.783,1
150000,32,0,0,23364,1450,0.1558,0
30000,46,0,1,18910,2000,0.6303,0
180000,47,0,0,11900,4256,0.0661,0
150000,41,2,6,68571,3000,0.4571,1
320000,32,0,0,13122,1500,0.041,0
440000,33,0,0,164269,5666,0.3733,0
200000,38,0,0,1430,6002,0.0072,0
200000,45,0,3,8934,0,0.0447,0
230000,35,0,0,6012,78,0.0261,1
350000,38,0,0,10354,29916,0.0296,0
100000,31,0,0,1500,3794,0.015,0
360000,45,0,0,0,0,0.0,1
210000,31,0,0,202064,6000,0.9622,0
360000,32,0,0,317024,11200,0.8806,0
200000,32,0,0,14279,3904,0.0714,0
230000,34,0,0,711,0,0.0031,0
180000,41,0,0,22777,20328,0.1265,0
170000,47,0,0,34804,1600,0.2047,0
50000,40,0,1,6732,2441,0.1346,0
180000,37,1,2,37095,0,0.2061,0
100000,47,1,4,-84,0,-0.0008,1
150000,28,0,0,82559,3500,0.5504,0
180000,33,0,0,8492,5199,0.0472,0
280000,33,0,0,55709,9441,0.199,0
150000,40,0,0,8482,3514,0.0565,0
100000,36,2,6,78063,3500,0.7806,1
70000,37,0,1,66447,2391,0.9492,1
220000,38,2,1,166513,7400,0.7569,0
240000,41,0,0,0,0,0.0,1
710000,32,0,0,377249,11000,0.5313,0
470000,33,0,0,0,0,0.0,1
80000,46,0,0,390,390,0.0049,1
180000,49,0,0,162567,5821,0.9032,1
250000,32,0,2,195044,8000,0.7802,0
690000,34,0,0,390757,14724,0.5663,0
340000,45,0,0,68288,15000,0.2008,0
220000,47,0,0,103078,10000,0.4685,0
60000,44,2,6,11847,55887,0.1974,1
80000,30,0,0,5919,5548,0.074,0
290000,36,0,0,3602,6107,0.0124,0
170000,41,0,0,76704,2405,0.4512,0
90000,42,0,1,12174,3072,0.1353,1
130000,31,0,0,133845,7000,1.0296,0
200000,32,0,0,1380,3706,0.0069,0
360000,35,0,0,35327,10000,0.0981,0
240000,37,0,0,157668,10762,0.657,0
60000,28,0,1,46233,2100,0.7706,0
130000,42,1,6,117391,5400,0.903,0
310000,32,0,0,325056,13294,1.0486,0
80000,28,2,2,260,0,0.0032,1
70000,30,0,1,10705,50071,0.1529,0
180000,31,0,0,115400,2006,0.6411,0
110000,45,0,0,36267,1587,0.3297,0
30000,47,0,0,29851,1500,0.995,0
200000,27,0,0,125854,4775,0.6293,0
30000,33,0,0,25083,1406,0.8361,0
210000,27,0,1,780,0,0.0037,1
80000,30,0,0,0,0,0.0,0
120000,40,0,0,97886,3003,0.8157,0
30000,43,0,0,10443,4503,0.3481,0
490000,33,0,0,58308,10000,0.119,0
260000,41,0,0,2398,2294,0.0092,0
230000,30,0,1,3948,5899,0.0172,1
110000,46,0,0,2359,2410,0.0214,1
150000,40,0,0,76282,3705,0.5085,0
170000,29,0,0,79091,2235,0.4652,0
90000,35,0,1,35232,4000,0.3915,0
70000,40,0,0,14896,0,0.2128,0
100000,28,1,2,102122,322,1.0212,0
50000,34,0,0,24203,1367,0.4841,0
30000,35,0,0,30471,1472,1.0157,0
280000,37,0,0,252814,10610,0.9029,1
210000,41,0,0,59071,2000,0.2813,0
20000,35,0,2,3975,362,0.1988,0
250000,33,0,0,211084,6934,0.8443,0
70000,34,0,0,43662,1800,0.6237,1
120000,34,0,0,8113,2000,0.0676,0
300000,36,0,0,230,469,0.0008,0
310000,39,0,0,360,360,0.0012,0
20000,34,0,0,0,0,0.0,1
50000,37,0,1,16090,38710,0.3218,0
100000,32,0,0,98908,2749,0.9891,0
280000,44,0,0,9713,264,0.0347,0
210000,37,0,0,2978,1798,0.0142,0
290000,47,0,0,1163,6650,0.004,0
160000,36,0,0,25386,2549,0.1587,0
100000,41,2,1,155351,105200,1.5535,1
280000,37,0,0,1876,2716,0.0067,0
200000,32,0,0,899,0,0.0045,0
180000,33,0,0,3316,3446,0.0184,0
240000,34,1,1,-25,0,-0.0001,0
180000,35,0,0,174068,10000,0.967,0
180000,36,0,0,0,0,0.0,0
50000,35,1,4,18544,0,0.3709,0
30000,38,2,2,24524,1426,0.8175,1
180000,40,0,0,144481,1620,0.8027,0
50000,38,2,3,64760,2000,1.2952,0
230000,47,0,0,182787,7000,0.7947,0
60000,31,0,0,49581,1500,0.8264,0
50000,32,0,0,48237,1755,0.9647,0
280000,32,0,0,137630,6000,0.4915,0
170000,45,0,0,12847,9807,0.0756,0
110000,36,0,0,2002,1056,0.0182,1
70000,35,2,1,1183,41263,0.0169,1
90000,47,2,3,92454,4100,1.0273,1
260000,36,0,0,10942,3000,0.0421,0
60000,33,0,0,57810,2100,0.9635,0
320000,37,2,6,289260,14500,0.9039,0
160000,39,0,0,2828,1473,0.0177,0
230000,33,1,1,-3,4535,-0.0,0
50000,48,0,0,1309,1000,0.0262,0
180000,36,0,0,25359,28703,0.1409,0
390000,45,0,0,60082,5000,0.1541,0
290000,41,0,0,286391,10000,0.9876,0
290000,35,0,0,32485,10000,0.112,0
30000,46,0,0,29003,1500,0.9668,0
100000,38,1,2,0,0,0.0,0
190000,34,1,1,-18,0,-0.0001,0
200000,35,0,0,441,0,0.0022,0
180000,32,0,0,4480,3000,0.0249,0
250000,45,0,0,3233,12716,0.0129,0
80000,39,0,0,41753,2200,0.5219,0
140000,37,0,0,137545,6206,0.9825,0
260000,40,0,0,35211,40000,0.1354,0
360000,39,0,0,1070,0,0.003,1
250000,45,0,0,2218,4940,0.0089,0
320000,36,0,2,7225,9386,0.0226,0
100000,42,0,0,63984,3000,0.6398,0
340000,36,0,0,183898,60075,0.5409,0
230000,41,0,0,24477,23722,0.1064,0
150000,43,0,0,18308,1973,0.1221,1
60000,48,0,0,49890,2000,0.8315,0
500000,48,0,0,83948,25325,0.1679,0
10000,48,1,2,3133,0,0.3133,0
140000,39,0,0,73166,3112,0.5226,0
90000,33,0,0,89129,3308,0.9903,0
390000,39,0,0,53386,2000,0.1369,0
150000,38,0,0,9474,0,0.0632,0
170000,48,0,0,24953,2000,0.1468,0
400000,34,0,0,41305,206032,0.1033,0
180000,38,0,0,151031,7011,0.8391,0
440000,44,0,0,70548,20000,0.1603,0
340000,36,0,0,3474,1974,0.0102,0
170000,45,1,3,110970,9460,0.6528,1
280000,46,0,0,2475,1236,0.0088,0
320000,46,0,0,17849,5149,0.0558,0
190000,40,0,0,58783,3100,0.3094,0
210000,42,0,0,1708,2928,0.0081,0
110000,43,1,6,100987,4600,0.9181,0
90000,34,0,0,30026,2000,0.3336,0
500000,44,0,0,29178,26963,0.0584,0
50000,36,0,0,29647,2000,0.5929,1
210000,39,0,0,5119,20965,0.0244,0
80000,37,2,5,1662,2427,0.0208,1
320000,42,0,0,2862,18729,0.0089,0
50000,45,0,0,48169,2400,0.9634,0
270000,34,0,0,128620,2222,0.4764,0
30000,39,0,0,28467,2000,0.9489,0
150000,35,0,2,1877,0,0.0125,0
140000,41,0,0,56379,1855,0.4027,0
120000,42,0,0,2386,1000,0.0199,0
300000,31,0,0,147277,7000,0.4909,0
480000,43,0,0,276681,5647,0.5764,0
460000,37,1,2,268775,0,0.5843,1
280000,39,0,0,269472,8229,0.9624,0
50000,31,0,0,44115,1652,0.8823,0
350000,32,0,0,384,717,0.0011,0
300000,32,0,0,114690,4682,0.3823,0
380000,33,0,0,11924,16615,0.0314,0
190000,33,0,0,211,4031,0.0011,0
230000,35,0,0,0,0,0.0,1
390000,35,2,3,62474,2757,0.1602,0
220000,35,0,0,0,319,0.0,0
120000,41,0,0,118131,4211,0.9844,1
300000,49,1,1,0,0,0.0,0
210000,42,0,0,4131,24255,0.0197,0
50000,37,0,0,50664,3000,1.0133,0
330000,44,2,2,238795,10300,0.7236,1
110000,42,0,0,110191,3200,1.0017,0
20000,37,1,1,0,0,0.0,0
150000,40,0,0,6369,5215,0.0425,0
140000,39,0,0,127896,7500,0.9135,0
160000,40,0,0,661,2881,0.0041,0
260000,38,0,0,1973,1973,0.0076,0
150000,45,1,1,0,0,0.0,0
50000,33,0,0,34065,3000,0.6813,0
80000,36,0,0,65205,20000,0.8151,0
270000,37,0,0,304,0,0.0011,0
60000,40,0,0,58127,2800,0.9688,0
50000,45,0,0,15240,1574,0.3048,0
290000,33,2,4,88176,1354,0.3041,1
180000,39,0,0,671,671,0.0037,1
360000,43,0,0,17412,1328,0.0484,0
260000,40,0,0,260,3000,0.001,0
200000,46,0,0,430,430,0.0022,0
290000,38,0,0,0,130,0.0,0
50000,36,1,4,17292,2000,0.3458,0
10000,37,0,0,5050,5011,0.505,0
180000,39,2,1,1343,438,0.0075,1
150000,39,0,2,22724,3221,0.1515,0
250000,44,0,0,891,0,0.0036,0
130000,37,2,4,82640,5000,0.6357,1
540000,37,0,0,4696,2033,0.0087,0
320000,42,0,0,212883,9000,0.6653,0
440000,39,0,0,58639,30000,0.1333,0
80000,40,0,0,79390,3200,0.9924,0
120000,36,1,1,0,0,0.0,1
230000,35,0,0,68755,1607,0.2989,0
60000,37,0,0,53867,2000,0.8978,0
290000,49,0,0,3950,0,0.0136,0
130000,49,1,1,0,0,0.0,0
180000,46,0,0,1905,2453,0.0106,0
140000,42,0,0,138391,6300,0.9885,1
500000,44,0,0,120452,100000,0.2409,0
300000,42,0,0,168796,7010,0.5627,0
210000,42,0,0,0,0,0.0,0
150000,49,0,0,575,25622,0.0038,0
360000,37,0,0,10072,7728,0.028,0
250000,36,0,0,107476,5143,0.4299,0
30000,44,0,4,21007,7200,0.7002,0
200000,42,0,1,796,770,0.004,0
130000,35,0,0,128649,5500,0.9896,0
290000,49,0,0,52894,21560,0.1824,0
100000,35,0,0,50327,1835,0.5033,0
40000,43,0,1,780,177,0.0195,0
130000,39,0,1,91982,8900,0.7076,1
160000,34,0,0,717,597,0.0045,0
150000,35,0,0,0,26660,0.0,0
130000,45,0,0,131221,10006,1.0094,0
180000,39,0,0,0,0,0.0,1
150000,30,0,3,61785,3000,0.4119,0
100000,31,0,0,4576,1872,0.0458,1
30000,31,0,0,26830,5000,0.8943,0
160000,25,0,0,6087,1000,0.038,0
50000,28,0,2,1876,0,0.0375,1
130000,29,0,0,67260,4000,0.5174,0
140000,31,0,0,137254,3320,0.9804,0
340000,32,0,0,11049,57301,0.0325,0
340000,33,0,0,1632,2027,0.0048,0
90000,35,2,6,89282,6201,0.992,0
300000,42,0,0,281000,15000,0.9367,0
50000,25,0,0,37034,1586,0.7407,0
50000,37,0,0,48890,1787,0.9778,0
100000,42,0,0,0,0,0.0,0
20000,40,3,3,18244,0,0.9122,0
160000,30,0,0,86454,3000,0.5403,1
390000,32,0,0,2075,0,0.0053,0
30000,39,0,1,1937,0,0.0646,1
20000,46,1,2,3098,0,0.1549,1
210000,31,0,0,168161,5000,0.8008,0
300000,31,0,0,0,0,0.0,0
220000,31,0,0,232,0,0.0011,0
270000,33,0,0,68589,6000,0.254,0
90000,40,2,5,4918,0,0.0546,1
360000,27,0,0,214711,10440,0.5964,0
300000,29,1,1,0,0,0.0,0
310000,31,0,0,313956,11000,1.0128,1
130000,31,0,0,95292,4600,0.733,0
80000,29,0,0,2175,358,0.0272,0
280000,34,0,0,6398,8331,0.0228,0
80000,44,0,1,45412,1900,0.5676,1
130000,39,1,4,4867,0,0.0374,0
270000,42,0,0,1870,0,0.0069,0
20000,41,0,0,958,1546,0.0479,0
260000,36,0,0,122825,5000,0.4724,0
170000,47,0,0,62927,1566,0.3702,0
160000,35,0,0,19082,2815,0.1193,0
240000,35,0,0,5757,3242,0.024,0
170000,36,0,0,2848,1941,0.0168,0
500000,40,0,0,215508,10004,0.431,0
260000,38,0,0,629,625,0.0024,1
150000,36,0,0,43544,5000,0.2903,0
500000,36,0,0,8561,1364,0.0171,1
320000,34,0,0,1800,0,0.0056,0
90000,34,0,0,18358,1300,0.204,0
300000,43,0,0,2936,1676,0.0098,0
200000,36,1,6,73459,4500,0.3673,0
160000,44,2,2,1500,0,0.0094,1
120000,29,0,0,0,0,0.0,0
120000,30,2,1,416,416,0.0035,1
90000,30,1,3,88093,0,0.9788,1
170000,31,0,0,6015,7820,0.0354,1
170000,33,0,1,144031,5500,0.8472,0
500000,33,0,0,10486,32648,0.021,0
240000,33,0,0,239278,9582,0.997,0
230000,30,0,0,4942,2554,0.0215,0
210000,32,0,0,0,0,0.0,0
400000,33,0,1,10858,16000,0.0271,0
150000,41,0,0,88818,3241,0.5921,1
50000,27,0,0,6018,0,0.1204,0
150000,28,0,0,12780,850,0.0852,1
230000,28,0,0,0,0,0.0,1
470000,28,0,0,178262,6100,0.3793,0
30000,28,3,6,1200,0,0.04,1
100000,29,1,1,0,0,0.0,0
30000,34,0,1,8090,0,0.2697,1
110000,40,0,0,96950,3255,0.8814,0
300000,39,2,4,36656,1929,0.1222,0
240000,37,0,0,374,1823,0.0016,0
350000,28,1,2,358895,0,1.0254,1
220000,28,0,0,2956,2968,0.0134,0
400000,35,0,0,26930,11187,0.0673,0
500000,40,0,0,26102,33009,0.0522,0
280000,48,0,0,166473,7750,0.5945,0
30000,37,0,0,108,709,0.0036,0
20000,49,0,0,16715,1271,0.8358,0
270000,29,1,1,-9,3274,-0.0,0
270000,34,0,0,126642,4500,0.469,0
400000,34,0,0,45514,4854,0.1138,0
320000,39,0,0,91224,10000,0.2851,0
430000,30,0,0,62774,10284,0.146,0
140000,31,1,1,0,0,0.0,1
70000,31,0,0,9319,3652,0.1331,0
110000,31,0,0,7398,1500,0.0673,0
30000,31,0,0,28731,1656,0.9577,0
550000,32,2,1,548551,21094,0.9974,1
310000,47,0,0,2257,3000,0.0073,0
130000,32,0,0,126164,6500,0.9705,0
130000,32,0,0,119720,6000,0.9209,0
220000,34,0,0,154029,5700,0.7001,0
300000,35,0,0,0,0,0.0,0
110000,35,0,0,1245,1245,0.0113,0
50000,44,1,6,24622,3100,0.4924,1
300000,40,0,5,5130,0,0.0171,1
200000,36,0,0,3131,207,0.0157,0
360000,38,0,0,6904,0,0.0192,1
500000,34,0,0,80630,3000,0.1613,0
290000,42,0,0,19281,6654,0.0665,0
430000,37,0,0,1013,0,0.0024,1
180000,34,1,1,3700,4696,0.0206,0
90000,35,0,0,35872,1578,0.3986,0
280000,43,0,0,14633,5600,0.0523,0
230000,37,0,1,29087,2100,0.1265,0
70000,39,0,0,54801,5336,0.7829,0
110000,38,0,0,4976,2532,0.0452,0
70000,32,0,0,70122,2431,1.0017,0
180000,32,0,1,3305,0,0.0184,0
240000,35,0,0,0,0,0.0,1
210000,40,0,0,0,0,0.0,0
20000,46,0,0,390,0,0.0195,1
80000,48,0,0,3188,6239,0.0398,0
50000,33,0,0,13452,1300,0.269,0
80000,33,0,0,6607,6205,0.0826,0
80000,34,0,1,34827,27881,0.4353,0
60000,34,1,1,0,60559,0.0,0
360000,35,1,1,0,0,0.0,0
50000,48,1,6,10024,0,0.2005,0
200000,43,0,0,198595,7003,0.993,0
140000,42,1,1,0,0,0.0,0
180000,30,0,0,174104,7000,0.9672,0
160000,32,0,0,18400,10000,0.115,0
200000,34,0,0,0,0,0.0,1
600000,38,1,4,51072,0,0.0851,0
20000,46,4,5,15833,0,0.7916,1
220000,44,0,0,215191,10000,0.9781,0
140000,40,2,3,34359,0,0.2454,1
240000,38,1,1,0,0,0.0,1
150000,32,1,1,-1474,140916,-0.0098,0
20000,32,0,0,2095,7733,0.1048,1
310000,32,0,0,69886,2177,0.2254,0
230000,39,1,3,6499,0,0.0283,0
130000,34,0,0,0,0,0.0,0
300000,31,0,0,16612,19099,0.0554,0
300000,34,0,0,37505,57210,0.125,0
20000,29,2,3,19098,1474,0.9549,0
200000,33,1,2,18021,0,0.0901,0
200000,40,0,0,531,0,0.0027,0
500000,28,0,0,4428,0,0.0089,0
80000,37,0,0,10559,1621,0.132,0
360000,29,0,0,0,0,0.0,1
30000,33,0,0,28938,1800,0.9646,0
190000,44,0,0,162051,17917,0.8529,0
350000,36,0,0,1133,0,0.0032,0
260000,31,0,0,2224,2007,0.0086,0
190000,37,0,4,105679,11000,0.5562,0
230000,34,0,0,0,0,0.0,0
650000,39,0,0,5865,0,0.009,0
250000,32,0,0,10495,2150,0.042,0
700000,34,0,0,1878,4354,0.0027,0
270000,40,0,0,9658,8781,0.0358,0
100000,43,0,0,94713,4366,0.9471,0
260000,38,0,0,163550,5966,0.629,0
410000,33,0,0,4720,25488,0.0115,0
520000,47,0,0,76762,107124,0.1476,0
80000,39,0,0,77020,3179,0.9628,1
450000,36,0,0,0,0,0.0,0
30000,45,0,0,25298,2000,0.8433,0
600000,44,0,0,140179,5000,0.2336,0
200000,34,0,0,692,0,0.0035,0
60000,34,2,1,60707,2102,1.0118,0
280000,34,0,0,9103,6439,0.0325,0
230000,36,0,0,1240,2078,0.0054,0
210000,31,0,0,1154,1368,0.0055,1
60000,33,1,1,1242,0,0.0207,0
270000,37,0,0,7842,6380,0.029,0
80000,41,0,0,3526,10129,0.0441,0
80000,44,0,2,0,0,0.0,0
360000,40,0,0,4343,725,0.0121,0
300000,38,0,1,15001,2318,0.05,1
270000,44,0,0,-106,3000,-0.0004,0
200000,46,0,0,2263,3448,0.0113,0
20000,46,0,0,189,2249,0.0094,1
20000,32,0,3,8217,2000,0.4108,1
30000,33,2,2,29498,1,0.9833,1
50000,35,0,0,45822,2413,0.9164,0
230000,30,0,0,168708,10699,0.7335,0
50000,39,1,6,16983,0,0.3397,1
70000,31,0,2,9633,2000,0.1376,0
100000,31,1,2,9311,0,0.0931,0
100000,30,1,3,46809,2000,0.4681,0
210000,31,0,0,12618,6344,0.0601,0
450000,31,0,0,2609,0,0.0058,0
300000,31,0,0,92235,4505,0.3074,0
140000,31,0,0,1399,1519,0.01,0
480000,32,0,0,11872,40000,0.0247,0
100000,30,1,4,31708,0,0.3171,1
110000,32,0,0,3610,12000,0.0328,0
100000,31,0,0,91344,3309,0.9134,1
200000,31,0,0,0,950,0.0,0
100000,30,0,4,7384,3000,0.0738,0
50000,30,0,0,1500,0,0.03,1
20000,31,0,0,13080,1500,0.654,0
490000,31,0,0,470579,19469,0.9604,0
90000,32,0,0,7563,0,0.084,0
310000,32,0,0,141203,7000,0.4555,0
240000,33,0,0,5000,0,0.0208,0
390000,32,0,0,16566,9076,0.0425,0
140000,33,0,1,59097,2137,0.4221,0
120000,33,0,1,332,332,0.0028,1
30000,33,0,0,29666,1763,0.9889,0
230000,32,0,0,399,1560,0.0017,0
320000,32,0,0,13720,8015,0.0429,0
110000,32,0,0,60558,1900,0.5505,0
60000,31,0,3,36434,4100,0.6072,1
180000,32,0,0,-30,2230,-0.0002,0
430000,33,0,0,345053,13206,0.8024,0
230000,33,0,0,7990,13450,0.0347,0
140000,33,1,1,-23,5765,-0.0002,0
180000,31,0,0,766,243,0.0043,0
60000,31,1,3,20544,0,0.3424,0
310000,31,0,2,86082,3550,0.2777,0
320000,33,0,0,324160,10067,1.013,0
100000,33,0,0,3417,7400,0.0342,0
120000,33,1,6,68493,3500,0.5708,1
260000,33,0,0,18480,3978,0.0711,1
170000,32,0,0,13880,6593,0.0816,0
200000,31,0,2,450,0,0.0022,0
110000,31,1,6,76817,15200,0.6983,0
50000,32,0,0,5458,1500,0.1092,0
350000,32,0,0,10362,42541,0.0296,0
110000,31,0,0,14268,2491,0.1297,0
240000,30,0,0,236823,10279,0.9868,0
120000,30,2,3,1248,1701,0.0104,0
150000,32,0,0,18519,3000,0.1235,0
180000,34,0,0,10485,274,0.0582,1
200000,34,0,0,13112,13011,0.0656,0
250000,33,0,0,16317,0,0.0653,0
350000,36,0,1,326,326,0.0009,0
200000,36,0,0,0,0,0.0,0
30000,35,0,0,25239,3000,0.8413,0
150000,45,0,0,141292,4719,0.9419,0
380000,46,1,1,0,0,0.0,0
180000,47,0,0,176424,5896,0.9801,0
20000,35,1,4,16335,0,0.8168,1
100000,49,1,3,103307,0,1.0331,1
300000,36,0,0,8310,2592,0.0277,0
450000,36,1,1,5909,968,0.0131,0
220000,35,2,4,29202,2000,0.1327,1
500000,37,0,0,58448,5000,0.1169,0
200000,45,0,0,0,10221,0.0,0
80000,35,1,4,78959,0,0.987,1
430000,46,0,0,9270,43717,0.0216,0
200000,40,0,0,1521,0,0.0076,0
90000,36,0,0,3860,1826,0.0429,0
200000,38,0,0,4891,28258,0.0245,0
60000,47,0,0,9253,50000,0.1542,0
250000,36,0,0,2200,0,0.0088,0
200000,40,0,0,9141,1138,0.0457,0
360000,45,0,2,0,2500,0.0,0
200000,33,0,0,196304,9000,0.9815,0
500000,41,0,0,6305,6332,0.0126,0
200000,38,0,0,185155,6500,0.9258,0
230000,44,0,0,230101,10125,1.0004,0
50000,37,0,0,389,25742,0.0078,0
260000,38,0,0,16995,3087,0.0654,0
140000,39,0,0,27942,2000,0.1996,0
320000,35,0,0,125567,6831,0.3924,0
50000,39,0,0,48651,2200,0.973,0
150000,35,0,0,-10,8856,-0.0001,1
160000,36,0,0,1714,2845,0.0107,0
500000,43,0,0,374802,14000,0.7496,0
350000,44,0,0,8544,0,0.0244,0
230000,48,0,0,3096,518,0.0135,1
200000,39,0,0,2485,3798,0.0124,0
500000,39,0,0,229332,7400,0.4587,0
130000,34,0,0,76589,3400,0.5891,0
290000,34,0,0,25530,15035,0.088,0
210000,34,0,0,73415,4002,0.3496,0
240000,36,0,0,330,3152,0.0014,0
80000,36,0,0,6746,556,0.0843,0
150000,36,0,1,127204,5900,0.848,1
200000,39,0,0,500,0,0.0025,0
110000,36,2,2,112900,0,1.0264,1
320000,33,0,1,71047,2000,0.222,0
340000,37,0,0,20624,8641,0.0607,0
380000,43,1,1,0,0,0.0,0
150000,43,0,0,6940,6200,0.0463,0
500000,37,0,0,747,0,0.0015,0
500000,49,0,0,12871,5177,0.0257,0
370000,44,0,0,0,1742,0.0,0
360000,40,0,0,8736,974,0.0243,0
300000,39,0,0,2022,537,0.0067,0
150000,37,0,0,0,0,0.0,0
210000,38,0,0,-81,0,-0.0004,0
280000,39,0,0,1397,0,0.005,0
230000,44,0,0,14029,9140,0.061,0
360000,37,0,0,292725,10638,0.8131,0
230000,40,0,0,1215,525,0.0053,0
450000,44,0,0,8521,16080,0.0189,0
240000,34,2,1,5488,1700,0.0229,1
300000,41,0,0,5770,0,0.0192,0
240000,38,0,0,197231,6702,0.8218,0
230000,37,0,0,1054,2000,0.0046,1
230000,41,0,0,12731,7000,0.0554,0
240000,40,0,0,3204,4888,0.0134,1
160000,39,0,0,0,300,0.0,0
360000,39,0,0,3102,552,0.0086,0
160000,41,0,0,169867,3360,1.0617,0
10000,42,0,0,8710,1200,0.871,0
430000,38,0,0,590,590,0.0014,0
80000,39,1,4,21340,1700,0.2668,0
310000,39,0,0,3803,681,0.0123,0
150000,41,0,0,20934,1500,0.1396,0
200000,43,0,0,2893,0,0.0145,0
210000,44,0,0,360,360,0.0017,0
400000,43,0,0,15000,18400,0.0375,0
80000,40,0,0,2667,2035,0.0333,0
160000,42,0,0,34186,1569,0.2137,0
170000,40,0,0,17914,1253,0.1054,0
240000,41,0,0,5366,0,0.0224,0
300000,33,2,2,279065,0,0.9302,1
90000,44,2,2,1654,0,0.0184,0
180000,35,0,0,11285,11798,0.0627,0
210000,48,0,0,1417,0,0.0067,0
300000,42,1,2,-694,0,-0.0023,0
240000,37,3,6,164691,7000,0.6862,1
170000,44,0,0,0,0,0.0,0
50000,37,0,0,43886,2500,0.8777,0
50000,39,0,0,45989,2081,0.9198,0
230000,39,0,0,900,1945,0.0039,0
310000,34,0,0,270776,11080,0.8735,0
150000,35,1,1,0,200,0.0,0
200000,35,0,0,0,185,0.0,0
80000,39,2,3,129966,9685,1.6246,1
500000,37,0,0,6757,9505,0.0135,0
20000,42,0,4,15379,3000,0.769,1
20000,46,0,4,11691,3000,0.5846,1
150000,34,0,0,0,0,0.0,1
100000,34,0,0,91674,5004,0.9167,0
210000,44,0,0,11771,13462,0.0561,1
300000,40,1,1,0,0,0.0,0
80000,32,1,5,7604,0,0.095,1
410000,31,0,0,134072,15003,0.327,0
90000,36,0,0,79642,1580,0.8849,0
270000,43,0,0,135068,5000,0.5003,0
360000,41,0,0,270553,10900,0.7515,0
230000,38,0,0,67810,1980,0.2948,0
150000,42,0,0,97066,2000,0.6471,0
150000,44,2,2,168179,0,1.1212,1
350000,43,0,0,2124,3048,0.0061,0
210000,43,0,0,7605,1170,0.0362,0
130000,44,0,0,40331,5000,0.3102,0
500000,49,0,0,27936,2305,0.0559,0
280000,48,2,1,9511,35852,0.034,1
450000,39,0,0,8494,25128,0.0189,0
200000,46,0,0,120343,4342,0.6017,0
290000,34,0,0,53437,1274,0.1843,0
170000,35,1,1,0,0,0.0,0
380000,39,0,0,307388,12936,0.8089,0
180000,35,1,1,-18,0,-0.0001,1
280000,35,0,0,6494,28723,0.0232,0
200000,31,0,0,2167,9003,0.0108,0
220000,40,1,1,8359,14518,0.038,0
240000,38,2,6,107425,5500,0.4476,1
470000,43,0,0,5631,404,0.012,0
280000,35,0,0,10089,40000,0.036,0
200000,43,0,0,-109,0,-0.0005,1
20000,46,1,4,8131,1200,0.4066,0
20000,34,0,0,18649,1700,0.9324,0
290000,34,0,0,1915,6151,0.0066,0
20000,37,1,3,-113,1575,-0.0056,1
150000,38,0,0,1544,463,0.0103,0
160000,36,0,0,-20,0,-0.0001,1
360000,36,0,0,0,0,0.0,1
160000,41,1,2,99496,0,0.6218,0
400000,37,0,0,229714,11477,0.5743,0
180000,36,0,2,14222,1300,0.079,0
120000,32,0,0,111441,5596,0.9287,0
200000,33,0,0,1502,3836,0.0075,0
210000,39,0,0,5907,2637,0.0281,0
70000,48,2,6,62775,3000,0.8968,1
110000,38,0,0,195437,5000,1.7767,1
30000,47,2,4,11652,1300,0.3884,1
40000,46,0,1,50,1800,0.0012,0
310000,41,0,1,3640,0,0.0117,0
200000,41,0,0,5592,0,0.028,0
230000,39,0,0,24510,0,0.1066,0
450000,33,0,0,3485,3004,0.0077,0
80000,34,0,1,40570,1983,0.5071,0
210000,43,0,0,209781,6500,0.999,0
130000,48,0,1,1778,0,0.0137,0
500000,49,0,0,1088,4031,0.0022,0
180000,38,0,2,7098,0,0.0394,1
340000,36,1,1,0,544,0.0,0
450000,37,0,0,37070,17596,0.0824,0
80000,49,0,0,61267,2179,0.7658,0
150000,47,0,0,2934,2843,0.0196,0
210000,43,1,1,0,0,0.0,0
380000,38,0,0,250755,8339,0.6599,0
400000,46,0,0,43405,15000,0.1085,0
80000,52,0,0,210,0,0.0026,0
240000,44,0,0,2771,4756,0.0115,0
120000,50,0,0,118492,6141,0.9874,0
60000,63,0,0,59471,2400,0.9912,0
360000,54,0,0,132387,11606,0.3677,0
50000,50,2,6,27525,1900,0.5505,1
360000,50,0,0,846,1831,0.0024,1
30000,51,0,3,22373,3400,0.7458,0
500000,53,0,0,1200,0,0.0024,0
20000,54,3,6,6329,2415,0.3164,1
90000,56,0,0,1160,4701,0.0129,0
80000,55,0,0,59838,10000,0.748,0
100000,54,1,4,66212,0,0.6621,0
120000,51,0,0,82865,3652,0.6905,0
100000,51,1,1,0,0,0.0,1
150000,51,0,0,146018,7000,0.9735,0
10000,51,1,2,9151,0,0.9151,0
50000,52,1,1,0,0,0.0,0
490000,53,0,0,1700,8913,0.0035,0
50000,52,0,0,47670,1954,0.9534,0
340000,57,0,0,16729,8942,0.0492,0
240000,51,0,0,225614,10473,0.9401,0
50000,53,2,6,40926,3000,0.8185,1
500000,50,0,1,290301,11000,0.5806,0
410000,50,0,0,249152,9000,0.6077,0
280000,64,0,1,22715,15506,0.0811,0
240000,59,0,0,230026,20000,0.9584,0
20000,54,0,0,17016,1568,0.8508,0
100000,55,2,6,44400,4100,0.444,1
290000,52,0,0,276377,12880,0.953,0
100000,50,0,1,82397,3004,0.824,0
270000,65,0,0,157,0,0.0006,0
80000,57,0,0,78312,3459,0.9789,0
280000,47,4,6,127928,3000,0.4569,1
30000,52,1,1,-190,0,-0.0063,0
90000,53,0,0,88363,3200,0.9818,1
600000,53,0,0,84300,27446,0.1405,0
70000,54,0,0,37717,1655,0.5388,0
270000,58,0,0,936,1188,0.0035,0
260000,59,0,0,258885,10000,0.9957,0
50000,59,0,0,25775,0,0.5155,0
50000,53,0,0,48549,2277,0.971,1
70000,52,0,0,103570,3500,1.4796,0
210000,55,0,0,3857,0,0.0184,0
330000,50,0,0,2064,0,0.0063,0
200000,51,0,0,288015,4470,1.4401,0
220000,51,0,0,3315,2625,0.0151,0
50000,52,0,0,11463,1500,0.2293,0
20000,53,0,0,19594,2000,0.9797,0
30000,53,0,0,356,15700,0.0119,1
280000,56,2,1,284128,9970,1.0147,1
60000,60,0,0,57974,2810,0.9662,0
200000,50,0,0,8413,5000,0.0421,0
230000,51,0,0,213457,17000,0.9281,0
230000,51,0,0,0,0,0.0,1
100000,49,0,0,62049,2247,0.6205,0
80000,49,0,0,83888,3900,1.0486,0
80000,51,0,0,80106,1400,1.0013,1
70000,57,0,0,18379,1500,0.2626,0
200000,54,0,0,0,0,0.0,1
20000,51,2,4,17612,1800,0.8806,0
200000,50,0,0,3414,6640,0.0171,0
50000,55,0,0,23605,5856,0.4721,0
360000,52,1,1,0,0,0.0,0
200000,49,0,0,1801,181,0.009,0
90000,55,2,3,83040,900,0.9227,1
50000,59,0,2,50761,2500,1.0152,0
400000,48,0,0,352730,12370,0.8818,0
110000,51,0,0,105476,5436,0.9589,0
50000,58,1,4,24135,0,0.4827,1
500000,58,1,1,-1,35436,-0.0,1
150000,65,0,0,0,0,0.0,0
300000,54,1,1,0,0,0.0,0
50000,56,0,0,48703,2000,0.9741,0
300000,59,0,0,12982,11138,0.0433,0
290000,49,0,0,282538,10711,0.9743,1
500000,52,0,0,588000,17559,1.176,0
140000,50,0,1,845,0,0.006,1
350000,49,1,1,0,36011,0.0,0
180000,49,0,0,56677,1600,0.3149,0
390000,48,1,1,0,5660,0.0,0
50000,52,0,0,28594,5000,0.5719,0
50000,51,0,0,43273,2800,0.8655,0
150000,52,0,0,126810,5000,0.8454,0
200000,49,0,0,413,0,0.0021,0
180000,53,0,0,-1580,0,-0.0088,0
50000,50,0,1,12699,1247,0.254,0
110000,51,0,0,103701,3771,0.9427,0
310000,62,0,0,113529,5000,0.3662,0
80000,60,0,0,37298,3000,0.4662,0
80000,54,0,0,55498,2000,0.6937,0
240000,53,0,0,0,0,0.0,0
210000,54,0,0,0,0,0.0,0
30000,50,0,0,25416,1389,0.8472,0
80000,52,0,0,34243,1570,0.428,0
70000,49,2,6,19954,1700,0.2851,1
50000,50,1,1,0,0,0.0,1
180000,64,0,0,18084,1703,0.1005,0
160000,60,0,0,16060,1605,0.1004,0
20000,50,2,1,15887,1275,0.7944,1
180000,53,1,1,0,0,0.0,0
30000,54,0,0,26302,2000,0.8767,0
210000,56,0,0,25487,6655,0.1214,0
120000,55,1,2,-150,0,-0.0012,0
20000,51,1,2,15399,0,0.77,1
30000,49,1,3,10440,0,0.348,0
50000,53,1,2,51254,0,1.0251,0
20000,51,1,1,0,780,0.0,0
120000,57,0,0,0,644,0.0,0
70000,62,2,3,70457,6454,1.0065,1
50000,58,0,0,50182,1500,1.0036,0
20000,49,1,2,19127,0,0.9564,0
310000,53,0,0,1126,2635,0.0036,0
120000,40,0,0,123270,6000,1.0272,0
360000,47,0,0,366484,14463,1.018,0
240000,49,0,1,1271,3000,0.0053,0
500000,53,0,0,0,0,0.0,1
500000,53,0,0,10789,7919,0.0216,0
240000,55,0,0,80199,3900,0.3342,0
200000,56,0,0,2155,0,0.0108,0
30000,67,2,2,26590,0,0.8863,1
130000,49,0,0,108711,6000,0.8362,0
80000,50,0,0,55070,5012,0.6884,0
150000,51,0,0,71776,2046,0.4785,0
530000,54,0,0,6458,5600,0.0122,0
210000,53,0,0,180227,11000,0.8582,0
30000,54,1,1,0,0,0.0,0
410000,50,0,0,358896,13000,0.8754,0
240000,50,0,0,664,1086,0.0028,0
50000,61,3,2,60458,0,1.2092,1
200000,67,0,0,187610,10000,0.938,0
70000,55,0,0,57867,1920,0.8267,0
140000,53,0,0,68889,3075,0.4921,0
320000,54,0,0,54661,183429,0.1708,0
50000,53,0,0,46138,2182,0.9228,0
500000,50,0,0,588,2393,0.0012,1
300000,51,0,0,0,0,0.0,1
400000,51,1,1,-9,1093,-0.0,0
170000,51,0,0,1606,1420,0.0094,0
60000,50,2,1,61349,2900,1.0225,1
120000,47,0,2,632,948,0.0053,1
210000,50,0,0,1561,0,0.0074,0
50000,51,0,0,45096,1500,0.9019,0
30000,51,0,4,22473,3200,0.7491,0
130000,51,0,0,124619,6301,0.9586,0
280000,50,2,4,106341,5600,0.3798,1
240000,51,0,0,4302,546,0.0179,0
240000,50,0,0,242152,8000,1.009,0
270000,51,0,0,7582,10392,0.0281,0
500000,52,0,0,9534,9267,0.0191,0
170000,53,0,0,161858,5800,0.9521,0
80000,50,2,5,2684,0,0.0336,0
280000,53,0,1,4866,1200,0.0174,0
110000,52,0,0,1865,0,0.017,0
250000,54,0,0,390,1090,0.0016,0
360000,54,0,0,217936,8880,0.6054,0
50000,53,0,0,49326,1803,0.9865,1
280000,57,0,0,7640,9369,0.0273,0
500000,54,0,0,455977,13455,0.912,0
260000,65,0,0,225028,8165,0.8655,0
250000,52,0,0,1376,4038,0.0055,1
140000,56,0,0,141342,5025,1.0096,0
180000,55,1,1,0,0,0.0,0
190000,52,0,0,175,1547,0.0009,0
290000,52,0,3,85532,12000,0.2949,0
230000,53,0,0,0,742,0.0,0
220000,54,0,0,265,4786,0.0012,0
30000,60,1,1,0,0,0.0,0
300000,57,0,1,2890,390,0.0096,0
260000,57,0,2,1148,0,0.0044,0
140000,58,2,6,68859,3300,0.4918,1
350000,57,0,0,7617,2558,0.0218,0
70000,40,0,0,30346,1681,0.4335,0
200000,30,0,0,183464,7197,0.9173,0
90000,31,2,1,90226,2500,1.0025,1
30000,49,1,3,24597,3000,0.8199,0
80000,25,0,0,67751,2500,0.8469,0
150000,26,0,0,29997,2000,0.2,0
360000,29,1,1,-4316,65000,-0.012,0
400000,30,0,0,11633,1200,0.0291,0
300000,30,0,1,121,3204,0.0004,0
50000,30,2,6,21839,1600,0.4368,1
20000,27,1,4,15678,0,0.7839,0
90000,28,2,3,82671,0,0.9186,1
180000,28,0,1,148735,6000,0.8263,0
230000,29,0,0,566,5480,0.0025,0
160000,28,1,1,0,0,0.0,0
200000,25,1,2,124652,6,0.6233,0
300000,27,0,0,1726,2800,0.0058,0
360000,29,0,0,0,0,0.0,0
230000,30,0,0,9125,4000,0.0397,0
80000,27,0,0,74413,7000,0.9302,0
90000,27,2,1,2542,1066,0.0282,1
80000,25,0,0,37325,2100,0.4666,0
160000,29,1,1,0,6285,0.0,0
200000,30,0,0,0,0,0.0,0
60000,25,0,0,15614,1267,0.2602,0
360000,27,0,0,2807,898,0.0078,0
360000,30,0,0,0,0,0.0,0
220000,28,0,0,184,1709,0.0008,0
120000,27,0,0,21812,1700,0.1818,0
50000,23,0,1,45708,6000,0.9142,0
300000,29,0,0,0,0,0.0,1
400000,36,0,0,0,0,0.0,1
260000,35,0,0,33078,10000,0.1272,0
80000,27,0,1,58777,3000,0.7347,0
50000,30,0,0,50457,2400,1.0091,0
20000,27,0,0,1200,0,0.06,0
50000,29,0,0,47555,1932,0.9511,0
20000,23,1,2,19901,0,0.995,0
150000,30,0,0,84777,2881,0.5652,0
620000,29,0,0,524191,19306,0.8455,0
270000,36,0,0,276192,11000,1.0229,0
130000,29,1,6,88766,5000,0.6828,1
150000,22,0,0,82791,3187,0.5519,0
50000,26,0,0,38189,3000,0.7638,0
50000,26,1,6,13294,0,0.2659,1
20000,23,2,3,15021,6000,0.751,1
50000,22,0,0,2454,0,0.0491,0
170000,25,0,0,112367,5451,0.661,0
50000,29,0,0,51232,1900,1.0246,0
20000,22,0,1,18306,1287,0.9153,0
20000,22,1,4,14542,0,0.7271,1
20000,21,0,0,23675,1800,1.1838,0
20000,21,0,0,18671,1614,0.9336,0
20000,22,0,0,19231,1331,0.9616,1
90000,25,0,0,79938,3000,0.8882,0
80000,26,0,4,495,0,0.0062,0
50000,22,0,0,28725,2000,0.5745,1
60000,23,0,0,31348,20109,0.5225,0
50000,22,0,1,49718,1786,0.9944,0
20000,22,0,1,17875,3300,0.8938,0
20000,23,0,0,19812,1300,0.9906,0
50000,24,0,0,90,7396,0.0018,0
80000,24,0,0,50781,4400,0.6348,0
50000,22,0,0,38251,4000,0.765,0
20000,22,1,4,17456,0,0.8728,1
20000,22,2,5,15662,900,0.7831,0
50000,22,0,0,45458,2051,0.9092,1
50000,23,0,0,4332,0,0.0866,0
50000,23,0,0,35176,2007,0.7035,0
20000,23,1,2,16830,50,0.8415,0
420000,24,0,0,392639,16117,0.9349,0
50000,25,0,1,17826,1400,0.3565,0
110000,26,1,6,83796,5200,0.7618,0
20000,21,0,0,13203,1036,0.6602,0
20000,22,0,0,16439,1279,0.822,0
50000,23,0,0,9168,1166,0.1834,0
180000,23,0,0,96709,4485,0.5373,0
20000,22,0,4,18690,3500,0.9345,0
20000,21,0,0,22291,1700,1.1146,0
20000,21,0,0,20070,1072,1.0035,0
20000,22,2,6,18292,0,0.9146,1
50000,22,0,0,38311,20052,0.7662,0
50000,26,2,1,31708,1700,0.6342,0
150000,27,0,0,3462,1147,0.0231,0
70000,27,2,6,29193,1800,0.417,1
50000,27,1,2,47568,0,0.9514,1
150000,32,0,0,15000,0,0.1,0
100000,26,0,1,44053,2206,0.4405,0
20000,24,0,0,15730,1313,0.7865,0
20000,24,0,4,14068,3200,0.7034,0
20000,24,0,0,3724,2000,0.1862,0
20000,22,0,0,20813,1000,1.0406,0
100000,25,0,0,76068,2895,0.7607,0
190000,29,0,0,185222,5836,0.9749,0
50000,22,0,0,47871,1546,0.9574,0
20000,24,1,4,14665,0,0.7332,1
70000,26,1,2,8587,1100,0.1227,0
50000,24,0,0,52359,2064,1.0472,0
20000,25,1,2,20873,4,1.0436,1
20000,24,0,0,720,100,0.036,1
20000,24,0,0,10768,1502,0.5384,0
50000,24,0,1,48846,1904,0.9769,0
20000,23,0,0,10242,10000,0.5121,0
50000,23,1,1,0,0,0.0,0
50000,24,1,2,5784,0,0.1157,0
20000,24,1,1,255,541,0.0127,0
20000,25,1,2,12589,0,0.6294,0
50000,25,0,0,46980,1910,0.9396,1
70000,25,0,0,23799,9000,0.34,0
20000,27,0,0,12546,1500,0.6273,1
20000,24,1,6,17611,1000,0.8806,0
20000,23,0,0,20432,1280,1.0216,0
20000,25,0,0,17286,1594,0.8643,1
220000,26,0,0,44432,100000,0.202,0
120000,25,1,5,63119,2200,0.526,1
140000,26,0,0,17376,4907,0.1241,0
50000,27,0,2,48215,4007,0.9643,0
50000,25,0,0,47034,2500,0.9407,0
10000,26,1,1,7140,11153,0.714,0
50000,25,0,0,18164,1900,0.3633,0
50000,26,0,0,25126,2000,0.5025,0
20000,25,0,0,26694,1200,1.3347,0
200000,26,0,0,-4,913,-0.0,0
40000,26,0,0,21651,5009,0.5413,0
30000,23,0,2,14404,3196,0.4801,0
20000,23,2,2,15789,1610,0.7894,1
50000,23,0,0,51274,4175,1.0255,0
20000,24,0,1,546,0,0.0273,0
130000,25,0,1,72850,3300,0.5604,0
160000,25,0,0,4071,1060,0.0254,0
110000,25,0,0,54165,88490,0.4924,0
50000,37,0,0,16029,1281,0.3206,1
50000,25,0,4,29206,25000,0.5841,0
240000,26,0,0,27967,10016,0.1165,0
20000,27,0,0,2003,1086,0.1002,0
500000,30,0,0,1092,4303,0.0022,0
60000,26,0,0,59487,2113,0.9914,0
50000,25,0,2,47727,2100,0.9545,0
50000,24,0,0,46521,2150,0.9304,0
20000,25,0,0,390,390,0.0195,0
30000,25,0,0,30274,1932,1.0091,0
80000,25,1,3,80906,3800,1.0113,0
20000,25,0,0,14447,1552,0.7224,0
10000,26,0,0,8882,1300,0.8882,0
20000,26,0,0,20564,3055,1.0282,0
100000,26,0,0,1544,1100,0.0154,1
50000,23,2,2,51246,8,1.0249,0
60000,26,0,0,58072,2282,0.9679,1
400000,27,0,0,15330,2501,0.0383,0
20000,27,5,6,21673,0,1.0836,0
50000,27,0,0,32590,0,0.6518,0
110000,27,0,0,102551,5500,0.9323,0
30000,23,0,0,4443,430,0.1481,0
230000,27,0,0,34592,1816,0.1504,0
20000,23,0,0,18455,2000,0.9228,0
30000,24,0,1,6003,1440,0.2001,0
90000,25,0,0,91151,3453,1.0128,0
30000,25,2,1,24279,1713,0.8093,1
20000,24,4,3,20569,0,1.0284,1
20000,24,2,3,17996,2100,0.8998,1
50000,24,0,0,12236,1300,0.2447,0
80000,25,0,0,416,416,0.0052,0
120000,28,0,0,231,6673,0.0019,0
50000,25,0,0,5814,0,0.1163,0
200000,26,0,0,50124,1830,0.2506,0
150000,25,0,0,140662,6000,0.9377,0
360000,24,2,1,1188,1003,0.0033,1
60000,25,0,3,56918,5914,0.9486,0
80000,25,3,2,79977,0,0.9997,0
320000,25,0,0,146183,6206,0.4568,0
140000,25,2,1,142697,5010,1.0193,1
20000,26,3,6,1050,0,0.0525,1
110000,26,0,1,60808,196,0.5528,0
190000,26,0,3,45694,9000,0.2405,0
130000,25,0,3,113290,5650,0.8715,0
160000,26,0,0,138825,6800,0.8677,1
260000,26,0,0,250303,7065,0.9627,0
80000,26,0,0,7412,945,0.0926,0
50000,25,0,4,28651,14200,0.573,1
100000,26,0,0,91189,3500,0.9119,0
20000,27,1,4,7326,0,0.3663,1
210000,27,1,2,0,628,0.0,0
160000,28,0,0,84879,2593,0.5305,0
340000,26,0,0,241720,8000,0.7109,0
70000,27,2,6,58009,0,0.8287,1
50000,27,2,2,51042,0,1.0208,1
60000,26,0,0,1870,32607,0.0312,0
20000,27,3,6,1200,0,0.06,1
50000,27,0,2,35215,1600,0.7043,0
240000,26,0,0,5010,1188,0.0209,0
20000,23,0,0,9550,1480,0.4775,0
50000,25,0,0,29827,1536,0.5965,0
130000,25,0,0,39074,1766,0.3006,0
50000,25,0,0,49899,1679,0.998,0
130000,27,0,0,6136,9272,0.0472,0
20000,27,0,0,19483,1258,0.9742,0
370000,28,0,0,64268,2868,0.1737,0
110000,27,0,0,108435,3509,0.9858,0
200000,28,0,0,203357,7064,1.0168,0
160000,26,0,0,58929,3000,0.3683,0
310000,26,0,0,304091,12805,0.9809,0
90000,27,1,1,0,0,0.0,0
20000,22,4,4,16226,0,0.8113,1
30000,23,0,0,30830,0,1.0277,0
90000,24,0,0,35865,1546,0.3985,0
240000,28,0,0,44996,0,0.1875,0
260000,32,0,0,60587,0,0.233,0
120000,27,0,0,29344,5053,0.2445,0
80000,27,1,2,83062,0,1.0383,0
160000,27,0,0,5574,3353,0.0348,0
130000,27,0,0,7100,1100,0.0546,0
20000,23,0,0,14697,12483,0.7348,0
170000,26,0,0,30779,1675,0.1811,0
110000,27,0,0,45443,15567,0.4131,0
50000,25,0,0,26339,1800,0.5268,0
70000,26,0,1,65329,3000,0.9333,0
80000,25,0,0,77901,3600,0.9738,0
50000,25,0,0,13886,3000,0.2777,0
60000,27,0,0,20567,4000,0.3428,0
100000,28,0,0,74269,2812,0.7427,0
50000,27,0,3,17468,32400,0.3494,0
180000,28,2,3,187205,5,1.04,0
250000,27,0,0,73,2265,0.0003,0
140000,27,0,0,24048,2014,0.1718,0
200000,28,0,0,6905,4628,0.0345,0
70000,29,0,1,32938,1548,0.4705,0
160000,28,0,0,7169,581,0.0448,0
50000,28,1,1,0,0,0.0,0
30000,28,1,3,26026,2000,0.8675,0
110000,28,0,0,102282,5200,0.9298,0
180000,27,0,0,20793,10053,0.1155,0
150000,28,0,0,24942,80284,0.1663,0
110000,28,0,0,111425,4300,1.013,0
90000,27,0,1,84404,3100,0.9378,0
110000,28,0,0,107800,4000,0.98,0
40000,28,0,0,3333,167,0.0833,0
130000,37,0,0,1390,2196,0.0107,0
40000,28,0,0,38941,2002,0.9735,0
180000,27,2,2,10070,1500,0.0559,0
210000,28,2,1,209479,10000,0.9975,1
200000,28,0,0,1707,1109,0.0085,0
260000,28,0,0,251829,10000,0.9686,0
20000,25,0,0,769,1500,0.0384,0
150000,29,0,0,14075,0,0.0938,0
250000,26,0,0,123148,15447,0.4926,0
80000,27,0,0,74640,20024,0.933,0
30000,24,0,1,14597,1568,0.4866,1
20000,27,0,0,-2000,2780,-0.1,0
50000,29,1,3,23451,0,0.469,1
460000,29,0,0,428369,16833,0.9312,0
340000,30,0,0,326,7132,0.001,0
10000,23,0,0,4304,1100,0.4304,0
50000,24,0,1,11772,1469,0.2354,0
110000,24,0,0,74349,3101,0.6759,0
50000,22,2,3,45614,5991,0.9123,0
100000,27,0,1,194,1000,0.0019,1
80000,27,0,0,400,600,0.005,0
500000,28,0,0,33758,1626,0.0675,0
360000,28,0,0,0,0,0.0,0
280000,29,0,2,-650,0,-0.0023,0
300000,29,0,0,8857,3000,0.0295,0
20000,27,0,0,390,0,0.0195,0
460000,28,0,0,1358,55071,0.003,0
500000,28,0,0,92442,7036,0.1849,0
500000,27,0,0,252881,30032,0.5058,0
360000,28,0,0,9179,10977,0.0255,0
50000,27,0,0,3043,2446,0.0609,0
30000,29,0,0,27720,0,0.924,0
140000,29,1,1,0,0,0.0,0
50000,29,0,0,759,360,0.0152,0
20000,29,0,0,22819,1700,1.1409,0
20000,29,0,0,14171,2000,0.7086,0
80000,27,2,2,58324,0,0.729,1
230000,28,0,0,231357,10000,1.0059,0
110000,27,0,0,107339,3873,0.9758,0
90000,27,0,0,64497,2297,0.7166,0
200000,28,2,3,833,932,0.0042,0
60000,25,0,0,55656,4041,0.9276,0
50000,29,1,6,38916,0,0.7783,1
130000,29,0,0,78337,4000,0.6026,0
260000,29,0,0,30903,1200,0.1189,0
180000,29,0,0,0,0,0.0,1
240000,29,0,0,90440,3500,0.3768,0
150000,28,0,0,15855,18056,0.1057,0
260000,28,0,0,825,650,0.0032,0
100000,29,0,0,711,1000,0.0071,1
50000,29,0,1,13778,2600,0.2756,0
150000,27,0,0,149340,10000,0.9956,0
40000,27,0,0,33077,1554,0.8269,0
20000,24,0,0,17172,1597,0.8586,0
30000,28,0,0,29234,2000,0.9745,0
280000,28,0,0,10296,3543,0.0368,0
430000,29,0,0,402396,14000,0.9358,0
70000,29,0,1,17103,1500,0.2443,1
30000,29,0,0,27904,1500,0.9301,0
30000,27,0,0,7956,5000,0.2652,0
80000,29,0,0,2170,17568,0.0271,0
50000,27,0,0,47189,1778,0.9438,0
230000,27,0,0,24874,2000,0.1081,0
230000,29,0,2,41154,4000,0.1789,0
110000,29,2,4,55700,5000,0.5064,1
200000,29,3,6,2500,0,0.0125,1
50000,28,0,0,44619,2150,0.8924,0
60000,28,0,3,30567,1519,0.5094,0
20000,28,0,0,780,1180,0.039,0
320000,29,2,1,172655,10000,0.5395,0
220000,28,0,0,150544,12000,0.6843,0
470000,29,0,0,215666,7395,0.4589,0
60000,29,0,0,11976,2000,0.1996,0
330000,29,0,0,25131,1200,0.0762,0
110000,28,2,5,109241,5600,0.9931,1
80000,29,4,6,12237,0,0.153,1
290000,30,0,0,243992,11091,0.8414,0
20000,22,3,6,2400,0,0.12,1
30000,28,2,4,9799,2350,0.3266,0
80000,27,0,0,58323,4000,0.729,0
50000,28,0,0,28249,1196,0.565,1
150000,28,0,0,88609,4660,0.5907,0
20000,28,1,4,18534,0,0.9267,0
140000,24,0,0,103884,4000,0.742,0
260000,30,0,0,182329,10000,0.7013,0
120000,30,0,0,2494,1997,0.0208,0
110000,30,0,2,35283,1500,0.3208,0
140000,30,0,0,132970,6334,0.9498,0
100000,27,1,2,108762,25,1.0876,0
360000,30,0,0,9939,14226,0.0276,0
70000,30,0,0,68671,2500,0.981,0
210000,30,0,0,129890,12112,0.6185,0
200000,30,0,0,15140,18044,0.0757,0
200000,28,0,0,162439,4000,0.8122,0
160000,28,0,0,157921,6000,0.987,0
120000,31,1,1,-190,0,-0.0016,1
180000,32,1,2,173179,0,0.9621,0
240000,29,0,0,210522,20000,0.8772,0
120000,27,0,0,113556,4200,0.9463,1
200000,28,0,0,99216,5300,0.4961,0
280000,30,0,0,166037,12126,0.593,0
20000,30,0,0,16925,1000,0.8462,1
20000,30,1,6,17005,0,0.8502,1
260000,29,0,3,8832,15,0.034,1
220000,29,0,0,326,326,0.0015,0
30000,30,0,0,5678,20774,0.1893,0
80000,29,0,0,80832,2000,1.0104,0
80000,30,2,6,66995,2500,0.8374,1
140000,30,0,2,1800,1885,0.0129,0
220000,30,2,1,780,390,0.0035,1
110000,30,0,0,57040,5000,0.5185,0
240000,31,0,0,168376,7648,0.7016,0
170000,28,0,0,145584,6500,0.8564,0
210000,31,0,0,140994,5100,0.6714,0
300000,29,0,0,1898,2572,0.0063,1
190000,26,0,1,124896,4633,0.6573,0
200000,27,0,0,4484,195316,0.0224,0
150000,25,0,0,141242,4000,0.9416,0
50000,23,0,1,16252,1600,0.325,0
10000,24,0,0,-2,0,-0.0002,0
70000,31,0,0,25856,13737,0.3694,0
470000,30,0,0,9884,3301,0.021,0
250000,28,0,0,4003,2549,0.016,0
70000,28,0,0,71199,2507,1.0171,0
80000,28,1,1,0,47,0.0,0
270000,29,0,0,1576,199973,0.0058,0
180000,27,0,0,349,1260,0.0019,1
230000,29,2,1,481,12381,0.0021,0
80000,30,2,1,79629,1691,0.9954,1
290000,30,0,2,792,264,0.0027,0
230000,30,0,0,33400,36348,0.1452,0
130000,31,0,0,132242,5000,1.0172,0
500000,32,0,0,331751,10558,0.6635,0
580000,32,0,0,49193,11686,0.0848,0
180000,30,0,0,42198,2000,0.2344,0
460000,31,0,1,4533,5002,0.0099,0
70000,30,1,2,72576,0,1.0368,1
310000,32,0,0,217464,8500,0.7015,0
50000,30,1,3,49233,0,0.9847,1
200000,32,2,6,88808,0,0.444,1
300000,31,0,0,4370,0,0.0146,0
110000,31,0,0,7300,593,0.0664,0
50000,27,1,2,-45,1000,-0.0009,1
360000,31,0,0,0,392,0.0,0
220000,31,0,0,38386,3000,0.1745,0
190000,31,0,2,104503,4000,0.55,0
20000,23,2,1,18337,1602,0.9168,1
80000,31,0,0,6887,171,0.0861,0
50000,29,0,0,51234,2300,1.0247,0
50000,30,1,4,13745,125,0.2749,0
360000,31,0,0,34831,5059,0.0968,0
90000,30,0,0,40768,2000,0.453,0
200000,30,0,0,0,680,0.0,0
410000,30,0,0,7011,9222,0.0171,0
330000,31,0,0,165042,9000,0.5001,0
100000,30,0,0,96846,5055,0.9685,0
200000,31,0,0,6961,3853,0.0348,0
110000,30,0,0,47755,1525,0.4341,0
90000,31,1,3,33868,1600,0.3763,1
320000,30,0,0,26310,2728,0.0822,0
70000,30,0,2,832,0,0.0119,0
220000,30,0,0,91210,4000,0.4146,0
180000,32,2,2,220901,0,1.2272,1
180000,31,0,0,12805,2000,0.0711,0
240000,31,0,0,231467,8500,0.9644,1
140000,30,0,0,70568,2100,0.5041,1
280000,30,2,6,106907,6900,0.3818,0
30000,31,1,6,14107,1200,0.4702,1
20000,31,0,1,5380,0,0.269,0
80000,29,0,0,58246,5000,0.7281,0
230000,30,0,0,171861,10000,0.7472,0
200000,30,0,0,143266,6000,0.7163,1
520000,29,0,0,464541,15521,0.8933,0
400000,29,0,0,237425,8600,0.5936,1
30000,25,0,0,836,836,0.0279,0
370000,31,0,0,35605,5000,0.0962,0
150000,31,0,0,500,15338,0.0033,0
80000,26,1,2,27897,0,0.3487,1
430000,26,0,0,438795,18000,1.0205,0
20000,24,0,0,19498,2000,0.9749,1
50000,27,0,0,49321,1700,0.9864,0
60000,24,2,3,48945,4549,0.8158,1
360000,28,0,0,2988,2766,0.0083,0
280000,31,0,0,-1,0,-0.0,0
360000,29,0,0,18454,6028,0.0513,0
420000,32,0,0,60825,1407,0.1448,0
320000,31,0,0,4445,4984,0.0139,0
90000,31,0,0,5287,2500,0.0587,0
360000,33,0,0,5484,4317,0.0152,1
70000,30,0,0,68668,2347,0.981,0
50000,26,0,0,46008,1007,0.9202,0
200000,30,0,0,141785,7000,0.7089,0
250000,31,0,0,0,0,0.0,0
150000,33,0,0,1340,1815,0.0089,0
350000,33,0,0,694,10524,0.002,0
30000,32,0,0,28729,2000,0.9576,0
200000,30,2,6,173639,7310,0.8682,0
200000,32,0,0,78284,5005,0.3914,0
150000,29,0,0,102802,12186,0.6853,0
190000,30,0,0,138429,4555,0.7286,0
340000,30,0,0,20865,2000,0.0614,0
360000,31,1,1,0,951,0.0,0
280000,30,0,0,17913,380,0.064,0
30000,47,0,0,29119,1500,0.9706,0
300000,35,0,0,0,0,0.0,0
220000,37,2,1,217638,7506,0.9893,0
80000,41,0,0,81070,2385,1.0134,0
30000,40,2,3,20801,3400,0.6934,1
40000,37,0,1,9608,3000,0.2402,0
200000,29,0,4,145090,12000,0.7254,0
200000,30,0,1,83149,13550,0.4157,0
110000,29,0,0,750,71022,0.0068,0
100000,31,2,6,93975,3500,0.9398,1
20000,34,2,1,390,18864,0.0195,1
120000,46,0,0,104153,4500,0.8679,0
280000,37,0,0,85029,2625,0.3037,0
280000,30,0,0,29161,1282,0.1041,0
300000,42,1,3,0,159,0.0,0
420000,43,0,0,3542,3010,0.0084,0
80000,41,0,0,11688,8739,0.1461,0
360000,49,0,0,1050,390,0.0029,1
260000,37,0,0,9801,1485,0.0377,0
260000,32,0,0,5227,5000,0.0201,0
110000,32,0,0,64651,2941,0.5877,0
400000,32,0,0,271974,100000,0.6799,0
20000,32,1,4,15598,0,0.7799,1
170000,35,0,1,136460,4800,0.8027,0
70000,35,0,4,27915,3577,0.3988,0
210000,39,0,0,840,1665,0.004,0
10000,38,0,2,6798,1500,0.6798,1
780000,48,0,0,171459,10000,0.2198,0
420000,35,0,0,413076,15048,0.9835,0
280000,44,0,0,295786,15000,1.0564,0
50000,46,0,1,390,170,0.0078,0
50000,49,1,6,49206,3000,0.9841,1
60000,33,0,0,32961,1799,0.5494,0
20000,33,0,0,18330,1291,0.9165,0
170000,35,2,6,148655,6000,0.8744,1
330000,48,0,0,6051,8387,0.0183,0
30000,37,1,4,20829,2500,0.6943,1
350000,42,2,1,671,671,0.0019,1
290000,49,0,0,193650,4126,0.6678,0
50000,49,2,2,49943,0,0.9989,1
20000,45,1,1,0,780,0.0,0
30000,38,0,0,18526,1500,0.6175,1
50000,37,0,0,50239,1799,1.0048,0
70000,39,0,0,63330,5024,0.9047,0
310000,33,1,2,232244,40,0.7492,0
220000,48,0,1,2858,1000,0.013,0
360000,34,0,0,686,3821,0.0019,0
140000,38,0,0,1110,24633,0.0079,0
200000,38,2,4,102272,5000,0.5114,1
20000,42,0,2,14310,1600,0.7155,1
290000,36,0,0,154923,6507,0.5342,0
300000,36,0,0,76382,115718,0.2546,0
200000,45,3,6,2500,0,0.0125,1
150000,32,0,0,76215,22365,0.5081,0
240000,39,0,0,177795,8576,0.7408,0
450000,32,0,0,166295,5771,0.3695,0
20000,32,0,0,15121,1700,0.756,0
50000,45,4,3,50419,0,1.0084,1
190000,33,0,0,98814,5000,0.5201,1
390000,41,0,0,250490,9506,0.6423,0
90000,36,0,0,91111,9400,1.0123,0
120000,39,0,3,93673,4375,0.7806,0
210000,33,0,0,396,396,0.0019,0
500000,41,0,0,478623,14000,0.9572,0
320000,40,0,0,22155,10908,0.0692,0
210000,39,0,0,22861,6536,0.1089,0
90000,38,2,1,89094,3000,0.9899,1
100000,34,1,1,-342,0,-0.0034,0
360000,37,1,1,0,0,0.0,0
40000,37,0,1,20774,1355,0.5194,0
80000,41,1,1,0,0,0.0,0
300000,34,1,1,2915,1813,0.0097,0
130000,43,0,0,1261,1705,0.0097,0
480000,41,1,1,0,0,0.0,0
320000,39,0,0,310243,0,0.9695,0
330000,37,0,0,0,0,0.0,0
70000,38,0,0,63455,2057,0.9065,0
240000,46,0,0,262206,9200,1.0925,1
210000,32,0,0,204157,10059,0.9722,0
50000,47,0,1,390,390,0.0078,0
50000,39,0,0,8086,21012,0.1617,0
30000,38,0,0,17085,5000,0.5695,0
310000,38,0,0,23285,1058,0.0751,0
230000,40,2,3,119730,5000,0.5206,0
170000,39,0,0,91289,2486,0.537,0
180000,39,1,1,0,0,0.0,0
330000,49,0,0,5813,65,0.0176,0
170000,34,0,0,53145,2005,0.3126,0
160000,33,2,6,101430,5000,0.6339,0
50000,32,0,4,15276,4800,0.3055,1
60000,33,0,0,56221,3000,0.937,0
500000,49,0,0,12536,28023,0.0251,0
230000,44,1,1,-213,5000,-0.0009,0
180000,38,1,1,-47,0,-0.0003,0
320000,40,0,0,8240,8240,0.0258,0
490000,39,0,0,189460,16405,0.3867,0
210000,43,0,0,197743,7500,0.9416,0
50000,33,0,0,22384,1320,0.4477,1
160000,33,0,0,25058,1344,0.1566,0
80000,41,0,0,165578,4351,2.0697,1
220000,49,0,0,1410,580,0.0064,0
20000,46,0,1,7544,0,0.3772,1
200000,49,2,1,416,416,0.0021,0
300000,31,1,1,0,0,0.0,1
20000,36,3,6,1050,0,0.0525,1
180000,32,1,1,0,144,0.0,0
200000,33,0,0,2810,7149,0.014,0
140000,38,2,6,53797,2700,0.3843,1
150000,36,0,0,5856,4914,0.039,0
160000,40,0,0,19978,10000,0.1249,0
160000,32,0,0,163695,7000,1.0231,0
200000,34,0,0,466,1242,0.0023,0
20000,49,1,3,19481,0,0.974,1
260000,32,1,1,3581,0,0.0138,0
260000,32,0,0,1198,1198,0.0046,1
620000,42,0,0,75509,3500,0.1218,0
50000,37,0,0,37603,2000,0.7521,1
20000,32,0,0,390,390,0.0195,0
190000,32,0,1,6415,2000,0.0338,0
30000,38,1,3,24305,0,0.8102,1
160000,38,0,0,6763,1651,0.0423,0
360000,40,0,0,12663,0,0.0352,0
20000,44,0,0,19157,1500,0.9578,0
150000,42,0,0,49728,5000,0.3315,0
400000,38,0,0,1751,7046,0.0044,0
80000,43,1,1,0,0,0.0,0
260000,34,0,0,-40,0,-0.0002,0
500000,38,0,0,6178,829,0.0124,0
240000,34,0,0,242805,10000,1.0117,0
50000,37,2,1,49444,2306,0.9889,0
10000,36,2,1,9075,2000,0.9075,0
50000,47,1,1,0,0,0.0,0
150000,41,0,0,140172,5507,0.9345,0
150000,40,0,0,0,1003,0.0,0
130000,30,0,0,29344,1107,0.2257,0
120000,37,1,2,21786,1000,0.1816,0
50000,39,0,0,39753,2000,0.7951,1
160000,41,1,2,63446,1699,0.3965,0
70000,39,0,0,120766,4000,1.7252,1
380000,40,0,0,245069,12000,0.6449,0
280000,47,0,0,2180,251,0.0078,0
50000,39,0,0,51400,0,1.028,1
30000,35,0,1,8348,1476,0.2783,1
260000,37,0,0,256,188,0.001,0
210000,35,0,0,131956,5000,0.6284,0
320000,32,0,0,1043,0,0.0033,0
480000,41,0,0,76750,30000,0.1599,0
80000,42,1,6,45619,2000,0.5702,0
100000,43,0,1,42529,1703,0.4253,0
70000,31,0,0,47873,6000,0.6839,0
300000,37,0,0,298,752,0.001,0
150000,48,0,0,104320,2433,0.6955,0
140000,41,0,0,130138,4756,0.9296,1
360000,39,0,0,30956,30818,0.086,0
500000,47,0,0,18033,8783,0.0361,0
320000,36,2,2,283743,12013,0.8867,1
190000,44,0,2,231,3190,0.0012,0
50000,49,0,0,18139,1198,0.3628,1
50000,38,0,0,52711,1769,1.0542,1
290000,31,0,0,124626,3900,0.4297,0
110000,36,0,0,58949,3000,0.5359,0
210000,31,0,0,189650,5000,0.9031,0
20000,32,1,2,20450,0,1.0225,1
90000,35,0,0,86821,4000,0.9647,0
120000,36,0,2,66,843,0.0006,0
20000,46,3,4,7283,0,0.3641,1
270000,31,0,4,21129,1697,0.0783,0
190000,41,0,0,33798,2000,0.1779,0
200000,33,0,0,655,270,0.0033,0
340000,35,0,0,38214,1500,0.1124,0
310000,33,0,0,10878,12910,0.0351,0
180000,30,0,0,56951,2100,0.3164,0
80000,32,0,0,78239,4500,0.978,1
510000,31,1,1,0,14370,0.0,1
200000,44,0,0,75811,4001,0.3791,0
100000,36,0,1,15585,5000,0.1558,0
150000,35,0,0,4301,4000,0.0287,1
400000,35,0,0,212647,6000,0.5316,0
130000,44,1,6,5230,0,0.0402,1
420000,35,0,0,9288,17095,0.0221,0
340000,49,0,0,1190,2988,0.0035,0
200000,36,0,0,1990,1186,0.01,0
420000,32,0,2,203843,3200,0.4853,0
50000,34,0,0,27465,24125,0.5493,0
280000,31,0,0,148186,5000,0.5292,0
280000,31,2,1,278510,6996,0.9947,1
60000,46,0,0,56869,2110,0.9478,0
360000,33,0,0,2040,897,0.0057,0
220000,31,1,2,224244,0,1.0193,1
20000,38,0,0,16465,3000,0.8232,0
160000,41,1,1,0,0,0.0,1
20000,48,0,0,170,0,0.0085,0
180000,33,0,0,3187,3198,0.0177,0
500000,33,0,0,28498,5000,0.057,0
20000,34,0,1,9662,1180,0.4831,1
20000,34,0,0,2216,2199,0.1108,0
250000,45,0,0,98015,4541,0.3921,0
320000,38,0,0,208207,1154,0.6506,0
470000,32,0,0,19419,11070,0.0413,0
180000,39,0,0,51496,1838,0.2861,0
170000,32,1,3,-1000,0,-0.0059,0
20000,45,0,2,8541,5577,0.427,0
280000,48,0,0,127636,4300,0.4558,0
290000,36,0,0,42512,3000,0.1466,0
60000,36,0,2,780,0,0.013,1
130000,27,0,0,2881,670,0.0222,0
100000,42,7,6,33816,0,0.3382,0
60000,36,1,3,104492,5200,1.7415,0
100000,32,0,1,4080,0,0.0408,0
50000,34,1,6,48212,2500,0.9642,0
550000,44,0,0,21788,0,0.0396,0
100000,46,1,3,22648,2000,0.2265,1
280000,38,0,0,3300,0,0.0118,0
30000,32,0,5,17578,1000,0.5859,0
230000,45,0,0,50500,22771,0.2196,0
80000,44,0,0,1798,2310,0.0225,0
80000,33,0,0,59991,5000,0.7499,0
50000,31,0,0,50275,2000,1.0055,0
50000,46,0,0,1853,2000,0.0371,0
280000,36,0,0,198,1979,0.0007,0
290000,40,0,0,97193,6000,0.3351,0
50000,47,0,0,44681,2100,0.8936,0
140000,41,0,0,-10,0,-0.0001,0
80000,43,0,0,435,4495,0.0054,0
280000,32,0,0,4524,2000,0.0162,0
20000,46,0,3,7790,2500,0.3895,0
470000,40,0,0,20614,37978,0.0439,0
350000,33,0,1,25507,1800,0.0729,0
170000,34,0,0,35923,2000,0.2113,0
200000,31,0,0,990,1010,0.005,0
360000,35,1,1,0,4359,0.0,0
140000,41,0,0,144904,10000,1.035,1
240000,41,0,0,238902,8135,0.9954,1
500000,32,0,0,305575,9824,0.6112,0
190000,34,2,4,154258,14500,0.8119,1
200000,32,0,0,74150,3000,0.3708,0
210000,41,0,0,326,326,0.0016,1
30000,36,0,0,1772,9647,0.0591,0
50000,36,0,0,47599,2000,0.952,1
360000,47,0,0,229,4261,0.0006,0
280000,43,0,0,149803,6150,0.535,0
360000,38,0,0,0,0,0.0,1
50000,39,0,1,47990,1997,0.9598,0
270000,47,0,0,161999,6000,0.6,0
20000,37,0,0,17622,3000,0.8811,0
200000,37,0,0,4757,1500,0.0238,0
320000,39,0,0,103918,9203,0.3247,0
230000,37,0,0,21374,3000,0.0929,0
350000,35,0,0,218605,6222,0.6246,0
220000,33,0,0,1172,2917,0.0053,1
50000,35,0,0,22188,2000,0.4438,0
20000,48,0,2,13543,3132,0.6772,1
390000,32,0,0,35745,13000,0.0917,0
120000,39,0,0,30000,0,0.25,0
490000,41,0,0,79712,3000,0.1627,0
190000,37,0,3,79838,4000,0.4202,0
150000,40,0,0,291,291,0.0019,0
150000,42,2,1,143947,4742,0.9596,0
270000,37,0,0,174532,6900,0.6464,1
150000,34,0,4,122375,12300,0.8158,0
600000,36,0,0,372396,50000,0.6207,0
240000,30,0,0,213483,8008,0.8895,0
100000,31,0,0,91176,6000,0.9118,0
260000,31,0,0,500,0,0.0019,1
80000,42,0,0,6959,3000,0.087,0
20000,46,2,6,9417,0,0.4708,1
260000,42,0,0,225844,10030,0.8686,0
370000,41,1,1,0,0,0.0,0
70000,31,0,0,101284,2864,1.4469,0
270000,31,0,0,188929,10089,0.6997,0
250000,44,0,0,175070,8000,0.7003,0
70000,39,0,0,18219,2000,0.2603,0
160000,42,1,1,0,0,0.0,0
300000,35,0,0,17975,1510,0.0599,0
280000,39,0,0,1466,1473,0.0052,0
210000,34,0,1,330,330,0.0016,0
200000,33,2,2,234069,16412,1.1703,0
50000,31,3,6,1050,0,0.021,1
60000,45,0,0,6471,1131,0.1078,0
50000,36,0,0,52045,2000,1.0409,0
50000,35,1,2,48047,0,0.9609,1
140000,39,0,0,92861,3992,0.6633,0
150000,31,0,0,15000,0,0.1,0
230000,33,0,0,56754,3000,0.2468,0
310000,40,0,0,-150,0,-0.0005,0
500000,47,1,1,0,1200,0.0,0
170000,36,0,0,5470,2000,0.0322,0
230000,41,1,1,0,1482,0.0,1
50000,47,0,0,19949,2000,0.399,0
170000,33,0,2,917,0,0.0054,0
340000,34,0,0,335002,12510,0.9853,1
220000,35,0,0,237976,8300,1.0817,0
60000,45,0,0,25513,1300,0.4252,0
200000,33,0,0,1201,0,0.006,0
350000,34,0,0,38021,3000,0.1086,0
60000,42,0,0,99114,3700,1.6519,0
100000,28,0,0,0,0,0.0,0
70000,32,1,6,67065,3000,0.9581,1
360000,35,0,0,3738,2019,0.0104,0
100000,29,0,0,1200,2100,0.012,1
290000,47,0,0,822,850,0.0028,0
380000,47,1,1,0,0,0.0,1
380000,33,0,0,77994,3000,0.2052,0
60000,45,0,0,60035,2380,1.0006,1
320000,28,0,0,67264,3231,0.2102,0
80000,45,2,5,35169,4500,0.4396,1
280000,37,0,0,33687,5000,0.1203,0
110000,38,2,4,103202,2500,0.9382,1
310000,46,2,1,102064,5030,0.3292,1
230000,28,0,0,28534,15222,0.1241,0
200000,28,1,1,0,1500,0.0,1
70000,29,0,0,58305,5000,0.8329,0
210000,35,0,0,62809,3018,0.2991,0
290000,41,0,0,7488,5807,0.0258,0
460000,37,2,1,7121,1273,0.0155,0
360000,39,0,1,264,1139,0.0007,0
200000,32,0,0,1100,740,0.0055,0
230000,37,0,0,30769,1500,0.1338,0
80000,32,0,0,2976,13424,0.0372,0
80000,36,0,0,81066,3000,1.0133,0
150000,33,0,0,27221,5000,0.1815,0
290000,36,0,0,72774,3500,0.2509,0
90000,31,0,0,67776,4023,0.7531,0
360000,40,0,0,250,1088,0.0007,1
190000,36,1,6,105418,5500,0.5548,1
20000,41,0,0,7472,2000,0.3736,0
150000,47,0,0,250475,5772,1.6698,0
50000,32,0,0,11030,1203,0.2206,0
310000,38,0,0,995,993,0.0032,0
260000,38,0,0,94152,4150,0.3621,0
190000,42,0,0,31323,1500,0.1649,0
30000,31,0,0,6456,4398,0.2152,1
280000,32,0,0,19668,1000,0.0702,0
60000,40,0,0,58123,2000,0.9687,1
20000,32,2,1,18996,1325,0.9498,0
140000,29,0,0,132629,5000,0.9474,0
80000,47,0,0,2001,2338,0.025,1
200000,43,0,0,1243,1453,0.0062,0
170000,42,0,0,610,995,0.0036,0
210000,48,0,0,2776,2776,0.0132,0
500000,46,0,0,157046,1652,0.3141,0
60000,36,0,1,39212,45994,0.6535,0
410000,32,0,2,35868,3762,0.0875,1
220000,35,0,0,210200,8000,0.9555,1
420000,30,0,0,122418,4816,0.2915,0
250000,28,0,2,149678,7000,0.5987,0
80000,26,0,0,84488,2871,1.0561,0
80000,27,0,0,40612,2000,0.5077,0
20000,28,0,0,3608,5000,0.1804,0
300000,30,0,0,18468,61200,0.0616,0
50000,44,0,0,54332,3000,1.0866,1
360000,46,0,0,0,0,0.0,0
140000,36,0,0,127496,5000,0.9107,0
70000,31,0,0,61177,5300,0.874,1
70000,34,0,0,69368,4000,0.991,0
430000,39,0,0,41428,17800,0.0963,0
170000,39,0,0,0,582,0.0,0
210000,44,1,1,0,0,0.0,0
150000,36,0,0,2750,2424,0.0183,0
260000,42,0,0,252107,12004,0.9696,0
500000,40,0,0,22520,1110,0.045,0
160000,39,0,0,4138,35,0.0259,0
210000,45,0,0,56024,1836,0.2668,1
230000,33,1,3,203218,10000,0.8836,0
180000,43,0,0,2745,3884,0.0152,0
20000,37,0,0,7440,10050,0.372,0
310000,41,0,0,247202,8213,0.7974,0
180000,39,0,0,0,444,0.0,0
80000,46,0,0,48967,2000,0.6121,0
230000,47,0,0,143083,6500,0.6221,0
210000,41,0,1,114953,5000,0.5474,1
90000,37,1,3,61584,3000,0.6843,1
30000,45,1,6,25829,0,0.861,0
430000,34,2,2,435,183,0.001,0
200000,41,0,0,10799,1213,0.054,0
220000,34,0,0,416,416,0.0019,1
480000,37,1,1,6071,8023,0.0126,0
360000,36,0,0,33051,1000,0.0918,0
390000,34,0,0,-702,0,-0.0018,0
20000,43,0,1,13817,1815,0.6908,1
200000,37,0,0,65927,2700,0.3296,0
30000,35,2,2,3462,0,0.1154,1
410000,40,0,1,34405,18612,0.0839,0
40000,47,2,2,38741,2000,0.9685,0
50000,47,1,2,50574,0,1.0115,1
230000,28,0,0,48144,12000,0.2093,0
130000,33,2,2,1022,0,0.0079,1
100000,33,0,0,7067,0,0.0707,0
400000,34,0,0,26912,10016,0.0673,0
330000,42,0,0,73214,10000,0.2219,0
590000,41,0,0,617,1304,0.001,0
50000,34,2,1,13731,1530,0.2746,1
140000,36,0,0,58165,2500,0.4155,1
730000,37,0,0,70309,20000,0.0963,0
110000,34,0,1,107430,5500,0.9766,1
500000,46,0,0,4031,3709,0.0081,0
200000,40,0,0,6154,6000,0.0308,0
180000,41,0,0,183047,6704,1.0169,0
70000,45,0,0,67062,3000,0.958,0
170000,45,0,2,2610,0,0.0154,0
420000,44,0,0,13620,2000,0.0324,0
60000,29,0,0,58634,3000,0.9772,0
280000,31,0,0,266511,9557,0.9518,0
30000,40,0,0,21617,3200,0.7206,0
90000,38,2,1,88937,3103,0.9882,1
200000,36,0,0,239,2925,0.0012,0
220000,33,0,0,62770,40000,0.2853,0
280000,47,0,0,92288,4004,0.3296,0
280000,38,0,0,138984,4900,0.4964,0
430000,40,0,0,2099,8297,0.0049,0
180000,37,1,1,0,0,0.0,0
50000,49,1,2,27231,0,0.5446,1
500000,46,0,0,18664,68013,0.0373,0
50000,35,0,0,38536,2000,0.7707,0
200000,43,0,0,3005,4709,0.015,0
100000,42,2,1,95926,5000,0.9593,0
60000,31,0,1,55831,8660,0.9305,0
30000,33,0,0,30384,3010,1.0128,1
180000,41,2,2,111786,6000,0.621,0
20000,40,1,3,8201,1000,0.41,1
350000,39,0,0,179189,6695,0.512,0
20000,43,0,4,5909,2500,0.2954,0
100000,38,0,0,100600,4090,1.006,0
20000,43,2,2,11573,1300,0.5786,1
30000,29,0,2,10305,1500,0.3435,0
30000,31,0,0,7130,2654,0.2377,0
180000,40,0,0,78170,4000,0.4343,0
300000,29,0,0,49917,5000,0.1664,0
360000,38,0,0,176,252,0.0005,0
210000,36,0,1,931,2570,0.0044,0
30000,35,1,4,18829,1000,0.6276,1
150000,31,0,0,146805,5300,0.9787,0
150000,31,0,0,0,648,0.0,0
150000,42,0,0,0,0,0.0,1
470000,40,1,2,276880,5014,0.5891,0
200000,38,0,0,105729,3806,0.5286,0
80000,49,0,0,77985,4200,0.9748,0
250000,37,1,2,206430,8300,0.8257,0
500000,30,0,0,24349,9605,0.0487,0
200000,36,1,2,14460,0,0.0723,0
90000,34,0,0,106339,20585,1.1815,0
400000,47,0,0,105610,3904,0.264,0
180000,38,0,0,9409,10423,0.0523,0
160000,47,0,0,988,779,0.0062,0
130000,38,0,0,123044,4949,0.9465,0
60000,45,0,0,67719,3000,1.1286,0
240000,39,0,0,215013,9600,0.8959,0
160000,33,0,2,82535,4000,0.5158,1
50000,43,0,0,48919,1800,0.9784,0
280000,34,0,0,251267,15000,0.8974,0
30000,40,0,0,25328,2000,0.8443,0
130000,46,0,0,46849,1802,0.3604,0
160000,43,0,1,238,0,0.0015,0
420000,36,1,1,944,1819,0.0022,0
210000,37,1,1,0,650,0.0,1
70000,39,0,0,60412,8137,0.863,0
50000,44,0,1,47674,1764,0.9535,0
50000,38,2,3,37501,2000,0.75,1
330000,38,0,0,1051,671,0.0032,0
70000,40,2,3,69164,3500,0.9881,1
170000,36,0,0,600,1598,0.0035,0
50000,41,0,0,51449,1700,1.029,1
250000,39,0,0,1852,0,0.0074,0
200000,49,0,0,51437,2000,0.2572,0
460000,37,0,0,66935,13039,0.1455,0
100000,40,2,3,77617,4000,0.7762,0
220000,35,1,4,190105,0,0.8641,1
30000,35,0,2,780,0,0.026,1
80000,34,0,0,73414,3558,0.9177,0
320000,34,0,0,117983,10009,0.3687,0
110000,36,0,0,3385,28000,0.0308,0
20000,35,0,0,17809,1000,0.8904,0
50000,44,2,4,127510,0,2.5502,1
430000,38,0,0,18517,23565,0.0431,0
80000,39,2,1,59999,2800,0.75,1
40000,35,1,6,11074,0,0.2768,1
150000,42,0,0,98965,3360,0.6598,0
330000,33,0,0,26586,1700,0.0806,0
20000,40,0,1,29035,4000,1.4518,0
20000,45,0,1,17369,15000,0.8684,0
500000,40,0,0,18110,0,0.0362,0
200000,42,0,0,161514,6000,0.8076,1
20000,46,0,1,11027,1199,0.5514,0
210000,44,0,0,126113,5002,0.6005,0
500000,41,1,2,169117,0,0.3382,0
300000,42,0,0,161772,114402,0.5392,0
110000,35,0,0,103750,3759,0.9432,0
500000,39,0,0,74213,4006,0.1484,0
120000,44,1,6,75294,3000,0.6274,1
360000,44,0,0,1824,1740,0.0051,0
350000,36,0,0,9189,6088,0.0263,0
80000,35,1,2,0,4117,0.0,1
320000,46,0,0,2790,3349,0.0087,0
230000,38,0,0,1088,2451,0.0047,0
110000,44,0,0,82503,3083,0.75,0
60000,32,0,0,22357,1684,0.3726,0
20000,34,0,0,15415,1271,0.7708,0
320000,35,0,0,10125,1526,0.0316,0
90000,41,0,0,88805,3500,0.9867,0
200000,49,0,0,390,390,0.002,0
240000,46,1,2,102318,468,0.4263,1
240000,43,0,0,223151,7766,0.9298,1
120000,48,0,0,13544,3000,0.1129,0
70000,46,0,2,24345,1414,0.3478,0
20000,33,1,4,4481,0,0.224,0
140000,35,1,3,147946,7000,1.0568,0
240000,41,1,5,101060,6000,0.4211,0
50000,44,0,0,48322,3000,0.9664,0
100000,26,2,5,89799,0,0.898,0
140000,26,0,0,21513,2000,0.1537,0
260000,31,0,1,7559,0,0.0291,0
230000,35,0,0,0,13371,0.0,0
20000,36,0,0,416,0,0.0208,0
110000,38,0,0,106113,1635,0.9647,0
460000,40,0,0,235388,8000,0.5117,0
120000,36,0,2,26490,3246,0.2208,0
60000,31,0,0,22219,140,0.3703,1
50000,31,0,0,1473,390,0.0295,1
50000,41,0,0,48619,2100,0.9724,0
30000,42,0,0,1946,1000,0.0649,0
20000,45,0,0,18011,1500,0.9006,0
20000,47,0,0,17059,1500,0.853,0
350000,32,0,0,262576,10013,0.7502,0
240000,36,0,0,239003,9700,0.9958,0
120000,37,2,2,45902,0,0.3825,1
200000,47,0,0,0,9661,0.0,0
150000,31,0,0,3056,834,0.0204,0
180000,37,0,0,0,0,0.0,0
260000,30,0,0,232,91,0.0009,0
180000,31,0,0,3580,0,0.0199,0
130000,31,0,0,26528,1400,0.2041,0
250000,34,0,0,119310,15000,0.4772,0
460000,35,0,0,0,737,0.0,0
40000,35,0,0,30927,1300,0.7732,0
20000,36,2,3,9735,3000,0.4868,1
310000,41,0,0,34682,23712,0.1119,0
90000,40,0,0,87190,3068,0.9688,0
20000,43,0,0,12648,2000,0.6324,0
270000,39,0,0,18205,1500,0.0674,0
170000,45,0,0,114625,6305,0.6743,0
300000,41,0,0,66132,2412,0.2204,0
350000,30,2,3,832,0,0.0024,1
360000,39,0,0,396,396,0.0011,0
260000,37,0,0,131472,5036,0.5057,0
100000,28,0,0,12332,1296,0.1233,0
200000,28,0,1,42215,3092,0.2111,0
30000,38,0,0,21697,1500,0.7232,0
160000,46,0,0,1338,711,0.0084,0
370000,36,0,1,47269,2000,0.1278,0
380000,43,0,0,112118,96778,0.295,0
210000,37,0,0,53748,99737,0.2559,0
90000,44,1,5,36835,0,0.4093,0
210000,42,0,0,3096,5260,0.0147,0
120000,30,1,1,0,0,0.0,1
500000,46,0,0,46178,57498,0.0924,0
390000,48,0,0,32708,3000,0.0839,0
310000,32,0,0,8242,32617,0.0266,0
280000,32,0,0,284556,9500,1.0163,0
200000,41,0,1,1980,1802,0.0099,0
50000,38,0,2,32669,3800,0.6534,0
500000,42,0,0,17360,13222,0.0347,0
30000,49,0,0,29893,1697,0.9964,0
50000,35,0,0,49986,23800,0.9997,1
210000,47,0,0,-163,0,-0.0008,1
150000,41,0,1,0,0,0.0,0
230000,36,0,0,218205,7859,0.9487,0
200000,38,0,0,1488,4246,0.0074,0
200000,38,0,1,3810,3063,0.019,0
330000,38,0,0,179935,8000,0.5453,1
70000,37,0,0,68144,2538,0.9735,0
100000,41,0,0,91,957,0.0009,1
130000,34,0,0,129998,6543,1.0,0
90000,35,0,2,941,3008,0.0105,1
150000,36,1,1,0,0,0.0,0
230000,35,0,0,22472,1330,0.0977,0
80000,38,0,0,21788,16445,0.2724,0
100000,36,0,0,66470,2000,0.6647,0
170000,37,0,0,187146,6500,1.1009,1
310000,43,0,1,2432,0,0.0078,0
160000,36,0,0,735,735,0.0046,0
70000,36,2,6,30809,0,0.4401,1
500000,37,0,0,62053,75840,0.1241,0
50000,46,0,0,51400,0,1.028,0
410000,46,2,5,71532,3700,0.1745,1
120000,32,0,1,120792,20137,1.0066,0
20000,30,0,2,323,26703,0.0162,1
310000,40,0,0,12295,2000,0.0397,0
90000,36,0,0,24489,1527,0.2721,0
200000,43,0,0,145901,5216,0.7295,0
360000,30,0,0,10821,5586,0.0301,0
350000,29,0,0,16476,5000,0.0471,0
20000,34,0,3,14950,2065,0.7475,0
260000,37,0,0,5275,0,0.0203,0
110000,42,0,0,108227,4200,0.9839,1
140000,32,0,1,90590,8000,0.6471,0
310000,34,0,0,263685,8000,0.8506,0
170000,40,0,3,148211,5400,0.8718,0
80000,30,0,4,76539,3510,0.9567,0
410000,46,0,0,5135,2916,0.0125,0
130000,38,0,1,16657,1500,0.1281,0
260000,39,0,0,5992,1116,0.023,0
500000,40,0,0,2594,1190,0.0052,0
160000,43,0,0,390,780,0.0024,0
180000,33,0,0,37565,3006,0.2087,0
70000,34,0,0,53972,1700,0.771,0
50000,35,0,0,1000,14300,0.02,0
90000,32,2,1,63632,3000,0.707,1
210000,32,0,0,137264,3664,0.6536,1
210000,31,2,1,195615,9234,0.9315,0
360000,32,0,0,942,3678,0.0026,0
280000,30,0,0,100740,5000,0.3598,0
160000,31,0,0,108179,3866,0.6761,0
200000,32,0,0,3254,1998,0.0163,0
50000,32,5,4,46750,0,0.935,0
400000,33,0,1,2487,4009,0.0062,1
210000,32,0,0,918,1146,0.0044,0
440000,33,0,0,2380,1750,0.0054,0
380000,34,0,0,4539,4131,0.0119,0
120000,33,0,0,8578,5502,0.0715,0
110000,33,0,0,47460,5000,0.4315,1
110000,34,1,4,53524,6600,0.4866,1
360000,34,0,0,6878,49190,0.0191,0
200000,47,0,0,202967,7208,1.0148,1
200000,36,0,0,175353,25001,0.8768,1
50000,35,0,0,50471,3000,1.0094,0
400000,38,0,0,23052,8025,0.0576,0
150000,41,0,1,1980,0,0.0132,0
430000,39,0,0,43970,50942,0.1023,0
170000,35,0,0,-21,0,-0.0001,0
300000,42,0,0,23742,10000,0.0791,0
500000,36,0,0,34639,10010,0.0693,0
230000,34,0,0,165090,6500,0.7178,0
50000,47,0,0,50593,1798,1.0119,0
50000,44,1,2,15323,0,0.3065,1
220000,35,1,1,0,0,0.0,0
500000,39,0,0,2082,803,0.0042,0
350000,38,1,3,70845,0,0.2024,0
200000,44,0,0,3983,4884,0.0199,0
30000,35,0,0,27224,2001,0.9075,0
180000,36,0,0,1321,590,0.0073,0
50000,42,2,3,8971,1000,0.1794,0
80000,44,0,0,1049,0,0.0131,0
270000,39,0,0,18221,3005,0.0675,0
310000,39,0,0,16577,1361,0.0535,0
450000,37,1,2,387192,0,0.8604,1
210000,40,2,5,151258,5000,0.7203,1
300000,39,0,0,127237,4100,0.4241,0
60000,38,0,1,72930,5000,1.2155,0
360000,36,0,0,415,0,0.0012,0
280000,34,1,1,0,0,0.0,0
150000,40,0,0,133013,4159,0.8868,1
260000,42,0,0,246,246,0.0009,0
150000,39,0,0,8766,5950,0.0584,0
180000,37,0,0,62140,5311,0.3452,0
120000,43,0,0,165,0,0.0014,0
200000,42,0,1,125722,12400,0.6286,0
130000,43,0,0,121816,6000,0.937,0
50000,35,1,3,45442,0,0.9088,0
430000,35,0,0,0,0,0.0,0
30000,30,0,0,30210,28000,1.007,1
60000,30,0,0,4419,1500,0.0736,1
180000,29,0,0,1430,1785,0.0079,0
360000,31,1,2,0,238,0.0,0
60000,31,0,0,53954,5000,0.8992,0
100000,31,0,0,3746,12077,0.0375,0
80000,48,0,0,74349,3400,0.9294,0
240000,34,0,1,30851,10000,0.1285,0
40000,35,0,0,0,2277,0.0,0
80000,35,0,0,77298,2515,0.9662,0
120000,48,2,1,360,360,0.003,1
280000,42,0,0,11847,10252,0.0423,0
210000,41,0,0,2361,652,0.0112,0
70000,38,0,0,48421,2006,0.6917,0
160000,37,2,4,63043,6079,0.394,1
260000,47,0,0,3469,1579,0.0133,0
100000,37,2,4,38604,0,0.386,1
80000,36,2,3,48751,2200,0.6094,1
140000,44,1,1,0,1384,0.0,0
100000,40,0,0,8853,0,0.0885,0
50000,37,0,0,29294,2000,0.5859,0
20000,35,2,4,15087,1600,0.7544,0
240000,35,0,0,188964,8000,0.7874,0
90000,44,0,0,16420,1300,0.1824,0
420000,38,0,0,293402,10433,0.6986,0
500000,33,0,0,134558,5185,0.2691,0
350000,33,0,0,6015,8797,0.0172,0
50000,43,0,0,39722,1700,0.7944,0
80000,40,0,0,1068,37200,0.0134,0
200000,42,1,1,0,0,0.0,0
240000,43,0,1,67120,2200,0.2797,0
30000,44,1,1,0,0,0.0,0
50000,39,0,0,31514,1710,0.6303,0
290000,46,0,0,31824,1529,0.1097,0
20000,38,0,0,17860,1400,0.893,0
330000,45,0,0,86916,3135,0.2634,0
10000,36,1,4,8803,2620,0.8803,1
370000,45,0,0,123485,10000,0.3337,0
80000,43,0,0,84437,3093,1.0555,0
340000,40,0,0,147943,5169,0.4351,0
500000,31,1,1,0,0,0.0,1
460000,49,0,0,293429,13200,0.6379,0
50000,43,0,0,46594,1768,0.9319,1
160000,44,0,0,151394,5500,0.9462,0
80000,47,2,4,68250,6325,0.8531,1
210000,48,0,0,200822,11477,0.9563,0
30000,35,0,0,28486,2000,0.9495,0
30000,37,0,0,31404,1500,1.0468,1
410000,38,0,0,499,0,0.0012,0
260000,35,0,0,493411,12325,1.8977,1
50000,40,0,0,50536,1200,1.0107,0
360000,37,0,0,1090,303,0.003,0
50000,49,0,0,48584,2000,0.9717,0
220000,40,0,2,1208,0,0.0055,0
30000,50,2,2,53237,0,1.7746,1
230000,50,1,2,23674,0,0.1029,1
20000,50,1,6,18378,0,0.9189,0
500000,45,0,0,102690,15599,0.2054,0
50000,34,0,2,33499,3800,0.67,0
440000,49,0,0,942,2002,0.0021,0
140000,50,0,0,83957,5000,0.5997,0
480000,49,0,0,63701,0,0.1327,0
20000,53,0,0,17053,2219,0.8526,1
170000,52,3,3,2184,0,0.0128,0
260000,54,0,0,212197,7534,0.8161,0
140000,50,0,1,780,0,0.0056,1
100000,49,0,0,33333,0,0.3333,0
220000,65,0,0,1193,1525,0.0054,0
160000,61,0,0,390,390,0.0024,0
20000,50,0,0,17020,1000,0.851,0
210000,50,0,0,4137,390,0.0197,1
60000,50,0,0,1400,373,0.0233,0
190000,50,2,6,36137,1900,0.1902,1
500000,51,0,0,79461,3000,0.1589,0
20000,50,0,1,8639,2000,0.432,0
460000,51,1,2,179442,4,0.3901,0
460000,61,0,0,10643,1600,0.0231,0
300000,56,0,0,282506,20024,0.9417,0
490000,57,0,0,59056,2153,0.1205,0
90000,58,0,0,93737,3600,1.0415,0
70000,55,2,6,20205,3000,0.2886,1
20000,55,0,0,16734,1300,0.8367,1
20000,61,0,1,1480,0,0.074,0
10000,61,0,0,7700,1293,0.77,1
420000,53,0,0,1936,3489,0.0046,0
200000,54,0,0,10755,10120,0.0538,0
500000,58,0,0,201013,8366,0.402,0
150000,55,0,0,142904,5200,0.9527,0
50000,58,0,0,46190,2000,0.9238,0
180000,63,0,0,47932,2087,0.2663,0
20000,52,0,2,13874,1238,0.6937,0
150000,52,2,5,131953,8100,0.8797,1
50000,60,1,2,52198,0,1.044,0
130000,54,0,0,129049,3000,0.9927,0
370000,52,0,0,242132,5600,0.6544,0
360000,58,0,0,30155,10541,0.0838,1
100000,54,0,2,37082,10000,0.3708,1
50000,54,0,0,75804,2785,1.5161,0
200000,61,0,0,3030,7007,0.0152,1
400000,53,0,0,15090,4004,0.0377,0
20000,56,0,0,17768,1600,0.8884,0
500000,55,3,6,4957,0,0.0099,1
20000,49,0,0,18260,1621,0.913,1
240000,50,0,0,236470,9560,0.9853,0
210000,52,0,0,5649,5425,0.0269,0
130000,54,0,0,89913,3300,0.6916,0
130000,49,0,0,20678,1610,0.1591,0
360000,49,0,1,4698,0,0.013,1
50000,55,0,0,11045,3115,0.2209,0
500000,54,0,1,10287,5084,0.0206,0
130000,54,2,1,98285,4300,0.756,0
20000,55,0,0,19978,1594,0.9989,1
480000,50,0,0,0,8389,0.0,0
240000,50,0,0,140233,4754,0.5843,0
60000,51,0,0,60114,1902,1.0019,0
450000,61,0,0,156875,11000,0.3486,1
350000,65,0,0,188,188,0.0005,0
130000,48,2,1,121409,6000,0.9339,1
240000,48,0,0,234984,9500,0.9791,0
50000,54,2,1,46431,1756,0.9286,0
60000,53,0,0,62038,1579,1.034,0
20000,50,0,0,17820,1435,0.891,0
30000,48,0,0,26846,1783,0.8949,0
400000,48,0,0,3173,4265,0.0079,0
400000,50,0,0,16241,1217,0.0406,0
200000,48,0,0,419,419,0.0021,0
260000,50,0,0,133208,6400,0.5123,0
30000,59,0,0,390,390,0.013,0
30000,52,0,0,14476,1129,0.4825,1
270000,54,0,0,931,31838,0.0034,0
260000,48,0,0,154927,8000,0.5959,0
210000,47,1,1,0,296,0.0,0
500000,51,1,3,231300,9838,0.4626,0
50000,49,0,0,48321,1839,0.9664,1
160000,53,0,0,205134,1800,1.2821,0
550000,53,0,0,201417,7110,0.3662,0
330000,54,0,0,0,41219,0.0,0
280000,60,0,2,495,4,0.0018,1
400000,66,0,0,279579,10700,0.6989,0
300000,55,0,0,127480,4810,0.4249,0
20000,56,0,0,20180,1500,1.009,0
280000,39,0,0,1585,6416,0.0057,0
400000,63,0,0,52332,42898,0.1308,0
230000,58,0,0,-11,0,-0.0,0
20000,53,0,0,13561,1105,0.678,1
50000,55,0,0,30900,0,0.618,1
480000,66,0,0,3820,4665,0.008,0
360000,50,1,1,4767,0,0.0132,0
110000,51,0,0,2132,1946,0.0194,0
150000,51,0,0,149640,6000,0.9976,0
50000,54,2,4,49264,2500,0.9853,1
200000,54,0,0,205150,0,1.0258,0
110000,49,0,0,106264,4400,0.966,0
100000,55,0,0,10712,8000,0.1071,0
20000,50,0,0,11462,1212,0.5731,0
30000,50,0,0,28796,1609,0.9599,0
230000,60,0,0,131550,6057,0.572,0
50000,50,2,1,8917,1468,0.1783,1
30000,53,0,0,24181,3000,0.806,0
50000,55,0,0,1344,1200,0.0269,0
130000,51,0,0,124626,4500,0.9587,0
50000,57,0,0,46540,2770,0.9308,0
360000,58,0,2,1,1001,0.0,1
50000,56,0,0,28358,1416,0.5672,0
150000,54,0,0,4015,501,0.0268,1
240000,56,0,0,390,390,0.0016,0
500000,51,0,0,8030,13156,0.0161,0
170000,61,0,0,167535,6000,0.9855,0
350000,50,0,0,93676,3240,0.2676,0
160000,51,2,3,150,1230,0.0009,1
220000,50,0,2,0,200,0.0,0
500000,53,0,0,431243,11000,0.8625,0
460000,51,0,0,1637,0,0.0036,0
50000,50,0,1,780,0,0.0156,0
740000,50,0,0,321279,13000,0.4342,0
50000,50,0,0,7056,2840,0.1411,0
290000,51,0,0,225478,10026,0.7775,0
320000,57,0,0,234704,11000,0.7335,0
420000,52,0,0,11097,16106,0.0264,0
500000,50,0,0,339,2744,0.0007,0
450000,52,0,0,388009,15000,0.8622,0
120000,54,0,0,0,0,0.0,0
80000,56,0,0,65186,2800,0.8148,0
250000,56,0,0,6297,8657,0.0252,0
180000,75,1,1,0,0,0.0,1
260000,52,1,1,0,0,0.0,0
20000,52,0,0,1912,2768,0.0956,0
220000,63,0,0,1293,496,0.0059,0
90000,61,0,0,46441,1762,0.516,0
210000,75,0,0,205601,9700,0.9791,0
300000,72,0,1,4984,756,0.0166,0
30000,56,1,6,30826,0,1.0275,1
90000,55,0,0,15019,5000,0.1669,0
300000,56,0,0,0,0,0.0,1
500000,54,2,3,518950,39000,1.0379,1
170000,37,0,0,1499,53705,0.0088,0
150000,28,0,0,100623,4700,0.6708,0
360000,25,0,0,20952,12590,0.0582,0
70000,46,0,0,70349,2600,1.005,0
350000,33,0,0,6016,4348,0.0172,0
50000,27,0,0,29875,4506,0.5975,0
50000,27,1,6,20293,2000,0.4059,1
70000,26,2,3,71862,3500,1.0266,1
30000,24,1,6,29654,0,0.9885,0
30000,23,0,0,26117,1737,0.8706,0
260000,37,1,1,0,312,0.0,0
30000,22,1,5,22623,10,0.7541,1
240000,34,0,0,0,2712,0.0,0
80000,29,2,6,41355,0,0.5169,1
40000,27,0,0,9663,1200,0.2416,0
130000,30,2,4,9123,0,0.0702,1
60000,41,0,0,56309,3000,0.9385,0
250000,28,0,0,500,3344,0.002,0
60000,25,0,0,50791,1832,0.8465,0
390000,27,1,1,0,0,0.0,0
110000,29,1,2,23258,0,0.2114,0
30000,22,0,1,27219,3600,0.9073,0
50000,23,0,4,44027,8800,0.8805,0
10000,21,0,1,8126,1668,0.8126,0
50000,22,0,0,8000,1118,0.16,0
80000,22,1,1,0,2388,0.0,0
30000,21,0,0,28640,1400,0.9547,0
30000,21,1,2,33300,0,1.11,1
50000,22,1,6,44531,7178,0.8906,0
50000,22,2,4,50583,2300,1.0117,0
50000,22,1,4,20065,1600,0.4013,0
10000,22,0,0,7302,1330,0.7302,0
50000,23,0,0,32789,1500,0.6558,0
50000,23,1,3,7181,0,0.1436,0
10000,22,0,0,7828,1009,0.7828,0
10000,21,2,1,9917,1400,0.9917,1
70000,22,0,0,66007,2057,0.943,0
20000,22,0,0,17377,1360,0.8688,0
30000,22,2,5,26243,0,0.8748,0
30000,22,0,0,22271,1379,0.7424,0
50000,23,0,0,29496,1503,0.5899,0
100000,22,0,0,100192,3000,1.0019,0
30000,23,0,0,22756,5000,0.7585,0
20000,22,0,4,4400,4500,0.22,1
50000,23,2,6,44609,1000,0.8922,1
30000,25,4,6,37695,0,1.2565,0
30000,23,2,1,27216,3003,0.9072,1
30000,23,0,0,23237,10000,0.7746,0
20000,23,1,2,16674,22362,0.8337,0
30000,23,2,6,12376,1600,0.4125,1
50000,23,0,0,39787,1600,0.7957,0
80000,23,0,0,54600,3300,0.6825,0
30000,24,1,1,-5,570,-0.0002,0
10000,22,2,1,7568,1300,0.7568,0
30000,23,0,0,20059,1641,0.6686,1
20000,24,0,0,1908,1405,0.0954,0
30000,22,0,0,3118,2414,0.1039,0
120000,23,0,0,117035,6000,0.9753,0
30000,23,0,0,20340,1400,0.678,0
110000,23,0,0,541,541,0.0049,0
30000,23,0,1,11284,1503,0.3761,0
80000,23,0,0,51980,6670,0.6498,0
20000,23,0,0,17849,2000,0.8924,0
170000,23,0,0,28615,1446,0.1683,0
120000,24,0,0,11245,1500,0.0937,0
30000,23,0,1,1434,6021,0.0478,0
50000,23,0,0,49711,2019,0.9942,0
200000,29,1,1,0,0,0.0,0
30000,23,0,0,14544,1300,0.4848,1
90000,23,0,0,11333,4234,0.1259,0
50000,24,0,0,53159,2000,1.0632,0
50000,23,0,0,40111,2252,0.8022,0
150000,24,1,2,65542,0,0.4369,0
10000,24,1,4,6779,0,0.6779,0
130000,24,0,0,114466,4600,0.8805,1
70000,23,0,0,312,1837,0.0045,0
40000,23,0,5,14310,0,0.3578,0
200000,24,0,0,52143,1910,0.2607,0
110000,25,1,2,113385,3900,1.0308,0
80000,25,0,4,26855,2386,0.3357,0
90000,24,0,0,53173,1324,0.5908,0
30000,24,0,0,27170,2500,0.9057,0
20000,22,0,0,16063,1565,0.8032,0
30000,24,0,0,21540,1358,0.718,0
230000,24,0,0,1993,2360,0.0087,1
50000,24,0,0,1572,1572,0.0314,0
80000,25,0,3,36841,3900,0.4605,1
130000,25,0,0,128976,7100,0.9921,0
150000,25,0,2,2784,0,0.0186,1
80000,25,0,0,3377,3377,0.0422,0
140000,26,0,1,131335,5864,0.9381,0
150000,26,0,0,38580,2000,0.2572,0
50000,24,0,0,50870,1985,1.0174,0
80000,26,0,0,62536,3000,0.7817,0
130000,25,0,1,45134,9000,0.3472,0
40000,26,0,0,1216,776,0.0304,0
140000,24,2,3,38661,5000,0.2762,1
30000,25,0,0,640,30013,0.0213,0
500000,25,0,0,37797,3050,0.0756,0
270000,25,0,0,38525,2000,0.1427,0
60000,23,1,2,59866,0,0.9978,0
120000,23,3,6,1250,0,0.0104,0
130000,24,0,0,35871,1900,0.2759,0
30000,25,1,3,30937,2500,1.0312,0
290000,25,0,0,57445,2000,0.1981,0
30000,24,2,2,23905,0,0.7968,1
50000,26,0,0,50952,2700,1.019,0
210000,25,0,0,118408,8600,0.5638,1
30000,23,2,1,25366,2000,0.8455,1
60000,23,0,1,22241,2000,0.3707,0
50000,23,2,1,32847,1941,0.6569,1
80000,23,0,0,740,9052,0.0092,0
50000,24,2,6,41500,0,0.83,1
90000,23,1,3,39772,0,0.4419,0
50000,23,1,2,-69,7790,-0.0014,1
50000,23,2,1,49316,4044,0.9863,1
20000,23,0,0,13291,1600,0.6646,0
150000,23,0,0,167317,10000,1.1154,0
110000,24,0,0,98843,3200,0.8986,0
140000,24,0,0,22732,6624,0.1624,0
30000,25,0,0,30523,2000,1.0174,0
120000,25,0,0,52109,1565,0.4342,0
80000,25,0,0,77440,3500,0.968,0
80000,26,0,0,42933,1000,0.5367,0
80000,25,0,0,80115,75004,1.0014,0
50000,25,0,0,7444,326,0.1489,0
30000,22,0,0,29449,1402,0.9816,0
80000,22,0,0,23023,2100,0.2878,0
30000,23,0,0,28767,1749,0.9589,1
50000,23,0,0,13385,1200,0.2677,0
170000,27,0,0,41977,1650,0.2469,0
80000,27,0,0,54184,1500,0.6773,1
210000,26,0,0,15599,1059,0.0743,0
160000,26,1,3,100364,0,0.6273,0
150000,26,0,0,242,3180,0.0016,0
70000,24,0,0,69039,3000,0.9863,0
60000,23,2,1,60406,2055,1.0068,0
50000,22,0,0,45417,2000,0.9083,0
140000,26,2,6,118425,6000,0.8459,1
80000,26,2,1,78768,3500,0.9846,0
80000,26,0,0,40216,1400,0.5027,0
60000,26,0,0,36604,1765,0.6101,0
200000,27,0,0,86192,15186,0.431,0
100000,27,0,0,19164,5000,0.1916,0
100000,26,0,0,81463,4000,0.8146,0
80000,26,0,0,77760,3100,0.972,1
70000,22,0,0,72473,3500,1.0353,0
80000,24,0,0,19167,3000,0.2396,0
60000,24,0,0,50840,2100,0.8473,0
80000,24,0,0,72383,3500,0.9048,0
50000,24,0,0,48700,2401,0.974,0
80000,24,2,1,79434,3100,0.9929,1
30000,23,0,0,24607,1700,0.8202,0
50000,25,0,0,9162,1500,0.1832,0
80000,25,0,0,88786,3200,1.1098,0
20000,21,0,1,14326,1252,0.7163,0
80000,25,0,0,79029,4000,0.9879,0
100000,25,0,0,90976,4000,0.9098,0
30000,25,1,3,14717,0,0.4906,1
200000,25,0,0,183516,6700,0.9176,0
60000,25,0,0,34992,2000,0.5832,1
170000,24,0,0,44544,2000,0.262,0
20000,24,0,1,15451,1600,0.7726,1
230000,25,0,0,35101,5000,0.1526,0
50000,25,3,2,66881,0,1.3376,0
90000,25,0,1,103541,5000,1.1505,1
70000,25,0,0,5328,212,0.0761,0
50000,25,0,0,44984,3000,0.8997,0
120000,26,0,0,34183,1700,0.2849,0
50000,26,2,6,33457,1900,0.6691,1
380000,27,0,0,0,292,0.0,0
140000,27,1,1,0,2051,0.0,1
200000,27,0,0,157768,6000,0.7888,0
60000,26,0,0,23911,1668,0.3985,0
80000,25,0,0,80804,3000,1.01,0
270000,28,0,0,70587,3015,0.2614,0
150000,28,0,0,25639,2000,0.1709,0
260000,27,0,0,106164,3834,0.4083,0
200000,27,0,0,185143,7000,0.9257,0
90000,27,0,0,61799,2400,0.6867,0
200000,29,1,3,57982,0,0.2899,0
200000,29,0,0,326,326,0.0016,0
30000,25,0,4,23657,3300,0.7886,1
180000,27,0,0,101395,5000,0.5633,0
30000,28,0,0,8704,1300,0.2901,0
520000,28,0,0,34167,40054,0.0657,0
80000,28,0,0,1646,4830,0.0206,0
120000,28,0,0,57863,5000,0.4822,0
360000,27,0,0,660,663,0.0018,0
50000,27,0,0,44402,2000,0.888,0
200000,27,0,0,108422,3900,0.5421,0
30000,24,0,0,23729,10000,0.791,1
50000,24,0,1,16691,3500,0.3338,0
80000,25,0,0,4932,2638,0.0616,0
50000,25,0,0,40114,1000,0.8023,0
120000,26,0,0,1682,1929,0.014,0
210000,27,1,1,0,0,0.0,0
80000,22,0,0,76405,2780,0.9551,0
50000,25,0,0,48408,1774,0.9682,0
300000,25,0,0,1800,1800,0.006,0
100000,26,0,1,2405,1214,0.024,0
80000,26,0,0,390,390,0.0049,1
130000,26,0,0,1094,1293,0.0084,0
80000,27,0,0,20540,1985,0.2568,0
160000,27,1,1,0,11700,0.0,1
130000,27,0,0,128137,4000,0.9857,0
30000,23,0,2,6630,3842,0.221,0
50000,23,0,0,9861,1000,0.1972,0
20000,22,0,0,19583,1300,0.9792,0
140000,23,0,0,21001,4000,0.15,0
180000,25,0,0,62798,1867,0.3489,0
400000,26,0,0,18256,1300,0.0456,0
260000,26,0,0,28,288,0.0001,0
260000,26,0,0,264249,9800,1.0163,0
180000,26,0,0,2406,2410,0.0134,0
160000,27,1,1,0,0,0.0,0
20000,25,2,4,17496,0,0.8748,0
30000,25,0,0,28848,2000,0.9616,0
250000,25,0,0,13358,6000,0.0534,0
80000,25,0,0,40764,2000,0.5095,0
90000,24,0,0,77860,3292,0.8651,0
50000,28,0,0,0,0,0.0,0
210000,27,0,1,39397,2000,0.1876,0
200000,27,0,0,8666,1224,0.0433,0
320000,28,0,0,10668,44462,0.0333,0
200000,32,0,0,14202,0,0.071,0
80000,27,1,5,3970,0,0.0496,1
140000,26,0,0,33236,1785,0.2374,0
80000,27,0,0,78178,3437,0.9772,0
200000,29,0,0,11347,25000,0.0567,0
230000,30,0,1,2374,0,0.0103,1
230000,28,0,0,231591,4650,1.0069,0
20000,26,0,0,13548,1605,0.6774,0
90000,27,0,0,91367,2121,1.0152,0
130000,26,2,4,5169,1300,0.0398,1
320000,29,0,0,5118,6783,0.016,0
30000,29,2,2,36328,0,1.2109,0
240000,29,2,2,32870,2000,0.137,1
360000,29,0,0,885,10553,0.0025,0
30000,28,0,0,13568,3166,0.4523,0
240000,28,2,3,242837,10000,1.0118,1
320000,28,0,0,0,0,0.0,0
410000,28,0,0,210866,2444,0.5143,0
220000,29,0,1,43596,6000,0.1982,0
240000,26,0,0,0,0,0.0,0
200000,26,0,0,2232,3967,0.0112,0
80000,25,0,0,72732,3201,0.9092,0
20000,25,0,0,17977,2000,0.8988,0
20000,24,0,0,4687,15000,0.2344,0
300000,26,0,0,1121,699,0.0037,0
340000,26,1,5,17211,2637,0.0506,0
300000,27,0,0,15024,1200,0.0501,0
350000,26,0,0,0,0,0.0,0
20000,24,2,1,18466,1500,0.9233,1
90000,24,0,0,69542,2366,0.7727,0
80000,27,0,0,77039,2984,0.963,1
20000,28,0,0,6064,1120,0.3032,0
240000,28,0,0,203850,7500,0.8494,0
150000,27,0,2,942,0,0.0063,1
100000,27,0,0,40576,1977,0.4058,1
150000,24,1,1,-122,16924,-0.0008,0
50000,27,0,0,45190,5277,0.9038,0
260000,27,0,0,109588,5000,0.4215,0
140000,27,0,0,128656,6000,0.919,0
30000,24,0,0,25616,31348,0.8539,0
90000,23,0,0,11989,7000,0.1332,0
50000,23,0,0,5215,1106,0.1043,1
230000,31,0,0,10190,49777,0.0443,0
70000,30,2,6,55352,2600,0.7907,1
300000,30,0,0,53377,2500,0.1779,0
300000,27,0,0,4850,42198,0.0162,0
110000,29,0,0,105102,5289,0.9555,1
30000,27,0,0,4512,2205,0.1504,0
20000,27,2,2,17311,0,0.8656,1
30000,22,0,0,846,3173,0.0282,0
350000,31,0,0,49184,20738,0.1405,0
200000,30,0,0,10225,9468,0.0511,0
200000,31,0,0,10742,165,0.0537,0
50000,26,0,0,41891,1781,0.8378,0
100000,26,2,2,88728,0,0.8873,1
140000,26,0,0,22844,1119,0.1632,0
50000,22,0,2,46476,2000,0.9295,0
50000,22,0,0,38393,2000,0.7679,0
160000,27,0,2,97375,20000,0.6086,0
170000,28,0,0,30860,304815,0.1815,0
160000,28,0,0,40854,1676,0.2553,0
100000,28,3,6,1250,0,0.0125,0
100000,29,0,0,94378,6000,0.9438,0
200000,23,0,0,61650,0,0.3083,1
360000,27,0,0,297275,20000,0.8258,0
160000,27,0,0,159460,10000,0.9966,0
500000,30,0,0,137243,5000,0.2745,0
50000,30,0,0,45977,1823,0.9195,0
90000,25,0,1,86830,9000,0.9648,0
300000,25,0,0,780,390,0.0026,0
120000,28,0,0,50477,3500,0.4206,1
300000,28,0,0,14033,6520,0.0468,1
500000,28,0,0,19543,5110,0.0391,0
50000,28,0,0,15314,1269,0.3063,0
20000,26,0,0,18141,1600,0.907,0
240000,27,0,0,118175,0,0.4924,0
210000,27,0,0,46066,1951,0.2194,0
50000,24,1,1,-1037,0,-0.0207,0
50000,25,0,0,42684,2000,0.8537,0
60000,25,0,0,1507,0,0.0251,0
310000,28,0,0,311380,11264,1.0045,0
140000,28,0,3,47547,9532,0.3396,1
320000,27,0,0,1175,0,0.0037,0
90000,27,0,0,20461,1649,0.2273,0
280000,27,0,0,280913,11052,1.0033,0
80000,25,0,0,3525,1654,0.0441,1
170000,25,0,0,170950,6014,1.0056,0
240000,30,1,2,0,0,0.0,1
30000,23,2,1,25665,1433,0.8555,1
120000,24,0,0,69725,3008,0.581,0
50000,23,0,0,48424,1500,0.9685,0
10000,23,0,0,6969,1300,0.6969,0
80000,24,0,0,56222,2000,0.7028,0
170000,28,0,1,42062,2000,0.2474,0
360000,28,0,0,-307,0,-0.0009,1
110000,33,2,6,24178,1700,0.2198,1
210000,34,0,0,14724,2000,0.0701,0
150000,34,0,0,83000,5000,0.5533,0
200000,34,0,0,17822,19855,0.0891,0
140000,26,0,1,271896,14000,1.9421,1
80000,27,0,0,45198,2000,0.565,1
240000,24,0,0,136760,90000,0.5698,0
50000,29,0,0,48529,3000,0.9706,0
80000,28,0,0,39663,1664,0.4958,0
70000,24,0,0,47663,1000,0.6809,0
50000,24,0,0,3258,0,0.0652,0
180000,28,0,0,6396,7000,0.0355,0
110000,29,0,1,107336,5320,0.9758,0
300000,29,0,0,321155,11369,1.0705,1
210000,29,0,0,43933,2000,0.2092,0
200000,29,0,0,7298,1000,0.0365,0
100000,28,1,1,0,0,0.0,1
70000,31,2,1,68174,3200,0.9739,1
250000,31,0,0,67492,3500,0.27,0
600000,31,0,0,-84,700,-0.0001,0
320000,31,0,0,2437,1100,0.0076,0
180000,31,0,0,180754,3085,1.0042,0
110000,27,0,0,69970,4009,0.6361,0
20000,22,1,2,18761,0,0.938,0
60000,22,0,0,4049,1815,0.0675,0
320000,30,0,0,3690,3720,0.0115,0
320000,29,0,0,42596,1955,0.1331,0
110000,29,0,0,113003,5837,1.0273,0
80000,28,0,0,71834,3200,0.8979,0
500000,29,0,0,110651,3005,0.2213,0
190000,31,0,0,1568,87,0.0083,0
80000,27,0,0,23424,5000,0.2928,0
90000,29,0,0,4034,10400,0.0448,0
140000,29,0,1,177535,14500,1.2681,0
200000,31,1,1,0,896,0.0,0
250000,31,0,0,2198,7404,0.0088,0
260000,32,1,1,0,0,0.0,0
220000,28,0,0,3700,0,0.0168,1
110000,29,0,0,50268,1400,0.457,0
210000,27,0,0,83381,3100,0.3971,0
380000,30,0,0,295618,13437,0.7779,0
120000,26,1,1,-93,1029,-0.0008,0
60000,25,0,0,56136,2100,0.9356,0
100000,24,3,6,81601,0,0.816,1
20000,24,0,0,19167,1585,0.9584,0
30000,25,0,0,19309,1325,0.6436,1
50000,26,0,0,48338,3008,0.9668,0
200000,26,0,2,71574,5000,0.3579,1
210000,25,0,0,390,390,0.0019,0
240000,25,0,0,0,0,0.0,0
150000,33,0,0,9516,1100,0.0634,0
330000,34,0,0,4577,8400,0.0139,0
280000,34,0,1,38,34163,0.0001,0
210000,33,1,1,0,0,0.0,0
400000,34,0,0,10000,10000,0.025,0
200000,33,0,0,147178,7300,0.7359,0
60000,32,0,0,59738,2700,0.9956,0
50000,34,0,0,2791,2000,0.0558,0
360000,31,0,0,304,8288,0.0008,0
300000,31,0,0,1555,1603,0.0052,0
10000,33,0,2,-216,3000,-0.0216,0
420000,32,0,0,8871,358,0.0211,0
220000,32,0,0,209259,7000,0.9512,0
130000,34,2,6,28967,2500,0.2228,1
200000,34,0,0,0,0,0.0,0
50000,33,2,6,31652,3400,0.633,0
300000,33,0,0,248832,11000,0.8294,0
120000,44,0,0,390,0,0.0032,1
360000,35,0,0,1475,14200,0.0041,0
50000,35,1,1,0,0,0.0,0
230000,37,1,2,-152,0,-0.0007,0
50000,37,0,0,48596,2152,0.9719,0
30000,38,0,0,28751,2588,0.9584,0
150000,45,2,3,179441,7333,1.1963,1
70000,44,0,0,9195,1041,0.1314,0
320000,35,0,0,44566,2054,0.1393,0
330000,41,1,1,0,0,0.0,1
120000,37,0,0,106469,5400,0.8872,0
360000,36,0,0,13686,1992,0.038,0
30000,40,1,2,29002,0,0.9667,0
150000,39,0,0,60115,1662,0.4008,0
30000,49,2,6,17667,1500,0.5889,1
150000,46,0,0,77066,2094,0.5138,0
470000,37,0,0,12572,5305,0.0267,0
410000,42,0,0,407873,18026,0.9948,0
390000,43,1,1,0,0,0.0,1
320000,37,0,0,202442,8211,0.6326,0
450000,40,0,0,10815,4000,0.024,0
70000,42,1,2,70803,10,1.0115,0
50000,44,0,0,5358,1109,0.1072,0
100000,46,0,2,80402,8000,0.804,0
110000,28,0,0,91286,8080,0.8299,0
280000,28,0,0,119587,4411,0.4271,0
500000,28,0,0,302089,10049,0.6042,0
360000,30,0,0,146277,6029,0.4063,0
180000,30,0,2,2759,13,0.0153,0
480000,31,0,0,241989,9960,0.5041,0
450000,39,0,0,3664,4595,0.0081,0
80000,26,0,0,76157,5000,0.952,0
290000,25,0,0,78719,2510,0.2714,0
500000,27,0,0,195140,11613,0.3903,0
200000,37,0,0,9212,0,0.0461,0
130000,43,2,6,19690,0,0.1515,1
360000,34,0,0,282674,12200,0.7852,0
300000,34,0,0,59900,3500,0.1997,0
70000,41,0,0,72593,4000,1.037,1
80000,44,0,0,817,1131,0.0102,0
30000,36,2,3,23338,3120,0.7779,1
280000,30,0,0,237345,12873,0.8477,0
210000,46,0,0,46743,5000,0.2226,0
80000,41,0,0,59184,2665,0.7398,0
260000,37,0,0,3821,1316,0.0147,0
120000,36,0,0,9826,1181,0.0819,1
150000,32,2,2,35099,1887,0.234,0
180000,31,1,2,0,200,0.0,0
140000,34,0,0,56702,3000,0.405,0
370000,34,0,0,104114,210000,0.2814,0
30000,35,2,6,27223,0,0.9074,1
160000,33,0,0,140122,6500,0.8758,0
60000,33,0,1,4260,780,0.071,1
230000,34,2,6,186163,9000,0.8094,1
80000,37,0,0,69767,5000,0.8721,0
360000,37,0,2,5748,0,0.016,0
130000,42,2,3,130623,6400,1.0048,1
500000,35,0,0,2398,4583,0.0048,0
360000,47,0,0,93431,3389,0.2595,0
120000,38,0,0,118016,5720,0.9835,0
150000,36,0,0,80321,3052,0.5355,0
120000,37,0,0,18486,0,0.154,0
190000,35,0,1,111776,21238,0.5883,0
230000,43,0,0,416,1099,0.0018,0
50000,43,0,0,45807,1800,0.9161,0
20000,45,0,0,390,350,0.0195,0
100000,38,0,0,16618,13514,0.1662,0
200000,40,0,0,225480,7263,1.1274,0
160000,38,0,0,133017,7008,0.8314,0
160000,32,0,0,162,0,0.001,0
50000,39,2,5,31063,1800,0.6213,1
100000,26,1,1,0,632,0.0,0
420000,44,1,2,35545,6,0.0846,0
500000,38,0,0,250,1384,0.0005,0
360000,41,0,0,0,0,0.0,1
190000,28,0,0,0,2278,0.0,0
120000,32,0,0,40420,0,0.3368,0
300000,33,0,0,16260,1500,0.0542,0
50000,31,0,0,44325,3000,0.8865,0
290000,29,0,0,98709,10000,0.3404,0
240000,29,0,0,92076,5006,0.3836,0
120000,28,0,0,103676,3283,0.864,0
150000,30,0,0,146432,5301,0.9762,0
270000,31,0,0,173,2254,0.0006,0
310000,31,0,0,9108,24485,0.0294,0
20000,42,0,1,6336,1125,0.3168,1
70000,29,0,0,66330,3049,0.9476,0
290000,29,0,0,20593,2002,0.071,0
120000,38,0,2,652,0,0.0054,0
140000,48,0,0,143650,0,1.0261,0
220000,43,0,0,64792,2344,0.2945,0
240000,28,0,0,192551,100050,0.8023,0
320000,30,0,0,91029,5005,0.2845,0
50000,30,0,1,25422,1450,0.5084,1
100000,30,0,0,43717,3000,0.4372,0
70000,30,2,4,14232,1700,0.2033,1
230000,30,0,0,64062,5000,0.2785,0
120000,30,0,2,5713,0,0.0476,0
350000,31,0,0,314747,15000,0.8993,0
70000,34,2,6,43357,2000,0.6194,1
50000,31,0,0,39072,1914,0.7814,0
150000,32,0,0,1999,3769,0.0133,0
410000,34,0,0,2347,4252,0.0057,0
410000,34,0,0,43719,2626,0.1066,0
400000,35,0,0,4238,5000,0.0106,0
50000,34,0,0,26149,2000,0.523,0
390000,39,0,0,40439,2013,0.1037,0
360000,36,0,0,4279,9398,0.0119,0
30000,36,0,0,326,326,0.0109,0
300000,42,0,0,-904,2000,-0.003,0
170000,44,0,0,754,0,0.0044,0
40000,44,2,6,35515,1550,0.8879,1
430000,38,0,0,41092,3000,0.0956,0
130000,47,0,0,2317,3000,0.0178,1
450000,42,0,0,7669,7272,0.017,0
90000,29,0,0,91643,3338,1.0183,0
190000,43,0,0,1675,4873,0.0088,0
210000,38,0,0,13744,5000,0.0654,0
20000,43,0,0,16510,1558,0.8255,1
200000,36,1,1,0,0,0.0,0
160000,29,0,0,0,368,0.0,0
220000,30,0,1,152514,7149,0.6932,0
230000,31,0,0,2274,7398,0.0099,0
290000,32,0,0,1485,299,0.0051,0
360000,33,0,0,20376,1500,0.0566,0
160000,33,0,0,9765,2836,0.061,0
240000,34,0,0,0,0,0.0,0
260000,35,0,0,4539,10417,0.0175,0
100000,34,0,0,14815,2010,0.1482,0
70000,42,0,0,22068,29500,0.3153,0
170000,25,0,1,57198,3200,0.3365,0
40000,26,0,0,28991,1300,0.7248,0
80000,47,0,0,78849,1433,0.9856,0
30000,25,0,0,29668,1500,0.9889,0
140000,25,1,1,-74,0,-0.0005,1
230000,27,0,0,24739,2000,0.1076,0
200000,39,0,0,35465,1600,0.1773,0
400000,35,0,0,4689,10097,0.0117,0
170000,38,0,1,136768,5000,0.8045,0
270000,43,0,0,2769,0,0.0103,0
30000,39,0,0,4042,5327,0.1347,0
200000,46,0,0,0,0,0.0,0
280000,31,2,1,103,168,0.0004,0
420000,32,0,0,476396,16007,1.1343,0
30000,43,2,1,30346,1702,1.0115,1
180000,41,0,0,110856,5000,0.6159,0
290000,31,0,0,284583,10000,0.9813,0
20000,32,0,1,11389,1500,0.5694,0
500000,38,0,0,-40,0,-0.0001,0
340000,42,0,0,226644,8000,0.6666,0
270000,39,0,0,85827,3000,0.3179,0
150000,41,1,1,-1203,51772,-0.008,0
40000,33,0,1,1860,2279,0.0465,0
360000,34,0,0,6276,16142,0.0174,0
500000,34,0,0,144774,20053,0.2895,0
280000,47,0,0,12477,13987,0.0446,0
50000,43,0,0,43051,1500,0.861,0
330000,42,0,0,565,20650,0.0017,1
360000,46,0,0,15219,26796,0.0423,0
340000,40,0,0,194380,7000,0.5717,0
500000,26,0,0,1419,1293,0.0028,0
270000,34,0,1,67544,4025,0.2502,0
120000,40,0,0,102400,7500,0.8533,0
140000,39,0,0,567,1498,0.004,0
200000,27,0,0,6369,5830,0.0318,0
50000,45,0,0,20080,1317,0.4016,0
220000,28,0,0,55477,3000,0.2522,0
80000,43,0,0,80958,1556,1.012,0
200000,45,0,0,399,2430,0.002,0
20000,29,1,1,0,2494,0.0,0
260000,29,2,2,792,0,0.003,1
430000,29,0,0,111409,6000,0.2591,0
360000,39,0,0,21421,31110,0.0595,0
500000,30,0,0,16558,11075,0.0331,0
50000,45,1,2,49768,0,0.9954,0
50000,47,0,0,46170,1755,0.9234,0
360000,35,0,0,-3,0,-0.0,0
10000,36,0,0,3671,1500,0.3671,0
220000,32,1,1,0,4048,0.0,0
110000,33,0,0,103195,5200,0.9381,1
290000,34,0,0,284150,12000,0.9798,0
110000,35,0,0,28969,1500,0.2634,0
120000,40,1,1,-200,0,-0.0017,0
140000,46,0,0,82497,2978,0.5893,0
500000,38,0,0,242546,7000,0.4851,0
360000,45,0,0,3401,2655,0.0094,0
280000,44,0,0,390,0,0.0014,1
220000,38,0,0,22145,5575,0.1007,1
210000,30,0,0,158805,5404,0.7562,0
170000,38,0,0,822,0,0.0048,0
50000,23,0,0,15213,1300,0.3043,0
300000,34,2,2,74917,3028,0.2497,1
160000,30,0,0,2000,1000,0.0125,1
320000,26,1,5,303926,8100,0.9498,1
280000,37,0,0,199046,8200,0.7109,0
290000,31,0,0,41879,2000,0.1444,0
20000,41,0,1,19080,3000,0.954,0
80000,37,0,0,47751,215,0.5969,0
200000,47,1,1,0,0,0.0,0
270000,29,0,0,990,5850,0.0037,0
200000,46,0,0,10687,18031,0.0534,0
130000,39,0,0,125816,7166,0.9678,0
30000,35,2,2,25368,0,0.8456,1
60000,29,0,0,1033,2081,0.0172,0
180000,34,0,1,85129,5000,0.4729,1
90000,45,2,6,45820,2000,0.5091,1
430000,43,0,0,30000,28647,0.0698,0
30000,37,3,4,27672,2000,0.9224,1
190000,40,0,0,182923,8059,0.9628,1
240000,31,2,1,179483,8151,0.7478,1
240000,33,0,0,2193,0,0.0091,0
240000,38,0,2,32981,15000,0.1374,0
160000,41,1,1,0,1496,0.0,0
110000,28,0,1,96131,14000,0.8739,0
360000,30,0,0,13861,7884,0.0385,0
130000,43,0,0,126965,6739,0.9767,1
30000,38,0,2,2433,4000,0.0811,1
370000,30,0,0,17004,19254,0.046,0
120000,31,1,2,122806,15,1.0234,0
100000,31,1,1,0,0,0.0,0
80000,33,0,0,5833,0,0.0729,0
120000,30,0,0,101596,3706,0.8466,0
290000,33,0,0,149495,3721,0.5155,0
150000,35,0,0,145063,5000,0.9671,0
270000,28,0,0,322249,10000,1.1935,0
20000,29,0,0,17648,3000,0.8824,0
360000,31,0,0,-4,438,-0.0,1
320000,30,0,0,633,8226,0.002,0
260000,31,0,0,33142,2000,0.1275,0
320000,38,2,2,2500,0,0.0078,1
360000,32,0,0,272112,10130,0.7559,0
190000,40,0,0,991,991,0.0052,0
330000,31,0,0,132514,10000,0.4016,0
90000,33,0,1,27180,1405,0.302,1
240000,41,0,3,102488,6500,0.427,0
280000,30,0,0,8010,3375,0.0286,0
360000,31,0,0,19847,16059,0.0551,0
350000,33,0,0,82964,68940,0.237,1
420000,33,0,0,52018,10000,0.1239,0
280000,42,0,0,272190,9910,0.9721,0
70000,44,0,0,79346,2794,1.1335,0
140000,32,0,0,131540,5701,0.9396,0
60000,31,0,0,57092,3000,0.9515,0
110000,33,0,4,84880,8300,0.7716,0
300000,46,1,1,0,0,0.0,0
80000,41,0,0,78069,1576,0.9759,0
200000,32,0,0,10701,0,0.0535,0
450000,42,0,0,182,889,0.0004,0
140000,43,0,0,141036,4504,1.0074,0
150000,37,0,0,20224,24840,0.1348,0
80000,31,0,0,115293,2006,1.4412,0
200000,35,0,0,3023,3965,0.0151,0
360000,44,1,1,0,0,0.0,1
160000,37,0,1,45966,3900,0.2873,0
200000,33,0,0,9099,3775,0.0455,0
150000,35,0,0,3003,2698,0.02,0
50000,38,0,0,390,390,0.0078,0
360000,45,0,0,222505,8000,0.6181,0
500000,32,0,0,93174,45979,0.1863,0
220000,31,0,0,218796,5539,0.9945,0
220000,37,0,0,2662,1918,0.0121,0
80000,45,0,0,77995,2855,0.9749,0
200000,38,0,0,3000,3000,0.015,0
100000,38,2,6,37566,500,0.3757,1
260000,32,0,0,0,0,0.0,1
300000,37,0,0,-1244,6425,-0.0041,0
160000,44,0,0,390,0,0.0024,0
50000,35,0,0,50521,1649,1.0104,0
150000,38,0,3,3060,150,0.0204,0
70000,27,0,1,72227,6000,1.0318,0
80000,27,0,1,66203,3500,0.8275,0
100000,28,0,0,-177,0,-0.0018,0
150000,30,0,0,69955,1873,0.4664,0
340000,35,0,0,132,132,0.0004,0
210000,39,1,4,26624,0,0.1268,0
240000,28,0,0,5623,181,0.0234,0
250000,35,0,0,964,69032,0.0039,0
200000,38,0,0,15099,6370,0.0755,0
50000,36,0,1,47317,3000,0.9463,0
450000,35,0,0,7256,816,0.0161,0
200000,38,0,0,13311,1711,0.0666,0
350000,47,0,0,97500,3010,0.2786,1
200000,45,0,0,2377,221,0.0119,0
530000,44,0,0,562326,20010,1.061,1
60000,45,0,0,62396,1500,1.0399,0
280000,30,0,0,2946,3326,0.0105,0
210000,34,0,0,157907,50000,0.7519,0
210000,34,1,3,3824,0,0.0182,1
420000,46,0,0,254275,10004,0.6054,0
80000,45,0,0,2574,390,0.0322,0
170000,31,0,0,6832,0,0.0402,0
80000,35,0,0,48725,10000,0.6091,0
510000,38,0,0,95589,2000,0.1874,0
110000,31,0,0,109814,4665,0.9983,0
10000,31,0,0,10154,1400,1.0154,1
300000,32,0,0,-3,0,-0.0,0
60000,32,1,2,61291,0,1.0215,1
200000,33,0,0,194283,7520,0.9714,0
230000,35,0,0,7035,2969,0.0306,0
500000,45,0,0,0,0,0.0,0
50000,47,2,6,43439,2341,0.8688,1
280000,45,0,0,159633,7000,0.5701,0
170000,31,0,0,102477,5210,0.6028,0
60000,31,2,4,57880,0,0.9647,1
210000,32,1,3,0,92,0.0,1
70000,42,0,1,69362,6000,0.9909,1
300000,37,1,1,43459,26137,0.1449,0
330000,31,0,0,37426,5000,0.1134,0
200000,49,0,0,80528,4000,0.4026,0
170000,33,0,0,143805,10000,0.8459,0
20000,48,1,1,0,0,0.0,1
230000,45,0,0,416,416,0.0018,1
80000,27,0,0,80658,3800,1.0082,0
320000,32,0,0,1145,4135,0.0036,0
230000,35,0,0,160560,10012,0.6981,0
80000,38,0,0,390,390,0.0049,0
300000,32,0,0,0,0,0.0,1
100000,43,2,2,100304,0,1.003,1
370000,47,0,0,1289,2432,0.0035,0
200000,37,0,0,4037,3913,0.0202,0
130000,30,0,0,5002,2437,0.0385,0
50000,42,0,0,38516,1754,0.7703,0
300000,35,0,0,86574,3219,0.2886,0
500000,44,0,0,111937,4000,0.2239,0
140000,37,0,0,326,326,0.0023,1
20000,44,0,0,16231,1600,0.8116,0
270000,44,0,0,-1404,75000,-0.0052,0
150000,35,0,0,216793,4818,1.4453,0
70000,45,1,2,116630,0,1.6661,0
120000,46,0,0,28675,1500,0.239,0
20000,39,0,0,20885,2157,1.0442,0
260000,34,0,0,136914,7000,0.5266,0
160000,35,1,1,0,0,0.0,0
50000,45,0,0,48153,2000,0.9631,0
350000,39,1,1,0,0,0.0,0
510000,40,8,6,477094,0,0.9355,1
250000,38,0,0,6352,6790,0.0254,0
80000,36,1,1,4233,14233,0.0529,0
180000,33,0,0,4160,7817,0.0231,0
60000,39,1,2,58574,0,0.9762,1
170000,35,2,6,131909,4800,0.7759,1
200000,39,0,0,100239,81596,0.5012,0
210000,31,0,0,31808,9283,0.1515,1
200000,47,0,0,30177,2061,0.1509,0
200000,34,2,6,71817,3300,0.3591,1
200000,32,0,0,11191,6002,0.056,0
240000,29,0,0,21909,2420,0.0913,0
450000,34,0,0,3752,513,0.0083,0
80000,26,0,0,78872,2800,0.9859,0
430000,33,0,0,191520,8266,0.4454,0
30000,40,2,3,16457,3280,0.5486,1
290000,30,0,0,284054,10222,0.9795,0
40000,37,1,6,7613,0,0.1903,1
170000,37,0,0,155379,7000,0.914,0
130000,26,0,0,13700,10008,0.1054,0
360000,27,0,0,13102,5655,0.0364,0
360000,30,1,1,-16,1637,-0.0,0
180000,45,0,0,396,396,0.0022,0
210000,28,0,2,26770,2000,0.1275,0
260000,35,0,0,-7,0,-0.0,0
200000,33,1,1,-7082,21179,-0.0354,0
340000,31,0,0,112119,25000,0.3298,0
200000,37,0,0,3135,0,0.0157,0
360000,35,2,4,360996,16500,1.0028,1
90000,32,0,0,86076,3012,0.9564,0
40000,34,0,1,32052,3500,0.8013,0
500000,28,0,0,234957,8086,0.4699,0
240000,36,0,0,232031,8193,0.9668,0
440000,33,0,0,304,301,0.0007,0
50000,33,0,0,44052,2000,0.881,0
180000,28,1,3,172850,14400,0.9603,1
30000,35,0,0,25485,1447,0.8495,0
60000,29,0,0,39553,1969,0.6592,0
150000,29,0,0,8902,1200,0.0593,0
80000,32,0,0,5988,0,0.0748,0
290000,34,0,0,0,0,0.0,0
220000,40,0,0,21920,0,0.0996,0
50000,34,0,0,1884,1077,0.0377,0
80000,48,2,4,66321,0,0.829,0
400000,37,1,1,6914,73036,0.0173,0
150000,33,0,0,-3,0,-0.0,0
250000,34,2,1,212681,9917,0.8507,0
120000,34,0,0,1800,0,0.015,0
300000,28,0,0,16094,2259,0.0536,0
500000,39,0,0,24893,12260,0.0498,0
240000,36,0,0,1000,0,0.0042,0
240000,29,0,0,17570,150359,0.0732,0
30000,39,0,0,2416,2230,0.0805,1
90000,29,0,0,-240,0,-0.0027,0
60000,31,0,3,2631,2000,0.0438,1
60000,41,0,0,16194,1518,0.2699,0
230000,41,0,0,177,0,0.0008,0
290000,40,0,0,192432,8000,0.6636,0
430000,42,0,0,9777,75276,0.0227,0
230000,39,0,0,0,0,0.0,1
140000,48,1,1,0,0,0.0,0
210000,30,0,0,215842,9500,1.0278,0
390000,36,0,0,112528,3669,0.2885,0
320000,35,0,1,6793,5,0.0212,0
50000,44,2,3,26587,3600,0.5317,1
100000,30,0,0,41150,0,0.4115,0
260000,40,0,0,-6,0,-0.0,0
260000,30,1,1,0,0,0.0,0
100000,30,0,0,77388,3000,0.7739,0
340000,37,0,0,36006,5000,0.1059,0
150000,36,0,0,113368,2354,0.7558,0
360000,30,0,0,7410,1115,0.0206,0
210000,34,0,0,25650,1360,0.1221,0
200000,33,2,1,1076,696,0.0054,0
310000,41,0,0,20876,2016,0.0673,0
260000,32,0,0,1009,2403,0.0039,0
210000,41,0,0,0,0,0.0,0
330000,39,0,0,8872,8284,0.0269,0
430000,29,0,0,2548,12082,0.0059,0
450000,32,0,0,46437,7875,0.1032,0
150000,32,0,0,3000,184000,0.02,0
410000,32,0,0,388,388,0.0009,0
90000,48,0,0,43810,1723,0.4868,0
280000,36,0,0,17951,6094,0.0641,0
150000,45,0,0,5423,4133,0.0362,0
200000,42,0,0,2374,0,0.0119,0
150000,42,0,1,15878,1300,0.1059,0
140000,40,1,2,143478,0,1.0248,0
260000,29,0,0,71864,3090,0.2764,0
160000,30,0,0,151620,7300,0.9476,0
310000,45,0,0,91532,3340,0.2953,0
80000,47,0,1,390,780,0.0049,1
150000,38,2,1,146057,6527,0.9737,0
330000,31,0,0,22285,1700,0.0675,0
180000,30,0,0,1490,3687,0.0083,0
120000,29,0,1,6385,3000,0.0532,1
150000,30,0,0,3826,2978,0.0255,0
200000,35,0,0,65503,2394,0.3275,0
170000,37,1,1,0,213,0.0,0
50000,45,0,0,44797,46012,0.8959,0
80000,41,0,0,264,264,0.0033,0
20000,31,0,0,1550,1550,0.0775,0
360000,31,0,0,350752,13016,0.9743,0
200000,31,1,1,0,0,0.0,1
50000,33,0,0,39554,5000,0.7911,0
70000,33,0,4,56778,20000,0.8111,0
300000,34,0,0,297890,7800,0.993,0
20000,45,0,0,14381,1564,0.719,1
170000,40,0,0,0,0,0.0,1
180000,44,0,1,151538,6256,0.8419,0
200000,38,0,0,0,0,0.0,0
320000,44,0,0,-6,656,-0.0,0
180000,45,0,1,76942,4003,0.4275,0
60000,40,2,1,60211,3000,1.0035,0
360000,40,0,0,44518,8061,0.1237,0
30000,46,0,3,19495,3400,0.6498,1
130000,35,0,0,105976,5400,0.8152,0
80000,35,1,3,0,964,0.0,0
230000,40,0,0,44948,1728,0.1954,0
210000,36,0,0,4879,3000,0.0232,0
270000,35,0,0,60227,3000,0.2231,0
280000,37,0,0,213581,9000,0.7628,0
50000,36,0,0,30803,1477,0.6161,0
360000,38,0,0,0,212,0.0,0
470000,37,0,0,0,0,0.0,0
230000,42,1,1,6087,16050,0.0265,0
80000,47,2,1,80019,3111,1.0002,1
200000,29,0,0,3215,676,0.0161,0
200000,32,0,0,166428,6026,0.8321,0
50000,30,0,0,48134,5261,0.9627,0
20000,33,0,0,10001,2000,0.5,0
50000,41,0,0,22824,1100,0.4565,0
110000,31,0,2,832,416,0.0076,1
280000,46,0,2,29523,126000,0.1054,0
160000,32,0,0,9441,5726,0.059,0
320000,35,0,0,2276,6626,0.0071,1
300000,30,0,1,452,3,0.0015,1
300000,30,0,0,133115,2300,0.4437,1
100000,31,0,1,99259,2750,0.9926,0
100000,39,0,0,1884,0,0.0188,0
110000,33,0,0,15605,5649,0.1419,0
400000,39,0,0,52306,3656,0.1308,0
20000,35,0,0,15284,6230,0.7642,0
50000,27,2,6,12250,0,0.245,1
310000,28,0,0,269832,15327,0.8704,0
80000,44,0,0,75901,3500,0.9488,0
120000,43,0,0,116032,4201,0.9669,0
200000,39,0,0,11399,400,0.057,0
100000,44,0,0,9242,181,0.0924,0
210000,37,0,0,206157,10000,0.9817,0
60000,33,0,0,14932,5000,0.2489,0
130000,38,0,0,929,2876,0.0071,0
150000,33,0,0,1879,69842,0.0125,0
220000,44,2,2,195375,10,0.8881,0
140000,40,0,0,98221,3600,0.7016,0
50000,31,0,0,77962,3000,1.5592,0
90000,41,0,0,2833,5000,0.0315,0
500000,37,0,0,20181,1358,0.0404,0
300000,28,0,0,390,390,0.0013,1
260000,40,0,0,63273,49857,0.2434,0
130000,42,0,0,2551,0,0.0196,1
200000,28,0,0,6023,3632,0.0301,0
290000,29,0,0,7324,1130,0.0253,0
650000,29,1,1,21289,3000,0.0328,0
230000,27,0,0,11406,5097,0.0496,0
230000,30,2,1,63064,2800,0.2742,1
200000,31,0,0,203265,7471,1.0163,0
400000,32,0,0,234779,5784,0.5869,0
490000,30,0,0,195330,8683,0.3986,0
360000,30,0,0,0,0,0.0,0
230000,33,0,0,5869,11556,0.0255,0
290000,34,0,0,285484,10220,0.9844,0
200000,34,1,1,0,0,0.0,0
360000,34,0,0,42720,1430,0.1187,0
10000,42,2,4,7587,1000,0.7587,1
180000,33,0,0,11281,3411,0.0627,0
230000,47,0,0,6200,5482,0.027,0
340000,35,0,0,732,1618,0.0022,0
170000,44,0,0,150692,6936,0.8864,0
50000,42,0,0,48926,2019,0.9785,0
170000,37,0,0,168719,7000,0.9925,0
160000,49,0,2,16982,4980,0.1061,0
280000,46,0,0,100858,7768,0.3602,0
140000,38,0,0,135034,4729,0.9645,0
520000,43,0,0,146124,6024,0.281,0
140000,29,0,0,25973,30000,0.1855,0
130000,26,0,0,1016,0,0.0078,0
100000,27,0,0,58127,3000,0.5813,0
50000,27,2,2,11275,27234,0.2255,1
130000,27,1,1,0,0,0.0,1
200000,39,0,0,25149,15084,0.1257,0
280000,28,0,2,5432,0,0.0194,0
240000,29,0,0,28438,29923,0.1185,0
90000,29,2,6,42815,0,0.4757,0
250000,29,0,0,98925,9000,0.3957,0
210000,29,0,0,1383,484,0.0066,0
90000,30,0,0,0,0,0.0,0
180000,30,0,0,0,0,0.0,0
500000,32,0,0,139255,2040,0.2785,0
240000,32,0,0,6101,1205,0.0254,0
50000,31,0,1,21704,1400,0.4341,0
400000,32,0,0,46782,2036,0.117,0
230000,33,1,2,4213,0,0.0183,1
400000,31,1,2,79403,3,0.1985,0
80000,35,1,1,0,0,0.0,0
160000,37,0,0,7596,920,0.0475,0
430000,38,1,1,-469,1000,-0.0011,0
90000,34,1,3,8021,77,0.0891,0
80000,35,0,0,63436,2096,0.793,0
210000,36,1,1,0,0,0.0,0
310000,46,0,0,53474,11919,0.1725,0
500000,39,0,0,11712,523,0.0234,0
70000,38,0,0,34240,2000,0.4891,0
20000,36,1,6,16161,2000,0.8081,0
210000,44,0,0,0,4098,0.0,1
170000,40,0,0,166305,7800,0.9783,0
390000,38,0,0,4989,2076,0.0128,0
320000,43,2,1,520651,10000,1.627,1
50000,37,0,0,38418,10000,0.7684,0
100000,36,2,1,100281,5000,1.0028,0
220000,39,0,0,2342,1122,0.0106,0
300000,38,0,0,15230,1222,0.0508,0
160000,40,0,0,6102,0,0.0381,0
200000,45,0,0,54721,2209,0.2736,0
240000,43,0,0,7994,20487,0.0333,0
90000,27,2,2,28206,0,0.3134,1
50000,46,0,0,4640,2720,0.0928,0
210000,46,0,0,0,477,0.0,0
290000,33,0,0,11303,17654,0.039,0
160000,37,2,6,144255,6900,0.9016,0
200000,31,0,0,11715,5289,0.0586,0
260000,37,0,0,182249,6107,0.701,0
30000,47,2,1,27380,1440,0.9127,0
230000,36,0,0,140,358,0.0006,0
220000,39,0,0,209596,6888,0.9527,0
140000,27,0,0,2116,11033,0.0151,0
80000,38,0,0,43170,2000,0.5396,0
450000,49,1,1,0,557,0.0,0
160000,45,0,0,106643,3700,0.6665,0
100000,27,1,2,77346,0,0.7735,1
250000,39,0,0,9690,0,0.0388,0
80000,38,0,0,0,0,0.0,0
180000,35,0,0,7210,370,0.0401,0
720000,38,1,1,5065,2184,0.007,0
180000,27,0,0,3063,1084,0.017,0
230000,32,0,0,2774,0,0.0121,0
200000,32,1,1,0,0,0.0,0
80000,36,0,0,77998,3700,0.975,0
100000,30,0,0,100037,3607,1.0004,0
200000,30,0,0,38540,1928,0.1927,0
200000,32,0,0,132436,4780,0.6622,1
50000,30,0,0,42326,1500,0.8465,0
380000,36,0,1,3744,20498,0.0099,1
250000,41,0,0,214301,8972,0.8572,0
220000,47,0,0,1526,1122,0.0069,0
70000,33,0,1,62209,2900,0.8887,0
10000,40,0,0,9135,0,0.9135,0
60000,35,0,0,21770,1400,0.3628,0
200000,44,1,1,0,0,0.0,1
200000,30,0,0,25874,1048,0.1294,0
300000,48,0,0,0,0,0.0,0
260000,36,0,0,146033,4160,0.5617,0
130000,44,0,0,994,3693,0.0076,0
30000,29,2,3,26844,300,0.8948,0
170000,30,0,2,165637,15600,0.9743,1
210000,29,0,0,3814,0,0.0182,0
50000,44,0,0,43828,1947,0.8766,0
600000,36,0,0,53838,530,0.0897,0
180000,37,0,0,165369,4402,0.9187,0
100000,29,2,6,57214,3000,0.5721,1
210000,46,0,0,4065,0,0.0194,0
150000,37,0,0,2897,2489,0.0193,0
360000,30,0,0,11816,10000,0.0328,0
330000,32,0,0,155927,5388,0.4725,0
300000,43,1,1,499,0,0.0017,0
250000,42,0,0,30471,39968,0.1219,0
230000,48,0,0,344458,11000,1.4976,0
20000,47,1,2,3133,0,0.1567,0
210000,35,0,0,2020,4055,0.0096,0
80000,36,2,3,82177,10096,1.0272,1
250000,39,0,3,12368,1742,0.0495,0
50000,34,3,6,47904,2000,0.9581,1
200000,42,0,0,149351,3925,0.7468,0
290000,35,0,0,159165,11000,0.5488,0
310000,43,0,0,6974,1137,0.0225,0
270000,28,1,2,118198,0,0.4378,0
200000,33,0,0,285,0,0.0014,0
290000,32,0,0,169108,7118,0.5831,0
220000,29,0,0,131598,4800,0.5982,0
500000,35,0,0,3290,11000,0.0066,1
370000,31,0,1,2804,1674,0.0076,0
100000,44,1,2,-1651,0,-0.0165,0
210000,44,0,0,112817,5000,0.5372,0
310000,38,0,0,-41,8239,-0.0001,0
200000,27,0,0,157222,7200,0.7861,0
110000,28,0,2,101138,3400,0.9194,1
130000,30,0,0,38967,2000,0.2997,0
130000,34,0,0,66803,3000,0.5139,0
80000,35,3,2,78317,9,0.979,1
30000,47,0,3,24895,2000,0.8298,1
50000,39,1,1,0,13030,0.0,0
160000,30,2,2,164082,17,1.0255,1
80000,45,0,0,67142,2420,0.8393,0
100000,37,0,0,390,0,0.0039,0
10000,46,2,4,1526,1000,0.1526,1
90000,30,0,0,414,414,0.0046,0
360000,38,0,0,41922,1692,0.1164,0
670000,43,0,0,55893,10075,0.0834,0
150000,28,0,0,0,0,0.0,0
150000,28,0,0,12799,1600,0.0853,0
230000,35,0,0,22909,0,0.0996,0
230000,30,0,0,6294,1945,0.0274,0
120000,33,0,0,135770,5000,1.1314,0
170000,33,0,0,1554,360,0.0091,0
200000,35,1,2,59466,7970,0.2973,0
450000,38,0,0,390,390,0.0009,1
200000,32,0,0,4640,18116,0.0232,0
310000,33,0,0,73095,2573,0.2358,0
50000,30,0,0,0,2070,0.0,0
140000,36,0,2,430,303,0.0031,1
250000,37,0,0,1291,1391,0.0052,0
310000,31,0,0,175357,6006,0.5657,0
80000,31,0,0,68613,2600,0.8577,0
200000,29,0,0,8350,14185,0.0418,1
90000,47,0,0,84195,4001,0.9355,0
160000,45,0,0,2869,2361,0.0179,0
180000,27,1,1,0,1530,0.0,0
310000,33,0,0,86513,4000,0.2791,0
280000,29,0,0,4567,2500,0.0163,0
90000,43,0,1,17503,4000,0.1945,0
210000,39,0,0,193976,7100,0.9237,0
200000,27,0,0,134,0,0.0007,0
70000,48,0,0,20744,2000,0.2963,0
320000,31,0,0,3615,3707,0.0113,0
210000,33,0,0,1723,0,0.0082,0
130000,27,0,0,36487,3000,0.2807,0
80000,27,0,0,390,390,0.0049,0
370000,47,0,0,1859,2243,0.005,0
180000,36,0,0,8911,1034,0.0495,0
310000,43,0,0,66140,6000,0.2134,0
280000,27,1,1,0,0,0.0,0
150000,27,0,0,1108,147314,0.0074,0
180000,29,1,2,36537,0,0.203,0
140000,31,0,0,7695,1680,0.055,0
430000,34,0,1,180,1662,0.0004,0
360000,37,0,0,268,260416,0.0007,0
240000,42,0,1,2108,0,0.0088,0
140000,30,3,4,3043,1423,0.0217,1
200000,34,0,1,860,0,0.0043,0
80000,37,0,0,81218,2527,1.0152,1
100000,38,0,0,96707,4070,0.9671,0
210000,40,0,0,316,316,0.0015,0
250000,37,1,1,0,0,0.0,0
50000,38,0,0,50312,6000,1.0062,0
400000,28,0,0,8716,211,0.0218,0
150000,37,0,0,6039,3000,0.0403,0
280000,39,0,0,123997,5600,0.4428,0
100000,29,0,0,0,0,0.0,0
610000,38,0,0,608594,26868,0.9977,0
120000,30,0,0,121280,6026,1.0107,0
180000,44,0,0,23611,1436,0.1312,0
270000,47,0,2,123,123,0.0005,1
110000,36,0,0,114097,5620,1.0372,0
90000,40,0,0,90483,4000,1.0054,0
120000,48,0,0,96183,5000,0.8015,0
50000,35,2,5,48115,6000,0.9623,1
160000,32,0,0,1375,3645,0.0086,1
500000,48,0,0,79640,3017,0.1593,0
440000,28,0,0,412962,15000,0.9386,0
330000,31,0,0,1732,1000,0.0052,0
200000,33,0,0,64932,2365,0.3247,0
250000,33,0,0,147934,5500,0.5917,0
140000,37,0,0,58081,5000,0.4149,0
260000,36,0,0,203755,15000,0.7837,0
60000,45,1,3,58360,0,0.9727,1
500000,37,0,0,501369,17204,1.0027,0
130000,30,0,0,114838,4224,0.8834,0
80000,30,1,4,69942,0,0.8743,1
150000,44,0,0,37050,3000,0.247,0
120000,31,0,0,1680,17749,0.014,0
90000,31,1,1,0,0,0.0,0
210000,31,0,0,1332,3848,0.0063,0
280000,45,0,0,26573,18388,0.0949,0
240000,28,0,0,1981,0,0.0083,0
230000,29,0,0,0,4375,0.0,0
30000,29,0,0,28620,1453,0.954,0
60000,29,0,0,63578,2188,1.0596,0
360000,30,0,0,13395,20460,0.0372,0
90000,33,0,0,55937,2100,0.6215,0
180000,33,0,0,4520,1453,0.0251,0
10000,33,1,1,0,0,0.0,0
210000,34,0,0,2501,639,0.0119,1
30000,34,0,0,3275,5000,0.1092,0
200000,34,0,0,8177,2453,0.0409,0
90000,32,0,0,88729,3500,0.9859,0
50000,44,0,0,45858,2000,0.9172,0
30000,46,1,2,26840,0,0.8947,0
220000,35,0,0,5564,7479,0.0253,0
500000,46,0,0,16400,886,0.0328,0
60000,47,0,0,33867,2000,0.5644,0
110000,41,0,0,104740,5000,0.9522,0
360000,43,0,0,4392,0,0.0122,1
30000,42,0,1,26300,1700,0.8767,0
300000,38,0,0,0,0,0.0,0
490000,36,0,0,1886,9480,0.0038,0
210000,36,0,0,1630,25903,0.0078,0
280000,37,0,0,733,168,0.0026,0
60000,36,0,5,1577,1100,0.0263,0
490000,38,0,0,0,0,0.0,0
50000,45,0,0,4151,1088,0.083,1
200000,35,1,1,0,0,0.0,0
70000,43,3,4,56994,2500,0.8142,0
260000,29,0,0,16496,8027,0.0634,0
460000,40,0,0,133102,5015,0.2894,0
200000,41,0,1,3000,187,0.015,0
320000,42,0,0,8144,0,0.0254,1
230000,48,0,0,41134,10000,0.1788,0
350000,30,0,0,43548,15000,0.1244,0
230000,31,0,0,15704,2000,0.0683,0
20000,47,1,2,16289,0,0.8144,1
230000,43,0,0,41435,1674,0.1802,0
80000,35,0,0,15234,3000,0.1904,0
110000,40,0,0,93466,4438,0.8497,0
360000,30,0,0,323,1986,0.0009,0
80000,34,1,1,-3,0,-0.0,0
350000,35,0,1,439,884,0.0013,1
70000,47,0,0,136809,3158,1.9544,0
360000,29,0,0,4887,5005,0.0136,0
240000,32,2,6,209368,0,0.8724,1
80000,34,0,0,64553,1784,0.8069,0
140000,29,0,1,62023,3000,0.443,0
50000,33,2,2,60679,0,1.2136,1
130000,35,0,0,3929,1000,0.0302,0
160000,44,0,0,118809,10000,0.7426,0
160000,42,2,2,346,0,0.0022,0
90000,29,0,0,8927,8000,0.0992,0
50000,42,0,0,41077,1681,0.8215,0
210000,29,0,1,871,27371,0.0041,0
20000,29,2,1,15037,1600,0.7518,1
200000,29,0,0,3540,3028,0.0177,0
230000,31,0,0,623,0,0.0027,0
150000,43,0,0,0,0,0.0,0
210000,28,0,0,0,0,0.0,0
290000,33,0,0,0,0,0.0,1
260000,34,2,4,118706,0,0.4566,1
20000,29,0,4,9665,2700,0.4832,1
180000,47,0,0,3735,3404,0.0208,1
100000,29,0,0,99302,5712,0.993,0
280000,38,0,0,236583,10000,0.8449,0
100000,41,0,0,0,0,0.0,1
100000,35,0,0,3835,1891,0.0384,0
30000,30,0,0,4480,4000,0.1493,0
160000,44,0,0,1224,0,0.0076,1
360000,36,0,1,308711,11000,0.8575,0
450000,36,0,0,1866,4579,0.0041,0
380000,40,0,0,4366,2566,0.0115,1
120000,42,0,0,0,338,0.0,0
160000,47,1,3,89006,0,0.5563,1
50000,33,0,4,25123,3400,0.5025,1
170000,34,0,0,85235,5000,0.5014,0
350000,34,1,2,-20,650,-0.0001,0
180000,48,0,0,-15,2131,-0.0001,0
100000,38,0,0,68916,3000,0.6892,0
50000,26,0,0,4041,1200,0.0808,0
180000,30,0,0,50055,5320,0.2781,0
150000,31,1,1,-512,0,-0.0034,0
300000,32,0,0,880,788,0.0029,1
350000,33,0,0,303949,10000,0.8684,0
260000,42,0,0,35215,2500,0.1354,0
200000,27,0,0,7886,4500,0.0394,0
240000,27,0,0,133348,5160,0.5556,1
150000,26,0,1,65421,4850,0.4361,0
290000,26,0,0,18125,3000,0.0625,0
140000,27,0,0,127464,6000,0.9105,0
130000,29,0,0,0,0,0.0,0
180000,29,0,0,0,287,0.0,0
200000,29,0,0,2116,0,0.0106,0
230000,28,1,2,207128,6300,0.9006,1
240000,28,2,4,294180,0,1.2257,0
170000,31,0,0,757,4319,0.0045,0
120000,31,0,0,396,396,0.0033,0
240000,31,0,0,6887,1926,0.0287,0
90000,31,0,0,12045,1500,0.1338,0
300000,30,0,0,850,850,0.0028,1
70000,30,0,1,71521,0,1.0217,0
100000,30,0,1,2419,2177,0.0242,0
110000,31,0,1,22396,4604,0.2036,0
180000,33,0,0,165839,20064,0.9213,0
500000,32,0,0,422713,15000,0.8454,0
80000,32,2,2,26856,1700,0.3357,0
280000,32,0,0,5855,13713,0.0209,0
280000,33,0,0,2533,2997,0.009,0
120000,35,0,0,525,2458,0.0044,0
90000,35,0,0,5488,1000,0.061,0
170000,34,0,0,3105,1599,0.0183,0
50000,34,0,0,31673,1449,0.6335,0
50000,34,0,0,390,390,0.0078,0
230000,38,0,0,217578,9840,0.946,0
180000,48,0,0,860,102,0.0048,1
40000,43,0,0,26449,1303,0.6612,0
360000,42,0,0,24081,6068,0.0669,0
360000,47,0,0,0,0,0.0,1
170000,45,0,0,166388,7300,0.9788,0
20000,35,0,4,17056,2500,0.8528,0
240000,43,0,0,54,0,0.0002,0
100000,39,0,3,2998,1100,0.03,1
100000,43,1,1,0,0,0.0,0
110000,40,0,0,111720,3406,1.0156,1
420000,37,0,0,101987,6000,0.2428,0
180000,34,2,6,93155,4300,0.5175,1
240000,37,1,1,0,0,0.0,0
210000,41,0,0,13340,42000,0.0635,0
30000,43,0,3,10330,0,0.3443,0
210000,44,0,0,36612,4534,0.1743,0
320000,30,0,0,10283,2488,0.0321,0
220000,38,0,0,120622,4803,0.5483,0
240000,29,0,0,1530,700,0.0064,0
450000,35,1,3,131351,4723,0.2919,0
500000,36,0,0,261502,30000,0.523,0
180000,44,0,0,174830,7000,0.9713,0
80000,38,0,0,0,339,0.0,0
50000,41,2,3,390,780,0.0078,1
450000,41,0,0,104624,28114,0.2325,0
380000,43,0,0,18866,20884,0.0496,0
50000,29,0,0,-101,0,-0.002,0
30000,30,3,3,29508,1900,0.9836,0
300000,37,0,0,5771,3217,0.0192,0
340000,45,0,0,5754,482,0.0169,0
190000,44,0,0,137394,5774,0.7231,0
120000,41,0,0,108264,3906,0.9022,0
210000,40,0,0,160161,5500,0.7627,0
360000,46,0,0,58389,20000,0.1622,0
330000,35,0,0,117,0,0.0004,0
100000,37,0,0,68760,3095,0.6876,0
250000,38,0,0,14766,990,0.0591,0
120000,46,0,0,0,0,0.0,1
200000,43,1,2,0,2112,0.0,0
280000,30,1,2,25903,50,0.0925,0
480000,46,0,0,993,1317,0.0021,0
240000,36,0,0,3922,2947,0.0163,1
120000,39,0,0,280,6192,0.0023,0
110000,40,0,0,96155,5000,0.8741,0
390000,41,0,1,48378,4705,0.124,0
20000,38,1,6,10683,2500,0.5342,0
140000,35,0,0,111941,5800,0.7996,0
160000,41,0,0,39962,10000,0.2498,0
210000,30,1,1,0,820,0.0,0
210000,47,0,0,202503,7082,0.9643,0
240000,39,0,0,52595,238861,0.2191,0
150000,36,0,1,11085,2507,0.0739,0
60000,48,0,0,56899,2080,0.9483,0
180000,40,0,0,1552,776,0.0086,1
120000,37,0,0,3014,760,0.0251,0
210000,40,0,0,54904,2000,0.2614,0
420000,36,0,0,20326,1479,0.0484,0
110000,43,0,0,92244,4500,0.8386,0
180000,31,0,0,112164,1821,0.6231,0
200000,42,0,0,0,0,0.0,1
220000,32,0,0,217636,8000,0.9893,0
250000,36,0,0,2508,3978,0.01,0
250000,39,0,0,0,632,0.0,0
400000,47,0,0,1698,365,0.0042,0
50000,38,0,0,38945,2511,0.7789,0
480000,48,0,0,1087,188,0.0023,0
470000,39,0,0,235490,25853,0.501,0
300000,36,0,0,30153,2000,0.1005,0
160000,44,1,1,-4,0,-0.0,0
160000,42,0,0,3346,4420,0.0209,0
230000,33,0,0,2227,3496,0.0097,0
50000,49,0,0,39803,5007,0.7961,0
150000,48,0,1,36717,2000,0.2448,0
130000,50,2,6,73621,4300,0.5663,0
360000,49,1,1,0,0,0.0,1
150000,50,0,0,145268,6005,0.9685,1
70000,50,0,0,12857,1530,0.1837,0
450000,49,0,0,0,0,0.0,0
200000,49,1,1,-5,733,-0.0,1
80000,50,2,1,89901,6000,1.1238,1
340000,48,0,0,310866,15000,0.9143,0
50000,52,0,0,33743,2000,0.6749,1
200000,50,0,0,2119,1662,0.0106,0
210000,48,0,0,119530,3998,0.5692,0
360000,49,0,0,801,913,0.0022,0
230000,50,0,0,2789,2942,0.0121,0
50000,48,0,0,73302,2500,1.466,1
120000,50,2,3,81979,3000,0.6832,1
340000,50,1,1,2728,15650,0.008,0
50000,49,0,0,49195,47000,0.9839,1
70000,49,1,5,9915,0,0.1416,0
100000,50,0,0,94745,4600,0.9474,0
20000,49,0,0,13561,1543,0.678,1
80000,49,0,0,77347,2384,0.9668,0
280000,49,0,0,795,1025,0.0028,0
300000,50,0,0,882,0,0.0029,0
500000,49,0,1,396,396,0.0008,1
50000,51,0,0,46880,1500,0.9376,0
140000,50,0,0,128949,7000,0.9211,1
210000,49,0,0,991,6035,0.0047,1
100000,49,0,0,41088,2000,0.4109,0
50000,50,0,0,14592,2000,0.2918,0
20000,51,0,0,13184,1242,0.6592,0
200000,50,0,0,4701,2310,0.0235,0
100000,51,0,0,200,100,0.002,0
50000,50,0,0,36149,3000,0.723,1
230000,53,0,0,38723,2001,0.1684,0
260000,50,0,0,263320,7000,1.0128,0
120000,52,1,2,123184,0,1.0265,1
380000,51,0,0,43715,60718,0.115,0
80000,65,0,0,82074,3470,1.0259,0
240000,50,0,0,498,0,0.0021,0
30000,54,0,0,33494,2506,1.1165,1
30000,59,0,0,27620,1449,0.9207,0
80000,55,1,1,78910,84361,0.9864,0
50000,54,0,0,50566,2102,1.0113,0
10000,56,1,4,12006,1000,1.2006,0
100000,50,2,4,117517,4700,1.1752,1
280000,50,0,0,0,0,0.0,0
30000,55,1,2,30724,0,1.0241,1
80000,50,0,0,7506,0,0.0938,0
30000,51,0,0,14417,9000,0.4806,0
170000,51,0,0,154278,10000,0.9075,0
60000,52,1,2,28934,0,0.4822,0
100000,50,0,0,92956,4333,0.9296,0
160000,58,0,0,749,3894,0.0047,1
50000,55,0,0,40623,1616,0.8125,0
360000,59,1,1,0,0,0.0,1
210000,52,0,0,262,738,0.0012,0
190000,55,0,0,6637,6476,0.0349,0
90000,52,0,0,42567,2022,0.473,0
50000,52,0,0,48195,2035,0.9639,0
30000,55,0,0,-330,500,-0.011,0
30000,54,2,4,24180,0,0.806,1
180000,61,0,0,20554,1353,0.1142,1
120000,58,1,6,79400,4000,0.6617,1
80000,55,0,0,72462,3000,0.9058,0
400000,49,0,0,389,390,0.001,0
120000,53,0,0,118676,4210,0.989,0
100000,52,2,6,40938,3000,0.4094,1
300000,52,0,0,583,111665,0.0019,0
80000,69,0,0,79862,3000,0.9983,0
500000,53,0,0,1453,961,0.0029,0
10000,51,0,2,4416,2400,0.4416,0
100000,55,2,5,1520,0,0.0152,0
240000,53,0,1,135322,4531,0.5638,0
280000,63,0,0,-200,0,-0.0007,1
20000,55,0,0,16503,1289,0.8252,0
110000,59,0,0,100800,1914,0.9164,0
290000,60,1,1,0,0,0.0,0
80000,48,0,0,1198,1150,0.015,1
30000,51,1,3,30128,2000,1.0043,0
30000,52,0,2,4743,390,0.1581,0
60000,57,0,1,44041,3810,0.734,1
70000,52,0,0,1000,1098,0.0143,0
140000,52,0,0,76902,3000,0.5493,0
150000,53,0,0,11467,11053,0.0764,0
90000,58,1,5,25941,500,0.2882,1
30000,51,0,0,11860,1000,0.3953,0
60000,52,0,1,60250,2167,1.0042,0
490000,52,0,0,7357,2779,0.015,0
230000,56,0,0,10511,2381,0.0457,1
70000,53,0,0,71219,2900,1.0174,0
60000,55,3,2,74786,0,1.2464,1
30000,59,0,0,30419,1481,1.014,0
70000,62,0,0,57271,2857,0.8182,0
450000,56,1,1,-4,835,-0.0,1
20000,54,0,0,16120,1308,0.806,1
30000,51,1,5,16490,3000,0.5497,1
80000,54,0,0,78929,3200,0.9866,0
390000,53,0,0,450,1540,0.0012,0
30000,50,0,0,10741,1498,0.358,0
200000,51,1,1,0,1221,0.0,0
140000,59,1,2,63654,0,0.4547,0
30000,51,0,0,1724,1222,0.0575,1
290000,51,0,0,6859,11210,0.0237,0
200000,51,0,0,2433,735,0.0122,0
180000,64,0,0,120070,5876,0.6671,0
200000,50,0,0,411,453,0.0021,0
500000,54,0,0,355251,12680,0.7105,0
520000,54,0,0,653062,28500,1.2559,0
90000,53,0,0,827,0,0.0092,0
260000,54,0,0,16570,8234,0.0637,0
50000,51,0,0,22000,2000,0.44,1
80000,59,0,0,80893,2799,1.0112,1
210000,54,0,0,197324,8000,0.9396,0
300000,51,0,0,143121,8269,0.4771,0
20000,53,1,4,8992,0,0.4496,0
50000,51,0,0,25436,2445,0.5087,0
20000,52,2,4,5682,1000,0.2841,1
150000,53,0,1,8706,2508,0.058,0
50000,51,0,0,44788,2352,0.8958,1
50000,51,0,0,50566,1738,1.0113,0
50000,51,2,5,32215,2000,0.6443,0
200000,51,1,1,-186,1032,-0.0009,0
80000,52,0,0,42635,1623,0.5329,0
50000,56,0,0,48155,1798,0.9631,0
200000,55,2,6,159017,9159,0.7951,0
210000,54,0,0,94343,3500,0.4493,0
80000,55,0,0,78573,3001,0.9822,0
200000,50,0,0,390,390,0.002,0
200000,51,0,0,99036,3520,0.4952,0
220000,52,2,1,220053,9000,1.0002,1
280000,56,0,1,-5,4614,-0.0,0
250000,53,1,1,-13,3836,-0.0001,0
90000,55,0,0,39731,2000,0.4415,0
320000,58,0,0,1100,0,0.0034,0
130000,53,0,0,210628,6800,1.6202,0
50000,51,0,1,390,780,0.0078,0
80000,51,0,0,6203,1094,0.0775,0
430000,51,0,0,416090,17107,0.9677,0
250000,51,1,1,0,645,0.0,0
50000,51,2,6,15902,2000,0.318,0
360000,58,0,0,35673,1179,0.0991,0
450000,53,0,0,0,0,0.0,0
110000,22,0,0,99209,1766,0.9019,1
360000,34,0,0,3187,1025,0.0089,0
10000,24,0,1,9035,1300,0.9035,1
200000,27,0,1,186778,23000,0.9339,1
20000,24,0,0,6215,1300,0.3108,1
70000,28,1,4,-47,700,-0.0007,1
80000,55,2,2,71905,0,0.8988,1
250000,55,0,0,603,1867,0.0024,0
90000,34,0,0,86275,4004,0.9586,0
100000,42,0,0,98430,5000,0.9843,0
230000,39,0,0,53672,25000,0.2334,0
380000,32,0,0,387851,13070,1.0207,0
390000,29,0,0,1246,2000,0.0032,0
120000,30,0,0,0,0,0.0,0
20000,27,0,0,19339,1500,0.967,0
20000,41,1,1,0,3793,0.0,0
160000,25,1,3,0,10139,0.0,1
240000,35,0,0,11119,10722,0.0463,0
30000,23,0,0,41300,0,1.3767,0
50000,24,0,0,5599,1200,0.112,0
30000,23,1,2,29772,0,0.9924,0
20000,23,0,0,19247,2500,0.9624,0
80000,23,0,0,9183,9643,0.1148,0
20000,23,3,6,2400,0,0.12,1
50000,23,0,0,40698,2000,0.814,0
90000,23,0,0,90888,6000,1.0099,0
50000,24,0,0,999,594,0.02,0
20000,23,0,4,10208,4972,0.5104,1
30000,24,0,0,0,0,0.0,0
50000,23,1,2,52319,0,1.0464,0
20000,23,0,0,19178,2000,0.9589,0
20000,22,1,2,19512,0,0.9756,0
20000,23,3,5,18781,0,0.939,0
50000,22,2,1,47021,2543,0.9404,1
20000,22,0,1,19555,2000,0.9778,0
20000,23,0,1,14784,1253,0.7392,0
50000,23,0,0,48241,2000,0.9648,1
10000,23,2,4,5232,1273,0.5232,1
10000,23,0,0,998,780,0.0998,1
20000,22,0,0,16620,2000,0.831,0
10000,22,0,0,8780,1100,0.878,0
50000,25,0,0,11669,1502,0.2334,0
30000,25,0,0,7653,1500,0.2551,1
170000,26,0,0,118084,3800,0.6946,0
50000,23,0,1,51550,0,1.031,1
60000,24,2,1,27019,1686,0.4503,1
50000,26,0,0,50316,3000,1.0063,0
50000,22,0,0,46831,4000,0.9366,0
50000,24,0,0,49907,1963,0.9981,0
100000,24,1,2,100364,107,1.0036,0
10000,25,0,0,5642,1112,0.5642,0
80000,26,1,1,0,0,0.0,1
300000,26,0,0,0,0,0.0,0
10000,23,1,3,9020,0,0.902,1
30000,24,0,3,5857,18794,0.1952,0
50000,24,0,0,20472,1700,0.4094,0
30000,24,0,0,1426,1300,0.0475,0
90000,26,1,1,0,0,0.0,0
20000,23,2,6,5996,1300,0.2998,1
80000,23,0,0,444,444,0.0056,0
90000,24,0,0,86724,7016,0.9636,0
20000,24,2,4,8295,1160,0.4148,1
30000,24,0,0,1473,390,0.0491,1
10000,23,0,0,9984,1300,0.9984,1
70000,25,0,0,31011,2002,0.443,0
40000,26,2,3,36460,2000,0.9115,1
170000,26,0,0,145354,8000,0.855,1
10000,24,1,3,9774,1000,0.9774,0
30000,25,2,1,29608,1600,0.9869,0
10000,24,1,6,6496,0,0.6496,1
50000,24,0,0,48061,2000,0.9612,0
30000,24,0,2,21652,1369,0.7217,0
50000,24,0,1,30011,7000,0.6002,0
20000,24,1,2,20464,4,1.0232,0
10000,25,0,0,3684,1100,0.3684,1
50000,24,1,1,-1000,1000,-0.02,0
50000,24,1,3,59197,2000,1.1839,1
50000,25,0,2,47077,2800,0.9415,0
160000,25,0,0,60905,2000,0.3807,0
50000,24,0,1,50140,3000,1.0028,0
30000,24,0,0,14857,2000,0.4952,0
60000,27,5,4,67940,0,1.1323,1
150000,25,0,0,153932,5500,1.0262,0
30000,26,0,1,25535,3641,0.8512,0
20000,26,0,0,587,2195,0.0294,0
20000,26,0,0,18838,1200,0.9419,0
50000,24,0,0,17331,1600,0.3466,0
200000,33,0,0,66471,2387,0.3324,0
70000,25,0,0,60719,2500,0.8674,0
150000,28,0,0,145728,5002,0.9715,0
130000,27,1,2,136378,0,1.0491,0
20000,27,0,2,13621,1596,0.681,0
60000,27,0,0,2165,18214,0.0361,0
50000,24,0,0,50603,2500,1.0121,0
210000,27,0,0,65795,2151,0.3133,0
150000,26,0,0,13707,16408,0.0914,0
50000,25,0,0,47034,2100,0.9407,0
40000,26,1,1,0,0,0.0,0
90000,27,2,5,88072,4500,0.9786,1
70000,27,0,0,64317,2500,0.9188,0
20000,27,0,0,39628,1610,1.9814,0
30000,24,0,1,28436,1800,0.9479,0
20000,25,1,2,19099,0,0.955,0
60000,25,2,1,60760,2740,1.0127,1
50000,26,1,4,16412,0,0.3282,0
50000,25,2,1,48966,2130,0.9793,0
10000,25,0,0,7806,1114,0.7806,1
20000,22,1,4,21425,620,1.0712,1
110000,26,0,0,58301,2179,0.53,0
30000,26,1,2,21871,0,0.729,0
200000,27,0,0,3592,3622,0.018,1
70000,27,0,0,17058,52896,0.2437,0
80000,27,0,3,10100,50000,0.1262,0
80000,28,0,0,81099,10000,1.0137,0
20000,24,0,0,4091,1300,0.2046,0
10000,23,0,0,8579,1060,0.8579,0
60000,25,0,0,56753,2700,0.9459,0
50000,27,0,0,47452,2000,0.949,1
110000,28,0,0,107560,4024,0.9778,1
210000,29,1,2,26845,66,0.1278,0
40000,29,1,6,37681,0,0.942,0
360000,29,0,0,6001,5874,0.0167,0
320000,29,0,0,48998,6105,0.1531,0
130000,27,0,0,1439,3555,0.0111,0
130000,26,2,3,137204,7000,1.0554,1
50000,26,0,0,47661,1789,0.9532,0
50000,25,0,0,45626,3000,0.9125,0
360000,27,0,0,1097,780,0.003,0
160000,27,2,3,70373,11450,0.4398,1
200000,26,0,0,26230,2829,0.1312,0
30000,26,2,6,14598,2000,0.4866,0
360000,26,0,0,50536,1527,0.1404,0
20000,28,0,0,19262,1310,0.9631,0
80000,27,1,6,63467,5000,0.7933,1
490000,28,0,0,325669,10041,0.6646,0
10000,22,0,0,1483,46,0.1483,0
20000,23,0,0,13422,2000,0.6711,0
30000,25,1,4,12925,1000,0.4308,1
50000,26,0,0,47052,1728,0.941,0
340000,25,0,0,170717,6401,0.5021,0
180000,26,0,0,189,0,0.001,0
40000,26,0,1,38131,1600,0.9533,0
140000,27,0,0,24602,5063,0.1757,0
210000,27,0,0,36017,3015,0.1715,0
150000,26,0,0,600,360,0.004,0
160000,24,0,0,77838,3300,0.4865,0
50000,24,1,3,52354,2211,1.0471,1
50000,24,0,0,31292,2000,0.6258,0
40000,24,0,0,39868,1259,0.9967,0
70000,24,0,0,16861,1300,0.2409,0
310000,27,0,0,22936,240101,0.074,0
40000,28,2,2,1892,1889,0.0473,1
50000,27,0,0,658,4179,0.0132,0
140000,27,0,0,130905,6067,0.935,0
80000,27,1,6,53576,0,0.6697,1
230000,27,0,0,1727,0,0.0075,0
50000,23,1,6,6283,0,0.1257,1
160000,27,0,1,701,3442,0.0044,1
200000,26,2,1,72763,5041,0.3638,1
130000,27,2,1,1985,1671,0.0153,0
130000,29,0,0,65861,3698,0.5066,0
100000,28,1,4,96469,7000,0.9647,0
160000,30,0,0,3197,1941,0.02,0
60000,29,0,0,31235,6050,0.5206,0
220000,29,1,6,31012,0,0.141,1
50000,29,0,0,2159,1961,0.0432,1
160000,27,0,0,2161,1681,0.0135,0
60000,27,2,2,58598,2632,0.9766,1
210000,28,0,0,15648,2500,0.0745,0
360000,27,0,0,375392,13290,1.0428,0
120000,28,0,0,59688,3000,0.4974,0
250000,28,0,0,149499,15000,0.598,0
210000,28,0,0,4432,1173,0.0211,0
380000,28,0,0,1294,1058,0.0034,0
240000,27,0,0,81861,15000,0.3411,0
20000,27,1,2,20079,0,1.0039,0
50000,27,0,0,19657,1700,0.3931,0
200000,29,0,1,10538,6201,0.0527,1
470000,31,0,0,99931,5070,0.2126,0
50000,25,0,2,18894,3000,0.3779,0
180000,29,1,1,-366,0,-0.002,0
180000,26,0,0,131653,5002,0.7314,0
190000,27,2,4,114355,13500,0.6019,1
180000,26,0,0,758,0,0.0042,1
50000,25,0,0,48065,1800,0.9613,0
20000,25,0,0,18069,2180,0.9034,0
80000,25,0,0,8852,1000,0.1106,1
160000,28,0,0,498,498,0.0031,0
200000,29,0,0,3773,4029,0.0189,0
180000,30,1,2,143900,10000,0.7994,0
360000,30,0,0,282222,7100,0.784,0
50000,25,2,5,61143,3000,1.2229,1
30000,32,2,5,32704,0,1.0901,0
30000,25,0,0,1581,1046,0.0527,0
100000,28,0,1,82238,20000,0.8224,0
260000,29,0,0,396,792,0.0015,1
240000,29,0,0,13980,9969,0.0582,0
50000,29,1,4,12460,1530,0.2492,0
400000,30,0,0,12820,5427,0.032,0
70000,27,0,4,51923,5265,0.7418,1
280000,30,0,0,104252,4510,0.3723,0
80000,30,0,0,40276,5000,0.5034,0
160000,26,4,6,152924,3200,0.9558,1
130000,28,2,4,132968,6700,1.0228,0
180000,29,0,0,3810,6406,0.0212,0
360000,28,0,0,8840,4951,0.0246,0
260000,29,0,0,256503,9248,0.9866,1
50000,29,1,1,0,1899,0.0,0
80000,27,0,0,79690,3181,0.9961,0
230000,26,0,0,42314,1804,0.184,0
70000,26,1,4,71160,0,1.0166,0
270000,27,0,0,24689,10058,0.0914,0
220000,27,0,0,34686,8,0.1577,0
260000,28,0,0,226244,8304,0.8702,0
160000,28,0,0,2235,13695,0.014,0
280000,34,0,0,441,76,0.0016,0
230000,27,0,0,8786,2500,0.0382,0
40000,31,0,0,8368,1000,0.2092,0
170000,31,0,0,166701,5887,0.9806,0
200000,30,3,6,2500,0,0.0125,1
230000,28,0,2,11343,7000,0.0493,0
50000,27,2,4,1893,0,0.0379,1
150000,27,0,0,42055,2000,0.2804,0
300000,27,0,0,0,0,0.0,0
360000,31,0,0,81740,8000,0.2271,0
390000,31,0,0,54007,49188,0.1385,0
50000,31,0,0,49139,1707,0.9828,1
220000,32,0,0,100226,5200,0.4556,0
60000,27,0,0,48307,1768,0.8051,0
100000,28,0,0,942,390,0.0094,0
290000,30,0,0,10823,3000,0.0373,0
130000,31,0,0,122486,6013,0.9422,1
400000,31,1,1,0,1731,0.0,0
30000,32,0,1,22503,3000,0.7501,0
260000,29,0,0,2335,1432,0.009,0
70000,29,0,0,53700,2200,0.7671,0
160000,29,1,1,0,0,0.0,1
280000,30,0,0,3310,0,0.0118,0
500000,30,0,0,33269,1248,0.0665,0
110000,29,0,0,106698,6000,0.97,0
120000,29,0,1,579,3580,0.0048,0
50000,32,0,0,18741,1724,0.3748,0
100000,27,0,0,100751,3592,1.0075,0
360000,29,0,0,6906,4893,0.0192,0
20000,27,1,6,4473,3000,0.2236,1
50000,29,0,0,46803,1772,0.9361,0
500000,30,0,0,309558,13749,0.6191,0
50000,32,0,0,25411,2000,0.5082,1
250000,34,0,0,0,0,0.0,1
260000,34,0,0,54448,2017,0.2094,0
150000,34,0,0,62854,5000,0.419,0
80000,33,0,0,59796,5000,0.7474,0
180000,34,0,0,9531,13606,0.053,0
170000,40,0,1,158326,6043,0.9313,0
300000,40,0,0,5649,5649,0.0188,0
230000,39,1,1,-17,1803,-0.0001,0
470000,35,0,0,262980,10929,0.5595,0
20000,37,0,0,18629,21473,0.9314,0
70000,38,2,1,2700,2108,0.0386,0
320000,41,0,0,309805,15818,0.9681,0
500000,39,0,0,2514,810,0.005,0
360000,47,0,0,1730,2500,0.0048,0
180000,42,0,0,326,326,0.0018,0
100000,40,2,2,27002,0,0.27,1
10000,40,2,1,3567,5000,0.3567,1
20000,41,0,0,16808,1301,0.8404,0
70000,46,1,6,30040,0,0.4291,0
20000,26,2,3,6078,1200,0.3039,1
500000,46,0,0,11100,16966,0.0222,0
140000,32,0,4,32678,5400,0.2334,0
360000,39,0,0,1261,1261,0.0035,0
160000,32,1,2,5525,0,0.0345,1
200000,34,0,0,165,165,0.0008,0
230000,48,0,1,20271,5034,0.0881,0
360000,38,0,0,0,0,0.0,1
260000,40,0,0,22325,7590,0.0859,0
50000,35,2,3,58175,2600,1.1635,1
500000,39,0,0,41597,10000,0.0832,0
230000,38,0,0,7904,864,0.0344,0
340000,39,0,0,148624,4000,0.4371,0
130000,38,0,0,6360,1088,0.0489,0
80000,47,0,0,70062,1321,0.8758,0
250000,40,0,0,396,396,0.0016,0
140000,48,1,6,86114,4100,0.6151,1
390000,37,0,0,73,10952,0.0002,1
260000,37,0,0,257456,10621,0.9902,0
160000,43,0,0,69554,4000,0.4347,0
210000,38,0,0,101776,1032,0.4846,0
90000,48,2,2,71900,0,0.7989,1
290000,45,0,0,2316,2143,0.008,0
560000,40,0,0,487816,15933,0.8711,0
110000,37,0,2,111864,11000,1.0169,0
350000,37,0,0,70257,20001,0.2007,0
280000,35,0,0,210465,10299,0.7517,0
260000,40,0,0,34471,0,0.1326,0
440000,34,0,0,267475,10506,0.6079,0
200000,49,0,0,49221,1689,0.2461,0
150000,32,1,6,133401,6000,0.8893,0
50000,39,3,5,65766,0,1.3153,0
500000,29,0,0,29276,7972,0.0586,0
320000,29,0,0,40271,60043,0.1258,0
500000,34,1,2,0,198,0.0,1
500000,45,0,0,1302,5308,0.0026,1
260000,35,0,0,138834,7000,0.534,0
330000,39,0,0,2184,2184,0.0066,0
360000,36,0,0,338992,15348,0.9416,0
360000,33,0,0,206597,10022,0.5739,0
130000,33,2,4,20091,2000,0.1545,1
320000,32,0,0,281017,10454,0.8782,0
350000,42,0,0,347790,13000,0.9937,1
20000,38,1,4,26288,0,1.3144,0
200000,29,0,1,9228,2100,0.0461,0
240000,33,0,2,45971,4000,0.1915,0
50000,29,0,0,39124,2000,0.7825,0
10000,35,0,0,7536,1136,0.7536,1
360000,31,1,1,0,4260,0.0,0
20000,30,0,0,19522,4358,0.9761,0
460000,47,0,0,0,0,0.0,1
180000,49,0,0,62087,3000,0.3449,0
50000,35,0,0,48792,2105,0.9758,0
70000,32,0,0,69921,2708,0.9989,0
140000,39,1,1,10091,18539,0.0721,0
500000,41,0,0,155820,20000,0.3116,0
280000,44,0,0,159967,7822,0.5713,0
110000,37,0,0,68773,3500,0.6252,0
90000,37,0,0,91641,3100,1.0182,0
170000,38,0,0,2430,2430,0.0143,0
290000,40,0,0,135527,8000,0.4673,0
80000,46,1,4,1548,0,0.0194,0
150000,43,0,0,88812,3309,0.5921,0
80000,38,0,0,79135,3006,0.9892,0
20000,44,0,0,18091,1600,0.9046,1
150000,36,2,6,47529,17,0.3169,1
300000,48,0,0,5036,32898,0.0168,0
130000,39,3,2,130819,0,1.0063,0
490000,41,1,2,230090,0,0.4696,0
120000,34,0,3,49206,2000,0.41,0
50000,34,0,1,15750,1300,0.315,1
150000,28,0,0,88506,2200,0.59,0
720000,40,0,0,308274,8500,0.4282,1
20000,48,0,0,10222,1400,0.5111,0
260000,35,0,0,163327,8200,0.6282,0
240000,33,0,0,167835,7200,0.6993,0
130000,34,2,3,126749,11243,0.975,1
200000,38,0,0,101254,16002,0.5063,0
140000,37,0,0,64372,2300,0.4598,0
10000,41,0,1,6270,1300,0.627,0
140000,38,1,6,129497,6000,0.925,1
20000,45,0,0,5250,2000,0.2625,1
200000,38,0,0,3528,1196,0.0176,0
130000,44,0,0,139892,6179,1.0761,1
360000,35,0,0,10424,1104,0.029,0
210000,38,2,1,196426,8405,0.9354,1
230000,38,0,0,0,0,0.0,0
210000,44,1,3,89567,0,0.4265,1
200000,35,0,0,8028,3747,0.0401,0
20000,27,0,0,11849,1500,0.5924,1
410000,28,0,0,82735,10000,0.2018,0
280000,39,0,0,227604,7670,0.8129,0
360000,39,0,0,29814,1333,0.0828,0
10000,28,1,6,3717,150,0.3717,1
20000,37,1,2,14440,0,0.722,1
370000,30,0,0,333930,13000,0.9025,0
180000,48,0,0,163461,8000,0.9081,0
60000,38,1,1,0,0,0.0,0
80000,46,2,4,57477,2600,0.7185,1
70000,47,0,0,53239,2000,0.7606,0
400000,32,0,0,3919,0,0.0098,0
150000,31,0,0,13877,8422,0.0925,0
50000,42,1,2,50179,0,1.0036,0
310000,41,0,0,324628,12000,1.0472,0
200000,44,0,0,71656,1714,0.3583,0
430000,34,0,0,11873,8299,0.0276,0
240000,40,0,0,11671,1810,0.0486,0
360000,44,0,0,189003,6050,0.525,0
380000,35,0,0,27268,50042,0.0718,0
190000,41,0,0,30425,1467,0.1601,0
350000,34,0,0,120198,5900,0.3434,0
110000,37,0,0,107793,4010,0.9799,0
180000,32,0,0,2196,396,0.0122,0
400000,35,0,0,2240,12245,0.0056,0
500000,35,0,0,3938,82392,0.0079,0
170000,48,0,0,390,390,0.0023,0
360000,41,0,0,0,0,0.0,1
60000,44,0,0,58216,3000,0.9703,0
350000,32,0,0,43356,2000,0.1239,0
500000,31,0,0,12988,1122,0.026,0
230000,32,0,0,48418,5019,0.2105,0
20000,35,0,2,11043,1200,0.5522,1
240000,37,0,0,11278,3000,0.047,0
440000,42,0,0,64786,5000,0.1472,0
250000,31,0,0,73215,7009,0.2929,0
300000,38,0,0,706,200,0.0024,1
180000,28,1,2,23638,3000,0.1313,0
360000,39,0,0,167685,3304,0.4658,0
260000,38,0,0,162820,6024,0.6262,0
80000,42,5,4,74477,0,0.931,0
390000,47,0,0,5768,8875,0.0148,0
250000,42,0,0,41300,0,0.1652,0
100000,43,0,0,104028,6000,1.0403,0
170000,44,0,0,159094,6000,0.9358,0
500000,45,0,0,1366,9543,0.0027,0
410000,36,0,0,421227,15050,1.0274,0
360000,32,0,0,2500,0,0.0069,0
290000,38,0,0,24709,291,0.0852,0
80000,44,0,0,1245,27279,0.0156,0
280000,31,0,0,8383,9044,0.0299,0
360000,40,0,0,69464,10034,0.193,0
100000,44,0,0,390,390,0.0039,0
80000,31,0,0,42188,1577,0.5274,0
80000,46,0,0,52674,9000,0.6584,0
180000,45,1,1,0,0,0.0,0
400000,34,0,0,43711,37954,0.1093,0
450000,48,0,0,18659,389,0.0415,0
80000,34,2,6,61231,2800,0.7654,1
210000,37,0,0,41030,3012,0.1954,0
300000,45,0,0,360,360,0.0012,0
340000,41,0,0,186,3842,0.0005,0
110000,30,0,2,60290,3000,0.5481,0
50000,41,0,0,8988,1200,0.1798,0
20000,40,0,0,10288,3010,0.5144,0
16000,46,0,1,22058,3000,1.3786,0
60000,31,0,0,57937,3000,0.9656,0
70000,31,1,4,23633,0,0.3376,1
70000,34,0,1,27202,3000,0.3886,0
430000,35,0,0,5454,2328,0.0127,0
60000,39,0,1,58538,6000,0.9756,0
200000,46,0,0,28910,6593,0.1446,0
160000,39,1,6,47675,500,0.298,0
200000,40,0,0,205277,269,1.0264,0
500000,43,0,0,124362,4567,0.2487,0
50000,43,0,2,780,0,0.0156,1
220000,38,0,0,209044,7705,0.9502,0
180000,48,0,0,178440,8000,0.9913,0
310000,35,0,0,124617,6015,0.402,0
80000,41,0,0,35646,3000,0.4456,0
50000,37,0,0,44756,1736,0.8951,0
400000,43,0,0,-5,0,-0.0,0
280000,32,1,1,0,0,0.0,1
100000,32,0,1,99573,2787,0.9957,0
350000,42,0,0,195639,7200,0.559,0
10000,41,0,0,4520,2000,0.452,0
100000,35,2,1,92590,3251,0.9259,0
240000,38,0,0,3833,4890,0.016,0
500000,46,0,0,0,0,0.0,0
50000,36,3,5,150,0,0.003,1
30000,33,0,0,59867,1500,1.9956,1
360000,41,0,0,2988,0,0.0083,0
250000,49,0,0,236430,11000,0.9457,0
260000,29,0,1,190074,6847,0.7311,0
50000,40,0,0,46850,2068,0.937,0
550000,33,0,0,-509,15,-0.0009,0
420000,46,2,3,426429,19000,1.0153,1
130000,35,0,0,129902,7000,0.9992,0
320000,46,0,0,345408,15004,1.0794,0
50000,47,0,0,15019,1263,0.3004,0
310000,45,0,0,8918,14000,0.0288,0
340000,49,0,0,1689,655,0.005,1
280000,37,0,0,22398,30422,0.08,0
250000,32,0,0,207,4907,0.0008,0
80000,40,0,0,72185,12660,0.9023,0
230000,29,1,1,-4,1500,-0.0,1
330000,37,0,0,16270,140,0.0493,0
350000,41,0,0,-331,2155,-0.0009,0
280000,35,1,1,0,416,0.0,0
140000,36,2,1,75384,4000,0.5385,1
130000,43,2,6,55544,3400,0.4273,0
200000,35,0,2,187487,16000,0.9374,1
280000,37,0,0,1695,6644,0.0061,0
20000,36,0,0,16842,1000,0.8421,0
50000,47,0,0,12975,1230,0.2595,0
30000,28,2,6,23027,1500,0.7676,1
60000,32,0,0,57505,1800,0.9584,0
50000,32,0,0,47842,2097,0.9568,0
20000,46,1,2,19450,0,0.9725,0
100000,38,0,0,46717,2500,0.4672,1
100000,34,0,0,19138,1100,0.1914,0
210000,39,0,0,600,169,0.0029,1
20000,45,0,0,26400,1000,1.32,0
130000,33,1,1,0,870,0.0,0
290000,41,0,0,293281,7948,1.0113,0
40000,45,0,0,10567,264,0.2642,0
10000,33,0,0,10146,1158,1.0146,0
360000,39,0,0,10027,8975,0.0279,0
210000,44,1,1,0,0,0.0,1
230000,39,0,1,260,1000,0.0011,0
60000,35,2,3,9501,1500,0.1584,1
150000,35,0,0,150359,15000,1.0024,0
230000,44,0,0,25949,2000,0.1128,0
110000,35,3,6,450,0,0.0041,1
150000,39,0,0,1580,2935,0.0105,0
350000,38,0,0,17999,38933,0.0514,0
100000,44,0,0,90128,4200,0.9013,1
200000,30,0,0,65342,2856,0.3267,0
200000,34,0,0,541,59,0.0027,0
10000,35,2,1,9242,1315,0.9242,0
200000,30,0,0,46288,3000,0.2314,0
240000,34,0,0,194548,7200,0.8106,0
290000,38,0,0,2318,1827,0.008,0
80000,31,0,0,73414,3000,0.9177,0
80000,39,2,6,51193,1200,0.6399,1
320000,29,0,0,46758,2563,0.1461,0
140000,39,1,4,89592,5000,0.6399,1
60000,32,0,2,2178,0,0.0363,0
150000,34,0,0,92000,2000,0.6133,0
20000,39,0,3,780,390,0.039,0
50000,44,0,0,3201,0,0.064,1
150000,35,0,0,66662,2116,0.4444,0
20000,36,0,1,16419,1300,0.821,0
80000,46,2,1,77142,3000,0.9643,1
50000,36,0,0,630,1000,0.0126,0
190000,48,0,0,189158,6561,0.9956,0
190000,35,0,0,170928,6500,0.8996,0
140000,30,0,0,44300,54700,0.3164,0
160000,33,0,0,78859,4000,0.4929,0
580000,35,0,0,9238,0,0.0159,0
500000,43,1,1,0,0,0.0,0
130000,38,0,0,61105,3000,0.47,0
300000,44,0,0,530,25576,0.0018,0
300000,45,1,1,114324,244500,0.3811,1
120000,34,0,0,1236,856,0.0103,0
220000,30,0,0,2895,0,0.0132,0
10000,44,0,0,390,390,0.039,0
60000,47,0,1,29324,1500,0.4887,1
150000,32,0,0,1437,162,0.0096,0
130000,41,0,0,124391,4442,0.9569,0
210000,49,0,0,27984,1500,0.1333,0
70000,36,0,0,20857,2000,0.298,0
130000,37,0,3,25991,2500,0.1999,1
70000,46,1,6,11300,0,0.1614,1
260000,48,0,0,135437,19020,0.5209,1
60000,29,0,0,50901,4000,0.8484,0
110000,33,0,0,9495,4018,0.0863,0
230000,33,1,1,0,1427,0.0,0
100000,33,1,2,0,0,0.0,0
360000,42,0,0,226988,8006,0.6305,0
120000,43,0,0,3131,5126,0.0261,0
230000,41,0,0,9552,2000,0.0415,1
150000,31,0,0,19057,1500,0.127,0
450000,31,1,4,153246,4009,0.3405,1
150000,31,2,6,57504,2500,0.3834,1
170000,41,0,0,70317,2579,0.4136,0
270000,40,0,0,3686,1084,0.0137,0
500000,38,0,0,0,0,0.0,0
300000,35,0,0,1246,1217,0.0042,0
150000,35,0,0,18786,6879,0.1252,0
360000,34,0,0,350178,15000,0.9727,0
110000,42,0,2,70265,5000,0.6388,1
360000,38,0,0,47026,48564,0.1306,0
220000,37,0,0,0,0,0.0,1
230000,45,0,0,92129,3510,0.4006,0
500000,47,0,0,1665,1666,0.0033,0
210000,43,0,0,48540,4000,0.2311,0
500000,47,0,0,18463,18011,0.0369,0
30000,33,3,4,19932,1400,0.6644,1
490000,45,0,1,56294,8000,0.1149,0
240000,48,0,0,236767,8622,0.9865,0
200000,46,2,6,64158,3000,0.3208,1
490000,42,0,0,455520,16100,0.9296,0
240000,47,0,0,205495,34700,0.8562,0
160000,29,0,0,4908,0,0.0307,0
60000,30,0,1,921,1498,0.0154,0
160000,40,0,0,152240,7650,0.9515,0
400000,42,0,0,95014,5000,0.2375,1
320000,33,0,0,254065,68000,0.794,0
340000,38,0,0,9054,1868,0.0266,0
240000,45,0,0,135367,6300,0.564,0
100000,30,2,4,33217,2000,0.3322,1
50000,46,0,2,13176,3000,0.2635,0
200000,36,1,1,-95,0,-0.0005,0
280000,44,0,0,38242,4000,0.1366,0
360000,37,0,0,346,9182,0.001,0
20000,43,2,6,14301,3000,0.715,1
160000,47,0,0,386,907,0.0024,0
30000,29,7,6,33666,0,1.1222,1
90000,29,2,6,11512,1500,0.1279,1
20000,43,0,0,12721,1600,0.636,1
100000,30,0,2,37709,2500,0.3771,1
20000,40,3,6,300,0,0.015,1
300000,40,0,0,39883,3000,0.1329,0
70000,31,0,0,67958,2500,0.9708,0
10000,42,4,5,6744,0,0.6744,0
50000,42,0,0,7217,1200,0.1443,0
280000,40,1,2,238094,0,0.8503,0
10000,44,1,2,7816,0,0.7816,0
10000,29,0,0,8275,2800,0.8275,1
20000,29,0,1,13835,1600,0.6918,0
200000,30,0,0,70185,3000,0.3509,0
140000,34,0,0,70649,3100,0.5046,0
100000,32,0,0,83845,4500,0.8384,0
170000,33,0,0,2371,316,0.0139,0
160000,33,0,0,326,326,0.002,0
190000,38,0,0,3816,1100,0.0201,0
180000,36,0,0,134496,6600,0.7472,0
500000,36,1,1,-44,0,-0.0001,0
340000,42,0,0,6888,2913,0.0203,0
120000,42,2,2,61650,0,0.5138,1
180000,38,0,0,21336,1400,0.1185,0
200000,48,0,0,2772,4127,0.0139,0
230000,45,0,0,24901,1500,0.1083,0
120000,27,0,0,45375,12000,0.3781,0
150000,46,0,0,69627,5000,0.4642,0
80000,27,1,2,3751,2,0.0469,1
90000,27,0,1,49271,3011,0.5475,0
200000,28,0,0,5838,2256,0.0292,0
240000,28,0,0,22334,3851,0.0931,0
120000,28,0,0,120942,4585,1.0078,0
120000,29,1,1,0,652,0.0,1
230000,29,2,1,306836,9062,1.3341,0
230000,34,0,0,476,476,0.0021,0
250000,32,3,6,2500,0,0.01,1
330000,32,0,0,16352,0,0.0496,1
470000,32,0,0,176838,9000,0.3763,0
310000,33,2,2,2500,0,0.0081,1
20000,48,0,1,1522,1000,0.0761,1
150000,45,0,0,6129,6051,0.0409,0
30000,35,1,2,0,26232,0.0,1
330000,37,0,0,694,0,0.0021,0
180000,42,0,0,1568,1550,0.0087,0
360000,38,0,0,1288,2520,0.0036,0
150000,43,0,0,122084,5000,0.8139,0
280000,42,1,1,-191,0,-0.0007,0
130000,39,0,0,51790,390,0.3984,0
240000,47,0,2,125055,12400,0.5211,0
90000,41,0,0,3014,1757,0.0335,0
190000,41,0,1,66506,3000,0.35,0
20000,41,0,0,19796,1507,0.9898,0
50000,40,0,4,42511,5000,0.8502,1
160000,27,0,0,1111,1111,0.0069,0
60000,31,2,4,31649,0,0.5275,1
150000,27,0,0,56918,3000,0.3795,0
100000,27,2,4,34694,1900,0.3469,1
60000,35,2,6,20195,1700,0.3366,0
220000,37,0,0,8821,20059,0.0401,0
130000,49,2,6,68739,3000,0.5288,1
10000,42,1,4,8090,0,0.809,1
200000,31,0,0,6492,1050,0.0325,0
150000,42,0,0,148826,6000,0.9922,0
100000,32,0,0,26650,2000,0.2665,0
300000,36,2,6,285177,13003,0.9506,1
160000,30,1,1,0,650,0.0,1
500000,31,0,0,30056,6000,0.0601,0
80000,34,0,1,72463,7000,0.9058,1
90000,31,0,1,77107,20000,0.8567,0
320000,33,0,0,1877,4114,0.0059,0
390000,35,0,0,14673,83728,0.0376,0
30000,40,1,6,14557,0,0.4852,1
170000,34,1,1,-8,0,-0.0,0
200000,36,2,3,89082,4000,0.4454,1
380000,48,0,0,17670,10233,0.0465,0
260000,43,0,0,1350,0,0.0052,0
360000,32,0,0,7462,2721,0.0207,0
240000,35,0,0,2024,2017,0.0084,0
100000,31,1,4,20505,2700,0.205,0
90000,39,0,0,88081,3244,0.9787,1
290000,38,0,0,72607,2003,0.2504,0
80000,42,0,1,11204,6922,0.14,0
240000,39,0,0,14719,3192,0.0613,0
30000,29,0,0,17960,1610,0.5987,0
30000,42,2,1,29492,1488,0.9831,0
50000,33,0,0,18844,1500,0.3769,1
180000,37,0,0,1170,420,0.0065,1
310000,32,0,1,11416,5000,0.0368,0
80000,35,0,0,52132,3000,0.6516,0
50000,42,1,3,49559,0,0.9912,0
390000,35,0,0,55213,10000,0.1416,0
440000,39,0,0,120448,3939,0.2737,0
50000,30,1,1,0,676,0.0,0
210000,33,0,0,154714,4830,0.7367,0
230000,34,0,0,137122,6700,0.5962,0
50000,43,0,0,27681,1458,0.5536,0
100000,48,0,2,390,780,0.0039,1
80000,46,2,6,40509,1000,0.5064,0
250000,28,0,0,249827,8500,0.9993,0
150000,45,0,0,389,350,0.0026,0
140000,42,0,0,137952,7000,0.9854,0
530000,35,0,0,339912,12188,0.6413,0
20000,30,2,4,16855,1000,0.8428,1
130000,29,0,0,71051,3000,0.5465,0
20000,34,1,6,15526,0,0.7763,0
50000,38,3,6,33759,3500,0.6752,1
470000,37,2,2,519901,0,1.1062,1
310000,41,0,0,369398,10250,1.1916,0
180000,49,0,0,0,0,0.0,0
310000,45,0,0,8964,1174,0.0289,0
160000,42,2,4,14137,0,0.0884,1
500000,32,0,1,126599,8000,0.2532,0
380000,37,0,0,288908,12036,0.7603,0
250000,35,0,0,22839,7783,0.0914,0
500000,39,0,0,22204,83643,0.0444,0
210000,33,0,0,10635,10046,0.0506,0
250000,46,0,0,0,0,0.0,1
60000,28,0,1,59114,2800,0.9852,0
200000,44,0,0,4735,3679,0.0237,0
200000,30,2,6,44411,2000,0.2221,1
20000,44,1,4,18330,0,0.9165,0
360000,41,0,0,316,736,0.0009,1
100000,39,0,0,91300,0,0.913,0
180000,37,0,0,102937,5000,0.5719,0
380000,46,1,1,0,0,0.0,0
50000,28,0,0,49468,1900,0.9894,0
200000,32,0,0,141634,5700,0.7082,0
200000,41,0,0,580,580,0.0029,1
280000,32,0,0,217798,10050,0.7778,0
200000,34,1,1,0,0,0.0,0
150000,30,0,0,201864,13230,1.3458,0
360000,31,0,0,359491,14108,0.9986,1
230000,35,0,0,392,4114,0.0017,0
240000,35,0,0,18392,1505,0.0766,0
420000,40,0,2,4110,0,0.0098,0
450000,37,0,0,16666,16662,0.037,0
10000,34,0,0,8820,1100,0.882,0
100000,30,0,0,37218,1641,0.3722,0
180000,45,1,1,0,0,0.0,1
10000,43,0,0,9545,1117,0.9545,0
20000,43,0,0,15921,1280,0.796,1
50000,32,0,4,15068,3500,0.3014,1
250000,32,0,0,55741,74081,0.223,0
150000,48,0,0,118610,4955,0.7907,0
30000,30,0,0,29993,1856,0.9998,0
500000,31,0,0,400780,30000,0.8016,0
120000,31,0,0,64670,5000,0.5389,0
200000,31,0,0,15321,5006,0.0766,0
340000,44,0,0,109424,4032,0.3218,0
20000,44,0,0,19696,203,0.9848,0
20000,37,0,0,11551,1102,0.5776,0
20000,33,1,6,16247,0,0.8124,0
220000,34,0,0,14588,5021,0.0663,0
20000,34,0,0,2799,2005,0.14,0
280000,30,0,2,652,0,0.0023,0
400000,49,0,0,38810,58265,0.097,0
310000,45,0,0,313268,10010,1.0105,0
30000,37,0,0,29104,2000,0.9701,1
80000,38,0,0,73171,5000,0.9146,0
10000,44,0,0,8958,1147,0.8958,0
70000,47,0,0,67938,2314,0.9705,0
390000,37,0,0,0,0,0.0,0
340000,43,0,2,251135,22000,0.7386,0
180000,41,1,5,114952,6000,0.6386,1
100000,31,0,0,30505,1509,0.305,1
360000,37,0,0,880,22311,0.0024,0
50000,44,0,1,49911,1762,0.9982,0
360000,33,0,0,60219,22694,0.1673,0
50000,39,0,0,26842,2500,0.5368,0
150000,35,0,0,129564,10076,0.8638,0
20000,30,0,0,19131,1500,0.9566,0
150000,44,0,0,152375,5005,1.0158,1
50000,42,0,0,45220,1800,0.9044,0
500000,40,0,0,1010,4682,0.002,0
280000,39,0,0,1525,7430,0.0054,0
270000,49,0,1,157713,7100,0.5841,0
110000,42,0,2,53113,5150,0.4828,0
280000,31,0,0,136798,4528,0.4886,0
200000,33,0,0,2104,1003,0.0105,0
30000,37,2,3,25811,3700,0.8604,1
130000,44,0,0,124716,6789,0.9594,0
440000,33,0,0,2976,16911,0.0068,0
170000,37,1,2,77959,0,0.4586,0
50000,38,0,0,50620,3000,1.0124,0
120000,40,0,0,32161,64308,0.268,0
500000,37,0,0,50140,1862,0.1003,0
120000,31,0,0,15665,2647,0.1305,0
180000,33,0,0,65226,10000,0.3624,0
350000,33,0,0,2394,1685,0.0068,1
20000,30,0,0,7534,2000,0.3767,0
160000,39,0,1,14658,1258,0.0916,1
290000,37,0,0,-17,3482,-0.0001,0
180000,30,0,1,3229,0,0.0179,0
200000,32,0,0,1125,2182,0.0056,1
210000,39,0,0,1443,1443,0.0069,0
70000,30,1,1,0,11609,0.0,0
280000,38,2,4,163675,9000,0.5846,1
120000,31,1,1,-94,3,-0.0008,1
260000,45,0,0,6062,0,0.0233,0
340000,31,0,0,342299,14000,1.0068,0
260000,29,0,0,56050,6000,0.2156,0
140000,29,0,0,34052,1553,0.2432,0
140000,36,1,1,119279,10000,0.852,0
200000,38,1,4,185471,9000,0.9274,0
50000,43,0,0,29308,2000,0.5862,1
130000,27,0,0,21920,1400,0.1686,0
130000,27,0,0,71668,2000,0.5513,0
50000,28,0,1,26538,1500,0.5308,0
20000,28,0,1,19794,1304,0.9897,0
390000,28,0,0,18891,6000,0.0484,0
50000,28,2,5,45769,2500,0.9154,0
30000,29,1,2,24180,0,0.806,0
240000,33,0,0,15220,7575,0.0634,0
180000,31,0,0,6383,3200,0.0355,0
420000,31,0,0,7712,35527,0.0184,0
120000,33,2,1,52053,2000,0.4338,1
450000,34,0,0,12712,1830,0.0282,0
20000,34,0,0,19569,1000,0.9784,1
360000,35,0,0,-9,0,-0.0,1
350000,40,0,0,28194,1500,0.0806,0
180000,44,0,0,172064,8000,0.9559,0
410000,41,0,0,392906,16000,0.9583,0
50000,36,0,0,44917,2061,0.8983,0
430000,36,0,0,35488,5000,0.0825,0
200000,48,0,0,7331,4780,0.0367,0
180000,35,0,0,52160,3022,0.2898,0
200000,35,0,0,29675,9000,0.1484,0
160000,35,2,3,155327,8000,0.9708,1
100000,47,0,0,72703,2653,0.727,0
140000,44,2,1,84371,3046,0.6026,1
120000,43,0,0,3972,2816,0.0331,0
360000,37,1,1,-2,515,-0.0,0
120000,41,0,0,115467,2000,0.9622,1
310000,37,0,0,46916,5545,0.1513,0
180000,44,0,0,14787,12898,0.0822,0
160000,46,0,0,116988,4200,0.7312,0
50000,48,2,1,79262,3278,1.5852,1
300000,40,0,0,25492,3000,0.085,0
500000,43,0,0,57313,4060,0.1146,0
230000,39,1,2,-430,18675,-0.0019,0
300000,45,0,1,836,390,0.0028,0
180000,41,0,0,0,900,0.0,0
280000,45,0,0,1207,1207,0.0043,0
20000,47,0,0,3897,1004,0.1948,0
360000,37,0,0,5225,6,0.0145,0
20000,37,0,0,19701,2000,0.985,0
250000,35,0,0,70767,10000,0.2831,0
120000,45,0,0,118287,5700,0.9857,0
100000,44,2,2,40199,0,0.402,0
50000,47,0,1,11752,2000,0.235,0
470000,31,0,1,8748,3500,0.0186,0
80000,45,0,0,10290,40000,0.1286,0
110000,29,0,0,31327,2000,0.2848,0
280000,30,0,0,261602,10000,0.9343,0
200000,37,0,0,3509,0,0.0175,0
170000,45,0,0,34778,10000,0.2046,0
60000,41,1,1,-1582,59852,-0.0264,0
180000,36,0,0,184661,7000,1.0259,0
300000,43,0,0,0,0,0.0,1
150000,40,0,0,142326,4500,0.9488,1
210000,39,0,0,28435,7637,0.1354,0
50000,37,0,0,20248,45535,0.405,0
50000,45,0,0,390,390,0.0078,1
300000,35,0,0,0,0,0.0,0
80000,43,0,0,78726,3000,0.9841,0
170000,31,0,0,172012,168019,1.0118,0
50000,44,0,0,19951,1282,0.399,0
140000,40,0,0,139282,4945,0.9949,1
350000,36,0,0,32596,1000,0.0931,1
20000,45,0,0,836,836,0.0418,0
170000,32,2,2,2097,0,0.0123,1
20000,40,0,0,17613,1590,0.8806,1
240000,44,0,0,23904,1400,0.0996,0
50000,40,0,0,31852,1600,0.637,1
230000,41,0,0,301038,9405,1.3089,1
100000,35,1,2,3515,10,0.0352,0
300000,45,0,0,3016,0,0.0101,0
90000,42,0,0,87104,5000,0.9678,1
210000,32,0,0,218742,10000,1.0416,0
50000,44,0,0,10101,1300,0.202,0
400000,46,0,0,113125,8000,0.2828,0
300000,37,0,0,19954,23348,0.0665,0
150000,32,2,6,126115,6300,0.8408,0
500000,35,2,1,510367,24913,1.0207,1
300000,38,1,3,0,1560,0.0,1
300000,45,1,1,0,0,0.0,0
150000,33,0,1,6146,0,0.041,0
410000,32,0,0,198954,7000,0.4853,0
80000,33,0,0,77244,3492,0.9656,0
50000,33,0,0,8949,1030,0.179,0
140000,33,0,0,500,473,0.0036,0
150000,33,2,1,1033,1550,0.0069,1
20000,33,0,0,20276,1326,1.0138,0
200000,33,0,0,12202,4994,0.061,0
110000,42,0,0,80338,5000,0.7303,0
230000,41,2,1,225043,10000,0.9784,1
50000,49,1,6,17371,1000,0.3474,1
50000,49,1,2,47360,0,0.9472,0
50000,49,0,1,25801,0,0.516,0
310000,50,0,0,396,396,0.0013,0
10000,49,1,1,-20,800,-0.002,1
100000,50,2,6,66204,0,0.662,0
700000,50,0,0,3528,2024,0.005,0
330000,50,0,0,-17,0,-0.0001,0
300000,46,0,0,1413,15480,0.0047,0
500000,49,0,0,260991,7890,0.522,0
10000,51,1,3,0,950,0.0,0
70000,50,0,0,68725,3220,0.9818,0
110000,50,1,1,-10682,62000,-0.0971,0
250000,50,0,0,238215,9000,0.9529,0
550000,50,2,4,491810,51500,0.8942,1
390000,47,0,0,898,0,0.0023,0
100000,51,2,2,104264,0,1.0426,0
20000,47,2,1,17305,1295,0.8652,1
360000,50,0,0,221855,46000,0.6163,0
60000,50,0,0,7888,14026,0.1315,0
150000,51,2,4,17307,0,0.1154,1
360000,49,0,0,170792,5729,0.4744,0
50000,49,0,0,48960,2255,0.9792,0
170000,50,1,6,152495,7200,0.897,0
300000,51,1,3,198235,0,0.6608,0
150000,51,0,0,3958,3146,0.0264,0
300000,51,0,0,1236,0,0.0041,0
500000,57,0,0,18726,29914,0.0375,0
160000,57,0,0,-1,0,-0.0,1
50000,54,2,1,9159,1500,0.1832,0
10000,56,2,2,10156,0,1.0156,0
100000,54,2,6,81507,3900,0.8151,1
300000,58,2,6,148265,14000,0.4942,1
30000,57,0,0,24911,1750,0.8304,1
90000,52,0,0,91671,4508,1.0186,0
30000,53,0,0,29683,1426,0.9894,0
140000,53,0,0,133167,5400,0.9512,0
50000,53,0,0,49512,1771,0.9902,0
100000,53,0,0,184438,3800,1.8444,0
30000,49,0,0,29707,2000,0.9902,0
160000,51,0,0,4042,1000,0.0253,1
10000,57,0,2,7525,1276,0.7525,0
170000,57,0,0,792,0,0.0047,1
50000,48,0,0,48096,2300,0.9619,0
500000,53,0,2,5008,1,0.01,0
500000,55,2,1,613860,37300,1.2277,1
20000,59,3,6,6015,2000,0.3008,1
20000,52,0,0,16361,1285,0.8181,0
80000,54,0,0,61454,2545,0.7682,1
500000,58,1,2,65005,0,0.13,0
20000,62,0,0,16303,1286,0.8152,0
190000,56,0,0,105046,2777,0.5529,0
160000,59,0,0,86249,5000,0.5391,0
170000,51,0,0,201851,6873,1.1874,1
80000,54,0,0,80449,2779,1.0056,1
180000,57,0,0,182329,9000,1.0129,0
50000,51,2,2,51264,68,1.0253,1
70000,62,6,5,112202,0,1.6029,0
20000,55,0,2,10301,2750,0.515,1
330000,48,0,0,933,12701,0.0028,0
330000,57,0,0,3524,300,0.0107,0
320000,51,0,0,1834,556,0.0057,0
140000,59,0,0,2859,3447,0.0204,0
20000,55,0,0,15793,1300,0.7896,0
70000,53,0,1,712,712,0.0102,0
240000,67,0,0,542827,20225,2.2618,0
460000,52,0,0,177520,8000,0.3859,0
80000,56,0,0,89088,3400,1.1136,1
20000,56,0,3,15397,3000,0.7698,0
200000,54,0,1,1749,3000,0.0087,1
200000,51,2,1,206,2522,0.001,1
420000,53,0,0,3717,5,0.0088,0
130000,54,0,0,30184,2419,0.2322,0
30000,53,1,2,0,0,0.0,1
110000,51,0,0,54051,1972,0.4914,1
360000,51,0,0,14093,10575,0.0391,0
50000,56,1,3,48141,3739,0.9628,0
70000,54,0,0,64527,2519,0.9218,0
420000,59,0,0,24389,1733,0.0581,0
50000,57,0,0,49543,1500,0.9909,0
450000,55,2,2,2500,0,0.0056,1
50000,56,0,0,38111,2966,0.7622,0
20000,53,3,6,15507,0,0.7754,1
250000,51,3,6,2487,0,0.0099,1
20000,53,0,0,18856,1318,0.9428,0
240000,57,0,0,224736,9573,0.9364,0
50000,52,0,0,47594,2200,0.9519,1
180000,65,0,0,191309,175100,1.0628,1
250000,71,0,0,173907,6504,0.6956,0
30000,52,0,2,25686,2500,0.8562,0
50000,55,0,1,40247,1800,0.8049,1
20000,62,1,3,17539,1612,0.877,0
260000,52,0,0,187581,7299,0.7215,1
130000,54,0,0,193,2520,0.0015,0
490000,51,1,2,-16,0,-0.0,1
150000,52,2,5,142903,13312,0.9527,1
30000,53,1,6,18361,2500,0.612,1
50000,54,1,1,0,0,0.0,1
330000,53,0,0,141061,3856,0.4275,0
330000,52,0,0,171004,6199,0.5182,0
140000,56,2,1,90462,4212,0.6462,1
40000,55,1,1,-150,0,-0.0038,1
360000,54,0,0,390,390,0.0011,0
80000,59,2,5,24756,5500,0.3094,1
730000,56,0,0,746814,20500,1.023,0
180000,63,0,0,157932,7000,0.8774,0
190000,64,0,1,65666,3800,0.3456,0
50000,57,0,0,390,1726,0.0078,0
230000,56,0,0,38349,1933,0.1667,0
20000,53,0,0,19084,1300,0.9542,0
130000,56,0,0,121165,4000,0.932,0
30000,53,0,0,1780,24437,0.0593,1
360000,57,1,1,0,0,0.0,0
100000,52,1,6,15420,2000,0.1542,0
180000,55,0,0,193095,6900,1.0728,0
210000,53,1,2,-197,3392,-0.0009,0
340000,53,0,0,342617,12604,1.0077,1
20000,52,0,0,21192,1600,1.0596,0
20000,52,0,0,990,2990,0.0495,0
500000,54,0,0,493251,18725,0.9865,0
360000,53,0,0,826,4765,0.0023,0
50000,54,0,0,47722,2100,0.9544,0
530000,54,0,0,-30,0,-0.0001,0
260000,59,0,0,1929,627,0.0074,0
40000,50,1,2,35879,0,0.897,1
30000,60,0,0,23575,1398,0.7858,0
240000,55,1,6,99259,0,0.4136,1
320000,55,2,4,200545,9600,0.6267,1
70000,61,3,3,8909,1200,0.1273,0
200000,58,0,2,1877,151,0.0094,0
360000,51,0,0,2782,5636,0.0077,0
110000,51,0,0,25707,1400,0.2337,1
80000,52,1,4,77185,5000,0.9648,1
200000,52,1,1,-768,0,-0.0038,0
100000,56,0,0,390,390,0.0039,1
160000,53,0,0,791,9173,0.0049,0
140000,55,1,1,0,0,0.0,1
300000,55,0,0,69994,2552,0.2333,0
50000,59,1,2,48504,0,0.9701,0
50000,29,0,0,49895,1867,0.9979,1
50000,29,0,0,50737,1818,1.0147,0
50000,34,0,1,11340,3200,0.2268,0
50000,38,0,0,51400,0,1.028,1
210000,29,0,0,2783,1088,0.0133,0
150000,26,0,0,24242,1700,0.1616,0
190000,29,0,0,0,0,0.0,0
80000,26,2,4,37097,2000,0.4637,1
100000,28,0,0,4864,5800,0.0486,0
20000,27,0,0,18854,1292,0.9427,0
400000,29,0,0,7622,39097,0.0191,0
100000,28,0,0,50697,1959,0.507,0
30000,22,0,1,30028,2634,1.0009,0
150000,26,0,2,81638,2481,0.5443,0
60000,24,0,0,62786,2212,1.0464,1
140000,26,0,0,93384,3514,0.667,0
80000,25,0,0,53685,3291,0.6711,0
200000,26,0,0,153900,0,0.7695,0
410000,28,0,0,5184,3476,0.0126,0
50000,26,0,0,43800,2043,0.876,0
50000,25,2,6,33995,1800,0.6799,1
100000,26,1,4,6056,0,0.0606,1
190000,24,0,0,15740,106602,0.0828,0
120000,27,2,6,120649,6000,1.0054,1
20000,22,0,0,16917,3500,0.8458,0
30000,22,1,2,16549,1500,0.5516,0
20000,22,2,3,16381,0,0.819,1
20000,22,0,0,15247,1575,0.7624,1
80000,22,0,0,1742,1200,0.0218,0
80000,23,0,0,78379,3015,0.9797,0
50000,23,0,0,3430,2548,0.0686,0
80000,23,2,3,84052,7100,1.0506,1
50000,23,0,1,49593,2200,0.9919,0
50000,24,0,0,594,0,0.0119,0
80000,24,0,0,386,1396,0.0048,0
20000,24,1,4,19242,3200,0.9621,1
70000,24,0,0,8391,2000,0.1199,0
130000,23,0,0,8690,1000,0.0668,0
10000,21,2,4,6795,3905,0.6795,1
50000,23,2,2,54866,1000,1.0973,1
50000,23,0,1,9978,3000,0.1996,0
20000,22,0,0,15090,1500,0.7545,0
80000,22,0,0,1807,133,0.0226,0
70000,23,0,0,69951,3200,0.9993,1
10000,22,1,1,0,0,0.0,0
120000,23,0,1,39517,4000,0.3293,0
20000,23,0,1,15071,1266,0.7536,0
50000,23,0,3,865,1202,0.0173,0
20000,24,0,0,14273,1183,0.7136,0
40000,23,0,0,39402,2000,0.985,0
80000,23,0,0,78366,2540,0.9796,0
20000,24,1,5,4697,0,0.2348,1
130000,24,0,0,66072,3000,0.5082,0
100000,24,0,0,53309,7500,0.5331,0
120000,24,0,0,93338,3261,0.7778,0
50000,24,0,0,48658,1900,0.9732,0
190000,24,0,0,183821,9000,0.9675,0
50000,25,0,0,20916,5000,0.4183,0
20000,54,2,4,14381,2350,0.719,0
50000,23,1,1,-697,12058,-0.0139,0
50000,23,0,3,15252,2200,0.305,0
80000,22,2,2,53023,0,0.6628,1
10000,22,2,1,7720,2500,0.772,1
50000,22,0,0,18293,1315,0.3659,0
50000,22,0,0,50635,1760,1.0127,1
50000,23,2,1,49441,1998,0.9888,0
20000,22,1,1,0,0,0.0,0
60000,27,2,3,19341,900,0.3224,1
50000,23,0,1,9101,1502,0.182,0
50000,23,0,0,47559,1784,0.9512,1
20000,21,0,2,390,780,0.0195,0
20000,23,0,2,14418,5000,0.7209,1
80000,23,2,6,22852,3200,0.2856,1
50000,24,0,2,10901,22514,0.218,1
120000,24,0,0,27491,3000,0.2291,0
50000,24,0,0,43219,2400,0.8644,0
110000,24,1,2,115527,0,1.0502,1
30000,24,1,3,26690,2000,0.8897,0
110000,23,2,1,1587,1000,0.0144,1
20000,23,0,1,15675,4492,0.7837,0
50000,23,0,0,47654,2000,0.9531,0
50000,24,0,1,48483,4500,0.9697,1
50000,24,0,0,43638,2200,0.8728,0
20000,22,2,1,20549,1400,1.0274,0
200000,36,0,0,184697,8001,0.9235,0
30000,24,0,0,1991,2000,0.0664,0
130000,23,0,0,109592,5733,0.843,0
20000,24,0,0,4261,7830,0.213,0
20000,23,0,0,19364,1358,0.9682,0
60000,23,0,2,59408,2230,0.9901,0
30000,24,0,2,27660,2000,0.922,0
30000,22,2,1,27987,1420,0.9329,1
120000,24,0,0,55829,2000,0.4652,0
30000,24,0,2,20367,2000,0.6789,0
30000,24,0,0,26094,1440,0.8698,0
60000,24,0,1,23851,1700,0.3975,1
50000,25,0,0,45688,2500,0.9138,1
30000,25,0,0,8935,1165,0.2978,0
270000,25,0,0,4999,5588,0.0185,0
360000,25,0,0,160411,6200,0.4456,0
450000,26,0,0,28765,1714,0.0639,0
50000,25,0,1,9040,0,0.1808,0
50000,25,0,0,27232,1439,0.5446,0
120000,25,0,0,58106,2000,0.4842,0
40000,26,1,4,7904,0,0.1976,1
140000,24,0,0,62755,2285,0.4482,0
200000,25,0,0,0,0,0.0,0
30000,25,0,0,415,150,0.0138,0
30000,25,0,0,15493,1500,0.5164,0
30000,25,2,5,29335,4000,0.9778,1
30000,25,0,1,25530,1500,0.851,0
110000,25,2,3,2729,4340,0.0248,1
50000,24,1,5,33385,3000,0.6677,0
130000,24,0,0,135466,4139,1.042,0
50000,25,0,0,47431,2000,0.9486,1
150000,25,0,0,87822,2575,0.5855,0
30000,25,0,0,21020,2000,0.7007,1
50000,23,0,0,15167,1523,0.3033,0
20000,23,0,0,17049,15000,0.8524,0
230000,24,0,1,64929,6000,0.2823,0
280000,25,0,0,985,505,0.0035,0
50000,24,0,0,5819,2555,0.1164,0
130000,23,0,0,44930,6000,0.3456,0
20000,25,1,1,0,891,0.0,0
80000,26,0,0,69489,2600,0.8686,0
100000,24,0,0,84895,3513,0.849,0
90000,24,2,2,89346,4100,0.9927,1
20000,24,0,0,440,4023,0.022,0
140000,24,2,1,1536,696,0.011,1
150000,24,0,0,291,291,0.0019,1
140000,24,2,2,778,980,0.0056,0
50000,24,2,1,23497,1395,0.4699,0
30000,24,1,1,0,0,0.0,0
110000,22,0,0,0,0,0.0,0
80000,23,0,0,326,0,0.0041,0
30000,23,0,1,21710,1670,0.7237,1
90000,23,0,0,28120,5000,0.3124,0
80000,25,0,0,47836,2000,0.598,0
30000,25,3,6,9095,1500,0.3032,1
20000,24,0,1,19335,1415,0.9668,0
30000,24,0,0,3740,1100,0.1247,0
80000,24,1,2,2254,0,0.0282,0
90000,23,0,0,88015,5640,0.9779,0
50000,25,0,0,46895,2000,0.9379,0
20000,22,2,2,13718,1550,0.6859,1
10000,22,0,0,6488,1282,0.6488,0
80000,23,0,0,66909,2451,0.8364,0
60000,25,0,0,75932,3121,1.2655,1
50000,25,0,0,50051,1754,1.001,0
30000,22,0,0,30136,1335,1.0045,0
30000,23,2,6,34048,0,1.1349,0
10000,24,0,0,6632,2000,0.6632,0
50000,26,0,0,5052,0,0.101,0
290000,24,0,0,11157,0,0.0385,0
100000,24,0,0,10376,26404,0.1038,0
40000,26,2,5,33811,1700,0.8453,1
130000,26,2,1,130535,6000,1.0041,1
100000,26,0,0,1962,3000,0.0196,0
360000,27,0,0,0,0,0.0,0
110000,23,0,0,78793,3400,0.7163,0
150000,23,0,0,58757,2714,0.3917,0
100000,23,0,0,4802,4806,0.048,0
50000,23,1,2,50638,0,1.0128,1
50000,22,0,0,50180,2100,1.0036,0
50000,22,0,0,47718,2106,0.9544,0
60000,23,0,0,48413,5000,0.8069,1
40000,23,0,2,18653,2000,0.4663,0
50000,25,2,2,51243,0,1.0249,1
80000,25,0,0,79986,3000,0.9998,0
50000,24,0,0,20173,1500,0.4035,0
10000,22,0,2,3646,4000,0.3646,0
50000,24,0,0,30344,20002,0.6069,0
180000,24,0,0,6272,0,0.0348,0
80000,25,0,0,0,0,0.0,0
50000,25,1,1,0,0,0.0,1
50000,25,0,1,8731,2463,0.1746,0
30000,22,0,0,8066,4869,0.2689,0
50000,23,0,0,48473,2100,0.9695,0
80000,24,0,0,77883,3500,0.9735,0
150000,26,0,0,69169,3083,0.4611,0
120000,24,0,0,2946,384,0.0246,1
80000,24,2,2,3177,0,0.0397,1
240000,24,0,0,75830,1480,0.316,0
30000,24,0,2,27465,3700,0.9155,0
150000,25,0,0,30305,10190,0.202,0
50000,25,0,0,41892,3000,0.8378,0
50000,24,0,1,25562,10000,0.5112,0
230000,24,0,0,5883,7000,0.0256,0
90000,24,0,0,84137,3210,0.9349,0
230000,25,0,0,264,264,0.0011,0
90000,25,0,0,6090,1500,0.0677,0
230000,25,0,0,9167,1392,0.0399,0
230000,25,0,0,95544,4200,0.4154,0
420000,25,0,0,17685,30553,0.0421,0
50000,25,0,0,30587,1800,0.6117,0
70000,24,0,0,67897,3000,0.97,0
200000,25,0,0,3302,0,0.0165,0
30000,25,0,0,27396,1753,0.9132,0
60000,24,2,4,47210,0,0.7868,1
230000,25,0,0,248,248,0.0011,0
100000,25,0,0,100778,4000,1.0078,0
420000,25,2,3,68394,5620,0.1628,0
100000,25,0,0,880,880,0.0088,0
160000,26,0,1,19542,10000,0.1221,0
260000,26,0,0,238110,10368,0.9158,0
280000,26,0,0,6056,1200,0.0216,0
70000,24,0,0,36175,0,0.5168,0
50000,26,2,5,47068,0,0.9414,1
100000,26,2,6,30067,7500,0.3007,1
100000,28,1,2,11059,0,0.1106,0
290000,26,0,0,55758,5029,0.1923,0
180000,26,0,0,3000,0,0.0167,0
300000,25,1,2,237155,102,0.7905,1
80000,25,0,0,34984,3015,0.4373,0
90000,25,0,0,58502,3043,0.65,0
500000,29,0,0,433792,13678,0.8676,1
40000,25,0,0,20216,8851,0.5054,0
170000,26,2,3,63977,2550,0.3763,0
30000,25,0,0,14045,1555,0.4682,0
120000,23,0,0,436,1480,0.0036,0
100000,28,0,2,1506,89,0.0151,1
50000,28,1,1,0,0,0.0,0
360000,26,0,0,4183,6501,0.0116,0
220000,26,0,0,29452,5000,0.1339,0
110000,25,0,0,-2628,165,-0.0239,0
110000,26,0,0,113284,5200,1.0299,0
310000,26,0,0,219155,10000,0.707,0
50000,27,0,0,45750,1655,0.915,0
50000,26,1,1,-18,0,-0.0004,0
200000,26,0,0,29339,2000,0.1467,0
120000,27,0,0,50620,1000,0.4218,0
80000,27,1,2,81841,15,1.023,1
320000,27,0,0,228129,100741,0.7129,0
210000,27,0,0,4426,0,0.0211,0
90000,26,2,4,88103,8300,0.9789,1
170000,26,0,0,172523,8000,1.0148,0
310000,25,0,0,2548,10317,0.0082,0
360000,26,2,1,2143,1000,0.006,0
200000,26,0,0,2364,442,0.0118,0
500000,26,0,0,16162,3000,0.0323,0
300000,26,0,0,212323,8420,0.7077,0
130000,26,1,2,99290,0,0.7638,1
260000,26,0,0,144112,5033,0.5543,0
100000,27,0,0,89312,3000,0.8931,0
70000,26,0,0,65229,3000,0.9318,0
100000,26,0,1,95087,3965,0.9509,1
80000,26,0,3,1238,376,0.0155,0
100000,25,2,2,97570,4100,0.9757,1
70000,24,0,3,47220,2000,0.6746,0
170000,27,2,3,169057,7500,0.9945,0
30000,26,0,3,9600,0,0.32,0
20000,26,1,2,18025,0,0.9012,0
180000,26,0,0,17517,28000,0.0973,0
30000,27,2,4,20581,1700,0.686,1
80000,27,0,0,82150,3463,1.0269,0
60000,27,0,3,27921,2500,0.4654,0
150000,26,0,0,151812,7005,1.0121,0
50000,23,2,1,46913,1938,0.9383,0
360000,27,1,1,0,0,0.0,0
70000,26,2,1,71832,3275,1.0262,0
50000,27,2,2,48064,3000,0.9613,1
90000,28,1,3,52061,79,0.5785,1
60000,27,0,0,39325,2000,0.6554,0
360000,27,0,0,2434,3900,0.0068,0
70000,22,0,0,66748,2049,0.9535,0
20000,23,3,6,12508,0,0.6254,1
110000,25,2,1,30079,1494,0.2734,1
30000,25,0,0,15767,1488,0.5256,0
90000,25,0,0,74814,5000,0.8313,0
210000,25,0,0,142848,5000,0.6802,0
270000,27,0,0,196192,9000,0.7266,0
60000,27,2,1,322,563,0.0054,0
280000,24,0,0,316,316,0.0011,0
50000,25,0,0,8298,1250,0.166,0
70000,25,0,0,69334,3000,0.9905,0
140000,26,0,0,10066,6483,0.0719,0
30000,26,0,0,27818,3000,0.9273,1
70000,26,0,0,69754,2791,0.9965,0
140000,27,0,0,0,0,0.0,0
300000,30,0,0,10915,3480,0.0364,0
80000,26,1,1,0,0,0.0,0
340000,27,0,0,59322,20063,0.1745,0
310000,27,0,0,134525,6200,0.434,0
110000,27,1,2,59580,0,0.5416,1
130000,27,0,0,68251,3000,0.525,0
280000,29,0,0,190601,4987,0.6807,0
100000,29,1,4,6266,0,0.0627,0
150000,29,0,0,94062,3183,0.6271,0
130000,26,0,3,121329,11000,0.9333,0
250000,27,0,0,85238,20004,0.341,0
200000,28,0,0,7484,2000,0.0374,0
110000,28,2,3,105014,9000,0.9547,0
160000,27,0,0,11442,1000,0.0715,0
80000,27,0,0,24003,3028,0.3,1
220000,27,0,0,66620,16008,0.3028,0
20000,27,0,1,16679,1554,0.834,0
160000,26,1,4,5654,398,0.0353,0
170000,26,0,0,3732,3732,0.022,0
360000,26,0,0,17084,1400,0.0475,0
50000,26,0,0,49378,2500,0.9876,0
100000,27,0,0,43599,3000,0.436,0
150000,29,0,0,146465,7000,0.9764,0
150000,29,0,0,8139,151691,0.0543,0
100000,29,0,0,167410,70001,1.6741,0
200000,29,0,0,5967,1897,0.0298,0
300000,27,0,0,17376,1294,0.0579,0
130000,28,1,1,0,14051,0.0,0
150000,28,0,0,97069,5300,0.6471,0
110000,28,0,0,53152,1725,0.4832,0
340000,28,0,0,6780,3629,0.0199,0
60000,25,0,0,59228,2300,0.9871,0
90000,23,0,0,94806,30000,1.0534,0
230000,29,1,2,113218,4800,0.4923,0
200000,29,0,0,3655,3084,0.0183,0
310000,28,0,1,18877,18417,0.0609,0
150000,29,0,0,80625,8002,0.5375,0
390000,29,0,0,10598,1571,0.0272,0
210000,29,1,1,0,0,0.0,1
290000,27,1,3,236258,1500,0.8147,0
180000,26,0,1,31540,5000,0.1752,0
140000,26,0,0,137789,5000,0.9842,1
10000,26,2,5,2742,2500,0.2742,0
80000,27,0,0,36959,2000,0.462,0
50000,27,3,6,300,0,0.006,1
110000,28,0,0,52693,5064,0.479,0
180000,29,0,0,0,0,0.0,1
230000,27,0,0,67615,1323,0.294,0
80000,27,0,4,2127,0,0.0266,0
50000,27,1,3,19029,0,0.3806,0
220000,28,0,0,215779,8600,0.9808,0
30000,28,1,5,24307,0,0.8102,1
200000,26,0,0,196168,8800,0.9808,0
130000,26,0,0,45563,2100,0.3505,0
360000,26,2,2,2500,0,0.0069,0
140000,27,0,0,27750,1500,0.1982,0
130000,27,0,0,8508,27049,0.0654,0
150000,28,1,1,0,0,0.0,0
20000,28,2,3,17023,2000,0.8512,1
130000,28,2,1,7964,1152,0.0613,0
190000,29,0,0,28096,2000,0.1479,0
140000,25,2,1,26623,3000,0.1902,1
180000,25,0,0,177607,6500,0.9867,0
180000,28,0,0,2393,5461,0.0133,0
50000,28,0,1,23318,1398,0.4664,0
80000,27,0,0,2805,1995,0.0351,0
120000,27,1,2,11238,0,0.0936,1
420000,28,0,0,89829,5126,0.2139,0
90000,27,1,1,0,1191,0.0,0
70000,27,0,0,42825,5000,0.6118,0
200000,27,0,0,37076,5000,0.1854,0
240000,28,0,0,30173,5009,0.1257,0
360000,28,0,0,276,0,0.0008,0
180000,28,0,0,20098,3000,0.1117,0
160000,27,0,0,288,451,0.0018,0
20000,29,0,0,12742,1500,0.6371,0
30000,28,2,1,1946,1000,0.0649,0
230000,28,0,0,45405,2500,0.1974,0
240000,29,0,0,10747,30439,0.0448,0
200000,27,0,4,159215,15500,0.7961,1
280000,28,0,0,0,0,0.0,0
340000,29,0,0,20816,1005,0.0612,0
50000,25,0,0,44641,1870,0.8928,0
200000,26,0,0,201642,7671,1.0082,1
140000,27,2,1,776,752,0.0055,0
160000,29,0,0,20193,3250,0.1262,0
50000,26,2,5,29164,0,0.5833,0
20000,28,2,6,15522,3186,0.7761,1
170000,29,0,0,-807,0,-0.0047,0
140000,27,0,0,1186,4000,0.0085,0
150000,29,1,1,0,231,0.0,0
70000,25,1,2,73167,0,1.0452,0
50000,28,0,0,51422,2100,1.0284,1
80000,28,0,0,150651,3905,1.8831,0
360000,29,0,0,0,0,0.0,0
360000,27,1,1,0,0,0.0,0
130000,27,0,0,37319,2031,0.2871,0
120000,28,0,0,2494,2000,0.0208,0
110000,28,0,0,79573,3800,0.7234,0
230000,28,0,0,29500,4800,0.1283,0
110000,29,0,4,18817,2600,0.1711,1
200000,28,0,0,1860,4464,0.0093,0
60000,28,0,0,2848,1469,0.0475,0
310000,28,0,0,240846,10500,0.7769,0
160000,27,1,1,-10,3392,-0.0001,0
180000,27,0,0,152158,5539,0.8453,0
170000,30,0,0,364,14662,0.0021,0
240000,29,0,0,3647,2535,0.0152,0
160000,28,0,0,160,0,0.001,0
200000,28,0,0,7618,7961,0.0381,0
60000,28,0,0,59650,3376,0.9942,0
100000,28,0,0,94245,3500,0.9424,0
60000,28,0,1,6393,4278,0.1066,1
50000,31,0,0,12725,30018,0.2545,0
120000,29,0,0,96342,4500,0.8028,0
250000,30,0,0,18751,5000,0.075,0
180000,30,0,0,1863,1863,0.0104,1
210000,30,0,0,107539,3000,0.5121,0
360000,30,0,0,19918,500,0.0553,0
210000,26,0,0,132909,7000,0.6329,0
110000,29,0,1,27340,10000,0.2485,0
270000,29,0,0,88996,17142,0.3296,0
50000,29,0,1,6161,3500,0.1232,0
220000,29,0,0,142818,5042,0.6492,0
80000,30,0,0,4161,2000,0.052,0
180000,31,0,0,4522,1771,0.0251,0
400000,31,0,0,325,5581,0.0008,0
230000,30,0,0,234521,9800,1.0197,0
90000,31,1,1,0,0,0.0,0
30000,29,1,4,27371,0,0.9124,1
150000,29,0,0,145138,5200,0.9676,0
230000,29,2,1,711,711,0.0031,0
510000,30,0,0,71121,493358,0.1395,0
20000,30,1,2,20128,0,1.0064,1
150000,27,0,0,51032,30000,0.3402,0
110000,24,0,0,6217,2000,0.0565,0
250000,25,0,0,24920,2000,0.0997,0
240000,29,1,1,0,0,0.0,0
150000,28,0,0,3470,0,0.0231,0
420000,29,0,0,267050,10000,0.6358,0
170000,30,0,0,66805,5148,0.393,0
220000,28,0,0,6601,5026,0.03,0
160000,28,0,0,2191,645,0.0137,0
150000,28,0,0,5527,1000,0.0368,0
150000,29,1,4,4577,0,0.0305,1
140000,27,0,0,444,0,0.0032,1
240000,27,0,0,30589,2239,0.1275,0
20000,28,0,1,2937,3353,0.1468,1
30000,29,2,1,28541,1385,0.9514,1
80000,29,2,1,80100,3500,1.0012,0
400000,29,0,0,5567,13011,0.0139,0
150000,27,0,0,88957,5500,0.593,0
180000,32,0,0,95917,2986,0.5329,0
360000,32,0,0,227689,7142,0.6325,0
160000,30,0,0,960,3597,0.006,1
80000,30,0,1,80681,6900,1.0085,0
240000,32,1,1,0,0,0.0,0
50000,33,0,0,34485,1815,0.6897,1
50000,34,0,0,50680,50702,1.0136,0
50000,29,0,0,47194,2002,0.9439,1
200000,30,0,0,42488,0,0.2124,0
50000,29,2,2,50461,2100,1.0092,0
140000,30,0,2,78095,8000,0.5578,0
310000,29,0,0,8454,14581,0.0273,0
430000,30,0,0,308741,12000,0.718,0
100000,30,0,0,89242,4200,0.8924,0
500000,29,0,0,28555,5000,0.0571,0
200000,29,0,0,204134,8000,1.0207,1
140000,29,0,1,135436,13102,0.9674,0
200000,30,0,1,0,1541,0.0,0
200000,28,0,0,466,161844,0.0023,0
100000,28,0,1,10886,1300,0.1089,0
180000,28,2,1,117328,4117,0.6518,0
190000,28,0,0,141693,5618,0.7458,0
50000,28,0,0,48782,2100,0.9756,0
440000,31,0,0,232526,1025,0.5285,0
30000,30,0,1,4994,0,0.1665,0
180000,29,0,0,4184,0,0.0232,0
150000,29,0,0,0,5067,0.0,1
390000,29,0,0,89953,25000,0.2306,0
30000,31,0,0,16207,4000,0.5402,0
10000,32,0,0,77,7417,0.0077,1
270000,32,0,0,59710,1808,0.2211,0
20000,32,3,6,2400,0,0.12,1
50000,34,0,3,45974,2374,0.9195,0
60000,33,1,2,11776,0,0.1963,0
50000,34,2,6,28289,5000,0.5658,1
20000,40,0,0,19088,1248,0.9544,0
80000,35,1,6,68423,3300,0.8553,1
50000,47,0,0,48433,3500,0.9687,0
140000,40,2,6,21952,6300,0.1568,1
400000,36,0,0,845,1428,0.0021,0
50000,44,0,1,13881,3483,0.2776,0
80000,36,0,0,74652,3700,0.9332,0
380000,30,2,1,225995,10382,0.5947,1
230000,33,0,0,233314,8005,1.0144,0
210000,31,0,0,9604,5056,0.0457,0
100000,40,0,0,92393,3500,0.9239,0
210000,44,0,0,124146,6000,0.5912,0
140000,35,0,0,92924,4691,0.6637,0
150000,47,0,0,0,0,0.0,0
40000,48,0,0,36581,1926,0.9145,0
120000,26,1,2,0,1953,0.0,1
50000,26,0,0,49296,1614,0.9859,0
360000,26,0,0,273,3558,0.0008,0
80000,42,2,4,17511,3600,0.2189,1
230000,46,0,0,699,699,0.003,0
50000,38,0,0,6350,1100,0.127,1
150000,48,0,0,3611,2000,0.0241,0
20000,35,0,1,7196,1120,0.3598,0
10000,44,5,6,8678,0,0.8678,1
140000,41,0,0,80603,3000,0.5757,0
150000,41,0,0,1650,0,0.011,0
290000,36,0,1,110695,3260,0.3817,0
170000,36,0,0,813,2085,0.0048,0
420000,39,0,0,2476,3634,0.0059,0
120000,33,0,0,508,700,0.0042,0
150000,40,0,0,3042,41243,0.0203,0
80000,45,0,0,77402,2900,0.9675,0
100000,48,0,0,109033,3641,1.0903,0
40000,41,0,0,72892,1971,1.8223,1
130000,46,0,0,131996,5000,1.0154,0
100000,41,0,0,96509,4500,0.9651,0
300000,46,0,0,147289,10000,0.491,0
150000,41,0,0,316,316,0.0021,0
50000,39,1,4,27094,0,0.5419,1
350000,37,0,0,6185,27821,0.0177,0
170000,45,0,0,1638,1638,0.0096,0
220000,31,2,4,182176,0,0.8281,1
210000,29,0,0,18662,6224,0.0889,0
200000,30,0,1,89874,4200,0.4494,0
180000,30,2,4,14038,3500,0.078,1
50000,31,1,3,50883,2200,1.0177,1
50000,35,1,2,31507,0,0.6301,0
180000,39,0,0,892,6846,0.005,0
500000,44,0,0,29996,10625,0.06,0
160000,45,1,1,0,0,0.0,0
120000,37,2,6,744,444,0.0062,1
60000,39,0,0,12545,1217,0.2091,1
220000,35,0,0,1849,326,0.0084,0
210000,36,0,0,13460,1534,0.0641,0
480000,38,0,0,5619,7600,0.0117,0
140000,43,0,0,140832,5006,1.0059,0
150000,38,0,0,149957,6000,0.9997,0
110000,43,2,2,114614,0,1.0419,1
350000,41,0,0,15407,3000,0.044,0
150000,43,0,0,111024,2720,0.7402,0
420000,39,0,0,298753,13000,0.7113,1
80000,41,0,0,11987,1325,0.1498,0
180000,44,0,0,138701,5100,0.7706,0
290000,39,1,1,-70,10000,-0.0002,0
300000,37,0,0,4476,3017,0.0149,0
80000,41,0,1,78480,3100,0.981,1
230000,39,0,0,0,0,0.0,0
20000,43,1,2,17188,0,0.8594,0
20000,39,1,1,0,0,0.0,1
200000,40,0,0,-50,0,-0.0002,0
500000,35,0,0,33214,18694,0.0664,0
10000,49,0,0,9807,2114,0.9807,0
100000,42,0,0,58543,2004,0.5854,0
250000,28,0,0,0,0,0.0,0
540000,38,1,1,736,736,0.0014,0
50000,39,0,0,37503,1399,0.7501,0
550000,44,0,0,27093,30820,0.0493,0
200000,42,0,0,2213,5286,0.0111,0
50000,44,0,0,46363,1762,0.9273,0
230000,36,1,2,232115,22,1.0092,0
330000,45,0,0,33369,2000,0.1011,0
520000,37,0,0,4439,3913,0.0085,0
180000,44,0,0,16891,0,0.0938,0
200000,36,0,0,167385,8000,0.8369,0
430000,44,0,0,626648,20659,1.4573,0
220000,46,3,3,249449,9501,1.1339,0
210000,41,0,0,0,8333,0.0,0
360000,47,0,0,71006,36448,0.1972,0
200000,48,0,0,2233,6734,0.0112,0
150000,36,0,0,38298,1635,0.2553,0
170000,47,0,0,16089,5455,0.0946,0
50000,49,2,3,47934,2100,0.9587,0
20000,48,1,6,18038,1000,0.9019,1
300000,32,0,0,169223,10000,0.5641,0
200000,40,1,1,2418,0,0.0121,0
210000,34,0,0,73329,2700,0.3492,0
100000,42,0,1,93256,8300,0.9326,0
210000,43,0,0,3088,5056,0.0147,0
80000,32,0,0,77808,3000,0.9726,0
130000,31,0,0,62518,4065,0.4809,1
320000,35,0,0,94561,6085,0.2955,0
350000,45,0,0,355310,13671,1.0152,0
260000,29,0,0,78341,10000,0.3013,0
230000,46,0,0,273094,135034,1.1874,0
210000,44,0,0,14993,1938,0.0714,0
160000,41,1,4,45057,2000,0.2816,0
210000,30,0,0,187191,4700,0.8914,0
120000,32,1,1,0,0,0.0,0
30000,32,0,0,27764,2000,0.9255,1
70000,31,0,0,38579,8958,0.5511,0
270000,31,0,0,177003,6235,0.6556,0
350000,30,0,0,951,605,0.0027,0
50000,45,1,6,23751,0,0.475,1
110000,48,0,0,108668,4322,0.9879,0
150000,44,0,0,49716,2000,0.3314,0
280000,29,0,0,0,0,0.0,1
300000,30,0,0,10746,7006,0.0358,0
20000,32,0,0,18377,1288,0.9188,1
50000,31,2,1,44105,2000,0.8821,0
200000,31,0,0,0,0,0.0,0
50000,31,1,1,0,0,0.0,0
150000,46,0,0,135748,5000,0.905,0
200000,32,0,0,13467,4366,0.0673,0
100000,32,1,1,-350,0,-0.0035,0
360000,33,0,0,5334,3017,0.0148,1
50000,33,0,0,37541,1434,0.7508,0
220000,33,0,0,204144,6500,0.9279,0
80000,33,1,2,83367,0,1.0421,1
150000,33,0,0,20441,6549,0.1363,0
210000,34,0,0,326,983,0.0016,1
70000,34,0,0,67655,3200,0.9665,0
50000,48,0,0,44324,2000,0.8865,0
80000,43,0,0,3408,0,0.0426,0
110000,34,0,0,0,576,0.0,0
170000,34,0,0,1088,1088,0.0064,0
160000,46,0,0,-510,380,-0.0032,0
130000,49,0,0,25339,1427,0.1949,0
200000,48,0,0,119139,5844,0.5957,0
360000,40,0,0,29540,27930,0.0821,0
160000,42,0,0,25338,3000,0.1584,0
310000,42,0,0,2851,7869,0.0092,0
500000,40,0,0,18436,3001,0.0369,0
430000,36,0,0,258212,10500,0.6005,1
300000,48,1,3,-2,781,-0.0,1
50000,46,0,0,3737,0,0.0747,0
300000,38,0,0,1250,940,0.0042,0
300000,39,0,0,1028,0,0.0034,1
20000,39,0,0,19078,1509,0.9539,1
400000,39,0,0,0,0,0.0,1
310000,48,0,0,0,99,0.0,0
370000,38,0,0,75823,5000,0.2049,0
230000,36,0,0,4390,1402,0.0191,0
300000,40,0,0,11704,1139,0.039,0
250000,40,0,0,2971,1737,0.0119,0
320000,41,0,0,95155,4400,0.2974,0
310000,45,0,0,311401,21084,1.0045,0
500000,39,0,2,3625,398,0.0072,0
80000,37,0,1,24941,1423,0.3118,0
200000,45,0,0,69817,2049,0.3491,0
160000,38,0,0,151963,5100,0.9498,0
20000,47,0,0,20151,2000,1.0076,0
20000,33,0,0,11635,2000,0.5818,0
30000,33,3,6,2400,0,0.08,1
500000,30,1,1,943,5692,0.0019,0
180000,30,0,0,1650,196,0.0092,0
180000,31,0,0,2941,1443,0.0163,0
450000,33,0,0,0,0,0.0,0
180000,33,0,0,70472,3218,0.3915,0
290000,46,0,0,30365,32575,0.1047,0
200000,37,0,0,4942,1068,0.0247,0
200000,34,1,1,0,0,0.0,0
400000,35,2,1,61245,50016,0.1531,1
210000,32,0,0,0,0,0.0,0
30000,42,1,4,30445,0,1.0148,1
340000,39,0,0,332319,12500,0.9774,0
50000,41,0,0,74903,2120,1.4981,0
220000,43,0,0,215050,9029,0.9775,0
100000,37,1,1,0,0,0.0,1
400000,40,0,0,30179,35729,0.0754,0
360000,43,0,0,6088,17980,0.0169,0
30000,47,0,0,3220,390,0.1073,0
10000,34,0,0,7101,1307,0.7101,1
330000,37,0,0,726,0,0.0022,0
110000,46,0,1,102726,10700,0.9339,0
30000,44,2,1,21003,1662,0.7001,1
110000,37,0,0,95986,4300,0.8726,0
150000,42,0,0,255207,6301,1.7014,0
80000,32,1,2,113740,0,1.4218,1
160000,41,0,0,24411,7944,0.1526,0
30000,32,0,0,3454,0,0.1151,0
200000,33,0,0,4510,7430,0.0226,0
150000,33,1,1,-3,353,-0.0,0
140000,34,1,1,0,0,0.0,0
120000,37,0,0,21128,5020,0.1761,0
100000,48,0,0,390,5333,0.0039,0
50000,38,0,0,51023,2300,1.0205,0
80000,42,0,0,4571,4905,0.0571,0
140000,41,0,0,85698,1400,0.6121,0
270000,45,0,0,218116,10041,0.8078,0
210000,36,0,0,1168,1511,0.0056,0
230000,48,0,0,0,0,0.0,0
30000,43,0,2,26806,4000,0.8935,0
260000,44,0,0,259346,9428,0.9975,1
20000,42,2,6,18162,900,0.9081,1
160000,34,0,0,390,390,0.0024,0
50000,43,0,0,46882,5100,0.9376,0
50000,41,0,0,46857,2000,0.9371,0
160000,38,0,0,316,873,0.002,1
140000,44,1,1,-9,909,-0.0001,0
230000,43,0,0,7075,1279,0.0308,0
120000,34,1,1,0,0,0.0,0
20000,49,0,2,9589,2200,0.4794,1
90000,44,0,0,390,390,0.0043,1
130000,38,0,0,64517,3000,0.4963,0
20000,31,0,0,-885,20,-0.0442,0
230000,31,0,0,-7,6792,-0.0,0
430000,42,0,0,89756,3169,0.2087,0
110000,40,0,0,5457,1300,0.0496,0
210000,40,0,0,206446,8139,0.9831,1
260000,49,0,0,-5684,217773,-0.0219,0
280000,45,0,0,294995,26345,1.0536,0
230000,36,0,0,858,885,0.0037,0
50000,46,0,0,36165,1600,0.7233,0
320000,36,0,0,396,396,0.0012,0
110000,41,0,0,104133,4500,0.9467,1
180000,42,0,0,390,390,0.0022,0
180000,41,0,0,130979,5739,0.7277,0
10000,32,0,0,5250,1223,0.525,1
30000,32,1,1,0,0,0.0,1
70000,32,2,1,67955,3007,0.9708,1
20000,44,0,0,18578,2000,0.9289,0
50000,36,2,1,39125,2000,0.7825,1
180000,38,0,0,390,10426,0.0022,0
220000,46,0,0,214274,11000,0.974,0
180000,29,0,0,15991,1473,0.0888,0
170000,29,0,1,106146,11021,0.6244,0
100000,30,0,0,96636,3402,0.9664,0
280000,30,0,0,13182,5290,0.0471,0
290000,31,0,0,21720,1240,0.0749,0
30000,31,3,6,25320,0,0.844,1
30000,31,0,0,28651,1800,0.955,0
80000,46,0,0,74745,2815,0.9343,0
50000,42,0,0,48706,1809,0.9741,0
60000,34,2,6,6731,1300,0.1122,0
260000,34,0,0,198788,6105,0.7646,0
60000,41,0,0,19813,5000,0.3302,0
80000,29,1,6,85738,0,1.0717,0
360000,40,1,1,0,0,0.0,0
180000,30,0,0,8531,1200,0.0474,0
80000,31,2,1,30911,2009,0.3864,1
70000,44,0,0,66301,3500,0.9472,0
360000,36,0,0,18641,7174,0.0518,0
300000,36,0,0,0,1979,0.0,0
100000,38,0,1,87181,4017,0.8718,0
100000,29,0,0,70205,4000,0.702,0
120000,34,0,0,0,360,0.0,0
200000,48,0,1,22111,11257,0.1106,1
180000,37,0,0,8592,8478,0.0477,0
60000,27,0,0,7301,11512,0.1217,0
10000,29,0,0,6176,1265,0.6176,0
230000,35,0,0,4793,6336,0.0208,0
50000,27,1,6,11966,1500,0.2393,0
350000,28,0,0,3738,7555,0.0107,0
200000,28,0,0,86,7066,0.0004,1
150000,28,0,0,1666,806,0.0111,0
180000,29,2,6,113331,5500,0.6296,1
30000,30,0,0,29009,1315,0.967,0
70000,30,0,0,69494,2716,0.9928,1
460000,32,0,0,30506,1568,0.0663,0
110000,42,0,0,776,776,0.0071,0
240000,31,0,0,31759,10000,0.1323,0
210000,31,0,0,205243,7736,0.9773,0
300000,32,1,1,-27,72071,-0.0001,0
170000,34,1,1,0,5010,0.0,0
420000,34,0,0,49256,4000,0.1173,0
230000,34,0,0,2223,1000,0.0097,0
260000,33,0,1,465,460,0.0018,0
50000,41,0,0,46456,1760,0.9291,0
80000,43,0,0,77479,3631,0.9685,0
200000,45,0,0,69288,0,0.3464,0
80000,40,0,0,18608,2000,0.2326,0
290000,36,0,0,8413,2006,0.029,0
20000,40,0,1,390,390,0.0195,1
50000,42,0,2,565,5481,0.0113,0
450000,36,0,0,3087,2081,0.0069,0
250000,38,1,1,-163,0,-0.0007,0
50000,40,0,2,48747,5300,0.9749,0
280000,40,0,0,291952,8562,1.0427,0
20000,41,0,0,8777,2000,0.4388,0
310000,37,0,0,4052,6514,0.0131,0
250000,36,0,0,111204,5600,0.4448,0
180000,36,2,5,172360,9000,0.9576,1
500000,35,1,1,458863,16918,0.9177,0
30000,44,0,4,25957,3400,0.8652,0
250000,36,0,0,71012,2200,0.284,0
170000,39,0,0,60514,5011,0.356,0
100000,39,0,0,518,0,0.0052,0
430000,42,0,0,38495,11935,0.0895,0
170000,43,0,0,136113,7000,0.8007,0
210000,32,0,1,576,3578,0.0027,0
280000,32,0,0,6562,54318,0.0234,0
160000,47,0,0,396,396,0.0025,0
210000,40,0,0,7542,0,0.0359,0
200000,40,0,0,3827,8030,0.0191,0
400000,30,0,0,634,5939,0.0016,0
80000,35,1,1,0,0,0.0,0
80000,35,1,6,30997,1852,0.3875,1
30000,38,0,1,2828,3963,0.0943,0
20000,39,1,5,8562,1200,0.4281,1
300000,37,0,0,8756,26,0.0292,0
460000,39,0,0,11403,14029,0.0248,0
80000,42,0,0,42656,1519,0.5332,0
80000,36,0,1,808,836,0.0101,0
100000,40,0,2,3234,6163,0.0323,0
100000,41,2,6,31786,3680,0.3179,1
50000,36,0,0,46714,1766,0.9343,0
80000,36,1,3,74328,3000,0.9291,1
130000,37,0,0,81731,4000,0.6287,0
50000,36,2,4,46203,0,0.9241,0
210000,44,0,0,88309,4500,0.4205,0
260000,39,0,0,174591,10000,0.6715,0
50000,32,0,0,45271,2000,0.9054,0
460000,33,0,0,8316,6018,0.0181,0
150000,34,0,0,115227,10000,0.7682,0
80000,31,0,1,56195,4808,0.7024,0
80000,42,0,0,46911,1748,0.5864,0
180000,46,0,1,10456,357,0.0581,1
100000,35,1,1,0,0,0.0,0
60000,40,0,0,28738,4000,0.479,1
50000,34,0,0,51037,2100,1.0207,0
390000,42,0,0,310075,10021,0.7951,0
210000,38,0,0,8420,3000,0.0401,0
160000,39,0,0,163058,6001,1.0191,0
50000,42,0,1,28693,3644,0.5739,0
50000,31,0,2,10682,1194,0.2136,0
160000,37,0,0,138594,3755,0.8662,0
220000,40,0,0,5785,4183,0.0263,0
80000,43,0,0,71604,3500,0.895,0
170000,31,0,0,60644,5000,0.3567,0
60000,33,1,3,56326,0,0.9388,0
200000,36,0,0,588,608,0.0029,0
320000,41,0,0,2197,1376,0.0069,0
160000,47,1,1,0,0,0.0,0
20000,45,0,0,9779,1063,0.489,0
80000,27,0,1,988,12961,0.0124,1
210000,29,0,0,103591,3831,0.4933,0
50000,27,0,0,4950,1068,0.099,1
500000,28,0,1,390393,26085,0.7808,0
120000,28,1,1,0,0,0.0,0
20000,28,1,2,20583,0,1.0292,0
250000,28,0,0,116861,5000,0.4674,0
80000,34,0,0,3500,9295,0.0438,0
240000,28,0,0,1154,1154,0.0048,0
150000,28,0,0,22943,1335,0.153,0
340000,29,0,0,43733,16787,0.1286,0
80000,28,0,0,73606,10200,0.9201,0
130000,29,0,0,12939,1000,0.0995,0
100000,29,0,0,87133,3400,0.8713,0
230000,29,0,0,12394,2102,0.0539,0
160000,30,1,1,0,0,0.0,0
220000,29,2,1,28992,8000,0.1318,0
80000,29,0,1,14227,1500,0.1778,1
420000,29,0,0,48455,2011,0.1154,0
130000,32,0,0,11175,14181,0.086,0
80000,32,0,0,40478,5225,0.506,0
210000,31,0,0,77830,2555,0.3706,0
220000,31,0,0,124281,10000,0.5649,0
170000,30,0,1,132283,6000,0.7781,1
50000,30,1,6,41934,2100,0.8387,0
80000,31,0,0,4771,4771,0.0596,0
300000,33,0,0,58719,3000,0.1957,0
140000,33,1,1,0,7933,0.0,0
290000,33,0,0,242422,7757,0.8359,0
80000,33,0,0,0,747,0.0,0
500000,33,0,0,3994,8022,0.008,0
40000,44,1,3,35544,2000,0.8886,1
50000,45,0,0,39944,2124,0.7989,0
260000,34,0,0,0,0,0.0,0
80000,45,0,0,19989,1228,0.2499,0
280000,35,0,0,7147,2500,0.0255,0
270000,37,0,0,264,217,0.001,0
80000,48,0,0,33058,1945,0.4132,0
120000,34,0,0,119884,4545,0.999,0
300000,40,0,0,121603,30000,0.4053,0
120000,37,2,3,38757,4300,0.323,0
80000,36,0,0,63908,10051,0.7988,0
50000,42,0,0,12106,1184,0.2421,0
100000,47,0,0,24735,3555,0.2474,0
180000,44,0,0,6529,6626,0.0363,0
160000,45,0,0,63198,7000,0.395,0
350000,49,0,0,16173,9122,0.0462,0
50000,33,0,0,23500,0,0.47,0
320000,37,0,0,-5700,0,-0.0178,0
170000,35,0,0,121231,5000,0.7131,0
50000,37,0,1,47832,3010,0.9566,0
360000,40,2,4,108399,0,0.3011,1
70000,36,0,0,68028,3340,0.9718,1
20000,45,0,0,1403,6990,0.0702,0
100000,46,0,1,33699,4500,0.337,0
180000,36,0,0,326,326,0.0018,0
160000,42,0,0,0,1473,0.0,0
230000,35,2,4,1214,500,0.0053,1
20000,38,0,0,0,0,0.0,1
180000,39,1,2,101526,3000,0.564,0
180000,45,1,1,0,0,0.0,0
20000,34,0,0,17625,1019,0.8812,0
150000,49,1,1,0,970,0.0,0
240000,40,0,0,0,0,0.0,1
360000,37,0,0,0,0,0.0,0
260000,35,0,0,5656,869,0.0218,0
500000,34,0,0,17172,35454,0.0343,0
200000,41,0,1,-60,0,-0.0003,0
230000,45,0,0,30099,1000,0.1309,0
200000,32,0,1,127132,5058,0.6357,0
70000,37,0,0,48684,1785,0.6955,0
160000,36,1,1,0,17029,0.0,0
80000,33,0,0,25211,1300,0.3151,0
100000,30,0,0,47423,3000,0.4742,0
20000,38,1,1,0,2000,0.0,1
110000,47,0,0,109461,3477,0.9951,0
100000,35,0,0,326,2691,0.0033,1
240000,39,0,0,233161,8900,0.9715,0
170000,31,1,1,1564,0,0.0092,0
110000,31,2,6,91773,4550,0.8343,1
50000,44,0,0,501,1463,0.01,0
390000,41,0,0,10496,0,0.0269,0
40000,44,0,0,13033,1232,0.3258,0
160000,39,0,0,6089,2400,0.0381,0
20000,41,1,4,18548,3100,0.9274,0
180000,36,1,1,0,0,0.0,0
50000,41,1,4,23165,2000,0.4633,1
110000,37,0,0,20733,1602,0.1885,0
20000,39,0,1,15969,1285,0.7984,1
40000,36,0,2,15861,3000,0.3965,0
50000,47,2,1,46666,2100,0.9333,1
200000,30,0,0,200,200,0.001,0
90000,31,0,0,19929,1500,0.2214,0
300000,34,0,0,0,0,0.0,0
310000,36,0,0,294180,11000,0.949,0
330000,37,0,0,46348,1574,0.1404,0
210000,30,0,0,1661,5793,0.0079,0
260000,34,0,0,8383,2985,0.0322,0
290000,35,0,0,2348,10421,0.0081,0
20000,39,1,3,17751,1800,0.8876,0
140000,31,0,0,98250,4600,0.7018,0
150000,36,2,6,100247,12924,0.6683,1
50000,46,0,0,390,390,0.0078,0
50000,37,0,0,7390,2157,0.1478,0
270000,28,0,0,1459,12,0.0054,0
240000,28,0,0,175976,6600,0.7332,0
150000,29,0,0,78044,2000,0.5203,0
260000,40,0,0,120108,4224,0.462,0
470000,42,0,0,219081,70000,0.4661,0
190000,47,0,0,192493,7200,1.0131,0
160000,28,0,0,5171,3634,0.0323,0
320000,31,0,0,66604,9293,0.2081,0
30000,30,0,0,24482,1800,0.8161,1
150000,33,0,0,24393,27007,0.1626,0
200000,34,0,2,189490,18000,0.9474,1
150000,34,0,0,39883,2068,0.2659,0
50000,30,0,0,48549,1813,0.971,0
80000,24,0,0,19188,1374,0.2398,0
50000,47,0,3,9532,5000,0.1906,0
80000,37,2,4,93050,8840,1.1631,1
280000,34,0,0,7215,24143,0.0258,0
160000,38,0,0,132932,8005,0.8308,0
80000,29,0,0,28491,1710,0.3561,0
160000,30,0,0,136053,3528,0.8503,0
90000,32,0,1,3682,0,0.0409,0
360000,32,0,0,11646,5000,0.0323,0
80000,34,0,0,71435,2642,0.8929,0
20000,36,0,1,626,626,0.0313,1
50000,48,0,0,48572,2028,0.9714,0
200000,40,2,6,80468,4200,0.4023,1
50000,44,1,6,13112,2100,0.2622,1
120000,31,1,4,21134,0,0.1761,1
60000,31,2,2,63201,1132,1.0534,1
120000,32,0,0,66551,2429,0.5546,0
80000,32,1,1,0,0,0.0,0
140000,32,2,4,103181,6000,0.737,0
300000,33,0,0,3890,4008,0.013,0
230000,30,0,0,8685,1079,0.0378,0
310000,30,1,1,5931,120000,0.0191,0
330000,31,0,0,4054,1091,0.0123,0
210000,35,0,1,67374,2500,0.3208,0
120000,35,0,0,115600,5521,0.9633,0
170000,35,0,0,96565,30580,0.568,0
50000,39,0,0,25254,2000,0.5051,0
100000,44,2,3,12724,0,0.1272,1
140000,33,0,0,10174,8651,0.0727,0
210000,33,0,0,43047,1000,0.205,0
360000,34,0,0,96169,4000,0.2671,0
50000,34,0,0,50854,1314,1.0171,0
340000,34,0,0,0,2630,0.0,0
260000,37,0,1,1050,1050,0.004,1
500000,37,1,2,5186,0,0.0104,0
60000,40,1,3,57388,2522,0.9565,0
420000,38,0,0,56107,53400,0.1336,0
30000,41,1,2,28041,13,0.9347,0
370000,41,0,0,1442,9750,0.0039,0
450000,35,0,0,7240,1251,0.0161,0
400000,39,0,0,1991,2920,0.005,1
400000,46,0,1,2030,10540,0.0051,1
640000,39,0,0,119887,10000,0.1873,0
210000,38,0,0,4991,551,0.0238,0
30000,35,0,0,27873,1441,0.9291,0
100000,36,0,0,16155,3514,0.1616,0
250000,41,0,1,22423,60,0.0897,0
190000,40,0,0,122308,4445,0.6437,0
20000,43,0,0,9540,2422,0.477,0
180000,40,0,0,20909,4262,0.1162,0
200000,29,0,0,188,2215,0.0009,0
80000,29,1,1,0,0,0.0,0
120000,29,0,0,96686,3508,0.8057,0
50000,29,0,1,30517,4000,0.6103,0
260000,30,0,0,5106,280,0.0196,0
180000,30,1,1,0,3095,0.0,0
130000,30,0,0,1650,1650,0.0127,1
110000,30,1,5,68910,3200,0.6265,0
50000,44,0,0,50496,2007,1.0099,0
500000,46,0,0,196606,10000,0.3932,0
360000,32,1,1,0,0,0.0,0
80000,34,0,0,1383,5030,0.0173,0
10000,33,2,3,7486,3000,0.7486,0
320000,34,0,0,5159,967,0.0161,0
30000,32,0,0,28701,27078,0.9567,0
80000,32,0,0,0,0,0.0,0
160000,34,1,4,79727,0,0.4983,0
490000,34,0,0,19036,5038,0.0388,0
220000,35,1,1,0,0,0.0,0
450000,35,0,1,403,0,0.0009,0
370000,35,0,0,5886,8190,0.0159,0
80000,34,0,3,43321,5000,0.5415,1
360000,47,2,2,2500,0,0.0069,1
60000,42,0,0,58899,2579,0.9816,0
50000,45,0,0,7963,1669,0.1593,0
160000,49,0,0,347,2389,0.0022,0
260000,41,0,0,264549,10000,1.0175,0
220000,45,0,0,990,990,0.0045,0
60000,46,2,6,44030,1500,0.7338,1
220000,38,1,3,171784,10000,0.7808,0
290000,39,0,0,264,264,0.0009,0
130000,40,0,0,98874,5000,0.7606,0
200000,41,0,0,6981,1000,0.0349,0
200000,37,1,1,0,35000,0.0,0
110000,44,2,6,38639,2000,0.3513,1
30000,45,2,2,15667,12110,0.5222,1
30000,42,0,0,22943,1700,0.7648,0
100000,41,0,0,621,0,0.0062,0
360000,44,0,0,0,0,0.0,0
140000,38,0,1,84539,18000,0.6038,0
50000,47,0,0,34740,4000,0.6948,0
70000,35,0,0,1473,1473,0.021,0
60000,48,2,2,48094,0,0.8016,0
360000,39,1,1,0,0,0.0,0
240000,40,1,1,0,9965,0.0,0
200000,30,0,0,896,900,0.0045,0
100000,35,0,0,91518,3000,0.9152,0
50000,41,0,0,9172,1172,0.1834,0
100000,41,0,0,98075,3600,0.9808,0
270000,42,0,0,14352,1859,0.0532,0
50000,48,0,0,47945,4100,0.9589,0
300000,41,0,0,5511,1982,0.0184,0
50000,40,0,0,31934,2000,0.6387,1
80000,41,0,0,42124,1835,0.5266,0
200000,31,0,2,76621,6808,0.3831,0
340000,31,5,5,589654,3000,1.7343,1
310000,31,0,0,0,0,0.0,0
80000,31,0,0,15633,2302,0.1954,0
210000,31,0,0,1983,422,0.0094,0
80000,32,0,0,70163,4000,0.877,0
500000,32,0,0,405490,20000,0.811,0
260000,35,0,0,9286,2036,0.0357,0
120000,41,0,0,919,8209,0.0077,0
100000,41,0,0,70202,2548,0.702,0
60000,35,2,4,49825,1700,0.8304,1
190000,36,0,0,6915,4923,0.0364,0
100000,35,2,6,93983,5500,0.9398,1
380000,37,0,1,13415,1204,0.0353,0
350000,44,1,5,8651,1871,0.0247,1
100000,39,0,0,97944,4296,0.9794,0
100000,31,0,0,100296,3703,1.003,0
150000,32,0,0,3267,3782,0.0218,0
150000,33,1,6,5607,1200,0.0374,1
150000,38,0,0,109244,3506,0.7283,0
460000,35,1,1,-14,707,-0.0,0
100000,44,2,6,105373,5700,1.0537,1
230000,38,0,0,75459,3000,0.3281,0
10000,38,1,3,3980,0,0.398,1
200000,44,0,0,390,390,0.002,0
140000,34,0,0,141066,4873,1.0076,0
370000,46,0,0,6370,2120,0.0172,0
50000,49,0,0,36325,0,0.7265,0
160000,36,0,0,2447,206,0.0153,0
80000,43,0,0,80707,3332,1.0088,0
240000,33,0,0,61180,23222,0.2549,0
160000,33,0,4,18195,0,0.1137,0
50000,44,0,0,48592,1063,0.9718,1
180000,38,0,0,179307,7294,0.9962,0
50000,46,0,1,58141,2200,1.1628,0
500000,32,0,0,253767,10000,0.5075,0
200000,34,0,0,2955,5938,0.0148,0
60000,44,0,0,56403,2300,0.94,0
50000,46,1,3,52308,0,1.0462,0
50000,44,2,6,40985,2100,0.8197,1
210000,27,1,1,0,0,0.0,1
60000,27,1,3,10415,0,0.1736,0
140000,28,0,0,31,2000,0.0002,1
260000,35,0,0,-124,0,-0.0005,1
300000,40,0,0,1529,3717,0.0051,0
500000,36,0,0,-1,230,-0.0,0
140000,34,0,0,2574,0,0.0184,0
290000,49,2,3,301651,34905,1.0402,1
360000,27,0,0,91282,3967,0.2536,0
20000,27,0,1,8879,1500,0.444,0
190000,27,0,0,125739,6000,0.6618,0
150000,28,0,0,41387,2000,0.2759,0
100000,28,2,1,4523,3000,0.0452,1
310000,29,0,0,29906,14750,0.0965,0
500000,29,0,0,70287,5000,0.1406,0
120000,28,0,0,792,0,0.0066,0
200000,28,0,0,135841,4449,0.6792,0
180000,30,0,0,7808,1198,0.0434,0
50000,30,0,0,46795,2169,0.9359,1
210000,30,0,0,52514,2449,0.2501,0
230000,30,2,6,212400,9000,0.9235,1
200000,30,0,0,1028,1030,0.0051,0
100000,31,0,0,101458,3800,1.0146,1
250000,31,0,0,171006,5004,0.684,0
200000,31,0,1,3850,6,0.0192,0
50000,31,0,0,4468,0,0.0894,0
170000,31,1,2,0,427,0.0,0
70000,32,0,0,57550,3000,0.8221,0
260000,31,0,0,50312,85387,0.1935,0
60000,32,0,0,59143,2100,0.9857,0
120000,31,0,0,140,140,0.0012,1
100000,33,0,0,74847,3000,0.7485,0
500000,34,0,0,161716,6018,0.3234,0
230000,34,2,1,566,2329,0.0025,0
330000,34,0,0,252755,25000,0.7659,0
360000,35,0,0,3925,5352,0.0109,0
180000,44,1,1,0,0,0.0,0
180000,35,0,1,175200,7002,0.9733,1
140000,35,0,0,84873,4000,0.6062,0
260000,37,1,4,58261,3000,0.2241,0
220000,36,0,0,0,0,0.0,0
100000,42,0,0,1651,631,0.0165,0
280000,39,0,0,1451,9152,0.0052,0
100000,40,0,0,1573,0,0.0157,0
290000,46,0,0,73612,2207,0.2538,0
360000,48,0,0,202783,10000,0.5633,0
290000,46,0,0,7874,1500,0.0272,0
60000,39,0,0,32734,1506,0.5456,0
80000,44,0,4,41630,8000,0.5204,1
180000,42,0,0,132986,6167,0.7388,0
200000,37,0,0,454,2500,0.0023,0
170000,44,0,0,2500,804,0.0147,0
780000,41,0,0,101957,62819,0.1307,0
340000,42,0,0,139808,873552,0.4112,0
200000,39,0,0,20218,25267,0.1011,0
350000,45,0,0,291,291,0.0008,0
360000,39,0,0,366965,12709,1.0193,1
130000,41,0,0,2538,1177,0.0195,0
310000,44,0,0,67423,10000,0.2175,0
110000,46,0,0,107281,4560,0.9753,0
260000,44,1,1,-6,1106,-0.0,0
290000,44,0,0,7886,9636,0.0272,0
200000,37,0,0,1382,23994,0.0069,0
130000,40,0,1,54137,2600,0.4164,1
60000,28,0,0,38991,10008,0.6498,0
20000,30,0,0,21302,1300,1.0651,0
300000,31,0,0,3565,316,0.0119,0
70000,39,0,1,124493,4800,1.7785,0
240000,35,0,1,528,0,0.0022,1
60000,29,0,0,5557,7587,0.0926,0
240000,28,1,1,0,0,0.0,0
200000,29,0,0,161,0,0.0008,0
500000,31,0,0,47177,10000,0.0944,0
140000,28,0,0,138901,5600,0.9922,1
210000,29,0,0,42140,2000,0.2007,0
240000,31,0,0,184,0,0.0008,0
240000,30,0,0,0,0,0.0,0
160000,28,0,1,4145,0,0.0259,0
50000,29,0,0,28889,1368,0.5778,0
400000,29,0,0,16666,62545,0.0417,0
440000,29,0,0,23147,70554,0.0526,0
150000,30,0,1,114797,4500,0.7653,0
100000,27,1,1,0,0,0.0,1
120000,32,0,0,497,0,0.0041,0
50000,28,3,6,2400,0,0.048,0
150000,32,2,4,118348,5900,0.789,1
360000,30,0,0,2500,0,0.0069,0
260000,29,0,0,246509,7012,0.9481,0
240000,43,0,0,244103,9102,1.0171,1
180000,41,0,0,141137,5481,0.7841,0
210000,42,0,0,2201,3571,0.0105,0
70000,34,0,0,2226,1245,0.0318,0
500000,35,0,0,3994,11160,0.008,0
500000,48,0,0,30252,38009,0.0605,0
180000,28,0,0,51085,5014,0.2838,0
120000,31,0,0,45716,2000,0.381,0
200000,33,0,0,15126,3000,0.0756,0
140000,33,0,0,89226,3133,0.6373,0
20000,34,1,1,0,0,0.0,1
220000,39,0,0,419,419,0.0019,0
290000,32,0,0,4340,3686,0.015,1
260000,37,0,0,188,188,0.0007,0
220000,34,0,0,135132,7245,0.6142,0
80000,40,2,4,1140,5000,0.0142,0
160000,41,0,0,13512,1206,0.0844,0
500000,37,0,0,80846,3032,0.1617,0
230000,42,0,0,-138,0,-0.0006,0
120000,39,1,1,0,0,0.0,1
360000,38,0,0,2410,7954,0.0067,0
220000,39,0,0,300,0,0.0014,0
120000,32,0,1,1192,0,0.0099,0
360000,33,0,0,3231,9666,0.009,0
120000,42,0,0,344,881,0.0029,1
50000,32,0,1,27447,1500,0.5489,0
290000,35,0,0,285679,10050,0.9851,0
230000,38,0,0,1129,1029,0.0049,0
200000,36,1,1,0,0,0.0,0
370000,48,0,0,250264,10004,0.6764,0
50000,40,0,0,60131,3000,1.2026,0
50000,32,0,0,0,0,0.0,0
20000,44,0,0,18783,1230,0.9392,0
260000,36,0,1,131971,10000,0.5076,0
230000,42,0,0,390,390,0.0017,0
200000,36,0,0,8812,15234,0.0441,0
340000,36,0,1,29879,1459,0.0879,0
220000,32,0,0,84942,2500,0.3861,0
340000,36,0,0,4490,4834,0.0132,0
200000,42,0,0,535,10468,0.0027,0
180000,44,1,1,0,0,0.0,0
50000,43,0,0,24847,2000,0.4969,0
80000,38,0,0,77204,2938,0.965,0
160000,31,0,0,1133,31964,0.0071,0
80000,48,0,0,77627,5000,0.9703,0
30000,37,0,0,264,264,0.0088,1
230000,42,0,0,107,529,0.0005,0
400000,42,0,0,3608,4052,0.009,0
200000,42,1,2,-105,10000,-0.0005,0
20000,46,2,1,5437,1264,0.2718,1
200000,38,0,0,3824,6115,0.0191,0
140000,34,0,0,1500,0,0.0107,0
360000,29,0,0,270528,10256,0.7515,0
360000,36,1,1,-1,0,-0.0,0
390000,45,0,0,184547,6645,0.4732,0
390000,41,0,0,-13,0,-0.0,1
160000,35,0,0,335,0,0.0021,0
340000,44,0,0,2732,2183,0.008,0
280000,36,0,1,832,0,0.003,0
500000,42,0,0,21179,51304,0.0424,0
60000,46,0,0,16017,22000,0.267,0
420000,37,0,0,14823,1800,0.0353,0
160000,38,0,0,6555,0,0.041,0
230000,34,0,0,316,316,0.0014,0
230000,31,2,1,125270,6531,0.5447,1
280000,36,0,0,2874,2888,0.0103,0
180000,31,0,0,6903,8000,0.0384,0
100000,40,0,0,1895,0,0.019,1
180000,33,0,0,3302,1295,0.0183,0
30000,46,0,1,29213,5064,0.9738,0
320000,39,0,0,46383,68800,0.1449,0
590000,39,0,0,128659,5025,0.2181,0
130000,38,0,0,5636,8510,0.0434,0
130000,33,0,0,1365,84118,0.0105,0
280000,41,1,1,268,509,0.001,0
90000,40,0,1,89789,7069,0.9977,0
320000,30,0,0,1031,1895,0.0032,0
160000,31,0,0,63780,3518,0.3986,0
150000,37,0,0,104460,6000,0.6964,0
40000,48,0,0,27273,2000,0.6818,0
180000,31,0,0,68450,3100,0.3803,0
550000,39,0,0,336722,11007,0.6122,0
50000,45,1,2,6805,0,0.1361,0
220000,36,0,0,222598,10000,1.0118,1
360000,40,0,0,9325,10741,0.0259,0
250000,35,0,0,277822,6150,1.1113,0
340000,46,0,0,94915,3224,0.2792,0
180000,44,0,0,1210,1071,0.0067,0
30000,48,2,2,26950,0,0.8983,1
300000,33,0,0,76922,0,0.2564,1
40000,37,0,1,5366,1273,0.1342,0
500000,47,0,0,26110,2064,0.0522,0
180000,41,0,0,55193,5000,0.3066,0
350000,44,0,0,110819,6000,0.3166,0
90000,48,0,0,6224,8150,0.0692,0
240000,31,0,0,245553,10178,1.0231,0
50000,46,0,0,44835,1900,0.8967,0
220000,33,0,2,1379,705,0.0063,0
180000,38,0,0,25895,2000,0.1439,0
400000,37,0,0,14889,929,0.0372,0
220000,42,3,6,2500,0,0.0114,1
180000,48,0,0,872,3347,0.0048,0
80000,38,0,0,39604,1000,0.495,1
360000,37,0,0,198839,7000,0.5523,0
170000,49,0,0,163951,5100,0.9644,0
130000,48,0,0,0,1240,0.0,0
290000,30,0,0,216328,8000,0.746,0
90000,32,0,4,79105,8200,0.8789,0
130000,32,0,0,12535,2000,0.0964,0
140000,48,1,1,0,780,0.0,0
510000,48,0,0,113616,9019,0.2228,0
50000,39,0,0,2080,0,0.0416,0
200000,40,0,0,1489,9973,0.0074,0
200000,37,0,0,83000,2500,0.415,0
400000,36,0,0,69376,2255,0.1734,0
310000,35,0,0,1815,3689,0.0059,0
210000,46,0,0,50720,3111,0.2415,0
90000,33,0,0,77379,2500,0.8598,0
270000,31,0,0,9213,1080,0.0341,0
30000,39,0,0,30238,2000,1.0079,1
30000,41,0,0,20061,1542,0.6687,0
210000,36,0,0,2853,8037,0.0136,0
110000,43,0,0,104622,4000,0.9511,0
160000,42,1,1,0,0,0.0,0
380000,30,0,2,27015,5700,0.0711,0
140000,33,0,0,954,1015,0.0068,0
250000,44,0,0,166325,6686,0.6653,0
150000,39,0,0,1709,14674,0.0114,0
230000,43,2,6,206245,13126,0.8967,1
220000,49,0,0,0,0,0.0,1
60000,39,1,3,31011,0,0.5168,0
50000,41,0,0,46148,4000,0.923,1
300000,40,1,1,0,0,0.0,0
320000,41,0,0,2555,7100,0.008,0
250000,43,0,0,331,0,0.0013,0
200000,42,0,0,858,1406,0.0043,0
110000,36,0,0,3681,6026,0.0335,0
50000,46,0,0,36259,2500,0.7252,0
300000,45,1,1,0,1669,0.0,0
50000,33,1,3,26358,4,0.5272,0
230000,42,0,0,170,2217,0.0007,0
30000,36,0,0,528,0,0.0176,1
30000,41,3,3,1660,428,0.0553,0
290000,41,0,1,4783,2552,0.0165,0
210000,47,0,0,234,0,0.0011,0
200000,46,0,1,827,1654,0.0041,0
150000,41,0,0,11026,9640,0.0735,0
110000,45,0,0,21842,3000,0.1986,0
20000,43,2,2,13139,1300,0.657,1
360000,28,0,0,79161,4000,0.2199,0
230000,35,0,0,165405,6027,0.7192,0
60000,38,0,1,27527,5000,0.4588,0
470000,45,0,0,212948,30000,0.4531,0
120000,29,0,0,59538,4000,0.4962,0
50000,35,0,0,41657,10000,0.8331,0
140000,40,1,1,0,1220,0.0,0
500000,39,0,0,10840,1108,0.0217,0
400000,41,0,0,43672,678,0.1092,1
310000,34,0,0,87559,3000,0.2824,0
320000,42,0,2,304057,20000,0.9502,1
330000,41,0,0,11006,4160,0.0334,0
240000,38,0,0,231990,10028,0.9666,0
290000,36,0,0,8909,8300,0.0307,0
150000,39,0,0,10147,0,0.0676,0
50000,34,0,0,5745,1023,0.1149,0
210000,37,0,0,2960,0,0.0141,0
150000,38,0,0,14391,1213,0.0959,0
210000,46,0,1,594,0,0.0028,0
180000,40,0,0,34483,22864,0.1916,0
360000,33,1,1,0,0,0.0,1
220000,33,0,0,179430,7041,0.8156,0
160000,40,1,1,0,3685,0.0,0
500000,40,0,0,38322,1284,0.0766,0
100000,43,2,2,100792,0,1.0079,0
80000,47,0,0,966,0,0.0121,1
360000,35,0,0,0,0,0.0,1
230000,49,0,0,224985,10000,0.9782,0
180000,33,0,0,4500,2580,0.025,0
200000,44,0,0,203045,4501,1.0152,1
60000,45,0,0,60244,3000,1.0041,0
280000,35,0,0,171057,7000,0.6109,0
80000,48,0,1,396,792,0.005,1
200000,40,1,1,0,0,0.0,0
50000,37,0,0,4793,3000,0.0959,0
460000,34,0,0,14460,8869,0.0314,0
220000,34,0,0,2774,5162,0.0126,0
170000,37,0,0,397,395,0.0023,0
50000,41,0,0,10400,0,0.208,0
210000,44,0,0,89519,20033,0.4263,0
20000,31,1,4,9701,0,0.485,0
230000,46,0,0,266,0,0.0012,0
390000,32,0,0,46895,7518,0.1202,0
180000,34,0,0,18314,2000,0.1017,0
130000,33,1,1,0,0,0.0,0
250000,43,0,0,278,278,0.0011,0
500000,37,0,0,6694,17470,0.0134,1
240000,40,0,0,338294,2857,1.4096,0
270000,39,0,0,3073,1816,0.0114,0
450000,44,0,0,11150,4281,0.0248,0
280000,33,0,4,75953,9348,0.2713,1
170000,42,0,0,3480,316,0.0205,0
280000,30,0,0,26679,52223,0.0953,0
170000,43,0,0,38137,1934,0.2243,0
200000,37,0,0,19149,1500,0.0957,0
380000,33,0,0,89842,8000,0.2364,0
500000,44,0,0,522,20007,0.001,0
40000,29,0,0,35735,2017,0.8934,0
150000,29,2,3,123248,5000,0.8217,1
220000,34,0,0,36242,3000,0.1647,0
200000,29,0,0,181821,6000,0.9091,0
360000,43,0,0,0,0,0.0,0
100000,36,0,0,905,3450,0.0091,0
420000,34,0,0,158471,1644,0.3773,1
200000,39,1,1,0,0,0.0,0
310000,36,0,0,298221,10500,0.962,1
180000,34,0,0,41699,1800,0.2317,0
500000,32,0,0,5353,6081,0.0107,0
230000,35,0,0,0,0,0.0,0
50000,40,0,0,52841,1860,1.0568,0
250000,40,1,2,16503,0,0.066,0
150000,31,1,4,22723,0,0.1515,0
50000,34,0,0,2435,0,0.0487,0
100000,35,0,0,77394,2640,0.7739,1
110000,42,2,5,39635,1900,0.3603,1
210000,38,0,0,76418,5000,0.3639,0
150000,45,0,0,1923,101,0.0128,0
80000,44,1,1,-60,2460,-0.0008,0
200000,48,0,2,-1123,4165,-0.0056,1
150000,35,2,2,55337,0,0.3689,1
100000,39,0,0,10135,1646,0.1014,0
110000,32,0,0,46603,2536,0.4237,0
240000,33,0,0,99938,3500,0.4164,0
80000,42,0,0,0,0,0.0,0
180000,35,0,0,5450,0,0.0303,1
180000,35,1,1,0,0,0.0,0
400000,31,0,0,-287,0,-0.0007,0
260000,41,0,1,195465,8400,0.7518,0
160000,47,0,2,1857,0,0.0116,1
240000,34,0,0,7806,2481,0.0325,0
260000,35,0,0,0,0,0.0,0
160000,38,0,0,159637,5580,0.9977,0
80000,43,0,0,66047,2071,0.8256,0
480000,39,0,0,98569,10620,0.2054,1
270000,41,0,0,48872,3688,0.181,0
100000,40,2,4,40626,2000,0.4063,1
300000,40,0,0,390,390,0.0013,0
450000,40,0,0,5453,26731,0.0121,0
360000,43,1,1,0,0,0.0,0
170000,40,0,0,134496,17400,0.7912,0
50000,36,0,0,48032,1771,0.9606,0
50000,30,0,1,16986,1186,0.3397,1
240000,31,1,4,6900,0,0.0288,1
440000,34,0,0,6480,1000,0.0147,0
180000,35,2,1,168090,5500,0.9338,0
140000,40,0,0,0,1887,0.0,0
150000,34,1,1,0,53,0.0,0
100000,35,0,0,100207,4026,1.0021,0
190000,40,0,0,124082,4500,0.6531,0
200000,40,1,1,0,114558,0.0,0
260000,41,0,1,157551,7312,0.606,0
580000,34,1,2,420115,0,0.7243,1
100000,36,0,0,101513,3600,1.0151,0
400000,40,0,0,3716,4318,0.0093,0
350000,32,0,0,24522,18970,0.0701,0
140000,43,2,2,90632,0,0.6474,1
90000,46,0,0,1829,2793,0.0203,0
180000,40,1,1,0,319,0.0,1
150000,41,0,0,3275,1105,0.0218,0
200000,40,0,0,0,0,0.0,1
390000,39,0,0,359641,11100,0.9222,0
180000,28,0,0,416,416,0.0023,1
90000,28,1,3,5799,0,0.0644,0
240000,29,0,0,81274,3101,0.3386,0
320000,28,0,0,331,1085,0.001,1
90000,28,2,4,88627,0,0.9847,1
200000,40,0,0,5853,6567,0.0293,0
210000,41,0,0,194,6479,0.0009,1
160000,31,3,4,166573,2000,1.0411,1
100000,28,0,0,77007,5000,0.7701,0
240000,29,0,0,236883,8636,0.987,0
50000,50,0,0,12164,1521,0.2433,0
50000,50,0,0,21956,2000,0.4391,0
20000,52,0,1,10248,1501,0.5124,1
320000,50,0,0,885,2116,0.0028,0
60000,50,0,0,2811,297,0.0468,1
230000,49,0,0,1034,299,0.0045,0
170000,50,0,0,1978,2191,0.0116,0
400000,49,1,3,9279,0,0.0232,0
200000,50,0,0,3943,1443,0.0197,0
250000,50,0,0,193355,8173,0.7734,0
460000,50,0,0,581319,19141,1.2637,1
10000,54,0,2,1083,780,0.1083,0
50000,50,0,0,32570,3000,0.6514,0
150000,50,0,0,0,0,0.0,1
290000,50,0,0,272799,10109,0.9407,0
50000,58,0,0,7308,1200,0.1462,0
120000,65,0,0,58436,2740,0.487,0
250000,53,0,0,440,439,0.0018,0
500000,54,0,0,0,0,0.0,1
160000,55,0,0,86179,4000,0.5386,0
60000,58,1,2,26259,0,0.4376,0
10000,52,1,5,8546,0,0.8546,1
20000,50,1,2,0,780,0.0,0
80000,51,0,0,42731,1365,0.5341,1
100000,57,0,0,101890,4000,1.0189,0
30000,53,2,2,35647,0,1.1882,0
230000,53,0,0,148058,20074,0.6437,0
360000,53,0,0,0,208,0.0,1
30000,52,0,0,27964,1720,0.9321,0
300000,52,0,0,293174,15000,0.9772,0
110000,64,0,0,83050,4000,0.755,0
450000,54,0,0,2500,0,0.0056,0
330000,53,0,0,287021,6802,0.8698,0
240000,55,2,2,72188,3000,0.3008,0
100000,55,0,0,17048,10000,0.1705,0
30000,56,0,0,29261,1500,0.9754,0
120000,50,0,0,109372,5500,0.9114,0
310000,50,0,0,316,316,0.001,0
290000,51,0,0,0,22888,0.0,0
230000,52,0,0,986,3939,0.0043,0
270000,52,0,0,43210,3500,0.16,0
160000,52,0,0,157018,5000,0.9814,0
280000,51,2,4,258764,25000,0.9242,0
20000,54,1,2,14930,11,0.7465,1
400000,55,0,0,153951,193358,0.3849,0
50000,56,0,1,26242,3006,0.5248,0
130000,52,0,1,50662,4600,0.3897,0
100000,56,1,4,28625,0,0.2862,0
400000,55,0,1,530,5101,0.0013,0
120000,54,1,1,-200,0,-0.0017,1
200000,58,1,3,203108,7500,1.0155,1
260000,55,1,1,0,0,0.0,0
110000,56,0,0,34102,2000,0.31,0
260000,65,0,0,0,0,0.0,1
220000,56,1,1,0,0,0.0,0
60000,61,0,0,28208,1495,0.4701,0
140000,56,0,4,11106,3000,0.0793,0
100000,50,0,0,16469,2000,0.1647,0
360000,51,1,1,-28,15528,-0.0001,0
160000,52,0,1,465,10451,0.0029,0
30000,52,1,2,34104,0,1.1368,1
200000,52,0,0,290122,7100,1.4506,0
330000,59,0,0,130797,20000,0.3964,0
80000,56,0,0,1407,1068,0.0176,0
140000,56,0,0,136084,6500,0.972,1
270000,55,0,0,2039,7922,0.0076,0
90000,50,0,0,91123,3614,1.0125,0
120000,50,0,0,6574,1374,0.0548,0
50000,50,0,0,49068,1848,0.9814,0
320000,52,0,0,650,2080,0.002,0
80000,56,0,0,49350,2000,0.6169,0
180000,58,0,0,0,0,0.0,0
60000,51,0,0,38788,2065,0.6465,0
440000,54,0,0,293717,9700,0.6675,0
50000,50,1,4,0,1381,0.0,1
160000,50,0,0,1902,14846,0.0119,0
50000,51,1,3,4746,0,0.0949,0
50000,57,2,2,50525,0,1.0105,1
140000,54,1,6,17962,0,0.1283,1
80000,57,0,0,80297,3410,1.0037,0
300000,53,0,0,0,0,0.0,0
40000,60,0,0,14019,2000,0.3505,0
30000,54,0,0,38866,2000,1.2955,1
300000,50,0,0,0,0,0.0,1
20000,59,3,6,8803,2800,0.4402,1
20000,54,0,0,13543,1300,0.6772,0
140000,56,0,0,123460,5000,0.8819,0
200000,49,2,4,570,52439,0.0028,1
200000,50,0,2,2070,2500,0.0104,0
400000,50,0,1,15986,4359,0.04,0
290000,50,1,5,173564,7000,0.5985,0
210000,53,0,1,88680,7350,0.4223,0
50000,54,0,0,46137,2000,0.9227,0
20000,56,0,1,11471,1214,0.5736,0
360000,54,0,0,4463,3270,0.0124,0
70000,53,2,1,70659,3000,1.0094,1
80000,52,1,5,82904,0,1.0363,0
230000,66,0,0,0,5580,0.0,0
30000,52,0,1,19629,1340,0.6543,0
500000,52,0,0,76701,2540,0.1534,0
260000,51,1,1,0,2000,0.0,0
330000,58,0,0,880,2304,0.0027,1
350000,59,0,0,0,0,0.0,0
200000,50,0,0,0,1882,0.0,0
130000,52,0,0,124007,6000,0.9539,0
610000,50,0,0,10579,11299,0.0173,0
330000,51,0,1,208263,10000,0.6311,0
70000,51,2,6,42815,2100,0.6116,1
110000,51,0,0,111255,4112,1.0114,0
120000,51,0,0,117287,6500,0.9774,0
480000,52,0,0,105286,87170,0.2193,0
80000,52,0,0,88819,2990,1.1102,0
200000,52,0,0,16964,317,0.0848,0
20000,51,0,0,11156,2300,0.5578,0
230000,70,0,0,183500,7000,0.7978,1
40000,52,0,0,31960,2000,0.799,0
350000,56,0,0,1966,14515,0.0056,0
360000,56,0,0,919,2385,0.0026,0
30000,67,2,3,27943,3580,0.9314,0
360000,61,2,1,353176,13869,0.981,1
30000,60,3,6,1950,0,0.065,1
120000,61,1,2,121709,99,1.0142,1
20000,56,0,0,19774,2009,0.9887,0
140000,56,3,6,450,0,0.0032,1
20000,59,1,2,19328,0,0.9664,1
80000,54,0,0,68519,2500,0.8565,0
360000,56,1,1,0,0,0.0,0
50000,56,0,0,45652,1734,0.913,0
150000,55,0,0,14149,18734,0.0943,0
20000,53,2,6,17474,1500,0.8737,0
10000,53,2,4,9917,3400,0.9917,1
100000,56,0,1,390,780,0.0039,0
360000,73,0,0,0,0,0.0,1
170000,53,0,0,784,605,0.0046,0
70000,55,0,0,68467,2249,0.9781,0
30000,53,0,0,8615,1500,0.2872,0
80000,54,0,0,78294,3500,0.9787,1
100000,58,0,0,98067,4600,0.9807,0
20000,56,1,4,9061,0,0.453,1
60000,53,1,3,8735,0,0.1456,1
510000,61,0,1,187070,8500,0.3668,0
260000,54,0,0,9760,5484,0.0375,0
360000,64,0,0,0,4900,0.0,0
300000,53,0,0,7733,7424,0.0258,0
160000,74,0,0,79201,3783,0.495,0
240000,56,3,3,2500,0,0.0104,1
150000,58,2,1,152767,6251,1.0184,0
90000,60,0,0,1933,63201,0.0215,0
500000,73,0,0,0,2826,0.0,1
140000,60,2,2,113079,0,0.8077,1
170000,57,0,0,163452,7300,0.9615,0
280000,56,0,0,4320,4811,0.0154,0
30000,30,0,0,26061,1780,0.8687,0
120000,34,0,1,646,1271,0.0054,1
50000,55,2,1,13741,1243,0.2748,0
80000,41,0,1,60588,2505,0.7574,0
180000,29,0,0,177554,6500,0.9864,0
400000,26,1,1,938,350,0.0023,0
50000,28,0,3,13258,5635,0.2652,1
60000,24,0,0,17054,1600,0.2842,0
200000,29,0,0,13765,14304,0.0688,0
50000,29,0,1,50085,3000,1.0017,1
20000,28,0,0,16066,2000,0.8033,1
130000,22,0,0,25200,0,0.1938,0
10000,22,0,5,10160,0,1.016,0
50000,26,0,0,50343,1319,1.0069,0
10000,24,0,0,7521,1145,0.7521,0
200000,27,0,0,3179,1844,0.0159,0
10000,27,0,0,9457,1107,0.9457,0
50000,25,0,2,39686,5000,0.7937,0
20000,23,1,4,17081,300,0.854,1
10000,22,0,0,9473,1288,0.9473,1
100000,35,0,0,94467,3627,0.9447,0
50000,23,0,0,49842,2000,0.9968,0
50000,23,0,3,46926,1387,0.9385,0
50000,23,0,0,11148,3000,0.223,0
160000,23,0,0,6760,4000,0.0422,0
10000,23,0,0,6927,1500,0.6927,0
20000,23,0,0,6321,6000,0.316,0
20000,22,1,4,19698,2000,0.9849,1
50000,22,0,0,51159,3000,1.0232,0
90000,24,0,0,37985,2010,0.4221,0
20000,24,2,4,5266,1000,0.2633,1
20000,24,1,4,6696,1000,0.3348,1
50000,23,0,0,50175,1796,1.0035,0
10000,23,0,0,8604,1600,0.8604,0
150000,24,0,0,9514,15046,0.0634,0
60000,24,0,0,58197,3000,0.97,0
20000,25,0,0,3855,1040,0.1928,0
10000,23,1,1,0,0,0.0,0
20000,24,0,0,18836,1318,0.9418,0
10000,24,0,1,7760,1471,0.776,0
10000,23,0,0,10041,2000,1.0041,0
20000,24,2,1,16794,1288,0.8397,0
50000,23,0,0,980,3500,0.0196,0
20000,22,0,0,4341,1245,0.217,0
50000,24,0,0,6701,2200,0.134,0
10000,23,0,0,7545,1500,0.7545,0
50000,24,0,0,18684,1323,0.3737,0
30000,24,0,0,11080,0,0.3693,0
250000,24,1,1,0,0,0.0,0
50000,24,0,0,49411,2100,0.9882,0
50000,23,0,1,22643,1497,0.4529,1
10000,23,0,1,2427,3775,0.2427,1
20000,23,0,0,16994,1700,0.8497,0
20000,23,0,0,18963,1300,0.9482,1
50000,23,0,0,50511,1785,1.0102,0
50000,24,1,2,50645,0,1.0129,0
20000,24,0,0,15940,3572,0.797,0
110000,24,0,0,326,326,0.003,1
20000,23,0,3,11819,1524,0.591,0
50000,24,0,0,390,390,0.0078,1
50000,25,0,0,43793,1651,0.8759,0
140000,25,1,1,0,850,0.0,0
50000,25,0,1,47053,2000,0.9411,0
10000,25,1,1,0,0,0.0,0
70000,25,1,2,69447,0,0.9921,1
20000,25,0,1,14989,1263,0.7494,1
20000,25,3,6,1650,0,0.0825,1
20000,25,1,4,18885,3300,0.9442,1
20000,25,0,1,17927,1500,0.8964,0
60000,26,0,0,38815,2023,0.6469,0
50000,25,0,0,47410,2100,0.9482,0
50000,25,0,0,49007,1922,0.9801,1
30000,25,0,0,11355,1512,0.3785,1
20000,24,0,0,19438,1273,0.9719,0
50000,25,0,1,20636,1604,0.4127,1
70000,24,1,3,32536,0,0.4648,0
70000,24,0,0,12109,5328,0.173,0
20000,25,0,0,13429,1300,0.6714,0
10000,23,0,0,4812,1196,0.4812,1
10000,24,0,0,2736,3000,0.2736,0
80000,23,0,1,1053,0,0.0132,0
60000,25,0,0,1193,48967,0.0199,0
180000,26,0,0,396,396,0.0022,0
300000,27,0,0,1386,25125,0.0046,0
70000,26,0,0,64691,2500,0.9242,0
50000,26,3,6,29373,0,0.5875,1
120000,26,0,0,16068,1134,0.1339,0
50000,26,0,0,50419,1000,1.0084,1
170000,27,0,0,2697,0,0.0159,0
170000,27,0,0,711,176,0.0042,0
50000,27,1,3,35905,0,0.7181,0
180000,23,0,0,177998,7000,0.9889,0
80000,26,2,1,31740,50000,0.3968,0
50000,26,0,0,49006,2000,0.9801,0
290000,27,0,0,98861,3221,0.3409,0
160000,27,0,0,112022,4342,0.7001,1
160000,27,0,0,316,316,0.002,0
390000,27,0,0,59917,15000,0.1536,0
10000,25,1,4,9737,1352,0.9737,1
80000,25,0,0,8900,1136,0.1112,0
160000,25,0,0,85748,4000,0.5359,0
80000,26,0,0,56808,3000,0.7101,0
360000,26,0,0,94672,3485,0.263,0
200000,26,1,6,58050,0,0.2902,1
60000,25,0,2,56473,6000,0.9412,0
110000,26,0,0,61167,2721,0.5561,0
90000,26,0,0,61212,2497,0.6801,0
50000,26,2,1,49644,2047,0.9929,1
180000,27,0,0,212751,40000,1.182,0
30000,25,2,4,21403,0,0.7134,1
50000,25,0,0,9716,25045,0.1943,1
50000,24,0,0,19267,5000,0.3853,0
120000,26,2,4,109110,0,0.9092,0
60000,25,0,0,58479,3000,0.9746,0
70000,25,0,0,34700,21597,0.4957,0
50000,25,0,1,29425,2000,0.5885,0
240000,26,0,0,24779,5000,0.1032,0
200000,25,2,6,147660,5500,0.7383,1
50000,25,0,3,41761,4000,0.8352,0
290000,26,0,0,196780,10144,0.6786,0
30000,26,1,2,-185,28924,-0.0062,0
290000,26,0,0,46041,2000,0.1588,0
50000,25,0,0,50184,2000,1.0037,0
50000,26,0,0,581,581,0.0116,0
310000,26,0,0,47330,4000,0.1527,0
120000,26,0,0,101215,5006,0.8435,0
140000,26,1,3,146023,6,1.043,1
50000,26,0,0,24003,2000,0.4801,0
10000,26,0,0,1198,0,0.1198,1
110000,30,2,6,88168,7300,0.8015,1
20000,29,0,0,14576,2000,0.7288,0
50000,26,0,0,44781,2000,0.8956,0
230000,26,0,0,-8,0,-0.0,0
80000,27,1,1,0,0,0.0,0
30000,26,0,0,28337,2000,0.9446,0
100000,28,0,0,188853,5003,1.8885,0
280000,26,0,0,688,2400,0.0025,0
110000,26,0,0,65215,2375,0.5929,0
110000,26,0,0,52489,2000,0.4772,0
40000,27,1,6,40933,0,1.0233,0
180000,26,0,1,23758,9000,0.132,0
50000,26,0,0,50632,1808,1.0126,0
50000,27,0,0,50580,3000,1.0116,0
50000,27,0,0,48534,1824,0.9707,0
90000,27,0,0,21506,1600,0.239,0
80000,26,0,0,67090,2500,0.8386,0
90000,26,0,0,2862,0,0.0318,1
50000,26,0,0,14577,1300,0.2915,0
100000,26,0,0,1872,4503,0.0187,0
390000,41,0,0,22309,1325,0.0572,0
70000,26,0,0,18757,1625,0.268,0
100000,27,0,0,9228,1171,0.0923,0
210000,27,0,0,90675,1607,0.4318,0
10000,27,0,0,5002,1103,0.5002,0
310000,26,0,0,2154,360,0.0069,0
30000,26,6,5,33181,0,1.106,1
130000,27,1,1,0,0,0.0,0
20000,27,0,0,543,1100,0.0272,0
50000,28,0,2,5281,2000,0.1056,0
30000,24,1,6,21788,1700,0.7263,1
140000,26,0,0,80351,4000,0.5739,0
70000,27,0,0,43214,2000,0.6173,0
20000,27,1,5,17569,1500,0.8784,1
400000,27,0,0,3359,6034,0.0084,0
20000,27,1,6,19388,0,0.9694,0
10000,27,0,0,8907,1500,0.8907,0
60000,27,0,0,5370,2000,0.0895,0
180000,28,0,0,2566,7255,0.0143,0
50000,28,0,0,49139,2500,0.9828,0
90000,28,0,1,15940,4400,0.1771,1
390000,28,0,0,198132,9124,0.508,0
30000,29,0,3,19363,2000,0.6454,1
200000,29,1,2,7885,0,0.0394,1
20000,28,1,4,8469,0,0.4234,1
70000,28,1,4,72605,0,1.0372,0
80000,27,0,0,63132,2378,0.7892,0
80000,27,0,0,2197,3613,0.0275,0
110000,28,0,2,10817,3000,0.0983,1
310000,28,0,1,186,0,0.0006,0
80000,28,0,0,80849,3200,1.0106,0
390000,29,0,0,6664,6931,0.0171,0
20000,22,0,0,-7,0,-0.0004,0
50000,24,0,0,10912,2152,0.2182,0
20000,26,3,6,300,0,0.015,1
30000,26,0,0,25993,1183,0.8664,0
170000,26,0,0,7228,1200,0.0425,0
320000,28,0,1,5799,70891,0.0181,0
200000,27,0,0,137266,5212,0.6863,0
50000,27,0,0,17500,0,0.35,0
180000,29,0,0,115191,5700,0.64,0
290000,29,0,0,42065,1100,0.1451,0
260000,28,1,1,0,0,0.0,0
170000,27,0,0,2190,264,0.0129,0
290000,28,0,0,346,0,0.0012,1
120000,28,0,0,92677,4516,0.7723,0
290000,28,0,3,6395,1200,0.0221,1
10000,27,0,0,5703,1130,0.5703,0
160000,28,0,2,530,0,0.0033,0
20000,28,0,0,18941,1500,0.947,0
200000,29,1,2,199417,0,0.9971,0
200000,30,0,0,24853,3158,0.1243,0
130000,27,0,0,84579,3084,0.6506,0
230000,28,0,0,26574,26,0.1155,0
140000,28,0,0,933,1768,0.0067,0
280000,27,0,0,1284,846,0.0046,0
50000,27,0,0,14614,1558,0.2923,0
20000,28,0,0,12234,1192,0.6117,0
150000,27,0,0,133374,10000,0.8892,0
200000,29,1,2,0,0,0.0,1
420000,29,0,0,16127,1322,0.0384,0
10000,29,0,0,2944,2000,0.2944,0
500000,28,0,0,257603,10234,0.5152,0
150000,28,0,0,157051,8566,1.047,0
240000,28,0,0,227346,8308,0.9473,0
70000,28,0,0,4638,323,0.0663,0
70000,29,0,2,57779,2200,0.8254,0
230000,28,0,0,-73,0,-0.0003,0
200000,28,0,1,5765,12453,0.0288,0
50000,29,0,0,46489,2500,0.9298,0
300000,29,0,0,2163,345,0.0072,0
130000,29,0,0,58299,2626,0.4485,0
610000,29,0,0,8965,7062,0.0147,0
120000,29,0,0,115698,6000,0.9642,0
60000,27,0,0,58982,2097,0.983,0
50000,29,0,0,28818,2000,0.5764,0
50000,29,1,4,43933,0,0.8787,1
20000,30,0,0,19082,1314,0.9541,0
300000,30,0,0,900,195,0.003,0
50000,31,1,2,43200,6000,0.864,0
130000,29,1,2,118723,3001,0.9133,0
100000,30,2,6,89898,4900,0.899,1
130000,28,0,0,101546,3000,0.7811,0
30000,29,0,0,390,390,0.013,0
10000,29,0,0,8099,2000,0.8099,0
50000,28,0,0,48591,2300,0.9718,0
10000,30,3,6,1050,0,0.105,1
230000,30,0,0,115141,5028,0.5006,0
210000,30,0,0,820,820,0.0039,0
140000,30,0,0,2663,1823,0.019,0
50000,31,0,0,47533,2200,0.9507,0
310000,30,0,0,48931,207000,0.1578,0
80000,30,0,0,64330,2934,0.8041,0
500000,30,0,0,6049,2500,0.0121,0
80000,26,0,0,50442,1816,0.6305,0
120000,28,0,2,1835,0,0.0153,1
50000,26,0,0,45253,1724,0.9051,0
50000,30,0,0,16397,1572,0.3279,0
200000,30,0,0,3207,4360,0.016,0
50000,30,0,1,1382,1300,0.0276,0
130000,30,0,3,780,390,0.006,0
240000,28,0,0,181569,6606,0.7565,0
180000,28,0,0,9796,500,0.0544,0
20000,28,0,1,10926,2500,0.5463,0
140000,28,1,4,31529,0,0.2252,1
160000,29,0,0,498,682,0.0031,0
280000,29,0,0,10660,5123,0.0381,0
80000,28,0,0,198,734,0.0025,0
140000,29,0,0,14544,8376,0.1039,0
300000,30,0,0,237372,10000,0.7912,0
150000,27,0,0,118533,3375,0.7902,0
240000,27,0,0,0,249,0.0,0
100000,29,0,0,390,390,0.0039,1
100000,30,0,0,27869,3500,0.2787,0
220000,30,0,1,15746,16780,0.0716,0
50000,30,0,0,9610,1147,0.1922,1
120000,30,0,2,1500,1700,0.0125,0
280000,31,0,0,-6,0,-0.0,0
200000,30,1,1,0,1870,0.0,0
10000,29,2,4,5948,0,0.5948,1
10000,30,0,1,8107,1298,0.8107,1
50000,29,0,1,5249,10000,0.105,0
70000,30,0,1,2329,55000,0.0333,1
20000,30,1,1,-300,0,-0.015,0
140000,30,0,1,90313,15037,0.6451,0
200000,46,0,0,103138,3929,0.5157,0
280000,42,0,0,22821,1118,0.0815,0
70000,45,1,2,73958,67,1.0565,0
210000,26,0,1,9358,0,0.0446,0
50000,27,0,0,47830,6143,0.9566,0
150000,27,0,0,85500,3956,0.57,0
120000,28,0,0,8022,2000,0.0669,0
200000,28,0,0,1867,997,0.0093,1
420000,31,0,0,31065,2004,0.074,0
50000,29,1,6,5931,0,0.1186,0
270000,31,0,0,9526,1116,0.0353,0
130000,31,0,0,2280,1725,0.0175,0
210000,31,0,1,82940,3024,0.395,0
240000,31,1,1,0,780,0.0,0
260000,30,0,0,27855,1259,0.1071,0
250000,32,0,0,79319,0,0.3173,0
150000,31,0,1,530,530,0.0035,0
140000,31,0,0,128036,4180,0.9145,0
60000,34,0,0,43293,1368,0.7216,0
500000,39,0,0,133598,54209,0.2672,0
50000,37,3,6,21153,3000,0.4231,1
50000,42,0,2,18838,4650,0.3768,0
140000,33,0,0,128213,7000,0.9158,0
20000,32,0,1,16354,1700,0.8177,0
360000,38,0,0,2513,5066,0.007,0
10000,41,0,0,10400,5275,1.04,0
200000,41,0,0,51995,4000,0.26,1
400000,38,0,0,3380,3411,0.0084,0
180000,32,0,0,6687,1227,0.0372,1
220000,41,0,0,193903,8000,0.8814,0
50000,45,0,0,5339,1189,0.1068,0
100000,45,0,0,94502,5000,0.945,0
50000,47,0,0,51129,2096,1.0226,0
320000,28,0,0,26149,3894,0.0817,0
320000,31,1,1,-6029,185,-0.0188,1
310000,31,0,1,4673,0,0.0151,0
100000,33,2,6,60286,0,0.6029,0
320000,34,0,0,71944,19246,0.2248,0
280000,34,0,0,55237,2625,0.1973,0
80000,35,0,0,1692,2702,0.0212,0
200000,41,1,4,150406,5000,0.752,1
70000,37,0,2,23546,3800,0.3364,0
50000,40,0,0,47695,2017,0.9539,0
10000,42,2,6,4770,4505,0.477,1
300000,43,0,1,1920,412,0.0064,0
210000,39,0,0,13024,726,0.062,0
60000,36,1,6,28504,0,0.4751,1
20000,40,1,6,14829,3000,0.7415,0
50000,42,0,1,35892,2007,0.7178,0
100000,39,0,0,66177,4000,0.6618,0
200000,43,0,0,18422,1127,0.0921,0
240000,34,0,0,102650,0,0.4277,0
200000,41,0,3,106576,3864,0.5329,0
130000,39,0,0,19698,1500,0.1515,0
130000,28,1,1,0,0,0.0,1
50000,45,0,0,942,942,0.0188,1
30000,32,0,2,26742,2800,0.8914,0
130000,29,0,0,129602,5437,0.9969,0
10000,46,0,0,9592,1150,0.9592,1
70000,33,0,0,390,4924,0.0056,1
150000,37,0,0,100894,4700,0.6726,0
120000,38,0,0,116399,5000,0.97,1
100000,48,0,0,58430,2000,0.5843,0
50000,34,0,0,49093,2400,0.9819,1
210000,40,0,0,5411,5956,0.0258,0
50000,29,0,1,48632,4600,0.9726,0
50000,36,3,6,2400,0,0.048,1
30000,42,1,6,24335,0,0.8112,1
500000,33,0,0,680,1101,0.0014,0
60000,46,0,0,61548,2700,1.0258,0
180000,39,0,0,715,4637,0.004,0
20000,47,0,0,14186,1000,0.7093,0
50000,42,1,1,0,3095,0.0,0
100000,38,0,0,1473,390,0.0147,0
240000,34,1,1,0,0,0.0,1
170000,34,0,0,7950,6691,0.0468,0
50000,36,1,2,49395,1776,0.9879,0
150000,30,0,0,147112,4518,0.9807,0
20000,34,1,3,16112,1300,0.8056,0
210000,35,0,0,103632,0,0.4935,0
50000,49,0,0,48481,2313,0.9696,1
120000,34,2,6,115040,6000,0.9587,0
70000,45,0,0,65824,3067,0.9403,0
10000,40,0,0,9649,1500,0.9649,1
20000,47,1,3,8198,300,0.4099,0
150000,36,0,0,181335,14000,1.2089,0
190000,35,1,1,0,0,0.0,0
50000,40,0,0,49224,1821,0.9845,0
50000,30,0,0,37208,1615,0.7442,1
50000,30,0,0,49194,1978,0.9839,0
250000,31,0,0,206199,8006,0.8248,0
220000,31,0,4,119810,12000,0.5446,1
490000,33,0,1,59016,0,0.1204,0
20000,30,2,4,13269,33,0.6634,0
70000,29,1,2,10449,6000,0.1493,0
290000,32,0,1,23561,30020,0.0812,0
450000,32,0,0,1270,1580,0.0028,0
20000,32,0,0,23055,1400,1.1528,1
100000,33,0,0,49415,2284,0.4942,0
80000,33,2,6,98677,0,1.2335,1
70000,44,0,1,5484,1000,0.0783,1
200000,45,1,1,-7,34144,-0.0,0
20000,38,0,0,9269,1477,0.4634,0
220000,38,0,3,1815,1486,0.0082,0
10000,45,1,2,9298,1000,0.9298,0
290000,35,0,0,80748,2755,0.2784,0
20000,38,1,1,-2086,18451,-0.1043,0
200000,37,0,0,3506,4727,0.0175,0
50000,47,1,1,-2012,0,-0.0402,0
50000,41,0,0,45422,1916,0.9084,0
60000,41,0,0,47963,2308,0.7994,0
50000,48,1,1,6300,0,0.126,0
290000,38,2,1,97531,4429,0.3363,1
140000,41,2,6,73259,3600,0.5233,1
570000,33,0,0,388897,9083,0.6823,0
210000,40,0,0,1582,326,0.0075,1
270000,32,1,4,157318,0,0.5827,0
50000,33,0,0,47048,1445,0.941,0
60000,38,2,1,58190,3000,0.9698,1
120000,45,1,6,63911,0,0.5326,1
450000,42,0,1,3566,0,0.0079,1
60000,39,0,1,50210,60054,0.8368,0
20000,36,3,6,2400,0,0.12,1
180000,36,0,0,85703,3614,0.4761,0
380000,37,0,0,2302,7500,0.0061,0
20000,48,0,0,18401,2000,0.92,0
120000,26,0,0,2382,884,0.0198,0
500000,39,0,0,32647,1832,0.0653,1
20000,39,0,1,18646,2000,0.9323,1
260000,43,0,0,205599,6000,0.7908,0
20000,33,0,0,13479,2000,0.674,0
230000,35,0,0,149697,6000,0.6509,0
120000,33,0,0,1336,0,0.0111,0
130000,40,2,2,80987,0,0.623,1
200000,40,0,0,840,800,0.0042,0
30000,49,0,1,25144,1500,0.8381,0
230000,39,0,0,2606,2990,0.0113,0
210000,44,0,0,396,396,0.0019,1
260000,40,0,0,18503,3000,0.0712,0
160000,36,0,0,8700,5183,0.0544,0
140000,44,0,0,129301,6104,0.9236,0
70000,39,0,0,71059,5000,1.0151,1
100000,38,0,0,15788,2000,0.1579,0
150000,32,0,0,833,1606,0.0056,0
290000,34,0,0,14543,2000,0.0501,0
60000,37,0,0,6742,3000,0.1124,0
50000,37,5,4,19859,0,0.3972,0
20000,38,0,0,17224,1267,0.8612,0
500000,37,0,1,474934,40024,0.9499,0
90000,45,0,3,3664,0,0.0407,1
280000,37,0,0,7523,1574,0.0269,0
40000,40,1,2,34364,0,0.8591,1
220000,39,0,0,875,1093,0.004,1
220000,37,0,0,44253,1966,0.2012,0
50000,33,0,0,97190,1787,1.9438,1
20000,47,0,2,390,780,0.0195,1
200000,39,0,0,192257,7004,0.9613,0
20000,32,2,2,18390,2000,0.9195,1
60000,39,1,2,60037,0,1.0006,1
280000,45,0,0,14493,1596,0.0518,0
50000,48,0,0,44385,1992,0.8877,0
420000,32,0,0,387143,1585,0.9218,0
30000,44,1,4,19397,1500,0.6466,1
50000,36,0,4,22312,3416,0.4462,0
20000,43,0,1,18100,2000,0.905,0
110000,39,2,6,39733,0,0.3612,1
230000,39,0,0,20307,2000,0.0883,0
60000,45,0,0,20959,1500,0.3493,0
360000,36,0,0,1814,6545,0.005,0
50000,42,0,0,49165,1800,0.9833,0
110000,35,0,0,106612,6100,0.9692,0
150000,29,0,0,104165,5000,0.6944,0
180000,29,0,0,1124,18213,0.0062,0
80000,30,0,0,5092,4623,0.0636,0
50000,30,0,0,46652,2014,0.933,0
170000,31,0,0,6336,1281,0.0373,0
200000,31,0,1,5433,20710,0.0272,0
210000,31,0,0,36042,2000,0.1716,0
20000,32,0,0,19435,2003,0.9718,0
160000,35,0,2,348,0,0.0022,0
50000,45,0,0,46842,2356,0.9368,0
340000,30,0,0,233770,8100,0.6876,1
220000,32,0,0,5359,4217,0.0244,0
200000,37,0,0,500,598,0.0025,1
320000,29,0,0,225892,9429,0.7059,0
110000,29,2,2,77831,3430,0.7076,1
200000,30,3,3,1130,0,0.0056,1
160000,31,1,2,56432,0,0.3527,0
310000,34,0,0,89600,3100,0.289,0
70000,29,0,0,78244,2009,1.1178,0
80000,29,0,0,28175,0,0.3522,0
320000,34,0,0,5250,0,0.0164,0
230000,34,0,0,56449,231788,0.2454,0
260000,36,2,1,334214,12000,1.2854,1
50000,41,5,4,54090,0,1.0818,1
210000,48,0,0,85107,33658,0.4053,0
60000,42,0,0,19489,1336,0.3248,0
30000,48,0,0,26393,3006,0.8798,1
480000,44,0,0,29112,43111,0.0606,0
240000,43,0,0,236238,8763,0.9843,0
20000,44,0,0,18015,1400,0.9008,1
50000,41,0,0,49782,1816,0.9956,0
50000,37,0,0,44270,5000,0.8854,0
50000,35,0,0,6290,3770,0.1258,0
500000,37,0,0,14817,3904,0.0296,0
70000,31,0,0,35515,2000,0.5074,0
40000,31,0,0,33075,2000,0.8269,0
420000,32,0,0,1100,1183,0.0026,0
20000,36,2,6,25238,2000,1.2619,0
300000,41,0,0,1556,118816,0.0052,0
110000,38,3,3,78480,4000,0.7135,1
70000,42,4,6,59130,2272,0.8447,1
110000,39,0,0,18310,1327,0.1665,0
220000,40,2,2,222418,4,1.011,0
20000,37,0,0,14320,2000,0.716,0
120000,39,0,0,326,326,0.0027,0
150000,44,0,0,65903,5011,0.4394,0
110000,40,0,0,91275,4500,0.8298,0
320000,36,0,0,5360,726,0.0168,0
50000,28,0,0,430,0,0.0086,0
20000,34,0,0,16912,0,0.8456,0
180000,35,2,1,57991,2700,0.3222,1
200000,37,0,0,208835,7313,1.0442,0
50000,47,1,3,16217,0,0.3243,0
360000,40,0,3,499,0,0.0014,1
30000,30,0,0,28130,1750,0.9377,0
230000,31,0,0,0,0,0.0,0
280000,32,0,0,3981,1355,0.0142,0
50000,32,0,0,47974,3000,0.9595,1
360000,33,0,0,57709,23718,0.1603,0
240000,37,2,4,45070,1900,0.1878,1
180000,43,2,4,176911,0,0.9828,0
200000,36,0,0,396,396,0.002,0
390000,29,0,0,570,2691,0.0015,0
110000,29,0,0,47982,1809,0.4362,0
250000,29,0,0,240725,10022,0.9629,0
380000,30,0,0,47765,3000,0.1257,0
300000,30,0,0,165,165,0.0006,0
300000,44,0,2,223211,21000,0.744,0
320000,40,0,0,968,6476,0.003,0
160000,48,1,1,0,0,0.0,0
310000,47,0,0,-1874,0,-0.006,0
50000,32,0,0,50962,2264,1.0192,0
20000,32,0,2,8768,1159,0.4384,1
240000,31,2,3,60511,2300,0.2521,1
250000,31,0,0,377399,10045,1.5096,0
200000,31,0,0,162018,6000,0.8101,0
240000,35,1,1,0,0,0.0,0
150000,43,0,1,1280,0,0.0085,0
420000,43,0,0,36590,42063,0.0871,0
10000,36,0,3,5104,1274,0.5104,0
30000,44,1,3,12351,1216,0.4117,0
250000,33,0,2,441,0,0.0018,1
500000,33,0,0,5322,1125,0.0106,0
30000,38,0,4,29770,6000,0.9923,0
120000,48,0,0,116757,10717,0.973,0
200000,34,0,0,2498,2670,0.0125,0
20000,36,0,0,11179,1300,0.5589,0
50000,38,1,4,15116,300,0.3023,1
50000,47,2,3,39892,3600,0.7978,1
50000,40,0,0,46185,3000,0.9237,1
140000,39,0,0,138317,6047,0.988,0
20000,34,0,0,17692,2000,0.8846,0
150000,39,0,0,42029,2100,0.2802,0
230000,35,0,0,174274,7004,0.7577,0
240000,36,0,0,230523,11828,0.9605,0
150000,41,3,4,111056,5700,0.7404,1
140000,38,0,0,52684,1692,0.3763,0
310000,37,0,0,1619,1443,0.0052,0
60000,36,3,6,2400,0,0.04,1
200000,34,0,0,485,1316,0.0024,0
160000,46,0,0,0,0,0.0,1
360000,35,0,0,12895,3552,0.0358,0
30000,49,0,0,12922,1500,0.4307,0
100000,41,1,1,0,840,0.0,1
10000,45,1,5,6321,0,0.6321,0
300000,37,0,0,3016,12165,0.0101,0
500000,49,0,1,1460,5334,0.0029,1
50000,40,2,1,48785,2090,0.9757,1
500000,48,0,0,1900,5441,0.0038,0
100000,46,2,1,100000,4500,1.0,1
240000,35,0,0,241499,8500,1.0062,0
450000,43,0,0,104485,6000,0.2322,0
620000,31,0,0,5712,11881,0.0092,0
100000,32,0,0,60121,2454,0.6012,0
230000,32,0,0,246764,8316,1.0729,0
50000,34,0,0,4166,0,0.0833,0
30000,38,4,6,17628,3000,0.5876,1
20000,40,0,0,16149,1500,0.8074,0
180000,32,0,1,291,582,0.0016,1
90000,31,2,4,90322,4300,1.0036,1
170000,32,0,0,166470,5809,0.9792,0
180000,34,0,0,-16,0,-0.0001,0
50000,40,0,0,50693,1747,1.0139,0
100000,30,0,1,50512,2000,0.5051,0
200000,39,1,1,0,0,0.0,0
200000,37,0,0,4279,3856,0.0214,0
220000,39,1,1,0,0,0.0,0
80000,43,2,2,1473,1473,0.0184,0
30000,37,1,3,24095,1398,0.8032,0
50000,30,0,0,46860,2500,0.9372,0
210000,40,1,2,65568,3700,0.3122,0
10000,48,1,2,8594,0,0.8594,0
300000,38,0,0,0,0,0.0,1
470000,31,0,0,12281,2014,0.0261,0
200000,44,0,0,196770,10500,0.9838,0
80000,32,0,0,81249,3000,1.0156,0
10000,36,0,0,6728,1446,0.6728,0
10000,49,1,1,2365,10008,0.2365,0
20000,37,0,2,18623,3501,0.9312,0
240000,39,1,2,245338,0,1.0222,0
30000,29,0,0,13172,1082,0.4391,0
160000,31,0,1,94041,3579,0.5878,0
20000,31,3,6,2400,0,0.12,1
10000,37,0,5,7501,0,0.7501,1
250000,39,0,0,209263,7127,0.8371,0
260000,34,0,0,251267,12021,0.9664,0
100000,34,0,0,47908,1800,0.4791,1
210000,35,0,2,1527,0,0.0073,0
290000,33,0,0,277227,10681,0.956,0
150000,29,0,0,200442,8500,1.3363,1
300000,32,2,1,255299,9106,0.851,1
50000,32,1,1,-11545,10000,-0.2309,0
100000,29,0,0,51183,0,0.5118,0
210000,32,1,2,161444,6000,0.7688,0
300000,32,0,0,590,2635,0.002,0
90000,30,1,3,45271,0,0.503,0
210000,31,0,1,1748,2488,0.0083,0
10000,47,2,1,8640,1145,0.864,1
90000,36,0,0,53234,2100,0.5915,0
50000,35,1,3,51350,0,1.027,0
140000,41,0,0,1476,2139,0.0105,0
310000,35,0,0,259636,10000,0.8375,0
250000,44,0,0,3704,5319,0.0148,0
200000,37,0,0,11572,55291,0.0579,0
360000,35,0,0,3771,900,0.0105,0
50000,43,0,0,12661,1600,0.2532,1
500000,39,0,0,1777,23800,0.0036,0
50000,43,0,0,50562,6500,1.0112,0
20000,31,0,0,668,355,0.0334,0
90000,31,0,0,70329,2471,0.7814,0
240000,36,0,2,216923,30700,0.9038,0
20000,33,3,6,14513,8000,0.7256,1
210000,33,0,0,155847,6000,0.7421,0
260000,33,2,6,128352,7000,0.4937,0
50000,32,0,0,52475,2000,1.0495,0
90000,32,0,0,88903,7000,0.9878,0
20000,45,1,4,18838,0,0.9419,1
60000,40,0,0,53896,2500,0.8983,0
200000,34,0,1,176642,7000,0.8832,0
50000,34,0,0,43389,1717,0.8678,0
250000,34,0,0,6035,1131,0.0241,1
20000,48,0,4,10805,5000,0.5402,1
200000,42,0,0,2753,3006,0.0138,0
50000,46,0,0,49336,1423,0.9867,0
200000,37,0,0,149303,30000,0.7465,0
250000,35,0,0,29363,4501,0.1175,0
50000,49,5,4,52321,0,1.0464,0
210000,35,0,0,326,326,0.0016,0
80000,42,1,4,97841,0,1.223,0
50000,40,2,2,11058,2000,0.2212,1
50000,48,0,0,23694,1635,0.4739,0
20000,36,0,0,20528,1300,1.0264,1
400000,37,1,1,396343,423903,0.9909,0
500000,44,0,0,100862,367,0.2017,0
100000,46,0,0,60799,2036,0.608,0
220000,42,1,1,0,0,0.0,1
40000,47,2,6,10555,1000,0.2639,1
50000,41,0,0,43474,40003,0.8695,0
100000,49,0,0,99721,3500,0.9972,0
150000,35,2,1,165441,7300,1.1029,1
80000,37,0,3,47765,3000,0.5971,1
100000,32,0,0,85366,3114,0.8537,0
340000,33,1,1,0,0,0.0,1
120000,30,0,0,98440,4000,0.8203,0
20000,30,0,0,19027,1279,0.9514,0
20000,31,0,1,390,390,0.0195,1
30000,34,0,0,24380,2000,0.8127,0
130000,34,0,0,10557,2000,0.0812,0
180000,34,0,0,0,0,0.0,0
500000,34,0,0,494356,17438,0.9887,0
190000,43,0,0,83399,4000,0.4389,1
150000,36,0,0,216482,5500,1.4432,0
320000,48,2,6,206732,0,0.646,1
320000,47,0,0,162701,20000,0.5084,0
490000,49,0,0,19107,10238,0.039,0
10000,42,2,3,9013,0,0.9013,1
400000,39,0,0,10260,12201,0.0256,0
10000,37,1,3,-265,0,-0.0265,1
300000,47,0,0,109274,3000,0.3642,0
310000,46,0,0,15431,10414,0.0498,0
100000,44,2,6,80358,2900,0.8036,1
80000,36,0,0,33457,1600,0.4182,0
50000,46,0,0,62315,2200,1.2463,0
270000,36,1,1,-16,3342,-0.0001,0
500000,44,0,0,2445,13053,0.0049,0
50000,39,0,2,25637,3500,0.5127,1
460000,39,0,0,700,9916,0.0015,0
80000,44,1,3,58606,0,0.7326,0
260000,39,0,0,30498,1894,0.1173,0
50000,47,0,0,11325,1504,0.2265,0
30000,41,0,1,19904,2000,0.6635,0
190000,42,0,0,3747,1000,0.0197,1
290000,40,0,0,83607,3000,0.2883,0
650000,44,0,0,2119,5115,0.0033,0
50000,38,0,0,1529,1200,0.0306,1
80000,44,0,0,77156,3000,0.9644,0
200000,42,0,0,76929,5000,0.3846,0
150000,43,0,2,832,0,0.0055,1
290000,30,2,3,270131,0,0.9315,1
340000,29,0,0,44855,300039,0.1319,0
320000,30,0,0,95526,5000,0.2985,0
80000,31,0,2,50244,1835,0.628,0
10000,30,0,0,9018,1158,0.9018,1
420000,31,0,0,405274,14302,0.9649,0
230000,41,0,0,226467,10000,0.9846,0
100000,35,0,0,61378,3000,0.6138,0
100000,35,0,0,98803,4035,0.988,1
280000,31,0,0,235461,8900,0.8409,0
220000,34,0,0,6433,6307,0.0292,0
340000,36,0,0,19628,14594,0.0577,0
340000,36,0,0,362178,10116,1.0652,1
210000,37,0,0,18896,1500,0.09,0
140000,38,0,0,135261,4494,0.9662,1
390000,37,0,0,174603,6379,0.4477,0
20000,49,0,0,16787,2074,0.8394,0
420000,34,0,0,454391,20000,1.0819,0
350000,31,1,3,225434,11000,0.6441,0
50000,39,0,0,43127,2000,0.8625,1
630000,46,0,0,125975,3416,0.2,0
140000,34,0,0,32538,4000,0.2324,0
180000,40,0,0,105918,4400,0.5884,0
340000,37,0,0,71934,8000,0.2116,0
210000,49,0,0,291,291,0.0014,0
100000,47,0,0,94667,4000,0.9467,0
180000,37,1,1,1660,2701,0.0092,0
300000,46,0,0,132760,1977,0.4425,0
210000,45,0,0,1792,4369,0.0085,1
230000,46,0,0,39900,1200,0.1735,0
70000,45,2,6,71586,3100,1.0227,1
120000,47,0,0,71777,2700,0.5981,1
20000,34,1,2,14498,0,0.7249,0
140000,29,0,0,142044,6100,1.0146,1
20000,29,0,0,16809,0,0.8404,1
50000,29,1,2,50845,0,1.0169,0
170000,30,0,0,10392,168096,0.0611,0
260000,30,0,0,27378,10018,0.1053,0
60000,30,0,0,54952,2600,0.9159,1
50000,30,1,3,17479,1300,0.3496,1
150000,29,0,0,106556,46060,0.7104,0
240000,29,0,3,64826,10589,0.2701,1
140000,29,0,0,0,0,0.0,1
360000,32,0,0,0,0,0.0,0
310000,30,0,0,167,0,0.0005,0
210000,31,0,0,326,326,0.0016,1
450000,31,0,0,5000,5000,0.0111,0
230000,34,0,0,23396,25748,0.1017,0
390000,32,0,0,60425,1781,0.1549,0
10000,32,2,1,9299,1132,0.9299,0
330000,33,0,0,50999,2000,0.1545,0
30000,33,0,2,31724,0,1.0575,1
190000,33,0,0,144706,6388,0.7616,0
50000,37,0,2,3057,3000,0.0611,1
50000,45,2,1,71927,3000,1.4385,1
410000,34,0,0,468749,17259,1.1433,1
150000,35,1,1,-18,0,-0.0001,0
360000,35,0,0,200,317,0.0006,0
50000,40,0,0,49073,1691,0.9815,0
210000,36,0,0,97826,5000,0.4658,0
50000,46,3,3,53418,0,1.0684,0
220000,38,0,0,159322,7500,0.7242,0
20000,42,0,1,10690,4854,0.5345,0
170000,46,0,0,1804,1804,0.0106,1
20000,43,1,5,6216,1307,0.3108,0
60000,41,0,0,61118,2200,1.0186,0
160000,42,2,1,139983,6000,0.8749,1
190000,44,0,2,291,0,0.0015,0
360000,45,0,0,18552,836,0.0515,0
50000,48,0,0,48187,46895,0.9637,1
130000,40,0,0,129548,6000,0.9965,0
320000,44,0,0,14075,6818,0.044,0
30000,38,2,4,19992,1700,0.6664,0
100000,37,0,0,31647,2129,0.3165,0
20000,48,1,2,20733,2,1.0366,0
50000,45,0,1,20638,1314,0.4128,0
130000,45,0,0,1475,1826,0.0113,1
500000,38,0,0,31504,12160,0.063,0
80000,39,3,2,75635,0,0.9454,1
30000,42,0,0,28658,1656,0.9553,0
230000,44,0,0,5419,3306,0.0236,0
50000,46,0,1,11401,1300,0.228,0
290000,32,0,0,31933,39032,0.1101,0
280000,39,0,0,55050,1652,0.1966,0
220000,32,0,1,528,0,0.0024,0
160000,30,0,0,143457,5237,0.8966,0
210000,30,0,0,4206,3980,0.02,0
170000,30,0,0,129848,5115,0.7638,0
180000,30,0,1,51323,2124,0.2851,0
410000,32,0,1,380,0,0.0009,0
150000,30,0,0,2384,2000,0.0159,0
500000,31,0,0,29566,6025,0.0591,0
230000,31,0,0,4261,1000,0.0185,0
290000,32,0,0,23234,1575,0.0801,0
10000,29,0,0,9406,3009,0.9406,0
260000,33,0,0,0,263,0.0,0
50000,30,1,2,-264,528,-0.0053,0
610000,31,0,1,348392,323014,0.5711,0
360000,31,0,0,735,51,0.002,0
140000,32,0,0,134236,6300,0.9588,0
150000,31,2,1,134866,4633,0.8991,1
50000,32,0,1,50564,2686,1.0113,0
20000,34,0,0,13730,2000,0.6865,0
200000,33,0,0,110006,5000,0.55,0
360000,34,0,0,33654,52951,0.0935,0
80000,36,0,0,65554,2395,0.8194,0
190000,37,0,0,21628,2000,0.1138,0
230000,35,1,1,0,0,0.0,1
50000,37,1,4,10904,0,0.2181,1
220000,41,0,0,45075,8840,0.2049,0
40000,47,2,6,52358,4000,1.309,1
420000,34,0,0,131939,7000,0.3141,0
310000,39,0,0,238973,10029,0.7709,0
180000,32,0,0,0,0,0.0,0
50000,42,0,0,43998,10000,0.88,0
50000,44,1,4,38671,2300,0.7734,0
90000,36,0,0,7752,1500,0.0861,1
20000,44,0,0,1822,2890,0.0911,0
30000,38,0,0,315,923,0.0105,0
240000,30,0,0,0,0,0.0,0
360000,35,0,0,2220,0,0.0062,0
130000,34,0,0,23292,3000,0.1792,0
250000,34,0,0,279640,65000,1.1186,0
150000,35,0,0,3425,9054,0.0228,0
140000,41,0,0,138325,6000,0.988,0
210000,34,3,6,2500,0,0.0119,1
10000,43,0,0,8802,2000,0.8802,0
100000,38,0,0,3042,2000,0.0304,0
80000,34,2,6,72557,7000,0.907,1
220000,39,0,0,188948,8500,0.8589,0
150000,43,0,0,1683,1837,0.0112,0
30000,37,4,3,3565,0,0.1188,1
80000,41,1,1,-1645,85900,-0.0206,1
50000,46,0,0,47929,2078,0.9586,1
