date,vol_5d,vol_10d,vol_20d,vol_40d,vol_60d,vol_120d,ret_5d,ret_20d,ret_60d,AAPL_vol,MSFT_vol,NVDA_vol,JPM_vol,KO_vol,PG_vol,XOM_vol,JNJ_vol,WMT_vol,DIS_vol,vol_next
2015-06-25,0.48105152663383144,0.6006905766913544,0.5805834722220631,0.6363700578732024,0.5896625869686211,0.7501100340817707,-0.17823136706806908,-0.03569881335932945,0.03726757640626429,0.6549430013689042,0.9397006787469172,1.4619388599907202,0.8749509578065424,0.5957939691873702,0.8099829993002466,0.5970446903126128,0.685553273594363,0.6028158639062959,0.7180513229136201,0.8463791318500459
2015-06-26,0.45942768915207366,0.5433004441577102,0.5639937455697678,0.6150833776766639,0.5874811135419675,0.7308816603562753,-0.09325518072220484,-0.005585866182590826,0.042844405252699946,0.6225857226459014,0.9205609304059079,1.5163683076086667,0.8546708527918675,0.5903489121631122,0.7604366425900545,0.5956421059113293,0.6646582798004077,0.6002076926650171,0.7167498690623644,0.8549166191565918
2015-06-29,0.8847505979332821,0.8646402119338964,0.7294387961286106,0.6777887791458664,0.6475658710182627,0.7512876445338879,-0.6151272597208668,-0.12062303942880381,0.0018982036022267372,0.7135279551852955,0.9741436077544454,1.5888225381603156,1.0537244300848125,0.6705765985505822,0.8064232352531054,0.6499112051128392,0.7944854299309773,0.5989573391390598,0.8270817531450311,0.7575965715626994
2015-06-30,0.9133173565772189,0.841901388704289,0.7331698473361449,0.6769408717424829,0.642158896657441,0.7431435436683684,-0.5874136548329756,-0.10518925567107817,-0.005835226435606152,0.7424718225920919,0.9717721877997706,1.5545271391070332,1.0656042330741033,0.6702582698217104,0.8021533153875096,0.6627971328542593,0.7947280450585301,0.6077942556631617,0.8460931721035302,0.7688049242953886
2015-07-01,1.0931129959965467,0.8918610708310594,0.7568603054174252,0.6661635643245875,0.6495842089416476,0.7290688122317287,-0.2818494307560626,-0.0783628936745756,0.011933703482277513,0.7806499292349358,0.9958824606109709,1.599654042177891,1.0694703706039923,0.6966579290417337,0.908700664457729,0.6915579962743948,0.8350833124528362,0.6867941766708595,0.8939147774314953,0.7520579877595626
2015-07-02,1.0961605267573813,0.7986970984971857,0.7351508004958083,0.6630378976745919,0.6482984943556543,0.7252442984070204,-0.23935291658829572,-0.040706971084356613,0.004780111146748996,0.7734453522186328,0.978733308463469,1.5264374263246085,1.0795750076300907,0.6843521097244499,0.8983582310691968,0.7110388121790162,0.8146031058308886,0.6621196545995776,0.867577708103384,0.7529100417912975
2015-07-06,1.0892282166985885,0.7950667071924742,0.7366448052446611,0.6614431964324413,0.6467734909360936,0.7220072202989505,-0.292465603667349,-0.04637039327484438,-0.007335419552650935,0.7687551554180795,0.977549001465499,1.5122015295697173,1.0215292895910277,0.6329943633340589,0.8645161295263727,0.7257263833309126,0.8037025913917794,0.6279594554919075,0.8699402615734421,0.7543396879679953
2015-07-07,0.46146529367827027,0.8073182764964952,0.7386191543156178,0.6344190464274952,0.6480665186146862,0.7235216367879385,0.2527275310905841,0.01582194263463621,-0.005949501618995508,0.7583936062698793,0.963630676680324,1.4895872604791462,1.0215676830125142,0.7946808867600368,0.9648114702985412,0.7130889002479593,0.8063529774892902,0.7260453694120182,0.8467523216881567,0.7450279693495919
2015-07-08,0.982885916260869,0.9271304945745271,0.830167494108352,0.6827302916082152,0.6808510464842026,0.7379803645991575,-0.12468897950501656,-0.06734333671055082,-0.02637307650715977,0.929415580102877,0.9636267532446542,1.473195881585115,1.1166472033063313,0.8268302710270699,0.9483572826705696,0.7445437289213646,0.8487368256908474,0.7628658009263849,0.9303310510870374,0.6281678003384414
2015-07-09,0.8692977018013803,0.9312491715849914,0.7779778249769468,0.6826161083888441,0.6807956859382311,0.7329961575275206,-0.24882149891176653,-0.1182655877925215,-0.026547451116281467,0.9609094410084785,0.8292494991310314,1.4532611282492551,1.0776373547672247,0.8241950677062175,0.9417571582720592,0.7160385560567624,0.8471287889441644,0.7552787339198866,0.8982360614759198,0.6631689412595356
2015-07-10,1.1076064160267352,1.0479252396765428,0.8322146098335217,0.7131627983772358,0.6982033676853044,0.7322466042889868,0.02132794468221455,-0.0714267920692907,-0.013039312141280476,1.175259905096522,0.8339270654337831,1.4983419316724642,1.1271900419588248,0.8644910310679541,0.9420732530058037,0.7484649935727979,0.8832653956676356,0.7627258605430359,0.9016654054566289,0.6048287769167694
2015-07-13,1.1831852722192717,1.116539790533399,0.8548184174832758,0.7155439528431908,0.7129241718561693,0.7385608414753284,0.298996296645222,0.02203729671611976,0.005831847870654272,1.246680548380306,0.9536307840795608,1.418257586276791,1.18039456673243,0.8703282273618176,0.9530654372847482,0.7076862868260779,0.8698794644482727,0.7760133001811549,0.907352194920829,0.620458207666244
2015-07-14,1.17275519726616,0.8401951442318091,0.8526396550328247,0.7188160218533014,0.6985701839247792,0.7382149542550714,0.2599675194596074,0.06515154506092524,0.03223289519174869,1.246217753163117,0.923449101801921,1.4200790971293344,1.2143778564003755,0.8728911329822647,0.9144491119759091,0.7341836312111388,0.8511978764631711,0.7556078829061034,0.9152181516827276,0.6450991777165623
2015-07-15,0.5683289219744063,0.8451905511872702,0.8452799642203158,0.7169838635597031,0.68894960436752,0.7261364942110333,0.5888581201597365,0.03623245835666977,0.016451045393585478,1.2602773292235057,0.909351026023146,1.3767886911248117,1.2102230967577674,0.8397402778980302,0.8834020332012037,0.6834344503936124,0.8409867786207642,0.7509665266913277,0.909674946948688,0.6461644534592477
2015-07-16,0.5229422740026631,0.8452627283783766,0.8622588623346401,0.7285151962868635,0.6961120728025468,0.727589706416805,0.7131833357301343,0.0682679352486526,0.03181102201655942,1.2946806821920553,1.0094513709781259,1.4578084445224284,1.2094007957378465,0.8519509199520325,0.8484730461590195,0.6855896060395178,0.849056216591429,0.7450296331281817,0.9121598173963924,0.6151851126062151
2015-07-17,0.4782330060296167,0.8395794077316506,0.8315135849418147,0.728510266879829,0.6935368757706878,0.7273819657355363,0.4782949515719581,0.020509653149451967,0.025034106167678056,1.3045102403041517,0.9411963489963263,1.381001879160104,1.202393107483522,0.8444630300840856,0.8290581070025582,0.6462569239461227,0.8048435373813716,0.7568931967555677,0.8746577243799715,0.6223689961585844
2015-07-20,0.3479344353852526,0.8223516914425416,0.824298286365821,0.7271226982003426,0.6929096076210814,0.7165684591390938,0.267898381140097,0.04529347334894129,0.021702498639174506,1.338659277639801,0.8978156795303494,1.4164711397273304,1.1748477513709012,0.8298470255876853,0.8235767858662755,0.6738932720674143,0.7989983866083192,0.7586768323685805,0.8562466392539652,0.6377475995810217
2015-07-21,0.4355742144967829,0.8381595311932352,0.8222108467782281,0.7288781800064904,0.6944115873038655,0.7072215788373403,0.10212709197226388,-7.627929960285496e-05,0.011250390540114378,1.3580375418690402,0.9096988526814694,1.4331173334028091,1.14415210738732,0.8396906867206952,0.8411169731614854,0.6731776201126322,0.7976562920765111,0.7674083799200968,0.8572566273364994,0.6351333769154492
2015-07-22,0.45154782587763787,0.5550912925401961,0.8229791631467689,0.7084690918368459,0.6926164573984613,0.7030141009755547,0.07288747097283776,-0.012589260801354474,0.015188965943958946,1.670064640246725,1.2362272973102082,1.3902875250941258,1.1594328912148968,0.8554224573035412,0.816835287819931,0.677957730468601,0.7951379954443307,0.7743902160722946,0.8510071953201952,0.6565349773490831
2015-07-23,0.28050821704188156,0.6231058654779679,0.816309283118452,0.6980218761328584,0.695422197536847,0.6949890221413814,-0.20021347820542434,-0.004425268035779806,0.0005071820571557936,1.6563700123090395,1.2609524371912761,1.4320031526804635,1.1419976016999815,0.8477333882960402,0.812299662859527,0.6889289523380235,0.7872961208269479,0.7996307003513682,0.8456606426287513,0.7914355134799614
2015-07-24,0.41301012700647705,0.6355381541695423,0.8463791318500459,0.7163932286151197,0.70631093464542,0.6934388355078782,-0.42459862275072036,-0.04108216077121085,-0.009920852474005759,1.6570132466120044,1.2645728509050351,1.4193688824922428,1.1621894792462888,0.8739624484213518,0.8223919556748743,0.731006294135229,0.8231195638086238,0.8358958990745964,0.8422341211788485,1.0029665654028832
2015-07-27,0.3161548274256114,0.5335149472311981,0.8549166191565918,0.7155945102492965,0.6983444499101477,0.6833950336472323,-0.5512950771703307,-0.06921650076309016,-0.0029161021382810106,1.678831935769287,1.2840773786692372,1.3687893055063194,1.1970907087260592,0.8745951147750721,0.8292939594110312,0.7423579611832597,0.8361192970000484,0.8329203178709403,0.8574796143686428,1.3389684786634521
2015-07-28,0.868207364581644,0.6703423567449295,0.7575965715626994,0.742284239209414,0.7023829340922361,0.6912454227337194,-0.22662459561212378,0.0970493867275829,-0.0005141146794100196,1.640502361292718,1.1965614744896826,1.331500229780801,1.0413369289039605,0.7931427291241064,0.7650477428818095,1.191903168273575,0.7242473071149751,0.8351310171634081,0.7376625384113995,1.2895789097731003
2015-07-29,0.9616182491210531,0.7113472977014471,0.7688049242953886,0.7502972134290969,0.7070712614764465,0.6880372973316154,-0.0531512804245482,0.12097633280075237,0.0062057893719421236,1.6317186033427933,1.2652415752970037,1.3631706033391922,1.064068984997618,0.7815611276078414,0.765580304747987,1.2014343276704318,0.7345595088455203,0.8171678394776165,0.748953233768647,1.6029168838370034
2015-07-30,0.9186841851909623,0.6553580607262546,0.7520579877595626,0.7491463125840561,0.6907235299188031,0.6874637161100173,0.06419962437303584,0.0820869957464948,0.025687915609851064,1.6160849487136835,1.2828760754841488,1.321134167710578,1.0383823391290625,0.7736726617332713,1.1275014610693992,1.1790762586375556,0.7020814776799315,0.7633145001161308,0.6958169010730002,1.7251136517490173
2015-07-31,0.7163714008921431,0.6534982328508191,0.7529100417912975,0.7369821127276992,0.6887466402816637,0.6862619546817322,0.2412776621394963,0.07907548391073715,0.03001900301806082,1.6239688345131387,1.288608338538828,1.3216533876333216,1.0353877240309735,0.8135879623521609,1.1373709754906898,1.5470870423566108,0.7047406789751185,0.7656884301498228,0.6932635739151873,1.7260214591073317
2015-08-03,0.6515721913001027,0.6555875392525495,0.7543396879679953,0.7385473257557238,0.6886201572671009,0.680463014972111,0.2901689834022858,0.07644214600431853,0.01774813027125825,1.6945977759074307,1.28691283668628,1.3534328190478886,1.0321311251351277,0.8333418253419134,1.1360607420273066,1.5675747677621494,0.7034844036055247,0.7377228240137015,0.7058380637034511,1.730342987707747
2015-08-04,0.40268593183405754,0.6496486928550752,0.7450279693495919,0.7323239981405054,0.6676283040463433,0.6807434513791311,0.005436488338905754,0.03522662603966331,-0.007452498437728698,1.8152410302275093,1.3126396197258494,1.2764949741697436,1.012558355282074,0.7235812938840733,1.0050891675814329,1.5706475179469457,0.6900775032372561,0.6124666907838667,0.6703576362932092,1.832330665271482
2015-08-05,0.25600917050049987,0.6634447312559902,0.6281678003384414,0.7338603581261761,0.6661275502499149,0.6758218230239454,-0.06624774086296803,0.1355866424612645,0.00599464623742237,1.7648144605255003,1.309176420298582,1.274101853887049,0.8737767987771818,0.6749802666262668,0.9963633545817215,1.5623932645731327,0.6433492630927434,0.801908489730194,2.177311545343619,1.8985779268696492
2015-08-06,0.4118202194423852,0.6894222174674617,0.6631689412595356,0.7209581275156245,0.6734989695642692,0.6790733960495773,-0.23474575150259636,0.08560593259878735,-0.0026659398604774362,1.7183341795233527,1.411605289389986,1.244692863898518,0.8775515722188445,0.6953866547621708,0.9974201406743256,1.5962900317112805,0.7218158606644207,0.8301354990319095,2.202168039936235,1.8972952973638952
2015-08-07,0.41018505872086874,0.6065889237538338,0.6048287769167694,0.7193469204228047,0.6739345572972951,0.6791608125849803,-0.24278515863130679,0.01304720808235682,-0.0061833428923522655,1.589224912511575,1.4115809001215105,2.972012756651339,0.8306095201176711,0.6716145048450226,0.9864418481510857,1.608757828636397,0.6741857524741246,0.9518226952073515,2.2024194591833735,1.9162823109436333
2015-08-10,0.7765335765201943,0.685093367979054,0.620458207666244,0.7372504240625928,0.6802165390323305,0.6888095654145748,0.07665229376466742,0.020856145284179894,-0.0025644347673818104,1.7519640120100055,1.3663578824084772,3.0311536361672444,0.8036288092796642,0.6661701780188588,0.9869459919307412,1.7256125845611674,0.6881854258384907,0.9199605397655226,2.2076393788062862,1.991249468733678
2015-08-11,0.8939281320434429,0.6546722059286393,0.6450991777165623,0.7483867839185371,0.6898685267075949,0.6938117550764195,-0.06472736308412275,-0.04594709459626922,-0.01940908789368719,2.076767500581149,1.4482374842458083,3.0421172220445323,0.7696313718237126,0.6230205332407615,0.9812862585020273,1.710274447724784,0.7016324376227073,0.9353974570890405,2.2725031923444137,2.0004940031038894
2015-08-12,0.8755376439337443,0.6085056676907216,0.6461644534592477,0.7435888654045113,0.6887597465409595,0.6917319153005526,-0.10666992884911908,-0.038295369790949385,-0.022590553238497162,2.1015574759741895,1.4541459341056366,3.022601559967515,0.8267268447668458,0.6354247242337677,0.9836665650510056,1.765258625007705,0.6852050803441425,0.9608413287941218,2.2674362982987977,2.0076933218518467
2015-08-13,0.7847133670769538,0.6073273942604703,0.6151851126062151,0.7433592304822634,0.6888844162703655,0.6918254076360006,0.03218886815520072,-0.08464268429494604,-0.024117315084773622,2.062457962352911,1.3873988331286478,3.0323504178018115,0.8237216895640499,0.6097792157737704,0.9818785471686063,1.763170910416759,0.6612083617444295,0.9678846882097728,2.2636347460820336,2.014568268664421
2015-08-14,0.7844162913913342,0.6242476327951572,0.6223689961585844,0.7264160971152027,0.6906726462419729,0.692140758661021,0.14343921194171827,-0.07066672682520314,-0.016873225819489617,2.0571659941881437,1.392739748136724,3.019796981151989,0.8312851993406668,0.6039200536228702,0.9801891610496396,1.763203957754756,0.634139018092935,0.9649475738475513,2.262781479110939,2.009002022521928
2015-08-17,0.5676117607647755,0.6424124912339292,0.6377475995810217,0.7288859860805488,0.6935513121871013,0.6939628549800397,0.003183240814377264,-0.04532263979725004,-0.01241640451826694,2.0130173440344867,1.3936022129074042,2.974386941515855,0.8344189462592118,0.6021472054840513,0.9792972955379672,1.7590663973242793,0.6795441139680293,0.9716404987180887,2.306712911518099,2.030588428889067
2015-08-18,0.3462155539947834,0.646921659521412,0.6351333769154492,0.7254539544891474,0.6938628315689251,0.6943970547488095,0.12572246408836918,-0.0400482515672429,-0.013261600864499975,2.0103105247489146,1.3886255787636377,3.000529806958672,0.8360633373191033,0.5933041445086995,0.9773962932734251,1.7726504674387826,0.6879043841699131,1.2236131258682994,2.3301611481857742,2.046594510463705
2015-08-19,0.5369643104087869,0.6852344263640686,0.6565349773490831,0.7354047293958753,0.6874243256508307,0.6974852673039776,-0.05635641066913388,-0.0706063402014423,-0.008519051195266155,1.82449012124574,1.1377339541248366,2.94552073711188,0.778591898344532,0.6398663946066386,0.9998284847390012,1.8239243374933516,0.6874029895060512,1.2341992279077214,2.326834163370012,2.04217950696995
2015-08-20,1.0612871352865503,0.9157543037513318,0.7914355134799614,0.7968649903388481,0.7264262462986849,0.7206217731162065,-0.4490726805169798,-0.1468574848728349,-0.059140121218438556,1.8596549255978607,1.2066147825961726,3.1126428985272634,0.927341446996844,0.6511580669565157,0.9984818656502995,1.8697382666119475,0.6955498193204543,1.2259745758225322,2.6310010706206013,2.022405288753898
2015-08-21,1.425314315603514,1.273804829632451,1.0029665654028832,0.921837760054033,0.8202980178576503,0.7698078298409243,-1.1239817015825682,-0.24551249653316506,-0.10743115688790181,2.2459793652089486,1.7501305738854818,3.201911749092307,1.1737878498253604,0.8336494447691458,1.130358547323215,1.9667666720089554,0.8639079020374842,1.331707681589374,2.6230852750009004,1.912273012472709
2015-08-24,1.6025943816141675,1.5772221515743046,1.3389684786634521,1.1235300007292548,0.9747512174421725,0.8580948151344345,-2.077845349762022,-0.42696020794517286,-0.16725419163028465,2.275600141076906,1.8596396525278616,3.324659842385081,1.5946551770860917,1.036435698198166,1.3376081711537444,2.1872622407793534,1.0479553622566282,1.5524177916343527,2.6864585604052564,1.6695349816244238
2015-08-25,1.3901338049456489,1.5769999818749518,1.2895789097731003,1.0937246469818727,0.9821123745709166,0.8637858421278645,-2.2552867054513093,-0.5472137790270393,-0.19026247724275341,2.278916455884632,1.9409568949929548,3.3419009935324326,1.5873531876760882,1.0470404927017052,1.316352180236217,1.896372077866456,1.1112570706979101,1.520317694730216,2.6967472930899326,1.642123921165696
2015-08-26,3.100098103726013,2.2021863562136197,1.6029168838370034,1.2674925284605083,1.1114161169431107,0.9268287181850311,-1.3292848507516333,-0.38963973278321345,-0.12461755188451314,2.7097274626859864,2.303093465350628,3.719796209169614,1.9889388762834517,1.161398916785728,1.6264005825862073,2.350569391595323,1.5999108767087267,1.6896586476548439,2.8413299825820055,1.4042264697238462
2015-08-27,3.4701060388526197,2.4192386756588613,1.7251136517490173,1.3253951466142366,1.1600468208865844,0.9540132794854135,-0.4169684090991545,-0.26714949324088244,-0.08780846372298776,2.8178988435385146,2.3824526696737545,3.7883113133743356,2.0919714920107304,1.2167268656145125,1.4467403133846644,2.502913731296805,1.6274500960235074,1.7731417487862964,2.9628785738667958,1.2775435482370332
2015-08-28,3.1543995807646916,2.4087278915509764,1.7260214591073317,1.3254848846907645,1.1558292648828288,0.9426161089536759,0.18608700596668398,-0.25931016057636813,-0.07364721591666254,2.818733503322458,2.383439136355825,3.780815959324795,2.090368617793133,1.1788949610425203,1.4418523774623404,2.3085325263603065,1.636394360069513,1.7975042935390007,2.9680662460635983,1.3829649713555994
2015-08-31,2.1875604567612976,2.382573965796393,1.730342987707747,1.3300283428647208,1.1596563446902526,0.9452073406073696,0.8666417231624823,-0.28284202300512373,-0.08425675675854988,2.7767971657603994,2.3853511584715896,3.795350615464242,2.090029236515531,1.1375971418209707,1.4445965582992544,2.290935112630229,1.6529063354143247,1.7894561391005055,2.9422422255905603,1.3783190286692724
2015-09-01,2.6993242836467948,2.4927459392610434,1.832330665271482,1.3999169323693839,1.2169771799507827,0.9758470761549712,0.5050572241031226,-0.42230859508598506,-0.12375334213722854,2.8620910074149655,2.4721559291947424,3.9377626605734863,2.2564627052362662,1.1405034915659096,1.5204742029178022,2.4591565080030366,1.6985158324257568,1.7948838003090741,2.9442055894182717,1.288656808920854
2015-09-02,2.1917125794273002,2.64332997825675,1.8985779268696492,1.4167815750300503,1.244622149864253,0.9905196162147663,0.11679830472394404,-0.3438782213864855,-0.09187830521192394,3.032697082868785,2.6475387901899534,3.979996279699058,2.3087219143167026,1.1297415591378996,1.5718511813311697,2.4938548429115763,1.7259270574574757,1.692578733297157,2.3146747712921587,1.2135656994205526
2015-09-03,1.7683622256207614,2.596623633053051,1.8972952973638952,1.4163233834442372,1.233256506763325,0.9825523554015987,-0.36358265058134887,-0.29935871801057057,-0.11067279106810159,3.054886668708573,2.6237651892461784,3.972056404039034,2.3119047577664587,1.1539171127205046,1.5750880910352705,2.4832365044895037,1.709185994816219,1.7146562331327175,2.2925096893841523,1.2618729418390768
2015-09-04,1.818932376633002,2.4688228695537737,1.9162823109436333,1.4156064141898694,1.245052059450114,0.9914513164086993,-0.6673227262291936,-0.36544455247583985,-0.14127471215425794,3.0578576372575688,2.649346175746967,2.8735265798119864,2.3352667229024586,1.190068007599954,1.6010225517558974,2.4892288224356194,1.728335418208807,1.6905036773197364,2.2846087437064506,1.2661446243566676
2015-09-08,2.298025802087091,2.1642699584405847,1.991249468733678,1.4649603810988623,1.2883841146934052,1.0123813582313939,-0.00311840949498432,-0.30278469882003667,-0.08663041893991234,3.0065548575188807,2.733970715098318,2.9330470166192435,2.413474685611639,1.2294527636365808,1.6373699309901313,2.439011517503588,1.8537121764844862,1.953838768787839,2.3726937811888376,1.1448850107920079
2015-09-09,1.835108417984823,2.178064967107166,2.0004940031038894,1.4738797157424333,1.2977775139062393,1.0185976118555824,0.32638989941312424,-0.3245292794616733,-0.10177494299900579,2.8063988819033363,2.7316426832944862,2.960773153640416,2.42425220707301,1.2585643142576197,1.680576207806885,2.4698492651685893,1.8842277525931013,1.9687556778012574,2.3409298840369805,1.1092132163710966
2015-09-10,1.6340918934529856,1.8228427692194786,2.0076933218518467,1.4782281377116802,1.297769631310769,1.016465789576587,0.05560855595143188,-0.30330860018634775,-0.10179050387354246,2.830440333672405,2.7280875999018113,2.9871610493310325,2.426182641571645,1.2677351524031863,1.6730218963630963,2.43784450294877,1.8936109952587021,1.9541744327159187,2.3443387060737217,1.1187877380417908
2015-09-11,1.6439669774495629,1.6307239273900678,2.014568268664421,1.4733684296102392,1.2993259438674636,1.0174188022447233,0.13216535414449115,-0.27436459651324796,-0.09691311518651383,2.8511999417188405,2.732627943530623,2.984965973868886,2.4195722540197955,1.271708618251346,1.6787691908731464,2.4414329889412114,1.8967105921574416,1.9798921389537292,2.383432345932484,1.1169311989627324
2015-09-14,1.4224782870220685,1.631967177926722,2.009002022521928,1.4730349887419818,1.2911448813145747,1.0167533925451986,0.36068777123061446,-0.3111324126536158,-0.12042982877645567,2.8551674325443046,2.7291319946780326,2.9854569947594003,2.411255291733377,1.2629019806269304,1.677431572318654,2.4415152312239568,1.898140721609846,1.9685174510282961,2.385789059737522,1.11039185885659
2015-09-15,0.9915450590805506,1.6695722407874591,2.030588428889067,1.4901810126739352,1.3024223665321042,1.015059020281743,0.10806871186758604,-0.2765633310567345,-0.09219749916834775,2.8518409191527754,2.77984483492574,2.9950960326723415,2.4630984484684,1.295175429481459,1.771073254056799,2.4412708023372707,1.9012888129339516,1.9734969590794404,2.3439671653514997,1.093655763803201
2015-09-16,0.6016403275967261,1.2928043361614032,2.046594510463705,1.4984288189952981,1.3060085538193986,1.0180781088155013,0.548841247965306,-0.21874958349243911,-0.08629137145309498,2.8488030851998714,2.782924340673205,2.992074450286915,2.47515829171609,1.3697865840901227,1.7957376045722744,2.488628739629791,1.9026705068761378,1.8691354812463812,2.3144042042175235,1.0838478712129496
2015-09-17,0.6942975898835451,1.1970906728897819,2.04217950696995,1.49848493001842,1.3059635492874209,1.0180195000748884,0.3950273968014595,-0.1904626483186994,-0.09121941644049875,2.8760391298018986,2.770773688969492,2.996182228977723,2.5141898876669497,1.3578867887478139,1.7830067040782247,2.447562532734955,1.9049664463785947,1.8551848986319133,2.314162964020692,1.1341486570596528
2015-09-18,1.1368355107208803,1.3350000173957561,2.022405288753898,1.5158795708767805,1.3186424288063265,1.022242789169931,-0.022671091820138933,-0.16776419933903775,-0.10634898408255083,2.8378247537483,2.761278211356984,2.865919510277222,2.5269818960186665,1.3693317159779876,1.7834240511068775,2.4575742775641682,1.9277767670378145,1.8834517467808793,1.8724363984791255,1.0600805204307877
2015-09-21,1.138143943722568,1.2193415261232137,1.912273012472709,1.5126605115754042,1.3208123067418058,1.0205826696960267,0.15489237650080812,0.008586106867228271,-0.09266951681238257,2.448825330973172,2.462578697740926,2.7552103643259422,2.4241952495228043,1.2567413860348116,1.6995192307317277,2.3502032676381224,1.8503030708128332,1.8071366544550482,1.847321327088873,1.0579205998114183
2015-09-22,1.0948099882894202,1.0144766035117854,1.6695349816244238,1.5224914956159674,1.3298918325199927,1.0267387086041886,-0.3546981638155988,0.1542234654298713,-0.1139844144261306,2.398316393821966,2.337786095631697,2.6963193795045592,2.114900391527838,1.0853690153879558,1.4712620906594558,2.0745706748714077,1.7330892615711837,1.585121499117999,1.6481774667028768,1.0029094213286864
2015-09-23,0.8845811149923587,0.9220543669940625,1.642123921165696,1.5063237556132385,1.3041982614844942,1.026153187181508,-0.5600030098217124,0.20507134041496008,-0.08169768396149876,2.399224943252696,2.2170924765382822,2.626039369908394,2.1131479798779154,1.0543088729650971,1.4471837431262367,2.08353548372356,1.6500050051327069,1.5551001366029102,1.6716159208077408,1.0176735973417639
2015-09-24,0.8736767332314492,0.9064032522219456,1.4042264697238462,1.5001054322134761,1.304121486572957,1.0244557461917818,-0.5873495147176122,-0.004978814310194202,-0.09121407143088514,2.0620830390673333,1.8628982412734731,2.0996524540282486,1.7704321444554532,0.9887157122172788,1.245623622115813,1.6844381642256825,1.2298751323103798,1.422433501677726,1.5134619377240142,1.0591355669070508
2015-09-25,0.6624900396300055,0.8864931495293066,1.2775435482370332,1.4999383830675002,1.298885588961029,1.024264355849336,-0.2657174357808101,-0.12995145600945168,-0.10500465116794647,1.9643635981674659,1.7569627320421324,1.9467711097169254,1.738954335914165,0.9762426609204536,1.2987477505192528,1.5165763017443206,1.2315935648803205,1.3427684486342093,1.3539958291030425,1.0697165610623196
2015-09-28,1.0424870408701907,1.1623635630862952,1.3829649713555994,1.5437486240465068,1.3354632593919895,1.0479961720713131,-0.8710117139593908,-0.2556885731142905,-0.1453077499266405,2.01709400414219,1.7884805032617177,1.9757963422408595,1.8066396444486204,0.9747366025311069,1.3290021163069246,1.5228155167174167,1.2246369841093172,1.2920254333773191,1.4034245989403993,0.8448120042960189
2015-09-29,1.0794553134338059,1.0330872950752898,1.3783190286692724,1.5444924476606765,1.335591315690039,1.0470038032462976,-0.5997234658387041,-0.21236783182042532,-0.13958923627374353,2.1239103069334373,1.7783862569851532,1.984757616867418,1.8056445958432144,0.9720755514508598,1.322692212321316,1.527869675987886,1.2774818816446551,1.2922690178594387,1.42224308045602,0.8533429520584207
2015-09-30,1.55931696844069,1.2105855833815022,1.288656808920854,1.5802521481778196,1.357029836500619,1.0604142194285349,-0.1945747876234627,0.03016333748331379,-0.11897287718766932,1.8789403261591116,1.566928837109025,1.8637086675134171,1.6312029946799251,0.9286172608459368,1.1807756550384472,1.2599784312829192,1.1920339126007569,1.3068336751124463,1.4632514990632886,0.8049387082772813
2015-10-01,1.567476775514167,1.2270158081843547,1.2135656994205526,1.5797042483111314,1.3422868279825577,1.0602095813285553,-0.07007502745048466,-0.051697147353801376,-0.08666290875967414,1.609511584140093,1.3573431657712716,1.8682088135227009,1.5838415191368576,0.9548783667513377,1.152642994155202,1.2186901072368574,1.153350110990515,1.3064574646453986,1.367675001396969,0.8117140359144437
2015-10-02,1.7182573161503263,1.255615882356238,1.2618729418390768,1.5985981635005817,1.3573384118214524,1.0693948051095268,0.2338568500965743,0.01940841916002911,-0.06478145541725137,1.571534363463853,1.4292632676722494,1.9291240236851044,1.5832253059831065,0.994134199505669,1.1579746055442297,1.3241709598055862,1.1527338288696654,1.322283589922512,1.3690248885039993,0.7916544902263837
2015-10-05,0.8648320925553298,1.373134247750872,1.2661446243566676,1.627091011559726,1.3675637202215032,1.081397484716378,1.0917031248629483,0.184067889658745,-0.05610981824491269,1.5549130365590607,1.3947777613896832,1.8496832914783385,1.5909654490596354,0.9368459691679207,1.08832207402962,1.2610031363587522,1.1085295938536954,1.3048166425021515,1.3555420018703501,0.7437515939074937
2015-10-06,0.9936529607591003,1.2952981713546774,1.1448850107920079,1.6126478802840112,1.3594961762646767,1.0817628013369058,1.0114743809733784,0.041280365796665386,-0.08021606257973048,1.4240559384560332,1.2599216687426689,1.665159507077566,1.4678224212039828,0.9306540794931373,1.0331201515917658,1.259629659231546,0.9671865692904204,0.965530408254146,1.1765185003970142,0.7285180614883408
2015-10-07,0.8713839829723085,1.301562346605101,1.1092132163710966,1.6144973315302995,1.3628710564994972,1.07967044175429,0.8021123375087115,0.14909394700721057,-0.07379414235024401,1.3583186421112943,1.1518443919096002,1.5451353897621605,1.4243383326721055,0.850479996210463,0.8670746403982714,1.1675167338326164,0.9392018978144405,0.8895769693861422,1.0818512339776767,0.7317866058161372
2015-10-08,0.8173226645149588,1.2911100384294467,1.1187877380417908,1.6218057832299417,1.3686862957304773,1.0795907848417772,0.9304622408559183,0.1670162738723202,-0.05819589870165899,1.2825292142803593,1.1719466006934032,1.5348611536444365,1.4139282660813575,0.862169106377491,0.8630350270672481,1.1732713586356918,0.9347109202738565,0.8133069032546276,1.1021751784295903,0.7204280441180734
2015-10-09,0.8218520286536924,1.2880309165026111,1.1169311989627324,1.6219031268113573,1.3641211115361158,1.079577422003862,0.6436455423630894,0.14727846621467866,-0.07057627153117178,1.358348229851651,1.2014765749627585,1.5534828947162993,1.4153777704904067,0.862392980245067,0.8637541673129568,1.2172309897124076,0.935302065752619,0.807184316749481,1.0436655696937087,0.7221737683088677
2015-10-12,0.5351216309154665,0.7942887207263092,1.11039185885659,1.6206386154125607,1.3641402172879449,1.0786069695561302,0.3066191002876706,0.17055072192300902,-0.07041613918526998,1.337804064750239,1.1650967315353618,1.5501216827807691,1.415960593614788,0.8613474547384283,0.8477730346801282,1.209310119362257,0.9404171092265688,0.7894866798189228,1.0413896293432654,0.766362877990041
2015-10-13,0.6294751793888524,0.8811195596078835,1.093655763803201,1.6197094984247233,1.3659447083050211,1.0797255412430213,0.2491085177962571,0.07654031727883315,-0.08178188452505047,1.3197994302207632,1.099002985574158,1.5529614858911656,1.3415200017725162,0.8992813571550771,0.7739224941494998,1.2174404709097961,0.9214525736182114,0.7970223306801117,1.034815399619966,0.7432923547137781
2015-10-14,0.6028382222827122,0.8261095760457048,1.0838478712129496,1.620557076018215,1.3663158886869082,1.08022765086072,-0.010591153958394717,0.009235846526285396,-0.08318732951113222,1.345363969164879,1.1078280627183663,1.6846520382400443,1.4226692715961968,0.8483775669048131,0.7614394340277151,1.1793823132843448,0.9481914310628987,2.4157620057410987,1.0527703305717593,0.7393444154317989
2015-10-15,0.8558604760466072,0.8981770525464728,1.1341486570596528,1.636967414620258,1.3821147963251008,1.0891123041319262,0.11598223743400693,0.09725498403045707,-0.054604668163228225,1.32427222125038,1.1081708970919395,1.6900201216514377,1.5347136086730055,0.8481829099610854,0.7626287525959465,1.211409036023155,1.1328960756276185,2.422748279518944,1.139934158446892,0.7532727687734123
2015-10-16,0.8675114791797094,0.8310182026168039,1.0600805204307877,1.6047122532707079,1.3820141223886144,1.0895400051150512,0.19497925939494065,0.20169105401844858,-0.037643543397808045,1.330402675844099,1.0081706708313753,1.6834208954076235,1.405134962485489,0.7887781952628187,0.7534699863440508,1.0183114278111234,1.0830022064500127,2.403177578116723,1.085087850003345,0.7917994004331947
2015-10-19,0.8690548190012999,0.6833617980870579,1.0579205998114183,1.5277918891969187,1.3757993923991736,1.0889553295809586,0.1859470313554712,0.1783143856366748,-0.019537334676420694,1.2851843581435314,0.981004266425981,1.7005928350251043,1.4001400024050608,0.7940656246574362,0.7368577812266283,1.1512701983945512,1.083724257530761,2.394134886738537,1.1010332826115399,0.8632215809342634
2015-10-20,0.7750738964989927,0.6659490656523535,1.0029094213286864,1.360038951378892,1.373902419505242,1.085212822819664,0.2864139403840915,0.2368183433287557,-0.011972799728848623,1.3110404129061808,0.9600552347612782,1.502594457614658,1.382639735180098,0.7286672490706892,0.7619418395029603,1.1174575309238157,1.0921294341692336,2.394268750612967,1.065397578852879,0.8626847289600691
2015-10-21,0.8115919243938525,0.6887216915197649,1.0176735973417639,1.3484382289093162,1.3663257111418534,1.0819554209570155,0.25822597301339734,0.21379309223506282,-0.04278311545900546,1.2979040684158063,1.0216249801054142,1.5834988121661866,1.3910449163589227,0.7354023081572105,0.7702990466163436,1.126719404865654,1.0868241795866898,2.390953804595592,1.0248559144878817,0.9107138605869327
2015-10-22,0.872760283982298,0.8200050723425585,1.0591355669070508,1.2383950238254073,1.3814374480102587,1.0928419725375789,0.28900731883594766,0.31634419241884704,-0.026091451558186908,1.3373002845851911,1.0646729164053743,1.6830074417129073,1.4230359024962127,0.8608634250516851,0.7837584934297418,1.2909014719986591,1.1326205234086235,2.395049091320276,1.1118247767309093,0.8386648833518177
2015-10-23,0.9471749254419022,0.8642555530271439,1.0697165610623196,1.1905164887712083,1.3890097761656781,1.0924295273413207,0.41730597831691085,0.3724469075428788,-0.008218013902485126,1.5001289963725797,2.394796959024794,1.683478536385938,1.3735837645667064,0.9096089863300478,0.9207653590212003,1.296819785403533,1.0351554484098264,2.3982080895424316,1.1048308396938327,0.8075171771945484
2015-10-26,0.9842907190637905,0.8800640759523627,0.8448120042960189,1.1918038540127733,1.3892273685840497,1.091997942274087,0.3583152509076659,0.48564612685343905,-0.009784202279073225,1.6129567932277555,2.3501707256278115,1.6328556302896313,1.2247519894316636,0.9197136644339683,0.8432897005924773,1.3998750259962867,1.0529432818064908,2.3976182579992398,0.951082908779426,0.8055505967610015
2015-10-27,0.9927608284798669,0.8402318360827742,0.8533429520584207,1.183533359347615,1.3887762531047096,1.0915638419376088,0.34524051570718806,0.47305933871522876,-0.007383505370106768,1.4484365962784438,2.395078627659107,1.6397065513469453,1.2297791996338514,0.9226531318833568,0.854216583780444,1.4094150917504726,1.002546850685792,2.3953850865657844,0.9557414574853462,0.8036099044424403
2015-10-28,0.8688319586252176,0.8256357556037424,0.8049387082772813,1.0803002651266245,1.3963565994699234,1.089875927649244,0.6967999859703267,0.43663678563351016,0.014830509343612948,1.6792040945018285,2.3904267046373597,1.4758623531440749,1.3165212325247106,0.9034478953984576,0.8903185417420104,1.3910807340361082,1.002691867649936,2.3495087620743464,0.8159278332497112,0.7632864835105658
2015-10-29,0.705817591930337,0.7489319217383686,0.8117140359144437,1.0467606717213562,1.3957720537406304,1.0889922789291864,0.3474376708380422,0.4207223669909787,0.008382332750230615,1.665988474668162,2.439190182614147,1.648622086221649,1.3271526299058338,0.8659889967778929,0.8890403473315559,1.3816965334678541,0.9996317644744518,2.3610764205087844,0.8155967740169073,0.7634376531103994
2015-10-30,0.6268468988467973,0.7826199133670915,0.7916544902263837,1.0511589028313262,1.3927720766911593,1.0893706392243778,0.04200030915134212,0.32448277230657074,0.014844157818676413,1.6914948409775896,2.4720184501045828,1.6422124036029024,1.3823177165031886,0.8775845272858014,0.9270157995517693,1.306061939782389,1.009192256353867,2.3359704342294934,0.89947749482824,0.7629526225668914
2015-11-02,0.7718239357852547,0.8340324697634718,0.7437515939074937,1.026467760847852,1.4006035596896755,1.094657572337129,0.3277877837137888,0.2946672915661491,0.03776354291635141,1.7059438238805842,2.44634704669769,1.5904113200499395,1.3834787570994056,0.8286875088301618,0.908220864369279,1.4240956136273382,1.0172016729218583,2.3092665378291977,0.9082688980334794,0.746087248973075
2015-11-03,0.7187049045388082,0.8181357818515876,0.7285180614883408,0.9581076155018198,1.3918281750477504,1.0908729269215045,0.4244167960555201,0.32629494248576413,0.02159686982079762,1.712792517726087,2.454302395018689,1.6084401078984214,1.382436258903826,0.8299962870670259,0.9108607287990566,1.4413217915148926,0.9376652665541569,2.3329009419387314,0.8978062823384391,0.7770662627420054
2015-11-04,0.6465836476572656,0.7801203636193921,0.7317866058161372,0.9295442102293284,1.3872297987260696,1.091206925535473,0.1362529343796015,0.2701719348512327,0.03157886746558997,1.7124669304578473,2.450579672370592,1.6737346083144287,1.3825928193605708,0.787895259306396,0.9122445168215926,1.4558006433499944,0.8964661780935634,2.3150680141139652,1.0445784137877043,0.8321955339255033
2015-11-05,0.6500257077390458,0.6500833794275067,0.7204280441180734,0.9291776825149353,1.3872827612944105,1.0908873938188681,0.12777608869766643,0.22005082895141576,0.027919500879129408,1.6839879518460765,2.4527423688754704,1.7073443361784764,1.386859736404609,0.7721871780924661,0.9326177143519606,1.5002071868823645,0.8944957413099053,2.3047293911800275,1.0408322322190335,0.9513510525672152
2015-11-06,0.587709409186164,0.5791349775223225,0.7221737683088677,0.9289842197184978,1.3871797348035355,1.09089417832366,0.2035160826830107,0.2144504073865511,0.02912142569599391,1.6275838978214456,2.4300559438910287,3.4686689473388985,1.5008594933612045,0.7988002479679605,0.9739772010835963,1.4804552797432289,0.9110385340337052,2.3128299802665158,1.1261625631063374,0.9607028704944256
2015-11-09,0.4522482854725877,0.6625247598303398,0.766362877990041,0.9417103842901088,1.3919707519305047,1.0942165918663034,-0.21974804826015326,0.1630755044291932,0.00749793789952878,1.625937335501985,2.46901989069576,3.483817767805523,1.5611656629779858,0.8293744704003271,0.9744039459623068,1.5796531424017182,0.9590203376167187,2.302002561630251,1.1250558349161917,0.9495761917214317
2015-11-10,0.43603113561022977,0.6584959422918464,0.7432923547137781,0.9252949972993518,1.3904127363412209,1.094092851514249,-0.23160533467322164,0.2061164793683945,0.0020311551968310434,1.8119627392684523,2.4983362559335975,3.5383619646080873,1.55180786642676,0.8184887606794476,0.9725751912789589,1.5778649969132117,0.9422672906018187,2.3111377846867667,1.1270425925425616,0.9620997315120576
2015-11-11,0.44153934700441133,0.5601821931731579,0.7393444154317989,0.9214058631176723,1.3908450500290888,1.0944603108252557,-0.24955902627022963,0.210429966773274,0.00030540993570673527,1.7805093300001127,2.4863231866876325,3.495988737202727,1.40230471518944,0.8304890118455625,0.9727622265362215,1.5786359671623706,0.8933585893176439,0.7568421611726739,1.1246271367183722,0.9617284252531706
2015-11-12,0.6587171730149917,0.7022848198387797,0.7532727687734123,0.9504614664319183,1.3988523839656155,1.0974803822699168,-0.508798737885301,0.06385558512158884,-0.009784026388884514,1.762584651595062,2.5043683127243486,3.501961943599993,1.3785887027861412,0.8579547452097702,1.059670886848593,1.6589311746868898,0.8030755378505474,0.75219605133556,1.0745385335414723,1.0084407727679765
2015-11-13,0.6471295913319408,0.760283050518417,0.7917994004331947,0.930029543889718,1.379969114438039,1.0985745819002704,-0.7228869876177568,-0.015016154366623291,0.006303566770929159,1.887398633942331,2.526125790304186,3.537741770968015,1.3896841691508006,0.8608638716154707,1.066414547106178,1.6650328703764463,0.778644757783698,0.7604512623773981,1.1296280926379583,0.984226836439995
2015-11-16,1.1683478381139456,0.8352407395983107,0.8632215809342634,0.9549603402441005,1.3353466290549967,1.1075781678275123,-0.23212718569190383,0.05855695016734941,0.08181914755708414,1.9157475632867886,2.5386966850888983,3.5528439228237088,1.4069998962365264,0.92187909384392,1.1401899722343762,1.8229640327839252,0.8210410789130542,0.9828451884899796,1.1228490133831168,0.9513594289345416
2015-11-17,1.145960488603031,0.8180443949724535,0.8626847289600691,0.927625204541829,1.2109598502885348,1.1061769093062228,-0.29284361900334455,0.061302089521535486,0.15078129942672086,1.8777513689036005,2.559016925200055,3.551571305563407,1.4211770172733476,0.9181584864990064,1.1179930736994994,1.8426023874508548,0.8118759839863171,1.2726854745899794,1.1230634089084648,1.0064311947467193
2015-11-18,1.4134406264652388,1.0045464701746296,0.9107138605869327,0.9534537251065707,1.2121613149402235,1.1155671535351142,0.10310903221006251,0.17165073157244026,0.19683838807415435,2.00389910925359,2.5343103936987696,3.5507169696847485,1.4483692222429523,0.9786595840750525,1.1371928386519894,1.8453516051256744,0.8380690909512425,1.3180530416260492,1.1684218693057984,0.9995092422292013
2015-11-19,1.1658419901886092,1.0045157856184976,0.8386648833518177,0.9503375446560905,1.1142054584870484,1.115557679764299,0.36506263134062467,0.0828694132477581,0.13141159711880362,1.9956240929180284,2.5250916800373995,3.4844811728817717,1.410770223877974,0.9136034834014476,1.0796869036405088,1.6826767793141182,0.7415006199084951,1.3228518099257836,1.0096048177608057,1.0687653918387687
2015-11-20,0.8337701963471689,1.0140156622332348,0.8075171771945484,0.9499663114630648,1.0715138730071527,1.1157904645126815,0.662501344383315,0.04628268714997774,0.09625937956113494,1.875877241823541,1.2049610896327185,3.4851941111667606,1.4047246247335652,0.9524700417303016,0.8587697104080052,1.6859946211818324,0.7390613835395681,1.323749374772503,1.024884267018852,1.0857889529113782
2015-11-23,0.7268643761878355,0.9648744438056431,0.8055505967610015,0.8437243515136803,1.0717976707613377,1.1131099966127378,0.33545373787666977,0.05284157190960037,0.09426637521624961,1.747300764256685,1.058494156500222,3.508697709060761,1.4324046457929223,0.9883870984086122,0.846867073390416,1.626646702654523,0.7294507571711462,1.3155039481913497,1.0418953445161456,1.1113186224460478
2015-11-24,0.703320178562759,0.963363745620881,0.8036099044424403,0.8433259495857044,1.0652376666609722,1.1130401268572307,0.37680957402685067,0.06919435410145114,0.1099619536654182,1.7464120500460258,1.028345892577975,3.5069368942266044,1.427457437596011,1.0079268390047655,0.8611376462942879,1.6858237306935402,0.7556641900977219,1.3014313257133743,1.0939549252208605,1.1502795507155787
2015-11-25,0.19712462324839614,0.951728910199792,0.7632864835105658,0.8036234548524781,0.9849744695357447,1.1115426992537087,0.0566281541733038,0.011607773623184547,0.15946929891333614,1.4948183869112859,1.0520018781513916,3.5094040744779575,1.281426618545682,1.0071073372940378,0.8464804792248751,1.664769710161146,0.7560805960192588,1.3033289008843982,1.0958832402643113,1.1505670068952074
2015-11-27,0.1805065238117719,0.7990954694421328,0.7634376531103994,0.8037843759949754,0.9581624499737431,1.111573687206095,0.09680788775215499,0.020211967476286286,0.1297457290378212,1.4733779140937129,1.0193654669003573,3.3850969459112226,1.2768463338493747,1.008035061933291,0.831223810583765,1.6647275918317994,0.7375601381314433,1.313074028697328,1.2992782390928674,1.1505134037748486
2015-11-30,0.2232265564847111,0.6897525940168934,0.7629526225668914,0.7826393204077281,0.960720776167135,1.1069278373071738,-0.059112520569408744,0.021004479719790026,0.12163189039546328,1.465694992001545,0.9709575947218441,3.3599280509597627,1.237192242057629,1.0205986314944833,0.8482978180944872,1.663056875685228,0.7796104104124515,1.3466030263555782,1.315466965126046,1.1745288462748054
2015-12-01,0.49840016954877175,0.595238377797332,0.746087248973075,0.7493501395158173,0.9421616935386022,1.1099419625746914,0.15452244028945294,0.009525236053516406,0.16275347242613683,1.4358019902266217,0.999554561097218,3.409376932259037,1.1968187584659549,1.024718617231923,0.9151479518931089,1.5002492027747103,0.7780102134711134,1.3417835923852832,1.3460260084616302,1.1626456774079175
2015-12-02,0.7258484614177714,0.7148774175450011,0.7770662627420054,0.7682533687719056,0.9023535310835256,1.1116833514886988,-0.07635108136057056,-0.05599761525257152,0.10385923100995267,1.412859091243158,0.9368611610762086,3.410758355684631,1.2454893483480125,1.0263533050951856,0.903609551836312,1.5396735344533508,0.7799860844710576,1.3326275078185712,1.3693959437685972,1.1617900856410477
2015-12-03,0.9316779633861001,0.6706645553791946,0.8321955339255033,0.7971883364222144,0.9040947867905657,1.1184129322022798,-0.35353802404102685,-0.11083996598197254,0.10280863862549024,1.4206601706299786,1.0301957022420234,3.373016410972059,1.2821722190226894,1.0360887903277796,0.9033608925009525,1.551759876692848,0.8308649034718032,1.3535316760505898,1.3599822473502092,1.1616522712919937
2015-12-04,1.4041429543697403,0.9448174127527071,0.9513510525672152,0.8409280362540068,0.9334748873900609,1.1314424452855236,0.013574901052650912,-0.008338329434967595,0.1262429244629228,1.628756362665518,1.2455861383810487,3.4155514081984393,1.4553483383937835,1.1049983144538327,1.0834770005107806,1.549351662450654,0.9587970913540189,1.368539721550716,1.441378832225494,1.0620807291711687
2015-12-07,1.421180520622725,0.9592429250718143,0.9607028704944256,0.8484152635369661,0.9371851648362926,1.1327589538019285,-0.024551080593850916,-0.036012311099425376,0.10857218750060144,1.6329061108041298,1.2328124189590195,1.6886971967860673,1.31384206438323,1.0820976457199587,1.0545080752041938,1.6329442799820877,0.9541553309462809,1.3975273056227773,1.3377138185747874,1.0862162933434454
2015-12-08,1.3240942827182318,0.9799098460076306,0.9495761917214317,0.8569055367192693,0.9405936580098677,1.130403498300449,-0.3496585441162936,-0.02295238791051868,0.10355794614722781,1.6313998502734604,1.1819963439516945,1.6961851417881526,1.3132351067449846,1.0565914742862614,1.073582263228964,1.677691351137589,0.9428637483381344,1.4393762704721056,1.348593100730603,1.1895753156396416
2015-12-09,1.297547084255573,0.9982356390413397,0.9620997315120576,0.8603140038682341,0.9351191610811322,1.1318952935768516,-0.30114593918405763,-0.07338276638028052,0.06975801008898236,1.5496122942284432,1.1988020039003269,1.7455914851003276,1.31490600011489,1.077740442333119,1.0717291894944196,1.7132895578518534,0.9392870785255422,1.4541044020841043,1.3356566124874942,1.198663444640119
2015-12-10,1.1499186178909393,1.0072024296711832,0.9617284252531706,0.8562102115433989,0.9296133979511979,1.1311449986241005,0.030526547662166337,-0.04081857249887355,0.05961574693356193,1.5484536999767766,1.2012725359578285,1.7208276053486535,1.3152310405442083,1.071657676511388,1.0713623030361654,1.7127898112086357,0.9408260459070726,1.3837733442906925,1.331081711237682,1.1952819574615219
2015-12-11,0.7835090831612556,1.144492321849867,1.0084407727679765,0.8810940665144592,0.964169621844175,1.144674358142374,-0.747148016743362,-0.06792564914948285,0.03106164000085435,1.6524637461520806,1.3039195015414302,1.7659444553197072,1.3429766771899716,1.074813904878456,0.9817481265463829,1.6577851728863853,0.8925846430451332,1.3559698254757546,1.4225916859920844,1.155285498594571
2015-12-14,0.9691669701831763,1.1767241031876128,0.984226836439995,0.8818024100351741,0.940822116348237,1.1439002847833968,-0.5249356455189291,0.013475524425281549,0.06671680802570226,1.5203646943312221,1.3460035666016146,1.679313322445466,1.340599782347647,1.066949282706264,0.9478324392788984,1.7225287703498695,0.8878023842470336,1.3639908226737392,1.4470943632921531,1.253304961779556
2015-12-15,1.1855796769205464,1.188218098900525,0.9513594289345416,0.8973119791699747,0.9476358365934302,1.1477432045478406,-0.18058945104904467,-0.01006795424980389,0.07560112718474009,1.520071201764084,1.298668150271578,1.6507381254230389,1.4565903322209035,1.0705970757989411,0.9447856732558712,1.830919739678021,0.938431752124255,1.3087525238332776,1.556557564188452,1.2937259527770526
2015-12-16,1.3193743496723833,1.269571716942226,1.0064311947467193,0.9252268014149453,0.9468465125141523,1.1555783079878161,0.26764318110655827,0.06673893364719519,0.12161978883249545,1.5321940756411987,1.3183316942283327,1.6478445929438172,1.5287655270968121,1.1079688595722597,0.9803193095776328,1.8145195302242971,0.9594112273526293,1.0736030997175696,1.5950828521150153,1.2877513582002562
2015-12-17,1.5441182525561443,1.2850430751727324,0.9995092422292013,0.9529738284361972,0.9698142288904236,1.1479803888013347,-0.08874679025966392,-0.08878252811630516,0.09888709856373265,1.3895879484599938,1.297826766179337,1.6339368398349754,1.5217432986362152,1.0981272196892504,1.0027872664101396,1.8264699895514271,1.008790579567782,1.1171082574872728,1.5706108258706792,1.2697280613990778
2015-12-18,1.4981269456365454,1.1842665117537425,1.0687653918387687,0.9570821161031914,0.998151091907146,1.1593837088003685,-0.05742307933759072,-0.1735470768190367,0.0752221762825228,1.428407298260059,1.4605479690535705,1.6876880651883943,1.637873554291987,1.1450535601477094,1.2022799518896359,1.831569057813883,1.0788807078479619,1.115711170621955,1.75405255541561,1.2455753769446094
2015-12-21,1.5345192584824425,1.2419616388568198,1.0857889529113782,0.9497197241433091,1.0027228929015333,1.1595228062513772,0.006508623821548376,-0.1505226557151601,0.08940231299256546,1.4676224531000406,1.485149850494946,1.7518421254417909,1.6981897301591087,1.0937143997058807,1.2086320588886785,1.8285896860472133,1.0685331662359592,1.1289875588765683,1.7180405380855308,1.2336198768534583
2015-12-22,1.5114704391296163,1.2833754979942307,1.1113186224460478,0.9611253888523346,0.948153496303502,1.1624987246841199,-0.021963116654477588,-0.09942216788259073,0.14635517696014952,1.4585337999376928,1.4979099397615627,1.7034269287887736,1.688012259416877,1.0906117124820787,1.2163810416994654,1.8263613966456567,1.097385918707708,1.1872094199355472,1.724931366788416,1.3198771010748305
2015-12-23,1.458654797345279,1.3230247025804187,1.1502795507155787,0.9810810886170553,0.9584786020693892,1.1676613278340064,-0.0669367365064133,-0.044197643986120805,0.1660186829435197,1.4769904969989247,1.5068302270188134,1.6997682670313297,1.7288230150119532,1.0884808357578828,1.2135748482785096,1.9250055016283059,1.0963295558997048,1.191362546470715,1.7224102540539592,1.2918623404273382
2015-12-24,1.2276505251841774,1.3241841028809023,1.1505670068952074,0.9642576988854069,0.9329515199799748,1.1663920290723,0.2048269725015106,-0.05173282353425346,0.13217057857414707,1.4757777527804474,1.4847145125838892,1.6966134546268012,1.7292065525596618,1.0916562713973286,1.196941973288667,1.9318394241116497,1.096157632074756,1.1942099930830368,1.7127843995162513,1.3539041108290555
2015-12-28,0.6686586184085532,1.1346243753434748,1.1505134037748486,0.9648068720887107,0.9339457638250261,1.1562648974880858,0.5154285542482273,-0.06889191019501861,0.12401414142408214,1.4823762798055304,1.485274152961417,1.6945790903390427,1.7269864761406062,1.0911368087839168,1.190965494157303,1.9370124266103783,1.100783371317464,1.1849740420840997,1.656595940428176,1.3624080551429625
2015-12-29,0.704514115647561,1.1633784526934081,1.1745288462748054,0.9776104897118181,0.9249227419790541,1.1601341178424571,0.5638906624704787,0.005228140044811758,0.11690513069039082,1.5565527639870573,1.4927898179864634,1.7130083651928205,1.735365596506888,1.0528562188248798,1.1443387405151468,1.9370846976260951,1.0776231832431518,1.1320092357079747,1.6351218744456597,1.3361484150142906
2015-12-30,0.8609174586122832,1.1678701509333342,1.1626456774079175,0.9652401272883505,0.9046763850452708,1.1564602250081035,0.2406386117061765,-0.07789312502840984,0.07543313419708524,1.5671767674572215,1.461787085134798,1.583880671402422,1.7128876993795363,1.0505169364471267,1.124157576991673,1.9520763139324164,1.0560285401068972,1.1326018137420286,1.5721747390093068,1.4816481148793113
2015-12-31,0.7916672939187122,1.1088906461526395,1.1617900856410477,0.9756330807940228,0.9137657527362614,1.1556827280539779,-0.20708308545274168,-0.07688064500916358,0.06447222740800969,1.599323317978129,1.50402885284177,1.6033997210550452,1.6941502758784481,1.0996677893427387,1.146431856066701,1.8507767519637526,1.0814510221971847,1.144226508732415,1.5716286650678866,1.4731431357181746
2016-01-04,0.9512222981430714,1.0919829931633034,1.1616522712919937,0.9975525605025173,0.9274570888047823,1.161880558583586,-0.4536692010159027,-0.07676561777797242,0.027522117030429238,1.6005723420390403,1.4703278501907076,1.6567595162333035,1.8009677017447414,1.1277591952078614,1.1965223243760954,1.8285593730434,1.158021889382457,1.1232039584392912,1.5793087186800285,1.4924228282896297
2016-01-05,0.9905592374697338,0.924458814289885,1.0620807291711687,0.9984168917901066,0.9205346578484647,1.1620126049089543,-0.37414866898305865,-0.165822802703946,0.015296565604167396,1.3981978643073965,1.2838871707888473,1.4133921111948065,1.6286742937807097,1.0345818496053403,1.0325556982550959,1.8345628983561193,1.0483420881722592,1.2111987877142398,1.507150850303725,1.502109403921815
2016-01-06,0.6225082328612108,0.969636444991928,1.0862162933434454,1.015493436891646,0.9351381181190982,1.164984936788379,-0.8398652938983829,-0.19860041328132128,-0.006720772331398532,1.4246820408915868,1.3421345372253508,1.6331768741577652,1.6334066544747483,1.039393314373296,1.0452171336666596,1.7436858584611523,1.046436160767356,1.1944523247641106,1.506327249168013,1.484990464737557
2016-01-07,0.9209859832988985,1.1248912379165812,1.1895753156396416,1.0706502814331655,0.9846658578464685,1.1846744714520878,-1.1779305922972938,-0.2849611370736599,-0.04827934018499514,1.6040234085301759,1.5335874441727844,1.7879235513147451,1.8201786970847693,1.0944200026353064,1.0485351778772964,1.6564029517068506,1.059277843529831,1.207939143896706,1.501206196687893,1.44971775834469
2016-01-08,0.9173112112431925,0.9617509309032719,1.198663444640119,1.0789837161575357,0.9911771009927709,1.1884097605378736,-1.1974155200841974,-0.3009480402341985,-0.05607144241536152,1.612308632342641,1.5157973712355017,1.7665676166770237,1.8650942923726543,1.0839427634438745,1.1034660490517327,1.6959880632255844,1.0787908240212332,1.3284472733541461,1.5007053488935251,1.459299238639716
2016-01-11,1.067509045779923,0.9815634291188273,1.1952819574615219,1.0793809828080785,0.9898017998545651,1.1881261627316813,-0.8980128496597881,-0.3089004671084611,-0.046429690944686894,1.681136958809751,1.5059089178506107,1.7468978004919657,1.8594530970935876,1.0828708781094092,1.126479348940311,1.7198167778006253,1.0703361725752265,1.3355019832052828,1.520861486661432,1.4585675886572378
2016-01-12,1.2494612854977145,1.0833143806049108,1.155285498594571,1.0716475079830712,0.9744129972574868,1.190734787758066,-0.7704747960308332,-0.17165449752581385,-0.05857485385123596,1.6992405804413426,1.4564050463592972,1.7968247054151254,1.8128403570898948,1.1005055370787702,1.1268405258614664,1.7381141241103901,1.0769095930878831,1.3590182264016,1.5132978982052077,1.4407577414175439
2016-01-13,1.4722878591648447,1.069737578302888,1.253304961779556,1.1251544656137478,1.0213212703526502,1.210520661418278,-1.017014064148909,-0.3216200179388162,-0.10772021596005267,1.75521271451853,1.436366359599365,1.8875259738614445,1.880463999407722,1.1040196863567568,1.126075001990449,1.66528417495152,1.0918602906558355,1.4758843989148123,1.5777104075752926,1.363909862653684
2016-01-14,1.6250393878629827,1.3459257486173457,1.2937259527770526,1.1299243386486388,1.0458643147065376,1.2172662039651094,-0.2088542665181703,-0.2920273409409413,-0.08117944834113193,1.8491624040072894,1.600233719817468,1.869416553249073,1.774661141173758,1.0450983635006634,1.0407975517594936,1.6817066307149284,1.090723641535328,1.4853738631975704,1.4316748481263468,1.395842150622007
2016-01-15,1.8239805544705487,1.4216481465085486,1.2877513582002562,1.1729962140871604,1.079326348960129,1.2313072749306568,-0.4186237926488956,-0.472514783673062,-0.1148245868347771,1.8699657251250301,1.7485179374911208,2.1222531534315476,1.6763901311550382,0.953928313546574,0.9821170592146851,1.7358800397947334,1.1037560806093165,1.5417941394360384,1.6869913516087272,1.3674233467446866
2016-01-19,1.8264547435422684,1.4334495746780547,1.2697280613990778,1.1381346033301143,1.0777266588976597,1.22569908688772,-0.41182392498864795,-0.3896697507907071,-0.10226718244485733,1.8384244257438946,1.7493039810088717,2.1547013647139255,1.6648927774104054,0.986457189103699,1.1458654952012728,1.7366351891350755,1.0883601946163748,1.4503341706509063,1.6949719529525349,1.4120139465566974
2016-01-20,1.7133920629637502,1.4140631121698424,1.2455753769446094,1.1496478425822025,1.0621499230407687,1.2286131128287812,-0.8294897272128022,-0.3646711594946167,-0.1517829410219651,1.7742308205870507,1.6691213000468057,2.1694888002015995,1.651618988219982,0.8965135805358773,0.9886467387844252,1.9623438755645073,1.099497348806537,1.6009975608954823,1.5549167853134682,1.3790174238730932
2016-01-21,1.5031231679903878,1.4644519375675082,1.2336198768534583,1.1528269182006858,1.0536974820041263,1.2300017996942014,-0.21863267573046352,-0.3779053428268192,-0.1607151037973339,1.7303616220935223,1.626958268163044,2.0940565525865416,1.5484975374019119,0.8781793773847703,0.9965986553947311,1.9909599224636192,1.105155797369593,1.6223572518071037,1.6381890349854444,1.3768794795403214
2016-01-22,1.6353278631079353,1.537430650004677,1.3198771010748305,1.209520092316574,1.0916128659150754,1.2453387161570695,-0.13664317509538781,-0.32069735555116885,-0.1224259838413864,2.1689412273958335,1.8354689864756206,2.2022501474595875,1.7649156685483132,0.9170729912554649,0.9971391454738688,2.1379243288306773,1.0888904493778373,1.6074742805932998,1.8282220670633738,1.3390816428665346
2016-01-25,1.4549608375197713,1.5703277853955255,1.2918623404273382,1.2254036256736314,1.1062352031682499,1.2520843284823373,-0.009674027980797195,-0.4581991065416579,-0.1444007988087759,2.168605064128329,1.8219880818726957,2.192205969400792,1.7151536980244884,0.8904795306317559,0.9975580320774098,2.1117081426531077,1.0603568079127652,1.6160815944840825,1.8426245136747126,1.3242124709968996
2016-01-26,1.5836684500127245,1.6474509298343254,1.3539041108290555,1.2513514777434929,1.1110694563456718,1.2589106625087114,0.23658345831688132,-0.3817306293368644,-0.14061855974931112,2.179129940051047,1.838296885905447,2.2134155413806575,1.8734538130324752,0.8900042256721448,1.165707161762583,2.289403907609508,1.5908327827661557,1.61549136407618,1.8665294345105827,1.2949826543292202
2016-01-27,1.5391079740765394,1.6421256449156554,1.3624080551429625,1.257623617112302,1.1177128418598203,1.2618472133252359,0.2752141849798262,-0.4247247518117169,-0.15780156484348312,2.5822286242849017,1.857685133027854,2.2111076781715946,1.877190511897625,0.8909672086784944,1.164981709710159,2.317410926438652,1.6060673569224597,1.614849550500436,1.8491092303643564,1.2872681198868354
2016-01-28,1.537391182670904,1.4561096605582893,1.3361484150142906,1.263108738385412,1.1205220720251337,1.2611353684378688,0.26736916184868953,-0.4520357179822665,-0.1419343660725549,2.5395837453489274,1.8858751184933362,2.1397804876366076,1.8518452107554553,0.9265058240447952,1.1956547992603326,2.377378887512701,1.5948731297356604,1.5928620528662882,1.846348153291306,1.2884041858943018
2016-01-29,1.6546543915090517,1.57154201731474,1.4816481148793113,1.3191253864644585,1.156786594943447,1.2815671286875707,0.34459909606611827,-0.29470723446118335,-0.12102504114535897,2.6969934968756615,2.3425333464618725,2.4469927379455343,2.1197563604186778,0.9489695050889927,1.2991253275252097,2.3744743777938773,1.6676691787071876,1.737603920066738,1.9725166211496497,1.1864948951320944
2016-02-01,1.343057024840936,1.3636992518530335,1.4731431357181746,1.3123276122272602,1.1555885117858007,1.2759550234001646,0.6397035209928092,-0.24650245493027026,-0.1264602383973351,2.6777227614899104,2.324530667500669,2.4458574904762,2.1223511470617473,0.8968688797140213,1.2944196289351921,2.4167354773310814,1.6491065750950769,1.7454933066979834,1.9666319464180833,1.2972642402159191
2016-02-02,1.6315398313303282,1.520679353949372,1.4924228282896297,1.3235470261214741,1.175506990783676,1.2836137817139097,0.0063841059124936095,-0.26671730260476534,-0.1514409621215701,2.698894140940986,2.412506218400718,2.5683028726091814,2.128981708021016,0.8968001718036275,1.2832015550682474,2.461901062962432,1.5803085064345839,1.7748065806707143,1.9723549497874784,1.2166910932598045
2016-02-03,1.519145007833702,1.4421601971761975,1.502109403921815,1.2846791328827174,1.179487703696391,1.2849245299251724,0.34395912255460237,-0.24519780392730173,-0.13978631202207178,2.7104964058639065,2.429093771269219,2.527792470928605,2.1403082274088687,0.9055687404890232,1.2997022020101336,2.734513615890752,1.5841318445438461,1.7366274190755353,2.022384954384862,1.21429660766936
2016-02-04,1.5172647865233333,1.440011249578052,1.484990464737557,1.2842447513830175,1.1800594578882417,1.285055009131331,0.2711250260809428,-0.17428813798743503,-0.13630028745606057,2.6910231632559958,2.4008597932593307,2.40193014883756,2.183519730411529,0.9026680682500942,1.2813846864842664,2.7502850610806413,1.5791459470795601,1.7281771139050566,2.025393255728594,1.2143897533860344
2016-02-05,1.1702470780807481,1.4394435199852211,1.44971775834469,1.3107242556175562,1.1977209585934527,1.2955091509088736,-0.5974287822177704,-0.14958178194130256,-0.15249843564182705,2.587890992303072,2.405275335376521,2.625582174810931,2.0136456508894662,0.814486746441144,1.2569492791053163,2.7179622768523495,1.7324466213187237,1.6648390127074342,2.0443055092753086,1.10685215670992
2016-02-08,1.1597667412217454,1.4225867510143484,1.459299238639716,1.320000801842272,1.2064375581008648,1.2993739889551816,-0.8594073239255051,-0.16200040589059717,-0.17877707083502542,2.5968997594120444,2.4202203054983427,2.7524214458017653,2.0061472814553496,0.8142627547735164,1.2149128196980712,2.671800433334816,1.736174196722892,1.5645612603051886,2.076361942410666,1.0878612866066295
2016-02-09,1.0707154731203192,1.3278680435330044,1.4585675886572378,1.3182010799989414,1.2063344767876307,1.2992691364519888,-0.4978723712650823,-0.16668218300608884,-0.17213374087114114,2.5673896527369013,2.4197552888069263,2.7760010814716107,2.0082522439717088,0.8713107888404628,1.2139703873510537,2.647487928093646,1.726863564760878,1.607742857514968,2.0669503703866523,1.0853299778917311
2016-02-10,0.9296271156881654,1.294608051426353,1.4407577414175439,1.2891522620393872,1.1956157621575958,1.2976488368878718,-0.6350316935752343,-0.2113370283134019,-0.15030572499623288,2.5434508024042626,2.418607736961189,2.7208949483237834,2.0175878454069616,0.9327390039920898,1.262871802604116,2.6387870856336235,1.7264737537932182,1.58871043748076,2.146644209015704,1.0822891158410617
2016-02-11,0.843823203301364,1.3183590326832675,1.363909862653684,1.2957352234394315,1.1982880381157823,1.2893756856117529,-0.9265585261321041,-0.15167425348323382,-0.1532729156655895,2.4857328941974703,2.377609732981279,2.670208028388243,2.1544491897287523,0.9230428153369462,1.3544262823539375,2.638126782051259,1.6945914709076741,1.4587640105184634,2.1328793973428217,1.039835431573313
2016-02-12,1.3850606108325718,1.2333442994757373,1.395842150622007,1.330898138839391,1.2130442111191941,1.2753522185319845,-0.13320514141607065,-0.13066950066577765,-0.14425493195217426,2.428141260735778,2.311128820930454,2.7022184992553715,2.8832543188202595,0.9883356750709937,1.3747177299285547,2.4697159597412592,1.6479438522911487,1.4337047503847145,2.141371972037854,0.9830182552529468
2016-02-16,1.385433546419277,1.3944345782409735,1.3674233467446866,1.3385962186126477,1.235881654705223,1.2256143950421747,0.47357281315002053,0.06104874555913187,-0.114909034822245,2.4628176149262844,2.1773269424996275,2.696968153346896,2.863242249436193,0.9601971006240392,1.3004812613683452,2.417858660693705,1.5750517844506702,1.3618960977825794,1.8683465970711646,0.9430424962580098
2016-02-17,1.4382140081008312,1.3770111888680745,1.4120139465566974,1.351901575037573,1.236989949364046,1.2294368080741322,0.7991817831176706,0.1360692440204908,-0.11412767829550716,2.4818086738979255,2.2369899228004364,2.7483525769870627,2.8655480818722685,0.942466121207175,1.2381446515927796,2.38277580954661,1.5741981687689945,1.3519816977811367,1.972424822422927,0.8939938500324756
2016-02-18,1.4941632789172727,1.3774396160348061,1.3790174238730932,1.3260003527986128,1.2375707759453902,1.1792963659300333,0.734513800265546,0.17966385355618505,-0.11951812758582278,2.5228647451599375,2.241394792564858,3.344137780230575,2.822212306088936,0.8760499803757033,1.2474010350022373,2.1177746761189398,1.5270207998779448,1.3835948848209931,1.9387942715403101,0.8827422926629074
2016-02-19,1.1273252514946743,1.377185960836194,1.3768794795403214,1.3176735599618503,1.2359830670020655,1.157216697809938,0.9853171238168734,0.1493131964036004,-0.12637160071279296,2.5205175867554392,2.2433715261470595,3.3460085932293335,2.81788020074068,0.8744115531354566,1.2409801926039803,2.1170579982509934,1.5266341439239954,1.3493345064412903,1.9097068793942833,0.8785818233547957
2016-02-22,1.0078964886145847,1.2567962758067477,1.3390816428665346,1.3311222123630093,1.2525847491765685,1.1648978063458066,0.8625536647552545,0.11912970929688294,-0.10032993804562555,2.2077105495321754,2.126155836857501,3.3915505021965022,2.7517197406311786,0.8169359127385679,1.235506624642284,2.0216919045443,1.5242053289076176,1.358044623758944,1.8071930493460315,0.8397649517232871
2016-02-23,1.2408592545988881,1.2444462315868041,1.3242124709968996,1.3253418113291444,1.2611107329603448,1.1682762129847215,0.2723897077709081,0.1315646794970582,-0.12361069034357354,2.2217713410663915,2.211662742293394,3.388760027097534,2.8720298277477667,0.8358222924776809,1.2258418336884378,1.8680186925268483,1.5331851285611489,1.3612709582338218,1.7821148612070623,0.7630745843378278
2016-02-24,1.007980208635025,1.23780463466595,1.2949826543292202,1.3289722392514587,1.2632734995701824,1.1363673041646836,0.037208480169312885,0.0862254994835987,-0.1157459844625064,2.2480275023151504,2.2066298724230795,3.387589665692932,2.812558745286994,0.8339877670319593,1.1135919496482565,1.7149574027210623,1.1119386782760865,1.3637518067847927,1.7663372365748218,0.7941028565534624
2016-02-25,1.0859648088012706,1.2470165516425047,1.2872681198868354,1.346114607175402,1.2745447850483629,1.1285398518328664,0.3613764847609824,0.2012044285014741,-0.09747074450175382,1.6673236041904078,2.186922864475193,3.36367957955425,2.835062365352135,0.8362710246787196,1.125894119291169,1.6349456701575869,1.1286524052228237,1.3838958712304203,1.7030232817213735,0.7658762796302462
2016-02-26,1.1061014250717625,1.1089684716266932,1.2884041858943018,1.3325409080869375,1.273986670613794,1.1287513696264875,0.32470852600872346,0.1636480374436089,-0.09438651349794863,1.6631713479878096,2.187823418820502,3.353435939866097,2.8409863780154914,0.984279303143947,1.1596602426977327,1.5888289907218047,1.1428573888043478,1.4976665957639368,1.692676098420498,0.759656742967443
2016-02-29,0.9830393605768591,1.0724246671638284,1.1864948951320944,1.3334128077101304,1.2695037238387445,1.1224030546229715,-0.12171563494948412,0.0025510265429823376,-0.12334977764887031,1.4758407532708315,1.7065780007148033,3.244371637275149,2.73268831517804,0.9683572883549796,1.0532134878296004,1.6586507811418572,1.0606429464096248,1.3032099994950919,1.6013929937084261,0.734897182820626
2016-03-01,1.2312504308409868,1.1781735672484406,1.2972642402159191,1.3827232714350621,1.3032763348017766,1.1194647265327282,0.6010228396288708,0.12189450915607358,-0.06716286359445342,1.7020427384958503,1.891954197514455,3.364449950060391,2.976447119305742,1.0089348222834067,1.07821393426648,1.5938932434610031,1.1358829699652313,1.2407940087487994,1.667013261242129,0.5602866543651335
2016-03-02,1.2314990915216473,1.101538090719724,1.2166910932598045,1.3677369109854212,1.2930438471284262,1.1131471506540465,0.5993540250538665,0.23446797926894192,-0.03633831370459862,1.6162240510165498,1.7639305952687632,3.16469395140791,2.885197674217466,0.9546825324520002,1.1015967032349838,1.497167327350875,1.109808182761563,1.2260000372093567,1.5921451182172701,0.5669188078751174
2016-03-03,1.1832977073049038,1.0714367391698052,1.21429660766936,1.3689641519574414,1.2678701840509545,1.1126465680297493,0.435506246973274,0.22409120960614204,-0.06230979900836857,1.5741875743179692,1.7447431073340502,3.1881809360130826,2.8837701976385066,0.949767843600917,1.080243089976957,1.035222843004727,1.1106796459681538,1.2101584143072623,1.5744866026345625,0.5759963233502914
2016-03-04,1.1300574313423004,1.060662607555357,1.2143897533860344,1.3547044293467543,1.2668028257811077,1.1122970059242723,0.5465966607831496,0.2325159461191606,-0.046790868383198576,1.5930441382775111,1.7495088387912412,3.19341319728252,2.862997787833111,0.9401889097026104,1.0803702485257602,0.9825003821693625,1.1091947616440263,1.2287557190812832,1.5789299332919227,0.5869309821986061
2016-03-07,0.9227186028594484,1.0022093684220923,1.10685215670992,1.2962090242226352,1.264229978607252,1.1116890832700983,0.7194047001636461,0.33175939713833646,-0.03426117395887533,1.471542714916299,1.6063230414485654,2.750965761056304,2.8484508513570166,0.9405309693663076,1.0841864031673263,1.1236472874680745,0.7685820644667831,1.269121732314471,1.5299692514547296,0.6426272203600389
2016-03-08,0.6432057024765012,0.973614725366161,1.0878612866066295,1.2960699885119304,1.2680023923186603,1.110728656392017,0.030912006730285935,0.3444743418200213,-0.039491368101591456,1.4882798431889073,1.5756641196266756,2.512226604391876,2.8418098567015884,0.9453094565592791,1.0144371496758464,1.2243609563025977,0.7425982387258218,1.2684018282676697,1.5076167253914206,0.6112590195333788
2016-03-09,0.650754227372017,0.9742715343565189,1.0853299778917311,1.2976346046673148,1.269305831014544,1.1088472898344466,0.03986822667400913,0.3689031287537148,-0.03555984045361172,1.4871660860983071,1.6335010562851033,2.528203792622104,2.8358383916007788,0.9186305680174757,1.0150065473543215,1.2209630487285106,0.7434739682763909,1.20272206209111,1.5112703842598383,0.6847168573605832
2016-03-10,0.6229236547018927,0.9235981814516298,1.0822891158410617,1.2925784407032321,1.2445330589514036,1.108649289318052,-0.022486343458487656,0.3772275471353287,-0.0019213262346290468,1.467087998988437,1.6823667201319765,2.525763782657151,2.8272094822114946,0.8149302878691181,0.9919248480283036,1.1997938104943813,0.7338207044113048,1.204479950393253,1.1998976440479552,0.6851370082508383
2016-03-11,0.9716281422345562,1.0070198392772929,1.039835431573313,1.244885606655176,1.2603159889070115,1.107706043409316,0.23518925520259026,0.5229528914528342,0.016552873343594707,1.4568186515747668,1.721349989853535,2.4977728168089266,2.60422552534333,0.8052413399620096,0.871460400913381,1.1999406987179582,0.731363316242076,1.1933047857702184,1.1727586039447497,0.5963361046347263
2016-03-14,0.9843084087605483,0.9411735948122121,0.9830182552529468,1.2230696749192578,1.253102086607706,1.106945788648398,0.19359904569910658,0.41346044391713077,-0.0030787992298627314,1.4571480266898726,1.6962262301026092,2.5053370641104737,1.865664445418294,0.7461726267677188,0.8381221344111488,1.137771425815216,0.7347451070197834,1.1636549280251725,1.1718285392805972,0.6252474597187547
2016-03-15,0.7378861088503018,0.6779285519992172,0.9430424962580098,1.1668461293353867,1.2383502847210999,1.1002790753644558,0.3793520464568778,0.32091915014673567,-0.030182295989064824,1.3977315756488171,1.6594048632838485,2.3720042586035963,1.8388660884176906,0.7479470202748716,0.8280734235449595,1.1410363008206068,0.7352036018314048,1.174562908374055,1.1341754358285248,0.6525840435353119
2016-03-16,0.7421377820312576,0.6843163909365964,0.8939938500324756,1.168405624543745,1.2250444150938105,1.1011848644794575,0.3962961146385102,0.2681817116339247,0.0048604016212361245,1.389851681822848,1.590772550214906,2.3917840517960953,1.8366505597899792,0.7628001465904442,0.7779696001375562,1.1230774901199407,0.748001678438194,1.1768413994052807,0.9693138986883085,0.6462547332870637
2016-03-17,0.7242951792973893,0.6953648602398599,0.8827422926629074,1.1450624660449917,1.2048717706276717,1.1017955123688172,0.5071327854804841,0.3203822934390632,0.04512499583354386,1.2899008855397263,1.5856797707009875,1.6015159075764271,1.796773112354889,0.823002233828452,0.8649019659170899,1.163324155624914,0.6934420343381078,0.9410855323314153,0.9875248636065429,0.6377540671774834
2016-03-18,0.38371834329545956,0.6965897682258011,0.8785818233547957,1.1442057970733686,1.201419237565882,1.1021839128640025,0.26298631776336956,0.3423701899394582,0.037926014505413136,1.2822521658749169,1.6614224670057882,1.6909349320322453,1.9059378690603728,0.8355514821015149,0.8674036725024499,1.1632786118044156,0.6959941916243453,0.9590447274940579,0.9938698495669641,0.6488014817338909
2016-03-21,0.33018562995610246,0.695189910968274,0.8397649517232871,1.1061366770391252,1.196081802963193,1.0764374668174124,0.3169825707966778,0.2770676704274866,0.025166674724400217,1.2838419435463557,1.6324114119487783,1.5378501104890827,1.8903387238423828,0.8351150512054946,0.864457766326121,1.175915295918825,0.6936616916274803,0.9607341738781461,0.9733102026056513,0.6502745226103313
2016-03-22,0.2918629126278864,0.529438156554354,0.7630745843378278,1.0718403888353951,1.1854537593278267,1.0765101138729296,0.33883845894081777,0.3375313379392131,0.0036323036315377625,1.114161343648143,1.4810667709616185,1.5430523372001714,1.5970071565900104,0.8262507221600148,0.8757837833510485,1.1267793234239964,0.6702920069924793,0.9291391205950794,0.9655131096674457,0.6489318416649013
2016-03-23,0.49341071311245416,0.6155154247070755,0.7941028565534624,1.064893716679914,1.1883650969885218,1.0660352756706721,0.09111245508818921,0.28165770536364376,-0.004615808163207324,1.122476706138094,1.484659868786215,1.5709203131755092,1.6072538625402466,0.8271012292277462,0.8715498597660817,1.134287945550546,0.6822936002242126,0.9225569625339617,0.9857103906736027,0.6415891999893496
2016-03-24,0.38887450631745496,0.6204298979383593,0.7658762796302462,1.0455278756153537,1.1880148350904904,1.0659251075867828,-0.044625049310791365,0.2188819099211198,-0.0015461377963743657,1.1406341631908694,1.459406849220681,1.5715432476471394,1.5989656041803075,0.8230435898959926,0.8468777819271007,1.1296613941270088,0.625869861704864,0.8883062329368988,0.9878678157048957,0.6409889385273456
2016-03-28,0.3169711445102004,0.38604138641242486,0.759656742967443,1.044555912177686,1.1797435340133393,1.057737155937363,-0.11139833709041147,0.23334347416467444,-0.01834806879132771,1.1568728192113304,1.4420133889650755,1.5554603873595334,1.5919444576860664,0.5739963091538576,0.7714796444271261,1.1252833094499057,0.6081796481825356,0.7067325544401581,0.9979679719950614,0.6446799561600741
2016-03-29,0.5677154101767825,0.46066601695255643,0.734897182820626,0.9872156410886193,1.1823886911826331,1.0488302001130194,0.04522881178121496,0.31880378211016136,0.008882524730653422,1.2243130841424859,1.4835685721449403,1.5493051996739242,1.508827050240848,0.6208896718623117,0.7273451066540881,1.0097848645766385,0.6082041671857972,0.7034606533125621,0.9979597459542052,0.6172357734496476
2016-03-30,0.5885960611992549,0.4498989905601045,0.5602866543651335,0.9876434468211104,1.1761501836514792,1.04884688935641,0.14373358124130098,0.22320902334232065,0.032867025856041315,0.9717373811650927,1.3119917942505657,1.2702273164302762,1.0060199365281834,0.5861128170861719,0.6892877584553052,0.9748624967550269,0.4560088166503764,0.7359856612095071,0.8837703838488175,0.6125598773196868
2016-03-31,0.4621888070004923,0.4563834320430401,0.5669188078751174,0.9371803849108282,1.1616973748091288,1.0467696706268588,0.227174254088105,0.1886127626222034,0.052121146428793313,0.9942096252390169,1.3076535888550045,1.2826532334383702,1.0005402221098048,0.6099891005612039,0.5959690006902927,0.9444901434310381,0.4872171218908813,0.7392907883614067,0.8693002067817658,0.6481184717623187
2016-04-01,0.4694806042617751,0.4620082652400865,0.5759963233502914,0.9381363008771215,1.1644494560382634,1.0454302069553167,0.37227928340106464,0.20307516902806744,0.060656191568969245,0.9981284246052498,1.270406586453361,1.2660782927785685,1.0297212917065817,0.6251896299359321,0.6800528539191487,0.9576091597422627,0.5125746907194242,0.7479721103348944,0.7672771655243348,0.6428938379930096
2016-04-04,0.5565038080587402,0.47784106763346423,0.5869309821986061,0.9419522948905015,1.152638782599528,1.0459493433953506,0.29569869994614084,0.1706189839554223,0.07628226402904928,0.9769649134520758,1.2592383147714965,1.2968314333085318,1.0325316622375766,0.6272934914348043,0.6630020335088725,0.9577386976131145,0.5312838707205874,0.7298552798736261,0.7685812894726382,0.662721405710774
2016-04-05,0.6667668719644613,0.5880855672775861,0.6426272203600389,0.8999472961856323,1.115235912864802,1.0501780585681846,-0.08906387745529765,0.11668663770542542,0.0996214176341531,0.9828582949541168,1.2282372551451604,1.2788849879171413,1.078182829818544,0.6639340355199498,0.654577357442749,0.7778374104171331,0.5331460350732221,0.6692116740213929,0.8268880851298624,0.6526295061865096
2016-04-06,0.8380951711640009,0.6848736464594481,0.6112590195333788,0.8730311476000386,1.111213604220787,1.052905362159828,0.04161238308700854,0.22588411743150125,0.13611935112030846,0.9506769009511336,1.2218977641082605,1.1589057031392715,1.0016874335209984,0.658024427310336,0.676903815082765,0.6844918081044369,0.5189254243709022,0.6776597814968369,0.7614675591997483,0.617291117999519
2016-04-07,1.0099592594984148,0.7665687722933463,0.6847168573605832,0.9030800322493576,1.124457413967464,1.0579026145715353,-0.14917895620533583,0.14135096690236715,0.11452397088333104,1.1195335048101398,1.1744979974592678,1.2081838962697669,1.1457005970637995,0.6696898659237228,0.6954999491084628,0.7303535561425012,0.5121869624630561,0.7373450431314765,0.8181535600876736,0.5532419042188884
2016-04-08,0.9396932679807218,0.7692036573886479,0.6851370082508383,0.9013816280618855,1.1209853437043011,1.0490794973590094,-0.23148441083550741,0.1508256521838125,0.10557205700191309,1.1187242351080677,1.11046678243202,1.196463252959128,1.1461840994896866,0.6799041773412627,0.6673499064586154,0.7615408664026825,0.5139898568533491,0.738395675303953,0.810508013064391,0.5558817194584638
2016-04-11,0.9383485596247486,0.7752718950110191,0.5963361046347263,0.8691090280291744,1.0689170446672844,1.0485861264510545,-0.21366975993762694,0.058404230170368,0.1432276227133228,1.1060301317981729,1.0358104073215813,1.1680330247227497,1.124032112136506,0.7144673532094541,0.6631876332554172,0.761574329709857,0.5051912655047694,0.7683313742711622,0.7788119128517935,0.5524089318020718
2016-04-12,0.9315885575156252,0.7760718132327544,0.6252474597187547,0.8274223618566664,1.0558942513380516,1.0518950518498404,0.17235220887154457,0.11137492849853492,0.13138862391662934,1.127068173678235,1.041920555935796,1.1757442165369605,1.198801735555363,0.7178480978097336,0.6378736087880555,0.8043317220478692,0.517455848417081,0.8949869418254291,0.7957037114474445,0.5822959803323479
2016-04-13,0.9118574242190849,0.8278642132466554,0.6525840435353119,0.8040980195795123,1.0184482273738624,1.0556277345727498,0.15594958270813697,0.17003350149431606,0.1840004657333945,1.090767004051275,1.06353335651618,1.2300035896260544,1.520150842491351,0.7873246659084971,0.6492593402613464,0.8062595493797985,0.5186297154635952,0.8709529517818352,0.9318048592459921,0.5781825045928742
2016-04-14,0.5546593148646962,0.8201858336438835,0.6462547332870637,0.772631768234246,1.0186916483488375,1.0539094894292675,0.3962326570703478,0.14133510251032655,0.18186201938824734,1.0675986305465561,1.0221313222788957,1.1064572038721179,1.526525963676602,0.7885960367731373,0.650665209636404,0.8165241636150996,0.5100487868717773,0.8795524712114137,0.953416104795112,0.5782952209292475
2016-04-15,0.6005213983149471,0.7982922045175553,0.6377540671774834,0.7679669052585344,1.0012482940424767,1.0429863955945051,0.3201808656689198,0.10408767223092141,0.2013779397420566,1.1820560218534972,1.0210476706768203,1.0581927858443354,1.5573648133329037,0.715876224287078,0.5281654673777298,0.7670261387605792,0.4809409458093636,0.8582099913397012,0.913172068299122,0.6079064708739026
2016-04-18,0.5256200128309141,0.8115756180047512,0.6488014817338909,0.7706228578723029,1.0022819460355656,1.0402047822765925,0.5076615605262202,0.11957304086108067,0.20375214240137976,1.2940467179592408,0.9181676258049601,0.9197784518911876,1.432313371137463,0.7107708116594098,0.5368187882143249,0.7929768136749881,0.47909297073174856,0.86279553781279,1.1246816935978112,0.6298452055361718
2016-04-19,0.4708322165961951,0.7047982941970864,0.6502745226103313,0.7451491505047693,0.9726542938092331,1.040254556415662,0.3844888184535544,0.12825149041275408,0.17481629004570787,1.3011901509476447,0.9167821787341096,1.0479940717918395,1.4691767540662337,0.7303506356657175,0.5480800440354282,0.7754444857129872,0.5659130378602029,0.808428877173996,1.1274792635338697,0.652450698642777
2016-04-20,0.3207462252620292,0.6448634032651644,0.6489318416649013,0.7065963645027913,0.9472193041986405,1.0400765699250094,0.20151653276338832,0.1357030199499587,0.20159967912874333,1.2911170567351558,0.9870752421039614,1.0406050579290056,1.4834659727612218,1.3145917929643611,0.7090594214970442,0.7782802755745798,0.5776669595630893,0.8333195813356903,1.0995587647593184,0.6514727298514331
2016-04-21,0.46383892744199445,0.5078342985229195,0.6415891999893496,0.7160803681637807,0.9394437322254005,1.036304609760701,0.09299212673211876,0.14180502042130894,0.16989607508951715,1.3089650366156265,0.984879452908636,0.9960700869340393,1.5028654286875271,1.355653240892393,0.7354921094988024,0.7667189809485244,0.5521164617660236,0.8600974971051983,1.0821596239904163,0.6464460153481194
2016-04-22,0.4542442118009003,0.5134841997146545,0.6409889385273456,0.6981160543750821,0.9251349198127696,1.0362843313461176,0.11510605487603742,0.1440204482776286,0.18803559556674085,1.3066676648164848,1.9103420272218616,1.006850460162031,1.4804439710638737,1.4406337325626766,0.7370284725187743,0.7811782468395376,0.5539431395532106,0.8462290967762962,1.0884126551552116,0.6673755347682643
2016-04-25,0.32000902931016045,0.5077181183212548,0.6446799561600741,0.6973009025877502,0.9252354308688124,1.0356171365919238,-0.05988420225647051,0.1324515745695659,0.17648102872594976,1.3090228407895061,1.9033555331911136,0.9931973628041247,1.4923568542205232,1.438640594228476,0.7480486545358085,0.7869993056962206,0.549637121715241,0.8772493027052808,1.0853893472846314,0.6671668504901833
2016-04-26,0.2768847999637196,0.44271618793702155,0.6172357734496476,0.6794992081808549,0.8763149830304274,1.0301213147123665,-0.09324999429250802,0.09363178889432333,0.13832886584915566,1.1917725241759367,1.8395025707001076,0.9390852648267155,1.4732937785033549,1.389564063825027,0.8985298000650918,0.7867171222702936,0.5560954696797782,0.8791888670939487,1.0837607436954544,0.7338813523622232
2016-04-27,0.29921423047386925,0.32583008682170655,0.6125598773196868,0.5838271047143487,0.8760550369036565,1.0299569478211485,-0.07114297824073468,0.08198388007944979,0.14236247085928133,1.7395218613325345,1.8323976614540265,1.035463713052829,1.4641948237883156,1.3917693102022957,0.9079498784907684,0.8032488180057297,0.5554378617528889,0.8452122553738373,1.0791787980180139,0.7490690186412196
2016-04-28,0.4507198522271797,0.4490590660266071,0.6481184717623187,0.6051759958302222,0.8496106693239772,1.032964155142095,-0.1450890861489218,0.04873918536205224,0.1572733090843992,1.8274295068602662,1.8612463633573748,1.254931226956539,1.463108075723606,1.3910004549918233,0.9048834160649821,0.7602494828751988,0.5255049203758724,0.8563591342380487,1.1299710093237822,0.7179066534174634
2016-04-29,0.4714559276942585,0.47764380627413394,0.6428938379930096,0.612278701949187,0.852287217481125,1.034112286425968,-0.2530561203661641,-0.012313402664178574,0.13828432532334362,1.790570001098076,1.8462091580608757,1.2817800182995156,1.470968996495352,1.3723385815692803,0.8359999635895259,0.722071742698898,0.5105396011152218,1.0648431146274846,1.146495467603532,0.7088203599610848
2016-05-02,0.6696149949597047,0.4947682103064088,0.662721405710774,0.6212344376461388,0.8564918946861402,1.0366456999929705,-0.05963431541234909,0.04361832072994343,0.14891775026817544,1.7477720728693005,1.8996422403469468,1.3006133113309597,1.4672780284298277,1.377270266521197,0.8774235780662714,0.7304732446647695,0.49413227469180054,1.0994307339395146,1.1522250938074396,0.6917459545148538
2016-05-03,0.7415754524354937,0.5352870948883436,0.6526295061865096,0.6401806395937771,0.8242448550159903,1.0361829769690156,-0.2634182512179306,0.05004319545366509,0.166163076765809,1.830796040355129,1.901912997115347,1.3295905612185048,1.5041630162809376,1.3711070222412851,0.8792309885770304,0.7306762173684034,0.4957864445856002,1.1059625073606874,1.0739207984334458,0.6576401560543491
2016-05-04,0.6981369696660901,0.5380277876236015,0.617291117999519,0.6203065192881585,0.8058083224404287,1.0372511137040474,-0.4161459149040825,-0.03245569441832297,0.17930092161106656,1.785114919157121,1.8768383565548938,1.4211509125328632,1.5611961932737626,1.3695993819470795,0.8714455048218834,0.7012978479335573,0.5083939168446777,1.098017649935546,1.077869583777227,0.640222801208631
2016-05-05,0.6533852459117524,0.5314624725383381,0.5532419042188884,0.6171792009771848,0.8059060002282273,1.0366208026386348,-0.23853121451008485,0.026401120785864984,0.1788850721473156,1.7567784047923438,1.873833309670263,1.4139746454021804,1.4329615300799243,1.364978520680504,0.8630573065608044,0.6210755137220842,0.5143440373717793,1.0696722407787858,1.020190610466485,0.6469824261646892
2016-05-06,0.674195633758502,0.5580687975853851,0.5558817194584638,0.61878702742783,0.8054985154256766,1.0290843605925801,-0.05737753881239094,0.031213315341600545,0.18642217155358057,1.7466477887999787,1.895725637851222,1.4265074733408911,1.431240927577696,1.3449687610013088,0.8971372468661246,0.6021010316894908,0.5133584021952141,1.1278284680869506,1.0198025654572065,0.650505130528935
2016-05-09,0.5025109908750803,0.5630015217360121,0.5524089318020718,0.5674042876736399,0.7816521563648227,1.0237238790013057,-0.19982029415918312,0.04708068717455438,0.2094792695992522,1.7392618326896165,1.89622499809557,1.4182150930773387,1.4425689497058647,1.3331377709614207,0.8879416072190535,0.6032781435424572,0.5317642111150358,1.1239040911372324,1.0209065609680479,0.6503887789751019
2016-05-10,0.6613861843755553,0.7103017072189092,0.5822959803323479,0.5968671575338744,0.7554850795553115,1.02063471350632,0.22291220900507946,0.06268319548704882,0.19583952263423815,1.7056450224125494,1.952481062277083,1.4867839163604009,1.4176221309175359,1.3567794329054381,0.8929002199771338,0.6376233925083701,0.543983470315213,1.026631762784724,1.0235895233147971,0.5988429527935015
2016-05-11,0.7831804552317834,0.7598962739565437,0.5781825045928742,0.6173100275516833,0.7434899258106279,1.0243660642955492,0.14738357290321247,-0.03459719686955409,0.1521184849238325,1.6223575761269777,1.9184265209496483,1.3685469621890813,1.0641832436049758,1.333061762246976,0.8916712141910621,0.6594839364295189,0.5548167094183489,1.188571798626798,1.3621955395969467,0.5512502675855009
2016-05-12,0.7808894705451683,0.7100954659662797,0.5782952209292475,0.6117356109681357,0.7177135901325522,1.0141480519534118,0.1571037475137005,-0.03338110660329685,0.12537856918031812,1.6359886694501635,1.938254442080538,1.3946831301251035,1.0201200414863052,1.3431454669526552,0.8924199721769616,0.671005567708798,0.5572886160983146,1.1992700730769907,1.3525415431175323,0.6020545618437083
2016-05-13,0.8870123921163792,0.7429702407228378,0.6079064708739026,0.6213584899480609,0.7259760279234648,1.0172737418380249,-0.09036275980336406,-0.07142259102647042,0.11768245821450472,1.641011997963306,1.9301276564947072,3.7144024713984383,1.0085386594411807,1.3557138821354158,0.9458517889713686,0.7201220886148305,0.5832328577355519,1.3411115019500002,1.3846724793601157,0.594029635107944
2016-05-16,1.0140818396572115,0.7698561642666074,0.6298452055361718,0.6374612341623092,0.7342169504154533,1.0207302530496483,0.09041376934294743,-0.057231260621263824,0.13490399005975834,1.9106870504473004,1.9307764004387338,3.7441396511292604,1.0126248762145242,1.362104311807767,0.9404954099207805,0.7240107964819855,0.5880829300858961,1.3735724372632545,1.214821754193283,0.5579781805044426
2016-05-17,0.8492195108464713,0.7774980411536144,0.652450698642777,0.6551000018650002,0.7263570977853436,1.0242618773512073,-0.34492825663246407,-0.11967107328445581,0.09521602918526159,1.911166207766875,1.9563561403652099,3.699799842979305,0.9275897124275039,1.4055000197465088,0.9635081327047098,0.7247613032353821,0.503076923673935,1.397233195977371,1.1840063022068357,0.5120457912261235
2016-05-18,0.7889679253358115,0.7577308648957186,0.6514727298514331,0.655042991086115,0.7042222814082264,1.0241893585737634,-0.15197341924995778,-0.12296968487289062,0.11675489100542705,1.9437798303929674,1.9581444856919399,3.718050344353594,1.2453067948720273,0.9100353411312457,0.8743945698633516,0.7228102660574592,0.47401663022909024,1.5194361102929466,1.1838753717344697,0.5144094313271417
2016-05-19,0.7852935441843184,0.7655745772508735,0.6464460153481194,0.6487142820939729,0.7052773217309718,1.0246680493724367,-0.22710590203308012,-0.11340561379459657,0.10335237066345203,1.9404356320807066,1.9540569082248669,3.711906114359235,1.2460931043907053,0.8331014298257986,0.859774556889585,0.7357964347486273,0.49601973466545407,2.690713886135313,1.1867532486934143,0.5155818871560517
2016-05-20,0.7644251456754139,0.7854012413795141,0.6673755347682643,0.6559180251923218,0.6937227781481615,1.026266611403805,0.0735260332347587,-0.0818175964367901,0.09369492058731943,1.9736037453460868,1.1611378596690043,3.7022757953969734,1.2393641473403356,0.7204562967839772,0.8590163719895202,0.7339695719566832,0.5089341941956468,2.6967222485426676,1.218807052553401,0.5162733619016456
2016-05-23,0.5691635504041626,0.7856317710180544,0.6671668504901833,0.6564310788832545,0.6930852869932882,1.0256382496352383,-0.1510144959217219,-0.08001383403757667,0.0952604048988879,2.01131376218081,1.1731029588262782,3.7056951530211455,1.2327173603086,0.7133895021338678,0.8492964446892854,0.7320785572646337,0.516312411855438,2.6911953484367874,1.2004263525598187,0.5153730149861973
2016-05-24,0.6678370504518295,0.7952766866336545,0.7338813523622232,0.6719059900997904,0.7003437643689342,1.0287862239009982,0.2949044279009061,-0.02263246773610228,0.12993436775612746,2.0537234262077115,1.3509514764351183,3.7103500595605996,1.2863467091388263,0.7420206251316583,0.7012562511939249,0.7312260109100329,0.5132349609153409,2.699005488643817,1.2011022747644744,0.4349195029622825
2016-05-25,0.6663783942163475,0.7525876681605495,0.7490690186412196,0.6766422680163748,0.6412481476689377,1.0262646521371865,0.4246968776989246,0.000990279112024206,0.1020610608445982,1.54144662661831,1.3446762012443592,3.7170473616219533,1.326888649588193,0.7374784417587045,0.7078014403014036,0.7175733527673258,0.5266000034956821,2.6993865583079435,1.200557410674021,0.501052295861003
2016-05-26,0.5722935907836523,0.7525946937743421,0.7179066534174634,0.6750785633018439,0.6396856477844465,1.0179330832271538,0.49974080519402,0.04780185904113887,0.09505126900846482,1.3507961758435707,1.2512696405809307,3.595088457501152,1.3252024276222358,0.754857048440329,0.7117176807863332,0.718685125770465,0.5319713927793871,2.6924470346262996,1.1809473199060763,0.9588707753637097
2016-05-27,0.567753555235224,0.6665801872329701,0.7088203599610848,0.6701891343787518,0.6400030976375171,1.0031785203523456,0.45937714587350964,0.09629072012312834,0.09568416216233905,1.3095122013501626,1.2558968315260648,3.526491636908047,1.3174031587967145,0.7512730398551387,0.7079074709723023,0.7161160618066642,0.5232916480122128,2.5896324735492113,1.1831192232405372,1.0188661604062195
2016-05-31,0.5822459728469249,0.6281013387192906,0.6917459545148538,0.6686505240133479,0.6403285923656009,1.0017276460902569,0.44857587934730825,0.047038714652337665,0.08709200644590114,1.3197097245087483,1.2472708436500406,3.527786330958816,1.3083277319622355,0.7501628390584728,0.6791629629015281,0.7470797169282496,0.5159924746219489,2.584666196672381,1.1648056423113609,1.1157405040566821
2016-06-01,0.3386352914406877,0.5003499129102931,0.6576401560543491,0.6471964077675579,0.6405081825156568,0.9998330557886578,0.23031473249133017,0.10080077819121291,0.08917687045010111,1.339386052878783,1.1723795513836957,3.4873978996843267,1.2195169982705485,0.7495146688472742,0.7091716865719832,0.6940571870114773,0.5156650841415376,2.575468003371108,1.167380949430694,1.1872891089488455
2016-06-02,0.24265935769707156,0.4936153770584066,0.640222801208631,0.6271380131182646,0.6219698603705995,0.9973850850528813,0.1555275246207155,0.1439086389932237,0.11244568733546734,1.3267320423106395,1.1950542792115029,3.38197938788512,1.1411616386231442,0.7457820990795281,0.6974629269219188,0.7203975547782171,0.599665795585312,2.5764094236701633,1.1714676267676163,1.227128046326482
2016-06-03,0.3179409755098512,0.4869445039688185,0.6469824261646892,0.5964814384274378,0.6221468732310318,0.997640552167653,0.09005366716397178,0.12994807945965303,0.09923338904929506,1.3185029251706668,1.248205263090109,3.44193708707145,1.2222223381807338,0.763022326186194,0.7038367312810007,0.7226272482235917,0.5908435469329234,2.577506132555223,1.1230699537075641,1.2259007163608888
2016-06-06,0.34020283315696126,0.47898207956316186,0.650505130528935,0.599640316668007,0.6243814997227021,0.9819207323561563,0.10583154813380569,0.1370929918596775,0.10637731979503018,1.308125450720496,1.2424099483561242,3.4702851301240143,1.230875242380782,0.7699829114688905,0.6719202961887454,0.7523384837209298,0.611333899140105,2.5615850169222596,1.107033302097186,1.231115137479982
2016-06-07,0.2974220138976196,0.45908597581128824,0.6503887789751019,0.5974913816417574,0.5922720446363953,0.9810841495947955,0.17511034975361106,0.1407713756305362,0.08208543099181952,1.3069905680766238,1.2283118823155694,3.4632021367331602,1.2208238962752092,0.7692871514454901,0.6845199320390599,0.818430995372332,0.5899621450969603,2.5560104612449623,1.1068201822999086,1.2387483966522121
2016-06-08,0.30527679011849634,0.3043888822899377,0.5988429527935015,0.5832343233580072,0.5924416144136265,0.9770984309595866,0.19931661526617628,0.09490187975648712,0.08965333458069026,1.3076281875327285,1.1663475766489089,3.4830313059770543,1.19588260717083,0.7336309449861477,0.6833444436624501,0.7450729285273623,0.5658002848969301,2.5539687226591687,1.046603776728069,1.2361689031979253
2016-06-09,0.3300231575290694,0.2740885275368326,0.5512502675855009,0.5641508850990303,0.5922599807412058,0.9684376784116339,0.11114151415740237,0.13484812430677118,0.09009480964384438,1.2755122401863137,1.1854445757603407,3.4848676561098357,1.2100371540143922,0.7261843596988731,0.6893629426895967,0.7350068518000028,0.5973543579175078,2.4591544880556397,0.6041926470284029,1.281681296041589
2016-06-10,0.5711396894892246,0.4395330917599885,0.6020545618437083,0.5858049768283712,0.6035937214955767,0.962078216345867,-0.018677218046858624,0.08600283806951325,0.06465227799218098,1.1427869929832626,1.1725151413694446,3.5412212082897074,1.2637209457654586,0.7118141650050338,0.6868018354109721,0.7299485063051527,0.5949128404085554,2.458997611880226,0.6026297479723034,1.2613702112598737
2016-06-13,0.5623842332914004,0.4818972756818531,0.594029635107944,0.5989277860062239,0.6083638253782078,0.9504001152142247,-0.27467804944039553,0.09101416945041962,0.04122641688495687,1.223848135384284,1.3013939495231568,1.402322907688475,1.26237308052302,0.7193445661201181,0.6238781345970602,0.6913249691867145,0.5750168458355638,2.3609200050366788,0.5666178479510039,1.250570992344664
2016-06-14,0.5149417432243347,0.4820587941203469,0.5579781805044426,0.589049956858772,0.6073473274327964,0.94791117802349,-0.34524595734202856,0.03185644395929221,0.03139940806636968,0.9379042102969531,1.2561226043568126,1.299636327101465,1.3341738883112226,0.7071916756563218,0.647230073086,0.6589855096020213,0.5583926320496626,2.343805211248808,0.6089173364546928,1.2482852198261642
2016-06-15,0.39025340928143715,0.47121902636641966,0.5120457912261235,0.5869399306399429,0.6075657974054345,0.9446229799921367,-0.43832270884239577,0.07155326670400419,0.026711227944100812,0.9351434854009651,1.1908043313407308,1.301129607420927,1.3350572463718227,0.5518478936478086,0.5834968953735628,0.6633324549835591,0.5633383685851269,2.306724233086052,0.6043038154964371,1.2481604298618756
2016-06-16,0.5057580289834539,0.47063755416928393,0.5144094313271417,0.5888756298731834,0.608476335501755,0.9383618933247825,-0.3513177783228172,0.08501203453855632,0.032581789871874794,0.9101833714556881,1.2282448314850554,1.2163963664015163,0.9937453053796935,0.5434583879099055,0.5288979749022973,0.7072963389877074,0.5569627258618309,2.159757650328056,0.5705343415145251,1.2506795708034877
2016-06-17,0.38780827141378243,0.47430831661124817,0.5155818871560517,0.5857103825799103,0.6040469162283838,0.9388928955892129,-0.23623843859149618,0.08371970392990924,0.03737303685220719,1.0563152323717593,1.2143787313782162,1.314988699543362,0.9730569556587851,0.6059694364030487,0.5405625913259144,0.698902133336688,0.5880037890029862,0.49728485232840053,0.5723829092808786,1.2431727134565647
2016-06-20,0.41524142828992405,0.49589084150057994,0.5162733619016456,0.5949077306759954,0.6089851889216702,0.940357824741072,0.046795844781404305,0.08433162233708102,0.04884482472597317,1.0303346144567536,1.2060294348995992,1.315808719540467,0.9724461698659334,0.5688048778794532,0.5370743374452134,0.6961949677419421,0.6073082487294349,0.45841963118936024,0.49399269014127817,1.2416490708953893
2016-06-21,0.4001401925394439,0.5051772615019735,0.5153730149861973,0.5958670620419215,0.6097402485623029,0.9357604762634907,0.1429047978334652,0.10533626739808899,0.05259133597669274,1.0070945702661898,1.2778699946230252,1.3335334837801778,0.9986438963087827,0.5695136157893965,0.5401576456690197,0.6986262586889119,0.6017757664632288,0.44423625580127796,0.5046342962009281,1.242448939992243
2016-06-22,0.4044450449211976,0.48239184279194636,0.4349195029622825,0.5960822584855026,0.5994478267091101,0.9335262554274539,0.13815727820364332,0.0323664792796885,0.03445526681263651,0.9409831983277571,1.068654605904921,1.2416528356126617,0.9128225172377955,0.5662560257906957,0.5095425224109322,0.7076131339810401,0.5980256110463178,0.39359346544175206,0.4978758692870742,1.2467692550416456
2016-06-23,0.6675164320613347,0.6663787414333184,0.501052295861003,0.6298179922211192,0.6193553365600791,0.9360050456090123,0.33891932861820573,0.0635676472683766,0.04884726881995019,0.8497910287746334,1.1227467233005408,1.3468145951341661,0.979954929281386,0.5727460021063542,0.516996493168394,0.709056707793748,0.6072412134524259,0.39949138710536974,0.4937054466102797,1.221405498801096
2016-06-24,1.9136616337638015,1.3022088734128894,0.9588707753637097,0.840247157006054,0.7768771874457945,0.9844862384756932,-0.304786623954616,-0.11741215335724975,-0.006957036318019553,1.0017312068321882,1.434070839758378,1.896036236694868,1.8163975090829279,0.8108883924800753,0.7540440027020557,0.9270769262527836,0.7032943663873826,0.39290390432615707,0.8863542905351607,0.8561591105008803
2016-06-27,1.9216563896188374,1.3831825282320915,1.0188661604062195,0.8817869207175515,0.8048145822778892,0.9981987943669846,-0.7917720447860499,-0.22845567532780886,-0.04815945262295304,1.0282805638050958,1.5255575008191564,1.9071491878731108,1.910670877358342,0.8113071279386836,0.8075426225350429,0.93363117779693,0.7192861971158442,0.4222578623210407,0.9092101398826851,0.7020515926915809
2016-06-28,2.229800083105991,1.5464312166930207,1.1157405040566821,0.9206110962881555,0.8386169198481055,1.0046821690338146,-0.48782913480182477,-0.12876498613919427,-0.012702650252304408,1.1309548187208678,1.5800924964484093,1.891549655166195,2.1032642379029602,0.8360587938109657,0.8672828566939851,1.0388179226572762,0.7642506005258359,0.4223453069918231,0.9998582685073818,0.6294061453048084
2016-06-29,2.4436039404846843,1.6565991858054623,1.1872891089488455,0.9505736744498585,0.8570942504471234,0.9909642756968707,-0.11465388646083596,-0.053875675458353034,0.03232276606217498,1.1301837220902442,1.6807457363405567,1.9292275741117964,2.2156979213683416,0.845253739058255,0.927409206201124,1.0983666150900877,0.7782261434624399,0.49574411825619424,1.0213845668724193,0.539509005838809
2016-06-30,2.4527772886595063,1.710530446093355,1.227128046326482,0.9688537791880703,0.8635019422022471,0.9921583189132619,-0.10219344778614303,-0.0008625958333380312,0.036863449580520895,1.1684827082225187,1.7070190569965855,1.9308541563243293,2.252522733149304,0.9553843179293617,0.9434244570045539,1.1042812421738033,0.7899327039144148,0.5037327544514854,1.0414112937146134,0.4701909555450825
2016-07-01,1.5083983790457387,1.7018563517687195,1.2259007163608888,0.968980386560887,0.8484076931082369,0.9922218014450501,0.6579946190513719,0.024573084614600282,0.06030742828670609,1.1700520139631865,1.683410252066807,1.9115260506230451,2.2265276930853264,0.9524421495909486,0.9370095296300772,1.0996666314606371,0.7927310297345959,0.5099154722684959,1.0428850139077694,0.4737653127749114
2016-07-05,1.09214278959668,1.7148101292040376,1.231115137479982,0.975859003892428,0.853860498856571,0.9927038509380077,0.8723201885307464,-0.0368335152285737,0.04382426399090144,1.1675880233603622,1.6753950522377288,1.932996583702955,2.279581380620618,0.9507773350889485,0.9467072124526272,1.1132984943325321,0.7900182212351543,0.5142544224221834,1.0455967862572642,0.46631179251939103
2016-07-06,0.9602454165514939,1.722688750194677,1.2387483966522121,0.9797190148968258,0.8560402123165545,0.9652238797669083,0.631561786711321,-0.014652126899766804,0.05773331196844125,1.1724740985692834,1.6789785291406476,1.936118829302831,2.303189997523283,0.9544449116331428,0.9443133318491195,1.092373651131481,0.786622782398862,0.5410748612068178,1.0585094356107514,0.4563438361618646
2016-07-07,0.7744569614346025,1.721452177695773,1.2361689031979253,0.9609569693311786,0.8484309723833953,0.9548384518142893,0.27861100572990294,-0.03405207784242137,0.041177665800371514,1.18013162875116,1.6789624326773736,2.007002283878731,2.3095659832813435,0.9524207431267565,0.946705281875899,1.1357910159413713,0.7900884911581977,0.5550873834487514,1.065932770774328,0.4536892367102031
2016-07-08,0.8188187987892135,1.7371047832901048,1.281681296041589,0.9748354938316989,0.8598770755831556,0.9409737450111273,0.30350330650518176,0.04722785225360682,0.04915959323027463,1.1822749714631497,1.7173769023099899,2.1142644398957096,2.365874476397947,0.9579877227137967,0.9657396702354554,1.1393822752232485,0.7700867786585304,0.5487499764141878,1.0950085277059074,0.3669399805810183
2016-07-11,0.8172296680561131,1.1565341133556297,1.2613702112598737,0.9756504160404923,0.860745149099671,0.9412195672422483,0.33203732297597766,0.11225171987030935,0.05495781711217525,1.1751808740424676,1.7184242306614799,2.04289915298046,2.3547735925554063,0.9558625615650314,0.966226229724309,1.1190729228521794,0.7692685497187318,0.5484661664033077,1.0853737443621279,0.3652944315739443
2016-07-12,0.5708885079391064,0.8321620930909884,1.250570992344664,0.967571146706204,0.8647894877634855,0.9339427460002837,0.6211744164075972,0.18712960123342448,0.06890705988579122,1.1314792191199698,1.607423492885318,2.0471991224942365,2.370693276376453,0.9177244358492256,0.9431403212107922,1.1332693762462964,0.7649193629435905,0.5713055574655077,1.0853321289249884,0.3351122356426922
2016-07-13,0.638607059015098,0.7720016409667135,1.2482852198261642,0.9579874140653065,0.860827946509585,0.9332172975581658,0.4984184660836366,0.1962639789566495,0.056963054098225954,1.138295353142404,1.5931636181812372,2.0504172919563035,2.3267826449578646,0.9182992615074839,0.9264166858437756,1.131503750022056,0.7661092821584282,0.5675344560081658,1.0785060956346981,0.34237074497873965
2016-07-14,0.5576231609353793,0.6615264932980593,1.2481604298618756,0.9451161014232836,0.8626336209344113,0.917202262593268,0.6224987857469966,0.23115329580492672,0.06101182974149169,1.2201031944578005,1.5858101354534715,2.050439726982557,2.345046743629607,0.9187096334546035,0.9155292862354668,1.1251079634063956,0.7399826525683914,0.5676409435597455,1.0769540581610493,0.3357852569654415
2016-07-15,0.36689224628991,0.5981802754243268,1.2506795708034877,0.9460108949996487,0.8629878451950638,0.9051766544381832,0.2978395760229491,0.20951719084004838,0.05718651350190469,1.2177655662859872,1.5709921942472311,2.088494254587352,2.3449082979189035,0.9091239713155953,0.9112095464507194,1.1045386609975063,0.7461007753826149,0.5694443499483571,1.0790131553711682,0.33451882377649605
2016-07-18,0.36567485553110884,0.5974786548451436,1.2431727134565647,0.9427720291169117,0.8598381330530432,0.8981133567208395,0.2810590307925587,0.24157608721632307,0.0706300591172119,1.102721488264973,1.5585048063479658,2.018211484149545,2.3481893976995316,0.8654340601799267,0.9058941365022468,1.0972676988931076,0.686104327249806,0.5481445768415716,1.073763983305235,0.3351892244459251
2016-07-19,0.2940659781636743,0.5043088269989378,1.2416490708953893,0.9405438843468203,0.8600797964938989,0.8914469589925795,0.11545014969293721,0.2042931774613077,0.06893573445386621,1.0980947088540651,1.618304877079143,2.002457515444798,2.3495189195255466,0.862169574239591,0.9037786687717662,1.1038863879164629,0.7430479020253207,0.5570676896863372,1.0811065766689527,0.357862848199363
2016-07-20,0.3092914798528759,0.49825266714470606,1.242448939992243,0.9403757694258108,0.860638511767931,0.8911109036743016,0.20151396863212767,0.2109162716563151,0.07874623500560914,1.0893268688713464,1.9278578196538574,1.9868377529356205,2.342959146209057,0.8630823596458246,0.9058820424332494,1.1146387305018681,0.7341052027335417,0.551706863012805,1.1060380493856667,0.34880203032441925
2016-07-21,0.32234250120951025,0.5358485749737814,1.2467692550416456,0.9255603115487697,0.862595042869495,0.8665010617480512,0.01428495922786377,0.20018521606098183,0.06997307586818935,1.0942670018239968,1.9238385486787903,2.0612212805533345,2.3428901297024587,0.8509882751517842,0.9072370553391783,1.1090627531566022,0.7381760142576698,0.5606933892062602,1.1071646663112327,0.33756045079353897
2016-07-22,0.35854406191935556,0.35314139410420775,1.221405498801096,0.9226916822455445,0.8638111596138421,0.8669710379956835,0.13083713392389784,0.1574966421664714,0.07401818951562407,1.1117008536622253,1.910630636510649,2.06397749238837,2.298254590090374,0.8634212194255731,0.9004517602704413,1.1018011027698145,0.7377877431609005,0.554270801218654,1.107821162249809,0.3275904457549436
2016-07-25,0.38689645069425366,0.38011951976095953,0.8561591105008803,0.9245942622170481,0.8554231713511263,0.8497157346316758,0.02276478802305082,0.32346394021073976,0.08461788196487628,0.9421907966163054,1.5996669148502254,1.4474180899779392,1.6071053442786376,0.6257261330151074,0.6930744216372199,1.0177461427345726,0.6137783601829507,0.5509905565297393,0.7951976030106297,0.31998966258854245
2016-07-26,0.3806084534096337,0.32237154216764197,0.7020515926915809,0.9231049064926788,0.8515090574277312,0.8485975824468333,0.05233018925264066,0.41531873597098035,0.09438459358876661,0.8845645551080819,1.38651602307755,1.3695725971650543,1.3457343630539271,0.7248037829507747,0.6324757487111042,1.0233770668607527,0.6072482555729654,0.5226007539480482,0.7390244137975271,0.32192954287780357
2016-07-27,0.32305659125219627,0.3267654398346397,0.6294061453048084,0.9225377658808901,0.8468791762686222,0.8488315715130621,-0.052158064819447514,0.31983403915190944,0.07936925588835093,1.6330961457187758,1.4083573973196537,1.4481229401028557,1.1827223082765956,1.0311152379685102,0.6201209535173762,0.9033147040049807,0.5675059206143583,0.5457182912862536,0.6423573363321797,0.34435575250458916
2016-07-28,0.26966241196221896,0.2806904129935012,0.539509005838809,0.9223742051158107,0.8376547583930509,0.8282318478579973,0.04649646942541885,0.24047280503254553,0.09579930258846847,1.6425376533599279,1.3639921102914732,1.4508297732389337,1.051289803928287,1.0306824126672636,0.4988339801891623,0.824525111329756,0.5565424220658665,0.46822289350838353,0.6130943170169341,0.34444784072434087
2016-07-29,0.17745681820688192,0.27697138284762246,0.4701909555450825,0.9218123733320892,0.8332776515033269,0.8169962974926301,-0.010922177002403721,0.18031445986240624,0.10778683434076397,1.638329418232938,1.3558887482153614,1.4582763155806706,1.0127951630074983,0.9066861414252436,0.5000422283898062,0.790378726005148,0.454627968468044,0.44508191232845207,0.5772172269178761,0.34586957780738753
2016-08-01,0.11838968019619986,0.26974495217049865,0.4737653127749114,0.9201103830954399,0.8334818949419792,0.8171615385719224,0.026821054587229387,0.16567054909470413,0.10673057105631913,1.6641138417819692,1.3596269469856153,1.4524116620220862,0.9996553793792503,0.9059414831342042,0.5361269597380744,1.0620374387833853,0.4529517569254684,0.5038407059288449,0.5790648745677631,0.3617777713380589
2016-08-02,0.3189806638594875,0.34201764558210873,0.46631179251939103,0.9247989035948717,0.8382944434595375,0.8200305105924087,-0.1105670717596996,0.16959692089836884,0.08995213250982423,1.693219513225721,1.360010023263748,1.5278413784038976,0.7203994756810718,0.8872577540841209,0.5187775552741329,1.1302573416647295,0.4459229450814012,0.5373297909996163,0.585010687190053,0.32930463380176317
2016-08-03,0.3665842495237339,0.32593960951854206,0.4563438361618646,0.9253881292691404,0.8387003406906288,0.8093643430898741,-0.03088489978532838,0.1542223675277471,0.0934472054195055,1.7018013896296218,1.3603385446376592,1.5327731483070417,0.7562648123718638,0.8924349361589622,0.5526790468455143,1.0950592589985653,0.48303928825974823,0.4930672820726736,0.6156033451366523,0.3328495666302014
2016-08-04,0.36569695306226885,0.30577602787945074,0.4536892367102031,0.9244803673959067,0.8250118498479817,0.7900348232497288,-0.032705806840791496,0.16264360188987192,0.07449780126797924,1.701765042005378,1.355305172517902,1.496041500331129,0.7615416790923816,0.8914296273353659,0.5471908635354723,1.0790091510806452,0.4820498667325905,0.5012382268361776,0.6179337864570705,0.33236933496767446
2016-08-05,0.5325803946096713,0.37866867278474725,0.3669399805810183,0.9314544859382516,0.8196673548407986,0.7795902325083977,0.09858303298185156,0.1290843914815737,0.10372012268065056,1.7154556723465806,1.328767927505123,1.3126993874248347,0.8460261784478531,0.8710510458430203,0.501404755298267,1.06149507199514,0.482801245834977,0.5126422609514372,0.5643282296958073,0.2941083702671385
2016-08-08,0.5306922857374422,0.3647227789837894,0.3652944315739443,0.9165926949915146,0.8198840417126959,0.7673379385936091,0.10324794910522295,0.10847320562701546,0.10224258785561267,1.715211014652219,1.331039280574842,1.25842722937539,0.853726023170014,0.8590488171793734,0.5014045418496501,1.1035979210344458,0.4972319131090851,0.5223206305050244,0.5499429131345476,0.30098991405615577
2016-08-09,0.3452428432592166,0.3646703040576715,0.3351122356426922,0.9054502004644502,0.8098940553024165,0.7658422344442952,0.24332259296750758,0.07513396503834646,0.11775924524073017,1.7154534850679228,1.3225070252099176,1.243199496747701,0.8170028285071212,0.8598596807330137,0.5038370534266401,1.0577932409910142,0.4993680035352596,0.4677620280819318,0.6031285888329958,0.3009408321018143
2016-08-10,0.40528066748552194,0.3747055014721868,0.34237074497873965,0.9059577245196212,0.8030992329453318,0.766423517923777,0.13535852385139213,0.06345738196968598,0.09719260162854254,1.7223124852061733,1.3331769680775452,1.2655807114390885,0.8521258433206513,0.8588515776235198,0.5083593641184061,1.1016175222218123,0.49955540881534705,0.5341394931310468,0.6788062671341607,0.30007315502379484
2016-08-11,0.42972435040824225,0.39680951639775597,0.3357852569654415,0.9063835591843507,0.7929046344402126,0.7572640098798713,0.20690305399964748,0.05874466895303465,0.12048374382065517,1.6956039882723086,1.3332630362164783,1.3062394077493702,0.7915345547997819,0.8674964464420812,0.5164343860397849,1.1101291196941165,0.5038259260970407,0.5371104071693724,0.6773433573672466,0.6040396116486121
2016-08-12,0.26830451562663893,0.39940360490175236,0.33451882377649605,0.9067579693687333,0.7932731071866284,0.7469127477646578,0.025940353615854228,0.06110958587979998,0.11854627041946823,1.6927557924163337,1.3492173137668735,1.6584319121980797,0.7947776992627489,0.8882170817235419,0.5196990163771413,1.1681342653805067,0.5134801592996135,0.5370224494258227,0.7030825891263013,0.6973801998099125
2016-08-15,0.28518085761182044,0.4016629850990706,0.3351892244459251,0.9032834385128531,0.7911957057552997,0.746425271610669,0.09553594209058991,0.062092433451523266,0.12912940819925187,1.6954832229068255,1.3491319153382415,1.6715936532310454,0.7960338947608834,0.8994816868633732,0.5185667256209306,1.1700873155116187,0.5391576252070498,0.5653352782243256,0.7002481093782745,0.7579308286210508
2016-08-16,0.39734516517940416,0.37727821175053006,0.357862848199363,0.9056913404730618,0.7927082108922124,0.7417705226118627,-0.019543484800219613,0.041385556415057256,0.11000345207114866,1.697624723065175,1.2861352170210074,1.7038124472049383,0.7939024329006005,0.9150411383293892,0.5340256376496819,1.1745301779036434,0.4832057206721071,0.5781551279424527,0.6895579794834416,0.752735192269045
2016-08-17,0.3823400870248535,0.37315887955607935,0.34880203032441925,0.9053813125994089,0.7921063862623072,0.7411798692256302,0.06758685369578243,0.029975603235599668,0.11540938076333458,1.7014190881823812,0.5794632004369105,1.8343641679887965,0.7943575510016978,0.9288970986239511,0.536188199699599,1.1784830074717365,0.5336241363521924,0.5766525873996676,0.6366265237217281,0.7904886252414277
2016-08-18,0.3318904396832901,0.37519198939205656,0.33756045079353897,0.9043415762805188,0.7769661467362419,0.7367130062905005,0.019644799187845674,0.06008462894303013,0.09754544142790014,1.6911422488364296,0.5734256145599588,1.7497068110465752,0.7847857440487818,0.93055565682451,0.5439898785691565,1.207271763963332,0.5371676281938236,0.7094395907374912,0.6367944388417274,0.7903909304291142
2016-08-19,0.3376658651853749,0.2876817613466587,0.3275904457549436,0.8849955652041439,0.7738059947242931,0.7076919540349048,0.0077748496535923195,0.030344014812223596,0.0838027680823572,1.665622339083658,0.5010402405600115,1.6923230714487545,0.7826543355398043,0.9025836810161172,0.5383048567446408,1.224643765883364,0.5383720394958557,0.8503622370819325,0.6361192067934143,0.7907306828176341
2016-08-22,0.30012493291612397,0.28658202195359217,0.31998966258854245,0.6534981892682489,0.7738579950038279,0.7069841271342864,-0.050821032650751885,0.04369597828307259,0.08324925504552086,1.6365209266882754,0.4996897434008295,1.6696931992585955,0.7788287121943431,0.899971248249883,0.5558770236878943,1.1665236129047687,0.5488466207594874,0.84816521892372,0.6424392117335984,0.7907864665537243
2016-08-23,0.16189381707288691,0.29208482236410616,0.32192954287780357,0.5696993237511463,0.7726841708014058,0.706512078547353,0.0926184301401567,0.051457616636936265,0.07944022576003591,1.6106582575392636,0.5029476076980139,1.6501518835409685,0.7775979260549299,0.8495406416281436,0.545614584351427,1.160012336364835,0.5510087321163059,0.8754357462647817,0.6252729465633782,0.834432850595529
2016-08-24,0.30116257357232934,0.3300735146264067,0.34435575250458916,0.5216615366610086,0.7756922185143816,0.7082734575836331,-0.04731375387951431,0.03118668097058297,0.07408524466109938,0.865290247997301,0.42656695273776907,1.680584018017059,0.7771739498057957,0.39981428670258207,0.48758479132238025,1.158638977935804,0.5583387439515091,0.8733785347267461,0.6209994767526137,0.839794117665716
2016-08-25,0.2608798246297892,0.28911434447692896,0.34444784072434087,0.4602677991515818,0.7757148037257082,0.7084048632216973,-0.105966904459176,0.021968785471881414,0.06952197168202462,0.8395208138166381,0.4271016026827929,1.700451182952464,0.7687820448917929,0.39260396722147356,0.4979499940871156,1.154688166162133,0.5586771351885014,0.9249937141384302,0.6165665155152846,0.8490386157692639
2016-08-26,0.2631706566153063,0.2925764194556174,0.34586957780738753,0.4170277636047267,0.7757944251971832,0.7006116713785319,-0.1143734650041961,0.004481192811775503,0.0613110189469479,0.8546055643744678,0.4107064783475636,1.6809098484336942,0.7642686258350824,0.43195732214110155,0.4800279662305042,1.1153859488050755,0.5433780592321883,0.9228735574020134,0.6209680729426741,0.867079228252786
2016-08-29,0.38202237498735253,0.324427010167582,0.3617777713380589,0.42143711167268333,0.7762944321985212,0.7006038463125388,-0.01497869488690906,0.03324604091453798,0.07449655820794747,0.7676630646154421,0.403603669404746,1.666021396225772,0.7836553970111969,0.43857188257714613,0.4683009263273613,0.7790543803286673,0.5796370434721103,0.8862432070585035,0.6188393998185583,0.8717053628287625
2016-08-30,0.3648890509235991,0.28268090044403293,0.32930463380176317,0.4025100911075252,0.7747762894555318,0.7009804254164019,-0.08822615874347406,0.05704284489099265,0.06326875018692926,0.7061810121662918,0.41914803425149505,1.638021068295943,0.7852557637597668,0.4632141961043798,0.5099078594381232,0.7319373848121767,0.5783711870691078,0.8682744984161398,0.6065517711498757,0.8790488088479885
2016-08-31,0.3088523007636248,0.28759645678999723,0.3328495666302014,0.39937542229916234,0.77596764139816,0.6874770262615121,-0.04279977591450157,0.028207961938289672,0.05592606752208998,0.6521082234621332,0.4431601605209579,1.651920271607936,0.7259852831028488,0.4710687788117949,0.4645065802337055,0.7324425218026203,0.5623673568422205,0.8693111654444752,0.5494093629787783,0.9002118534287316
2016-09-01,0.3090478722077717,0.27272827475413436,0.33236933496767446,0.3988587335650034,0.7751809290886024,0.6872640146487821,-0.028118524146636403,0.023115606145420187,0.050569043397623574,0.6510335040755908,0.4169187093939333,1.7178357829810955,0.7359428359994996,0.4682565623871683,0.5222689564368183,0.7370789701834299,0.5618079097441753,0.9744370382953653,0.509994177943767,0.9173379184435464
2016-09-02,0.35500029301284514,0.31547548285657717,0.2941083702671385,0.33421560505381226,0.7764860821213103,0.6877986763124617,0.09971718157538945,0.004764729960159975,0.06035899123178015,0.591651568277919,0.3541498568695932,1.7253123987604484,0.45131329868453013,0.4957317108224897,0.5154545763244387,0.7516291163560239,0.5576668686301752,0.9684812424547135,0.48183733593497635,0.9126287022085444
2016-09-06,0.3097087961797911,0.330342480516466,0.30098991405615577,0.3332039032646299,0.7656718433797676,0.6865597745788274,0.061683828461833734,0.022855010753690674,0.08119331208367182,0.5597102728621886,0.35272710318074463,1.725521092846691,0.44372189160889025,0.4986686851309897,0.5199292689980924,0.7632824079519818,0.5646374224878988,0.9736936443738077,0.4992287120075793,0.9151061378304296
2016-09-07,0.28833111337514095,0.3243896871790708,0.3009408321018143,0.31563896920400153,0.7575709197462365,0.68464803415375,0.0928181680242246,0.019416738655171906,0.09389343497564763,0.5699815064145527,0.3486710482451154,1.77472478289832,0.4475483074852761,0.505906683241715,0.5602683975666016,0.7686023304681547,0.5645036859654422,1.0136884675303799,0.4322882539218262,0.9222602243585846
2016-09-08,0.27052643768518225,0.2844487399841397,0.30007315502379484,0.31851134420362825,0.7577874940673144,0.6845156785816229,0.10403698026405506,0.020377576041455403,0.09336631232259694,0.8025956903450228,0.3532029602077987,1.76290008284193,0.3815784656845716,0.5009443790188718,0.5608389315296103,0.6704832149529079,0.5642953464582585,0.9667075648916692,0.31711168199949885,0.9216087050153733
2016-09-09,1.1587042237837273,0.8201780589025159,0.6040396116486121,0.4910272081382497,0.8226235880040109,0.7202373694093179,-0.37556876382091486,-0.1225023483097204,0.05579853881608032,0.9354188503593546,0.571627920144664,2.0828248840173518,0.4452744569835698,0.8526777426440773,0.6863813060740185,0.8895748377815615,0.5884630350477371,1.0643352364201595,0.4730414949658061,0.7417715913434895
2016-09-12,1.3938320631733268,0.9700565844526648,0.6973801998099125,0.5426010329046492,0.8411753729264635,0.731320080360952,-0.17879018269554292,-0.04641790411768931,0.07473629086738634,1.082937599916311,0.6676745466848235,1.7004240160110962,0.45389876562223874,0.9878514938933096,0.8633889677600304,0.8458042781113561,0.6241784866647393,1.2086422937827863,0.5667351785231378,0.6786668875874705
2016-09-13,1.4593530626249431,1.0418026716311204,0.7579308286210508,0.5867974468641994,0.8617605151476937,0.7410772596960146,-0.5267553477539977,-0.13271781170745622,0.056983569653463365,1.18597294662747,0.6890728747169081,1.7243440831774923,0.48328114030622754,1.01402060797468,0.9209980830612295,0.9963522422384069,0.6642885431981408,1.205943235208847,0.5864232008659435,0.6597430602514218
2016-09-14,1.4568895210690216,1.043497961529643,0.752735192269045,0.5866991289482383,0.858376943837197,0.741070503617447,-0.5324319679326406,-0.10880538212793334,0.04562445058281053,1.4334423678239911,0.6866676423848448,1.7393148590076366,0.4864693270148037,1.0004074513602186,0.9132677939148385,1.0020565806451787,0.5725797838515888,1.2016580321951305,0.5889657539983327,0.659886747054598
2016-09-15,1.6157506821067193,1.1114262568014854,0.7904886252414277,0.6051199836460146,0.8666728459262021,0.7461505245834649,-0.2868981232556944,-0.06824366819641381,0.05754940223183365,1.6077871538501298,0.7892954803285295,1.8716731624763916,0.48894259151226566,1.0029819298549598,0.9469449184804132,1.0125252809248328,0.5605061274779183,1.2372354616901096,0.5976185989701588,0.6241316714943932
2016-09-16,1.1411958166707357,1.1145526246699644,0.7903909304291142,0.6052560455024392,0.8681163939974937,0.7428998256614332,0.11447388641443235,-0.09879507650307373,0.053824922833646066,1.6167120336854277,0.7895668965103474,1.8426394513734652,0.5672303624643391,1.0045121006967326,0.9401166890164674,1.005774700461658,0.5553277817267821,1.1659770586597866,0.6012189443036574,0.6184699356917036
2016-09-19,0.8766848509075857,1.0977568014284185,0.7907306828176341,0.6005334168198541,0.8525037975361807,0.7420137532869687,-0.16872314385197873,-0.09054240249408207,0.03243275149487097,1.6484754136996793,0.7982173966281015,1.8631484174640724,0.5802850059332827,1.0032329659896817,0.9417085483807063,0.9794419440214581,0.5632313096022565,1.1021461340964778,0.6044935031056702,0.6231559255244565
2016-09-20,0.5192138789030646,1.0874053133711097,0.7907864665537243,0.5992720486193965,0.7075306554908387,0.7415634648743903,0.1197352356812198,-0.0900787446244633,0.09236039128978302,1.633335273758151,0.7981644652415278,1.876372910922472,0.5856594012682912,1.0145640425215825,0.9319052380625873,1.0156385335493772,0.5516728022791996,1.102232283535956,0.6104681896655366,0.6398487532271517
2016-09-21,0.6695445619570294,1.1661669013189608,0.834432850595529,0.6261275015698653,0.6753826215172778,0.745863187098862,0.35215588805431297,-0.04392101764939427,0.14095177831950742,1.634234892526707,0.8842932287163447,1.96865809824326,0.5964406166904822,1.0192745306091604,0.9478862160035042,1.0525358677927446,0.5810824611198813,1.0809311081936472,0.6152445684458413,0.5877448313864356
2016-09-22,0.5967164825953031,1.1862890251704836,0.839794117665716,0.6335920106960784,0.642615861978503,0.7469671778845942,0.278310352208877,0.01316235832568402,0.12139435948272546,1.6248076741823754,0.884294775680002,1.9269986237455092,0.6179593342244413,1.0494971646026843,0.992396621019787,1.0510012159837798,0.5731914684474949,1.0782296518175172,0.6798267969782233,0.5671744293451716
2016-09-23,0.6441323758211872,0.8763698460391595,0.8490386157692639,0.6397403141155606,0.6137875698029823,0.7427473040221664,0.24604793423383509,-0.010791366829820959,0.08388340789153532,1.6771772772841036,0.8913950817644902,1.916929143534387,0.6217028626158264,1.0515449184531893,1.0353157423471584,1.047565659442745,0.5868597661483774,1.0261830491884443,0.6788668415215685,0.5565641741716831
2016-09-26,0.8040880888557516,0.8038451265118378,0.867079228252786,0.652000687454891,0.600955559607446,0.7407904574745817,0.08024830587612497,-0.04188695977400181,0.04763623096672664,1.665981890587914,0.9114778473959461,1.9316939562575532,0.8017863421866809,1.0963972784419416,1.0320017131215093,1.0489072789070026,0.6107839888665587,1.054399901953996,0.7362383657114233,0.535352585888321
2016-09-27,0.8361802745090915,0.6576598113390945,0.8717053628287625,0.6596722410545467,0.605161846884144,0.7337940418651282,0.20346296814899967,-0.03546832886548612,0.05448275371458532,1.6635870379709599,1.0092270355258703,2.0592097121203117,0.7867504589168021,1.1322854364661064,1.023500937780037,1.0337453144210205,0.6518994945895122,1.0737044311696868,0.7352713921021138,0.5210427062016291
2016-09-28,0.6991542473318554,0.661359154080435,0.8790488088479885,0.6558912811779034,0.5991369430921897,0.7346365259782164,0.07782976961840715,-0.0024070355589239645,0.07474424341014584,1.6470406587808426,1.0061984618957487,2.0470105455117134,0.7723923904264473,1.1448336306859614,1.0376020664279655,1.4668199720674702,0.6476188538264955,1.0885384633673019,0.7507415668691128,0.5070147143099463
2016-09-29,0.7322012348246013,0.6841488208082624,0.9002118534287316,0.6706334412705366,0.6082052995429723,0.7394203071726286,-0.22914591018294406,-0.0334241752414266,0.04966871807487005,1.702102783534597,1.0226045647567776,2.038723060337376,0.8446585755666449,1.1389609025659215,1.0874386648934722,1.4679662509128784,0.7597258160149304,1.1390797130292107,0.7509870987175981,0.4702104535712385
2016-09-30,0.8172031817654668,0.7028618325887177,0.9173379184435464,0.6810852987779911,0.6147653726203385,0.7378322660161843,0.03136438114685003,0.004079359493550649,0.06327952250961424,1.7042771006470885,1.0243926970745532,1.9761035257275952,0.9105274960177363,1.152933907359407,1.1248416453614623,1.4817492101074419,0.780437098081435,1.1396055352597025,0.8043820644519453,0.4347844066800427
2016-10-03,0.7021303767283301,0.7124890919223067,0.9126287022085444,0.6694975569222429,0.5866848760772402,0.7330044252871579,0.14532509964165996,-0.03048498025743418,0.03445471372809982,1.705688034730703,1.0262792307979862,1.9527875931850127,0.9041753331166495,1.145035863519938,1.1614326402972222,1.4754541324958381,0.7908729705502884,1.1356248531342945,0.8054387969193944,0.43367813273908234
2016-10-04,0.6927131023735027,0.7392327841663416,0.9151061378304296,0.6740713823882325,0.5893155002833824,0.7347257822063179,-0.08078369090949611,-0.07108520870831858,0.02008100255746251,1.7050779507104659,1.0282823783287527,1.9554006636638113,0.9278837243676805,1.1421129425187342,1.1589902925424984,1.4541744727973875,0.785901800528576,1.1249346415113333,0.7957196135951387,0.44746693192926307
2016-10-05,0.6818242231844404,0.6571432208475786,0.9222602243585846,0.677998286174952,0.5846701766591571,0.735523341418865,-0.09155875752603126,-0.04850126694648793,0.015349812249010138,1.7035275393563631,1.0408857060819838,1.9094731715234652,0.9932856973917841,1.141698347775296,1.1510355117958682,1.4693824464344887,0.789227729289613,1.0886468620495364,0.795940127700859,0.44355887419433426
2016-10-06,0.5085258587467424,0.6196026893674776,0.9216087050153733,0.6770575247318634,0.5846986068209296,0.7330119025089511,0.10329875882022277,-0.03360873060238467,0.016742075802918897,1.5683880156637853,1.0371014551790294,1.949201111177525,0.9941012084278362,1.141284306265709,1.1521249723105145,1.451654230214859,0.7927615059807942,1.3029766111486007,0.7961128608010652,0.4462697367743665
2016-10-07,0.3769592825484067,0.6049905021112713,0.7417715913434895,0.6746910626267119,0.5821198625846657,0.7333730125711698,-0.11620825162166781,0.06891948754336241,0.001720602728892214,1.4406881123510717,0.904479313748627,1.5167909424270651,0.9682233314971298,0.9078558285020049,1.0785138219887467,1.3419468946428077,0.7611564192037708,1.2343517877993873,0.6923817642897278,0.4443837540312654
2016-10-10,0.4590371365052362,0.5622048502957235,0.6786668875874705,0.680123039075863,0.585658633471407,0.7347121826316108,0.03603647479542671,0.023221684115308228,0.01263778862580629,1.4134859819068584,0.8502034738314848,1.4770126560554755,0.9730251702986924,0.7469302462018078,0.9912590594307217,1.4081820451462712,0.7480965849960333,1.107499497181682,0.6196355517457371,0.6773286836023232
2016-10-11,0.7278191711779863,0.6700868873393795,0.6597430602514218,0.7063057767024188,0.6072891272263673,0.7424038401827572,-0.11460189145928279,0.03195315536536014,-0.012890740963524279,1.3421828028720726,0.8924013840988577,1.4767656117398054,0.9595195746286093,0.698921924176776,0.9473793997408505,1.3030413426510883,0.801605960539378,1.1121122095571099,0.5975735918114263,0.6245205854236682
2016-10-12,0.6799934697964187,0.6435397762570003,0.659886747054598,0.7027739007318836,0.6074564122986301,0.7424576175945982,-0.17685689695904117,0.04039250079691192,-0.009009108305321393,1.127987999741914,0.8848203241685584,1.4741486482769244,0.9610163935956407,0.7098561628972738,0.946947751734455,1.3023299881231676,0.8026770415881344,1.1124681819253333,0.5981601462795736,0.6665386969460552
2016-10-13,0.6670864080177417,0.5904472785503728,0.6241316714943932,0.7033203991523209,0.606218121910616,0.7429481738625174,-0.25627910458261294,-0.025953975934114304,-0.021407346964976155,0.8544364026910919,0.8068307783192371,1.32455359086868,0.9737915056551333,0.6941908395928126,0.9144820977845293,1.3106133765791637,0.7905067226182201,1.106243984334471,0.5966092485198218,0.6611570215038997
2016-10-14,0.677531121530941,0.5178949329826952,0.6184699356917036,0.7021399678382222,0.6044718116814188,0.7428693643586411,-0.1773623818593273,-0.004039579525077497,-0.014250009028373707,0.8478347827692101,0.8313179795818804,1.3354931973014053,0.927513887636439,0.6871074047604842,0.915551679960661,1.2734552159312695,0.798364395106585,1.0939808672343405,0.5989594672608252,0.6650859337491338
2016-10-17,0.5538303357530294,0.5211310655524097,0.6231559255244565,0.7035533503713406,0.602873357461656,0.7434712368869468,-0.3509652065389801,-0.022338831556442118,-0.027512406412766872,0.7940165502389797,0.8249298665620212,1.3228601008004353,0.9347864515159119,0.6875303319872721,0.9249055308149396,1.2706993296699955,0.8101889475391743,1.0792280705485615,0.6060770201317279,0.6574984758775355
2016-10-18,0.39883469912857716,0.5582905115218186,0.6398487532271517,0.7117671836918867,0.6078339795065639,0.7405124635509887,0.02686924290369097,0.008736657170977935,-0.012548703056804267,0.7948471552659047,0.8389427702811552,1.3312631622190503,0.9449258196944902,0.7063209597642678,0.926971408010528,1.2056199589830703,0.9994951826770582,1.1133630324838872,0.6072117357270413,0.6648453951192991
2016-10-19,0.41208088100261947,0.5438551208228917,0.5877448313864356,0.7124114877093529,0.6088611430208369,0.7389002550875742,0.053966365467312816,-0.034154879849838116,-0.008872760287432047,0.8008183184460127,0.7519123362441655,1.1937323581710702,0.9583091463611966,0.6992227040669327,0.9600345819822947,1.1966453516594668,0.9838096402851787,1.1082710618504559,0.6285666468394655,0.6668975893899615
2016-10-20,0.38328684893396625,0.543033349231735,0.5671744293451716,0.7087294499771182,0.6091681222142651,0.7359318340177439,0.08213757827421508,-0.07499716941777979,-0.010216043373837606,0.7801540747265839,0.7584720701377077,1.2577448303136816,0.9468619728618105,0.6538660329340509,0.9063319072961303,1.197293525540976,0.9774950018102395,1.1053988205285046,0.5714402126749448,0.6702613940198171
2016-10-21,0.38339067400907056,0.5365762836177532,0.5565641741716831,0.7088064610055015,0.6089923183474086,0.7312025064266802,0.08115620937073187,-0.0452625107408533,-0.01136169736626429,0.6721754720816786,1.2021897263452102,1.260703811017492,0.9452323547163909,0.6599714655154754,0.8715156018351524,1.2121968543890147,1.0030381445365928,1.1043191800825332,0.6268689948235574,0.6745381112396672
2016-10-24,0.3176224428461077,0.5260713962997552,0.535352585888321,0.7118818062434141,0.6112098585841675,0.7299295064374716,0.23565623802082936,0.01651315147973398,-0.006964205160830783,0.6915747334047435,1.2544854131874872,1.5809587638387848,0.7748731127522994,0.5952396848167808,0.8696673452721606,1.2024147214294236,0.9945829627140447,1.140225541464771,0.538495468418345,0.6866612635222363
2016-10-25,0.313009461945188,0.3381090408363778,0.5210427062016291,0.708844032401599,0.6126061301429653,0.7307514075303296,0.04340223383528352,-0.0312785264074511,-0.011166938119466422,0.6947821414202558,1.2062942377347006,1.4519529605648152,0.7650864031656175,0.5212137761178073,1.1759533976257641,1.206666426521306,0.9467983666440997,1.112246023586642,0.5589854819501345,0.6782212871013773
2016-10-26,0.2991377545037718,0.34387461665636104,0.5070147143099463,0.7090375842184203,0.6075541996100651,0.7305091621011714,-0.05009433450191558,-0.0661359058799188,-0.0038333655159500453,0.87534893016979,1.2211603527089039,1.4519315786954932,0.7641472490280566,0.46596644351316846,1.1445389903625312,0.7036460901895089,0.958383616285146,1.110659958538003,0.5741951326279394,0.6736660327348108
2016-10-27,0.31021237173901944,0.3378855571355712,0.4702104535712385,0.7088834191843334,0.6072223049903012,0.7310461506057501,-0.06610243104125724,-0.03423629963235808,-0.01315083764516501,0.8259529416235065,1.2100737708876357,1.544680349606543,0.6360641763934517,0.49390119797712395,1.1223223461945664,0.6949374877382289,0.9183334530345091,1.0700665187120548,0.5714801407015155,0.6673517239684046
2016-10-28,0.31677712295982335,0.3505031337055941,0.4347844066800427,0.7100535526439233,0.6080973781043965,0.7232177825008856,-0.1345541542612838,-0.08674214459288676,-0.019849059651305314,0.8271369554178032,1.2175480562136527,1.5104180913566598,0.5855300729590114,0.4717190831415053,1.046584455315976,0.8569501454936922,0.9002678365447032,0.9622410439158982,0.5200568818696328,0.6751628378760806
2016-10-31,0.13415194599527452,0.33192164273038466,0.43367813273908234,0.7056139266300989,0.5980893991310341,0.7177722112977262,-0.21866732463474703,-0.07448495458936777,-0.033401734962214,0.8201105883281468,1.2119725613357808,1.5167689748647537,0.5799342120794309,0.4520025831058564,1.0144584351242614,0.9270622688105649,0.9001326890003943,0.9631564676792033,0.5877539035841122,0.6738177240782584
2016-11-01,0.26647826634038607,0.32743102931617346,0.44746693192926307,0.7110352083005811,0.6047077580848323,0.7211153240506009,-0.29657267808349985,-0.08522577320095204,-0.044485323718526655,0.9125854161544885,1.2096140405819331,1.6732511891774011,0.5783514228477056,0.4662309766046841,1.0124823538562033,0.9210919725532477,0.9049626420841913,0.9827420771277406,0.5919692725744418,0.6471852509760698
2016-11-02,0.2897726653822134,0.3267051889546147,0.44355887419433426,0.7157202892129793,0.608793260063484,0.718703065419825,-0.37678694189899,-0.13744295197315848,-0.05550916008815818,0.9129217643918226,1.2183455128949623,1.6764109795115774,0.47949964361379066,0.4678364671615187,1.0023781230778859,0.8893959928196755,0.9005200718381544,0.9864783520819231,0.6022634174273818,0.6335146277950958
2016-11-03,0.28417371079740245,0.3353673151465226,0.4462697367743665,0.7177490114661103,0.6105193762799824,0.7146512210628383,-0.41498376941522475,-0.16380693169121996,-0.05901269541738308,0.9189534728233896,1.2240783114396145,1.670960364444733,0.4902905792325005,0.4639869465080742,0.9957126083370061,0.89361881969515,0.902344957544764,0.6737611935706921,0.6974424057928196,0.6143370833518242
2016-11-04,0.31416211549615697,0.3239070772306784,0.4443837540312654,0.6138390633757311,0.6066686880294774,0.7093631349452293,-0.3779138307454444,-0.1521685393738309,-0.06858380004672965,0.9308023991301875,1.243468787928512,1.6675792217022376,0.5272730565795244,0.5011929010358398,1.0324089438998938,0.893088269442144,0.8942067468106301,0.6553301156099315,0.7290428171139902,0.6125684844512729
2016-11-07,1.220094888702332,0.8315874564981628,0.6773286836023232,0.6708389535204221,0.6739604361340338,0.7367433574795523,0.062278329923746156,-0.06792449080728791,-0.030373570269889672,0.8994151952675257,1.3945575928514544,2.061160355896257,0.8676452576620257,0.6499548955065535,1.1031062445567077,0.931196027227121,0.9472605944496328,0.6298677112448323,0.872217030294988,0.4161206979726197
2016-11-08,1.141260699240892,0.841663954067296,0.6245205854236682,0.634125071423693,0.6755816200462837,0.7367843253640153,0.2972748794365776,0.01774341952301306,-0.027673745606361013,0.9126838357557002,1.3385664559927664,2.0228200029914376,0.8573097586786598,0.6663666365307621,1.1250059919220468,0.9392208606460104,0.8654306539682017,0.5854364451804259,0.8534310873860138,0.4824502300713577
2016-11-09,1.0525101331060265,0.9005824489019647,0.6665386969460552,0.6547739268830209,0.6868258463873943,0.7406516277791525,0.6296832491862747,0.06419208456317049,-0.0014069322559503142,0.8758129985995459,1.3468975916946864,2.0750892033602115,1.3101186722753777,0.7458954826159394,1.1895713582937657,0.9641101175040687,1.0687681264014715,0.6973915398562056,0.8408226035576497,0.44232242155488577
2016-11-10,0.9073445292399448,0.8902771446766471,0.6611570215038997,0.6374694468342708,0.6871588361398463,0.740654978029353,0.7711402339507534,0.09304790294212162,-0.00038324706280217223,1.0432608005860151,1.4733208436299694,2.1724294970943148,1.5993854827739304,1.035324916546901,1.4060860050485933,0.9726528871427192,1.080854954028418,0.6675500692394069,0.8332782822105963,0.4514277767733865
2016-11-11,0.9376615335622458,0.8866658541185944,0.6650859337491338,0.6353052426488297,0.6871463692487105,0.7322632121252971,0.7470677844638729,0.07893900220696914,-0.007965217940394035,1.0450755266205962,1.4666945060359153,6.972535263939124,1.5897155732196844,1.0372097336069936,1.4205201622430867,1.0413993515790487,1.0925287163411552,0.6746724434552188,1.0229879862536304,0.44609074636824064
2016-11-14,0.4824995895769636,0.8853078502635423,0.6574984758775355,0.6353305460022305,0.6869924115284699,0.7299461847010741,0.32164705751156486,0.10022857520534834,-0.00421755294839196,1.1449875354745482,1.510576701189395,7.111901099047555,1.7003218003468092,1.04097887629311,1.4207816088805705,1.0463338683774084,1.1349376843161159,0.7208596683447347,1.0033650576420674,0.4553708551671889
2016-11-15,0.5251683803133833,0.8388825803565119,0.6648453951192991,0.6460031952407524,0.6944170765739105,0.7330677185799352,0.3876177980948148,0.10793055832079401,0.008862823622436207,1.2128159017834292,1.562331360271939,7.12118975106761,1.7164513675186843,1.0311840380567605,1.4365211502883795,1.1226570468266224,0.9691670608314779,0.746101403959781,1.0124812391269695,0.49710325908923025
2016-11-16,0.4094025881342026,0.7962348295406289,0.6668975893899615,0.6233942277038818,0.6944059912463239,0.7325181519509883,0.13800982256451988,0.08520294883747226,0.0023756837794132847,1.3992524628570768,1.5811202939225015,7.187485174206288,1.86567467488632,1.0327088041407102,1.4088106325532521,1.15369244009272,0.952835113989138,0.7470399821361191,1.0372006512318384,0.4922883683718526
2016-11-17,0.4431260386212982,0.7393831468155678,0.6702613940198171,0.6207727279560189,0.6941647191371357,0.7334717058726523,0.19091689185890992,0.12024273133829533,0.019469306748733182,1.3993857837116466,1.6028524553839303,7.190948424644396,1.857010679016635,1.0333152397883232,1.4021409614541698,1.1605834352394124,0.9523665383375141,1.0431317594612173,1.0357036054359485,0.49421413400346453
2016-11-18,0.4415247141396087,0.7502676553506593,0.6745381112396672,0.6152239681692034,0.6947865147221612,0.7337388664525203,0.19227013013757288,0.1067174823986794,0.016887868276001704,1.4015929728503744,1.3249393511853402,7.1770279897243725,1.8714872763670563,1.0282556759058232,1.4212536589638378,1.1517829812289244,0.9070068684389341,1.0577208736353467,1.075527152351274,0.4856302861626366
2016-11-21,0.4980310279155044,0.4622951383644081,0.6866612635222363,0.610125225941987,0.7007146976040555,0.7362369410797708,0.3275840521805651,0.12321052874528227,0.03261224015033814,1.4347035751936073,1.2397620653606076,7.160950268853912,1.8719841173868204,1.0331055654654129,1.435144058635279,1.1944493450998954,0.9121362795669721,1.055763686736901,1.0937778897731636,0.46972936017184
2016-11-22,0.42903710299173603,0.4616206183555479,0.6782212871013773,0.6039518998194521,0.6984565326228912,0.7356687246817197,0.21059384048396135,0.14972845998296347,0.027660534903342075,1.4261480989953095,1.242863970549183,7.163544307147072,1.8638033164203913,1.0335584521207342,1.1802479490845332,1.1937348440477913,1.0200049241125684,1.0814598297601399,1.0742665531294784,0.4802334386901701
2016-11-23,0.38412870645614267,0.3796606485801451,0.6736660327348108,0.5997774153581094,0.6980057308902369,0.734461217978753,0.2590362718126893,0.16248560041612348,0.03131421965909356,1.348385685739414,1.2655828923898633,7.162873315886979,1.8641854227123755,1.0387422075596855,1.1681972918564556,1.1917078222731303,1.0148038985255567,1.1009919964910575,1.0694207269718332,0.4851944219695962
2016-11-25,0.36529829965421656,0.3834258122714625,0.6673517239684046,0.5814531566819897,0.6981143397489116,0.7349926462652304,0.23053530326777816,0.19440216491555418,0.04224723001392316,1.3422408286925092,1.2482975960659395,7.120810777211543,1.8673753946923914,1.0589904880461383,1.1872210007740323,1.191065194290518,1.0118312747839309,1.1047165104453787,1.0694682628676524,0.4820301001839867
2016-11-28,0.4487113382738987,0.4197141791894022,0.6751628378760806,0.5772397843686009,0.7012238254020828,0.7360609122395573,0.18138570553669853,0.18570244734817495,0.03434655408294628,1.3356842531545214,1.2436257734516853,7.119355891491202,1.8815531181920802,1.0650276613277738,1.1833945941412662,1.0535187325054547,1.0277715854362162,1.1048738829617126,1.0649174559945673,0.46179007034435415
2016-11-29,0.32155589087808867,0.41798916654526347,0.6738177240782584,0.5757364116559546,0.6994235863151839,0.7360056614570724,0.06935771174030103,0.19521678783904428,0.030082284330747437,1.3355227868374688,1.2531102612374212,7.140829109322617,1.8789979265270325,1.0662105637487784,1.1827274774179133,0.9783284561163669,1.0228012875633454,1.105391696354169,1.0072432252501902,0.5115315588814012
2016-11-30,0.3374489498980184,0.3832686240393961,0.6471852509760698,0.5704409524248076,0.6993498984579787,0.7307979061209323,-0.0176823303567053,0.21945104691466213,0.02104668833513049,1.2856799612940761,1.2956118116163255,7.090938506335609,1.871188226288117,1.137812984299848,1.1825395793721176,1.0288509040858191,1.0397165355389018,1.1226777966704948,1.016744826216808,0.5060032628071008
2016-12-01,0.3664377894434067,0.4018466461366543,0.6335146277950958,0.5711511244058508,0.7011406780726215,0.7279046918075102,-0.10207339378939917,0.23116398744352118,0.015073256174624915,1.3016912337689364,1.3518473997511797,7.232026909438132,1.868956980979126,1.1395355700299954,1.1868066772313752,1.0251747427419855,1.0385860533339333,1.1237790288994993,1.0041366340802982,0.5058996842746522
2016-12-02,0.2807314298857889,0.3716097607410876,0.6143370833518242,0.5711395893992255,0.7004236465785219,0.7275376775645362,-0.16636891423488454,0.2565558787106393,0.019713405472344857,1.2826386616699101,1.3487083789439607,7.207396204479103,1.861841680185975,1.1486369662466045,1.2052670027517203,1.0312842263189177,1.0468516070624738,1.124107246907446,0.9772559333416715,0.5255719717451638
2016-12-05,0.3817152982679612,0.3990090690973698,0.6125684844512729,0.5741307745904752,0.6285537766910839,0.7289990010754841,0.0476989090485902,0.2921056322966836,0.06961886015540504,1.2764384769819768,1.3763787389714504,7.207178762032765,1.8271307221173285,1.1510085383937805,1.1679978515649594,1.0292852363221547,1.046308817134304,1.1565545942463888,0.965820899870472,0.5253109715594577
2016-12-06,0.39703599464884726,0.3406140149444258,0.4161206979726197,0.5709197774749784,0.6034693073327814,0.7290505208193317,0.0720466943169007,0.19765887893733292,0.05098535741511774,1.24548099672805,1.2201771798385788,7.15417119343251,1.763032197731825,1.0578166598087946,1.0834443330359333,0.918933968601332,0.9913900028764908,1.1471707839908174,0.8785083274806746,0.5263787728058384
2016-12-07,0.6288535521395234,0.5202536189146018,0.4824502300713577,0.5622596592197536,0.5926842862703339,0.7367192704959872,0.38164716599464743,0.2405441185541796,0.09674689781418426,1.258529744544168,1.3302764476598783,7.14259588612738,1.7587979562988898,1.116461332437627,1.1183218846658423,0.915102814807113,0.995773248784281,1.1691524506454085,0.9009598693869917,0.452712109399576
2016-12-08,0.4909621275774313,0.5185473270787364,0.44232242155488577,0.5625576407632625,0.5927212338401865,0.7350364205713269,0.504141128238702,0.199778457206628,0.1014543475222368,1.276348491440004,1.3326227544175793,7.142203890357974,1.536843839151979,1.085543996195786,1.0676769562466393,0.8888548239178765,0.703343443239997,1.0949619737378276,0.9814950632080456,0.4604271612710465
2016-12-09,0.4203115192320918,0.5320712100900328,0.4514277767733865,0.5623275634141216,0.5847128620267844,0.7363857836597424,0.6149147263874966,0.217499501819825,0.0948644762759441,1.1312599449989447,1.2257555598287466,7.1006658972952925,1.2369128437977193,0.9815638358893668,0.7617930110958796,0.8820060918646891,0.7761060672866471,1.0930542731170096,1.0030568656542436,0.44227933122084495
2016-12-12,0.5330182658123231,0.4909078270418275,0.44609074636824064,0.5637274552435236,0.5819651259334411,0.7362667651407301,0.471799976895797,0.22328868040466468,0.09939603436218541,1.144372985261486,1.2245399197352516,2.6757596199592606,1.2743594997617538,0.9857848704748663,0.769523218017511,0.9066546762376569,1.0162446072281317,1.2083237810472134,0.8812678323316325,0.44439138137196854
2016-12-13,0.5305795984721603,0.5064667232981095,0.4553708551671889,0.563556322412998,0.5864489739634291,0.7296360519456018,0.5419265559105613,0.252728753537082,0.11020616572866275,0.9896812902219705,1.1643685502023857,2.415663795228485,1.0353867230305434,0.9905096423298116,0.7469925586908359,0.943362123259103,0.960141635049691,1.1796777596919958,0.8899325803887341,0.42412602449343717
2016-12-14,0.6120243204909169,0.6016257992680694,0.49710325908923025,0.5803427426805506,0.5986456923593764,0.6525971626610679,0.11521880004160323,0.17244436904087668,0.09637052817754954,0.9711688964096169,1.1228616916977014,2.6375467872392644,1.0319462468584268,1.0315064493225856,0.7696068565303696,1.04695108392479,0.9748297450591848,1.1572792129626728,0.8809256966919317,0.3788353907761377
2016-12-15,0.6252659828472985,0.5621443015932558,0.4922883683718526,0.5816049419358523,0.5848082799375509,0.6296994067506229,0.14858494295233005,0.20242223730358058,0.08449010209707157,0.8058689920081139,1.1018052327649317,2.315221189827909,0.8255520876690116,1.0407564893561487,0.7609460682935831,0.9898373848436506,0.9911933955476413,1.1606775483476668,0.8423394168036674,0.3795894128399499
2016-12-16,0.5803105275867674,0.580626630405137,0.49421413400346453,0.5817362425149722,0.5814562021667308,0.6107493287145389,-0.011330346698661398,0.1669376921804322,0.07072775136698259,0.8034911188767858,1.0594185580047348,2.3323721006332905,0.9113724506928074,1.039010082055009,0.7592748082929934,0.9667857910044269,0.990472000638806,0.9050946326684067,0.8593898634612772,0.37869769381787083
2016-12-19,0.5845334828806655,0.5712662529028364,0.4856302861626366,0.5816346603959814,0.5760249205760071,0.5926996927274492,0.05516837552206111,0.1890132417507867,0.08348940446953759,0.8052772430592116,1.1359901390692406,2.334904438319138,0.8906399917832911,1.0308194455293591,0.6862015829629361,1.0005627804657211,0.9869844505910249,0.877776565402143,0.8242244375299101,0.38680142537396467
2016-12-20,0.5208960404860037,0.5723967257719755,0.46972936017184,0.5811845046179873,0.5651650892763788,0.5815536503935249,-0.0011581608085875494,0.17054320028979386,0.10342229350493669,0.7520626824350014,1.1308675269689028,2.4195945506859284,0.9086892485661716,1.0060285726879714,0.6740334945294999,0.966488500649735,0.9869497939824033,0.8490297742197128,0.791849449571386,0.38588264320038496
2016-12-21,0.32511720017484447,0.4620269712487537,0.4802334386901701,0.5800450712779738,0.5631302954199605,0.5823124609459237,0.10827765996035188,0.1468653239099743,0.08843841916182887,0.7517248872861233,1.1308164274887815,2.419545113990491,0.9103035282053225,1.0082017892959296,0.6817744560860424,0.9704885111359184,0.8732307647158372,0.8523958435359112,0.7915592008030918,0.38519846289184323
2016-12-22,0.2921316808215153,0.46749573975284214,0.4851944219695962,0.5796291495318038,0.5615375959585532,0.578198282906074,-0.008611147585697587,0.13551038245398384,0.07728669233006283,0.7601177757779595,1.084795343316579,2.422425701988429,0.9133767230718601,0.9961855186422545,0.6808549615865177,0.9755328462707155,0.8722435376700571,0.983542883614592,0.8005743451141484,0.4073340862947448
2016-12-23,0.27705252784371137,0.43033792034247287,0.4820301001839867,0.5756986650815158,0.5465785701822063,0.5762247926826715,0.05978332206244774,0.12424969687909959,0.09480518738743189,0.7573027311878913,1.0976364761158632,2.4524436525245803,0.9079541939225595,0.97361528369229,0.6620171671774552,0.9796843160777217,0.8544674088207763,0.9729108003983927,0.8122358950022103,0.4461982333620812
2016-12-27,0.2816687177114703,0.43260859774390115,0.46179007034435415,0.5710840719764003,0.5400881631840809,0.5763129333108398,0.06584831923337253,0.1601288951749552,0.08636306597674781,0.7566179376789635,1.0980518385683966,2.790563418701048,0.8731471291429566,0.9671853086590995,0.6601583171385224,0.9548550876022333,0.825044244632718,0.9753832177744387,0.8145039280919987,0.4464139556709371
2016-12-28,0.42345796229918076,0.45698684943703305,0.5115315588814012,0.5920939826825586,0.5512799032440923,0.567255591799629,-0.17658393053604726,0.10905778972070679,0.07659654099012775,0.7680658364085337,1.0994564860441711,3.2953540614164623,0.9151531585432865,0.9647396180952792,0.676446663481332,0.9473750072543423,0.8310352773964794,0.9783420181675732,0.8501593022764309,0.398317468756975
2016-12-29,0.4235654395574664,0.37667283514111494,0.5060032628071008,0.5756134454641701,0.5460593046294742,0.5666374892792764,-0.12539417903702832,0.11993736173989356,0.08472087848453454,0.728347839313326,1.04330596711636,3.2709266171543274,0.9108062992079669,0.8490782792592654,0.6639339214650543,0.890787312132544,0.7850931589682881,0.9359185641371311,0.8280230279611893,0.42933103383094545
2016-12-30,0.43749829571350973,0.3601408524179211,0.5058996842746522,0.5686627658397663,0.5470489169699376,0.5644865233322313,-0.16395617190953837,0.12003968792394903,0.07125357446477058,0.7157665377103911,0.994448773262253,3.2038280172116345,0.8227127161028434,0.8453285876567663,0.6426056548731702,0.891257862702983,0.790660200905423,0.9320355030002215,0.8331115204378379,0.4174562660099901
2017-01-03,0.603270501262031,0.4456930297780422,0.5255719717451638,0.5666055500749088,0.5543314140975357,0.5682885737786929,-0.040230452237774994,0.15578431237837698,0.08284441979926542,0.7154503725168166,0.9988424056464773,3.429988995612805,0.8331491410523948,0.8555600284251167,0.63071478466481,0.8932896894816825,0.7912855303109109,0.9368615505039309,0.8759819332960288,0.3860099826697532
2017-01-04,0.6618158882154657,0.4798979626340364,0.5253109715594577,0.5674794157514095,0.5553441246866506,0.5685734260505212,0.02914221545710527,0.15548972177708398,0.09847560489997888,0.6830025385619374,0.9575099658491262,3.3732727924162407,0.7313298789519876,0.8562420366113327,0.6175100393319184,0.93739221727242,0.7938191725941263,0.9040754635970228,0.8641913579136504,0.36446311790511127
2017-01-05,0.47964297198163147,0.46580544816332187,0.5263787728058384,0.4693914067536304,0.5530087776458656,0.5684461542267121,0.17853651901531542,0.13568024589531047,0.0884715446751185,0.6761983211719456,0.9473559513076424,3.440372601121354,0.7726737347827912,0.8544695435693995,0.6285546914578022,1.005966506746674,0.8175692512927621,0.8941613483147993,0.8670590458021465,0.39214935858757505
2017-01-06,0.46987588498576316,0.46686581606091976,0.452712109399576,0.46818298129190206,0.5247389655203581,0.5687914111740631,0.2545579739198378,0.08816506372119115,0.11548420059946125,0.6838739377773888,0.8166183044603784,3.432676029451159,0.7705372576347509,0.7640010144568479,0.5353845410755247,0.9986500056972221,0.7956368711478164,0.9017100718902394,0.8776022834598823,0.3894260556867221
2017-01-09,0.4583152125917539,0.4782682285356736,0.4604271612710465,0.4512723610292979,0.5278748991857041,0.5696892404293905,0.26164181420357924,0.05941485941516833,0.10779513372832226,0.6805893222465782,0.8065105719513124,3.4836599116192093,0.725927871288321,0.7801703876967583,0.5299098851684456,1.0641303862095572,0.794054292304282,0.9186194845046333,0.7954533151510793,0.3798300434982602
2017-01-10,0.36682655463066266,0.47719023994400145,0.44227933122084495,0.4512964293827626,0.5249820472792087,0.568702642824665,0.10864083495990773,0.02921583952147977,0.11325441476114213,0.6047426220852851,0.7322613552087263,3.4520907332395696,0.7230487008168038,0.543191919086499,0.5341195450402324,1.0775986545328244,0.7675138724578777,0.9263710583653746,0.7450666820409998,0.37995844624821545
2017-01-11,0.2795091388347893,0.47902996462512004,0.44439138137196854,0.44826192712983326,0.5253691765196755,0.5677624391377198,0.04616982518157009,0.04908218384852725,0.11710328882005368,0.5783702957499969,0.7550198820528308,3.4033707753905444,0.6994657577146389,0.5432087556270812,0.49355827574716543,0.9647136778814343,0.5463692108926962,0.7508223964138564,0.7321881933142642,0.3954975925530481
2017-01-12,0.3078768698774948,0.3899912749505347,0.42412602449343717,0.4523584345540125,0.5240733833618738,0.5672419074822502,0.011855313679931534,0.0031624353376530356,0.11870658802669445,0.49698015170729337,0.7291997100474691,3.440558177503904,0.7437019860950665,0.5415362290958424,0.49440098592475884,0.8448192882662183,0.534383526146774,0.755831129334931,0.8540583815775598,0.393640171754891
2017-01-13,0.27548702578726136,0.38969222346075094,0.3788353907761377,0.44021351186950436,0.520049190657702,0.5667315254672239,-0.013795872006756582,0.0559113957091012,0.11209544102359062,0.5017700147996582,0.7222353124389849,3.2255221102158655,0.7484334295869911,0.4601135692195783,0.4527495477034656,0.7311207528887264,0.5065699158151603,0.7824007657826223,0.8569685148456372,0.40481982419443235
2017-01-17,0.28196955509054167,0.3878823365864047,0.3795894128399499,0.44386054570446726,0.5230615953095227,0.5679191042540598,-0.018240809020959592,0.01770842142184592,0.1017778691876329,0.5153361150659336,0.7239952784239762,3.2430962730548436,1.0704346287415478,0.4607741574021771,0.5518834690025137,0.7868698350380162,0.4749664870821961,0.9263904735129158,0.8584966637823893,0.39286925154609814
2017-01-18,0.30214409125030106,0.3198092101642399,0.37869769381787083,0.4394167232103156,0.5218974038828593,0.5679657356398683,0.025960036913017515,0.0385384354243995,0.10857295298104234,0.5169476838407823,0.7165171301689621,3.245686946939234,1.0438629884031814,0.44882686047125425,0.5600258880560235,0.8099123221150645,0.47545504797365756,0.92821111363407,0.8455369138373213,0.40089854524145907
2017-01-19,0.3046157246580444,0.2868470898630108,0.38680142537396467,0.4428109253307005,0.5255020267640275,0.5692200123375242,-0.10465044276866564,0.009127479275845563,0.10161940114177055,0.5132154080388925,0.5211295209359953,3.2679355636319984,1.046083700678551,0.4535564411901639,0.564778700719967,0.871309933538628,0.48119183083294637,0.9008379456275505,0.8304390838699273,0.38512306690505976
2017-01-20,0.35217256697592264,0.31187312846018717,0.38588264320038496,0.43219737622329735,0.5249507022214779,0.5698838831022741,0.019035802688183168,0.008210926211845715,0.10065488508230726,0.5124356912465092,0.551579656762551,3.18671671549525,1.0036199260593908,0.4671755638432972,0.9095113047216835,0.9480718034265778,0.47810018201322774,0.8923059173834097,0.8323793198146108,0.38294966637892214
2017-01-23,0.34705725126173975,0.29739037863860424,0.38519846289184323,0.435324699485953,0.5239859458352994,0.5704527432792131,-0.078917259091007,0.009112665946261478,0.10190214994639973,0.5125735779868676,0.55916819721276,3.1923789935536,1.0004575861777711,0.47004732207217514,0.9177393661384147,0.9651479063795226,0.4761197202631593,0.8917952967337335,0.8434293045516496,0.37876263059823023
2017-01-24,0.4266622531852685,0.34861902391765065,0.4073340862947448,0.4443032413558251,0.5270080640223311,0.5694981284894268,0.1197837994679607,0.04980715818526049,0.11593438035178925,0.48152828436785217,0.5969680843778423,3.2171124293663893,1.0437025806766937,0.5355773135610012,0.9365677114002889,0.9451490259439833,0.6247923909023203,0.8169908574688249,0.8540785944907934,0.3715965760423608
2017-01-25,0.5456664817659446,0.43207493350003184,0.4461982333620812,0.45888050678328735,0.5333081995584248,0.5738839697367626,0.24869475682020026,0.08576629411383763,0.1348060519694971,0.578834836233333,0.5880506502139982,3.1676306640724743,1.1053951970524567,0.5461827582606029,0.9605906794495289,0.954805724019908,0.6578307914504271,0.8275290569918616,0.8494856878151165,0.3361626133543982
2017-01-26,0.4791379583771019,0.4349478552910865,0.4464139556709371,0.4507203289928826,0.5312625555920389,0.5740662816999126,0.30187682073721245,0.06813460465180554,0.1379886490583119,0.5718692185405487,0.620904812726347,2.7598448759881835,1.1219906971845908,0.5747770306580957,0.9689344891798802,0.9615062774719626,0.6763729748359285,0.8215928963561275,0.8494894681867952,0.33095163503979674
2017-01-27,0.5170927498049497,0.42750160923184605,0.398317468756975,0.4525330615123008,0.5323589989307718,0.5701219801086729,0.1969986277245761,0.10160656577700156,0.13529371444558422,0.554929973811793,0.7878692563893243,2.323203620449206,1.1091356317077024,0.5960610306148253,0.9511539956439138,0.9610158584789531,0.7475095671745462,0.8760366950672255,0.8460259026382968,0.3224828854495885
2017-01-30,0.6128426647013933,0.4816717209780007,0.42933103383094545,0.46382409083979165,0.5296637948446575,0.573322755192059,0.12501346618847498,0.0717145772526373,0.13703432863573095,0.5629066587784575,0.8299056717758023,2.3097446103013795,1.123456046262308,0.585372015156303,0.9512823127034816,0.9638838856702108,0.7417474827092392,0.9318024071109717,0.8919336615299236,0.2842568674335893
2017-01-31,0.5406695992239907,0.4638458442010688,0.4174562660099901,0.45806664078658976,0.5211066272611884,0.5733434197186627,-0.004987237829592317,0.089549391705247,0.14691768902423907,0.5242743055398649,0.7944142887760884,2.1012743631857864,1.1780489499442028,0.590083807339255,0.9593922347969543,0.9800816831910422,0.742334577137904,0.9443730560862699,0.8896884352954344,0.3874342951205884
2017-02-01,0.2631398285984959,0.4602699446154965,0.3860099826697532,0.45810200406734486,0.5152486216938866,0.57270824351459,-0.17018846431737789,0.053276791093936904,0.15520566072765102,1.4125621575531753,0.8855541942456927,2.014184717411521,1.1518761592395284,0.5814263341077528,0.9672910796375551,0.9612978481624069,0.7277091680378,0.9473396328354816,0.8225241865960016,0.43389042011898166
2017-02-02,0.2839869082841093,0.43721793475777604,0.36446311790511127,0.45099491437088185,0.5142120021747847,0.571429764595203,-0.13609519358630973,0.026825252390951793,0.15814020215490646,1.4140224012272664,0.8928539332805424,1.9788594842818854,1.152043261007659,0.5837008488162112,0.968729584348325,0.9768245734429266,0.7333233587998343,0.9530926706466353,0.8059403947766905,0.43395046509154195
2017-02-03,0.46372785462087357,0.47103029993232054,0.39214935858757505,0.45953843848734394,0.4443956169342471,0.5743123022789002,0.033154615468418136,0.06526108989027724,0.13286673824097353,1.4141796688883517,0.9075050748970978,1.8758143505809641,1.3372487962547321,0.5864849549511282,0.9730374030793327,0.9448716815181774,0.6845868172166436,0.9490616528581458,0.8104851717068655,0.43505192156362055
2017-02-06,0.33140054958283005,0.46447602687576456,0.3894260556867221,0.4175677093685771,0.44419857525866024,0.5742744404710196,0.12143619839127817,0.03843413337049739,0.12238110521528937,1.410802107590693,0.8905368028685811,1.9204912439437107,1.3426922855529106,0.5867044096113033,0.9727740833200245,0.9433339666048043,0.680153160023942,0.9077147882140869,0.7629052263656639,0.44104644826660494
2017-02-07,0.33015448274096826,0.427777800275874,0.3798300434982602,0.41661634174005996,0.42699684141222605,0.5719464015416388,0.12407433768199638,0.05515752257485129,0.1047836130655492,1.4113608647719922,0.8908050518163037,1.7631106069155817,1.342876712961739,0.5667811983579853,0.9539852199969261,0.8930190744416943,0.6811606001009319,0.911475881709343,0.7609703085178917,0.4469070104434329
2017-02-08,0.3268176806294218,0.3246256088083164,0.37995844624821545,0.4073103357873943,0.4265896613075821,0.5718556438593633,0.1423665612254288,0.06170822266031717,0.10280785466720731,1.4084221209574943,0.8917829086755085,1.7521475557193198,1.3566968033154367,0.5401156060863178,0.9010661145698687,0.8658896703576565,0.6812412647903034,0.960095544877597,0.7609989811549517,0.4469245734136165
2017-02-09,0.37719021520573426,0.3741950990337444,0.3954975925530481,0.4154722035591028,0.42893015400836865,0.5737826093078031,0.24783899826067657,0.07724254566072841,0.1165378033046401,1.4091114905499398,0.9044786348128502,1.7925281033224965,1.3858055886694771,0.6947966903239886,0.9011554334249934,0.8310702541634847,0.6458853961122354,1.0463154459505404,0.7351265479074692,0.43787071176853637
2017-02-10,0.30757520735186983,0.3799466329709354,0.393640171754891,0.40746257976230643,0.4303944035174299,0.5743182380588212,0.18891195216657053,0.10952524951193698,0.12180547946222402,1.4029619429881555,0.8752958838768096,1.8459881510535014,1.3680581548653497,0.7856891491082675,0.9344729811303197,0.8614530623699993,0.6862564651059878,1.0888330412945086,0.6127256818644574,0.43460165360971603
2017-02-13,0.257369787448256,0.30123690402487097,0.40481982419443235,0.38857406163911384,0.42532279656246075,0.5759919900913508,0.33350309736285055,0.12525887571289918,0.117871546820959,1.3943225708335218,0.9041120843122189,2.1696412779481085,1.3937545325295473,0.785680749768596,0.9345314082355386,0.8773084584306399,0.6960881718769462,1.053303693449722,0.6086634106264858,0.43809626300296917
2017-02-14,0.18010467039057398,0.29321767931411313,0.39286925154609814,0.38832056461002556,0.4249268587043484,0.5766746280681052,0.41253977275480747,0.16285266801879306,0.12766110891473983,1.4025002748312425,0.899310249841667,2.088275413048126,1.1223203381476086,0.7598283694267849,0.9108438441362943,0.8206085537264223,0.6996275047862072,1.0040819492597677,0.6192810040259782,0.46691088960309346
2017-02-15,0.08930745701015154,0.29108171078289374,0.40089854524145907,0.39133982042057025,0.42505035358013127,0.575708828439467,0.4907425582012248,0.177903852982369,0.12779332686240022,1.3961591861757123,0.8995148172100503,2.0609498202594714,1.136248946978562,0.7580540008370324,1.20334241407855,0.7952794307892351,0.7124939883460234,0.9978253236931369,0.6214564148710318,0.46132860082104554
2017-02-16,0.2554230442390267,0.3089042352794051,0.38512306690505976,0.39209551865245207,0.42348083083824994,0.5757445377652078,0.35506377013893253,0.19217109888762796,0.13010393997142006,1.3944601934605885,0.8929101427454019,2.0555733363241817,1.1094984859627262,0.8742162695957727,1.2060284880484737,0.7267960263583886,0.7140193609567238,0.98215734578551,0.588445752091552,0.46343405243947233
2017-02-17,0.2679365597979866,0.279049230581008,0.38294966637892214,0.38949248826276517,0.4154829944066988,0.575288459735471,0.30764901424065627,0.18167855240005526,0.12014422630056494,1.3930499645931367,0.8852361250062205,2.036158311250344,1.1221921050418129,0.8686390460431258,0.9959390417730404,0.6486001055300301,0.7202849520629655,0.9752775894200157,0.6092969851056375,0.4646798181903657
2017-02-21,0.2799801783240349,0.2536664178456468,0.37876263059823023,0.39251705538520637,0.41989981273635213,0.5759919015681134,0.31791550099011356,0.22446706573317932,0.126815018529805,1.38634587267949,0.8882873943636427,2.1683063601134207,1.124168298333048,0.875883144994461,0.9831793452073453,0.619179908252931,0.7205727046047257,1.1349018779628792,0.5934548203856261,0.535042297167993
2017-02-22,0.3258063676634634,0.26807697751739573,0.3715965760423608,0.39115163966205724,0.42072430341523204,0.5757650833892077,0.22025096200646965,0.1879694586534203,0.12442899976422153,1.377603027848513,0.874140277752189,2.126486252311978,1.1114510249671705,0.8392763933607653,0.9724148437108682,0.656628527635125,0.5270531536279889,1.120353325239752,0.5767915349354648,0.5382447767569246
2017-02-23,0.2808540470868805,0.2736296013908802,0.3361626133543982,0.39120760528016035,0.41952587237605715,0.5747997984778611,0.12939001109788295,0.14807766655178967,0.11936455251490895,1.3826381180023746,0.8761948829464378,2.996292129753947,1.0774635262627665,0.8302281193467044,0.9528102894976821,0.7066371322727182,0.6111154667638993,1.111180081436898,0.5857108215660142,0.5381714797569034
2017-02-24,0.2552064055183184,0.25937151832716815,0.33095163503979674,0.39063463159065365,0.41234093755147877,0.5747718676932125,0.17178551513806317,0.15964827248784064,0.12930392410486713,1.3817144608523877,0.8548218626562165,2.973924434745266,1.0999679646992964,0.8172708282386927,0.9340503217743732,0.7136603256477374,0.5882848304667281,1.133194868280973,0.5943178626244469,0.5369948145706082
2017-02-27,0.2552251009683485,0.2569139067310183,0.3224828854495885,0.3596547858790097,0.4122666283578408,0.5738106975529703,0.17152643671083156,0.17531050464661913,0.1286582867147758,1.3780746648683377,0.6747911041712206,3.0206368023175347,1.1001835594810223,0.7947572918299821,0.9387434457649806,0.735029255458734,0.5741615646707011,1.0766527506807009,0.5421243694724942,0.5351796140223387
2017-02-28,0.17735136827221698,0.27779615773052085,0.2842568674335893,0.3645892376358092,0.41273912257492607,0.5743200196594316,-0.0015632713369462259,0.19282288135182402,0.12815827344811828,1.3695170587581793,0.645330339264446,3.0606358718799904,1.0609362930736506,0.8068390305598016,0.9375793314482085,0.7230706392550723,0.5705076120063861,1.118092811662621,0.42045367191197575,0.5596409072984893
2017-03-01,0.6400593930076283,0.48047436813379624,0.3874342951205884,0.4071429033284283,0.43898876619043786,0.5868573473667277,0.29613851764694665,0.26325089752255504,0.15761332571725037,1.3888847593358706,0.7117360802065646,3.080400151390243,1.1637716844460688,0.8072939957355101,0.9268074323430006,0.8442173940357289,0.6013080689754813,1.1398843732292474,0.46206865406817693,0.45374654187831887
2017-03-02,0.76590718914857,0.5440413679931915,0.43389042011898166,0.41508687162621016,0.45043458728920766,0.58980260245558,0.15665037186548325,0.22978737559750498,0.14628282635660625,0.6276433672878099,0.6847649963690154,2.969561601368354,1.252731989002703,0.7960470988475193,0.9491681658975152,0.8037551016807923,0.6097908995600209,1.1135022955144924,0.45093253835349406,0.4411608242223957
2017-03-03,0.7670619062932029,0.5391357674626063,0.43395046509154195,0.4086597750487835,0.4465706850528154,0.5439761928671843,0.14386225026833177,0.22963763345150098,0.13731753587317894,0.6137516960723698,0.6667544960060768,2.935310528651331,1.2384456306933023,0.7951804594567676,0.9575529064189209,0.8274728938704162,0.6135544403469962,1.1503260472708463,0.4487718508277312,0.44321756449697647
2017-03-06,0.7917066513742851,0.5580569673753959,0.43505192156362055,0.4129406310160495,0.4494236914404555,0.5311865986704726,0.05305093114507109,0.18028458356578236,0.12707530645045667,0.6367938100182764,0.6467547235754264,2.935151882087967,1.1155237208343618,0.8149603109928812,0.951424398712841,0.8335342912200199,0.61857231985904,1.1483204679134449,0.4600665494568329,0.44019083882225213
2017-03-07,0.7947398975426969,0.5434691117640498,0.44104644826660494,0.41639108777463063,0.42506851590124667,0.5135630543918546,0.04729582680300437,0.17428778845475557,0.10029566184881471,0.6269115765725789,0.6464273195684235,2.8658956915851848,1.1186370980778453,0.823557966281207,0.9523585257282084,0.8355833269839569,0.604647591451971,1.1462016580349883,0.43217137809963574,0.435886981821486
2017-03-08,0.2494692464246341,0.5465349270389384,0.4469070104434329,0.4131220964525147,0.4262186096752638,0.5140704999708269,-0.26978024412199764,0.16478725207155653,0.09311987802052538,0.6317799048668397,0.6634789305432098,2.8165273658541543,1.1216719004407518,0.803720752089164,0.9465886552330166,0.918856887976553,0.6003311155755285,1.1441688412692432,0.41078236124919754,0.4389649159846182
2017-03-09,0.201381445623172,0.5475093841857632,0.4469245734136165,0.4127429589960749,0.42094406265397066,0.5073304655280321,-0.11846814501063507,0.16457869903848898,0.08516758707342863,0.6422873433412594,0.6719954216778085,2.8216860953955964,1.089523753129819,0.801441851608468,0.945227816456532,0.9259872300485157,0.6255331628558302,1.1136929485822629,0.4107139204840121,0.44292977796369526
2017-03-10,0.2883634696527841,0.5568806951892356,0.43787071176853637,0.41359496426571857,0.4214827144794712,0.5059710058852788,-0.06097440973625856,0.15243428145226723,0.09291967032050762,0.6336561058116347,0.6317200634009846,2.829371915365457,1.0650526353084888,0.6846719979963248,0.9562179541897056,0.920659708258768,0.6304240443262672,1.0424157160795977,0.4039214912595504,0.435178279198706
2017-03-13,0.2572450220425388,0.555459838874531,0.43460165360971603,0.40948364744019244,0.41470148084855907,0.505938548194054,0.008675259256649692,0.13522541033830215,0.08263769839596406,0.6258013026004878,0.6380111309821122,2.9063843654989454,1.0601398937497049,0.5468201303967203,0.931132076115448,0.900023368535241,0.6212505193217928,0.9718879816454324,0.41177227958369905,0.4352712402009679
2017-03-14,0.2837025559372456,0.5633304661743951,0.43809626300296917,0.4167509627693499,0.40201356052307563,0.5077608883634468,-0.008116616262914267,0.08888286004831436,0.09001771049010492,0.6143453454064521,0.5997632735175009,2.740657326671414,1.0297111056699073,0.552299238013503,0.9372238352265478,0.8923468923183052,0.6230113466484782,0.9836522770234676,0.4302473813099482,0.42794734001056833
2017-03-15,0.4561781284324386,0.42660796423123026,0.46691088960309346,0.42668594948487126,0.41229865063567633,0.5038724113581619,0.20207381688518877,0.11217076310415186,0.09757728418159693,0.5940097221565546,0.6056854862204786,2.746779348168964,0.9753584687082247,0.5436406642658856,0.9258016962087232,0.942507534703696,0.6618700150969921,0.9557061665680211,0.4279229508240077,0.3835554562293056
2017-03-16,0.4911128437796952,0.3786865838659611,0.46132860082104554,0.42968950374011294,0.41231104747553193,0.5020881651138981,0.13738064731327215,0.07623822131650082,0.09756016990775643,0.59279305458938,0.6068918775304695,2.7651922848701163,0.9457547344262468,0.5328419662682686,0.41836676409866386,0.9370145313054533,0.6925558706353323,0.959032363723828,0.42810290861674744,0.40354850213042
2017-03-17,0.490416842122037,0.3824397459429738,0.46343405243947233,0.4249835547367913,0.4134934417006722,0.4992919736921112,0.032176553380085515,0.07171247726255547,0.09100368514200967,0.6090025042575691,0.611725242146562,2.793208723486505,0.9776723034926946,0.40495556665840826,0.4248682414120612,0.9087863993406767,0.712359648239176,0.9816778511403516,0.41701978479452717,0.459589578195463
2017-03-20,0.49414041200755016,0.3714208457178861,0.4646798181903657,0.42490059152914544,0.412453339244932,0.49276322501858505,0.00014275375197048135,0.05834884521613071,0.08274610794267723,0.6398842839545325,0.6112057861578382,2.883125615054167,0.9885511601320166,0.4072856041519202,0.42182824938711627,0.8961483319336039,0.7167602435234574,0.9711283035612469,0.4255437285833461,0.46278211514199935
2017-03-21,0.7610142712322312,0.5489870356463294,0.535042297167993,0.47613234263727305,0.4464092227958537,0.5061183935876901,-0.18011829382669875,-0.03562558865588872,0.06598471434118401,0.6949642620797964,0.6606312741679805,2.8585788643031527,1.161866031374347,0.4199263644866934,0.39501813988328477,0.8968680262719656,0.7506856374512024,0.6876804936706734,0.4770972625901057,0.3647101320620496
2017-03-22,0.5737632757501392,0.557263042864356,0.5382447767569246,0.4684441240763002,0.4458185135177407,0.5048607980808871,-0.3061260511365771,-0.019423490181609826,0.07278437555235698,0.7304136760539656,0.7193182170386879,2.901829135758158,1.1633016182736278,0.4295630748977777,0.3941314072642063,0.8539941000759547,0.7857680153498493,0.6928991151495797,0.4795297536659334,0.4054920804999991
2017-03-23,0.5794352892495818,0.5538170113353117,0.5381714797569034,0.45179373215576785,0.4463073517069954,0.49704182752492404,-0.2881407831162086,-0.02814447723702207,0.06856649447620174,0.7276783811028474,0.7173636431119887,1.9564696517948792,1.1616333514804222,0.45229237287244345,0.39061938873831326,0.8216332047420513,0.7098449558874032,0.6928059183183007,0.4680779739579568,0.4117927354225551
2017-03-24,0.5862270984936553,0.5334642004190433,0.5369948145706082,0.45152371813634234,0.44604134878812,0.49335333838865525,-0.26753859003284974,-0.038118549030172755,0.0632214427031578,0.7320285646516026,0.7180943821084992,1.9508962337928781,1.1507766832888158,0.4528042847127869,0.39296621555114536,0.8170646185323376,0.6481334991515072,0.5866401647026469,0.45912698665271073,0.4772485452586427
2017-03-27,0.5867110281222737,0.5302897662275596,0.5351796140223387,0.4509332446905215,0.4311112166801301,0.4927735772767879,-0.2661253940193786,-0.05106411246642184,0.07528431931906626,0.7319539096988177,0.7029526854159442,1.8566597044918496,1.1492724109649575,0.4529519552516685,0.39169297280021836,0.8066101547103999,0.6424564324360571,0.561757186410954,0.4583112042701522,0.4885213597773003
2017-03-28,0.36032649222615354,0.5855727591515055,0.5596409072984893,0.4489984681894059,0.4390341900243005,0.49336144924350456,0.1362027445291103,-0.001184084689374587,0.08778445797169555,0.8485352916079998,0.6960144862519215,1.7280825222446836,1.210873229379723,0.4339859158400371,0.3952747921183519,0.8206546067577295,0.6414739366132318,0.5551561486570434,0.46808132859896173,0.4670476815846193
2017-03-29,0.35613652696537873,0.5002854207513341,0.45374654187831887,0.4486783517385898,0.43498182487237835,0.4922711171435746,0.10783985576546584,-0.06649815565198003,0.095434044525274,0.7357034614877961,0.6159317332296739,1.717698656748498,0.910144925510985,0.42550535397706746,0.36412160317435416,0.6661076507179291,0.5939158443585533,0.5470395737868399,0.4528401804038377,0.467023198043604
2017-03-30,0.3426032070801145,0.5154182730458018,0.4411608242223957,0.4499058548715228,0.4270795328578478,0.492736562125157,0.19286446341997499,-0.019090954348399136,0.08799107078101424,0.7180048520908336,0.5118413096858905,1.4867112867470442,0.8930138853900399,0.4053200258743336,0.33092181903470275,0.8132372498376893,0.5943945886576608,0.5990534930011856,0.4521510327395486,0.4671411781049546
2017-03-31,0.37916206219737164,0.5173078316202889,0.44321756449697647,0.45304471444458205,0.4237820911202535,0.49203392116472044,0.16083611147457821,-0.033875083728611144,0.0741959340379472,0.7155910726786294,0.5092305590419045,1.481370300944697,0.9039685262033998,0.4168711764576593,0.32707447096921666,0.9069849413028293,0.5947236143225486,0.5497782743339068,0.438850551960273,0.4648822111445168
2017-04-03,0.39264471154232894,0.5184822108356371,0.44019083882225213,0.44463250879702365,0.4245374572915987,0.4909648516090415,0.14658051894396396,-0.027681715516698624,0.07262131931312031,0.7082139195200723,0.5261894028827477,1.4702510781613696,0.8902426164112576,0.3795471243817179,0.32802173283647557,0.9005631394718756,0.5945223504046157,0.5555842859654309,0.4200258508911688,0.4616025283265624
2017-04-04,0.22230025679524223,0.28953414540091665,0.435886981821486,0.4427150422032034,0.42288355109066333,0.4751394986142455,0.013793837185887003,-0.009559582093653929,0.067720779910533,0.7202270256946633,0.527176309950858,2.228910390032838,0.8959059163325637,0.37862995947712413,0.3342231230350639,0.9013978993987668,0.5944665926288496,0.5539708947189732,0.42357864674038076,0.46366331978522485
2017-04-05,0.253754319652546,0.30532788892444046,0.4389649159846182,0.4466298501929454,0.4223813302059597,0.47644771620220616,-0.06435556283832522,-0.015141985331061925,0.06826759643844864,0.7268731795983299,0.4964308412152107,2.236459340848342,0.9282919640888739,0.3874235329209313,0.33294246403469074,0.7959175008466641,0.5931251553095108,0.5639427180569742,0.42384734199282953,0.4558467106350242
2017-04-06,0.23986187871757217,0.31176502284035523,0.44292977796369526,0.44774358105590567,0.423169874739339,0.47522467045686445,-0.07181205744714259,-0.007426932457526014,0.07295332974709338,0.7274783771137637,0.48713587535536734,2.2406157886246705,0.9262538648220795,0.38833563773901714,0.3558916577333754,0.787660777013625,0.48641463912004645,0.5724274538032224,0.42363255406000366,0.45907965407939116
2017-04-07,0.22456320721537762,0.3132907452616732,0.435178279198706,0.4406896942860747,0.4228529202298929,0.4755440095409791,-0.04564856671830153,-0.030043622974121886,0.06654440137962457,0.7319022618189946,0.48512556099026843,2.241363082179751,0.9263876495089854,0.3738848078307361,0.2934998536167173,0.7916971957750691,0.48325878874383343,0.7184816241915467,0.43682638216451636,0.4575900651793452
2017-04-10,0.2153054366502909,0.3082315286811228,0.4352712402009679,0.4373608504987537,0.42079569680768214,0.47383493414944333,0.0010403179758688985,-0.029590450836893822,0.0717200696711151,0.7340506007761116,0.48097428933923664,2.222441755606106,0.9230388064345496,0.37236997791823995,0.2953843671403165,0.7924669773714722,0.48095228149613356,0.7118974623196551,0.4248412889986734,0.459454269619282
2017-04-11,0.21749558773845346,0.20895628791423665,0.42794734001056833,0.43077570031369644,0.4209856850562616,0.47169563716449253,-0.03551187405475664,-0.016408396541614523,0.06591111307319966,0.7811620867739384,0.46618330813806225,2.225610762147,0.9176253159869004,0.37045928966759956,0.3057743946314326,0.7858947812156422,0.4723912482041522,0.6851007143196749,0.41436121832348927,0.4572407637884823
2017-04-12,0.2640449198012608,0.24414135055266603,0.3835554562293056,0.4330186153484949,0.42257473446887583,0.47384837676307223,-0.06369411400835023,-0.08158396805444668,0.06447982102283274,0.7478939493781664,0.46491530635811523,2.21940986334555,0.9091010379153612,0.38777872001033364,0.3180397875178235,0.7397610607685162,0.37995790630721654,0.6804038417097753,0.40246306194646964,0.44552782647057865
2017-04-13,0.2871767701028025,0.26650605749505557,0.40354850213042,0.43746081326290703,0.43194820468628337,0.47792825638362674,-0.24981479398746398,-0.10422579278271005,0.049972093838719915,0.7583228772567906,0.47453661121319873,2.2199719352394167,0.9265279899882328,0.396699611552826,0.32180825500777566,0.8219965325521104,0.3781025257572348,0.6878430891118787,0.4002012971871023,0.4139609901303792
2017-04-17,0.5922082287651409,0.4222512629472877,0.459589578195463,0.4597887034941743,0.4415689188723479,0.4835554664067785,-0.05222976834716064,-0.051145203405933426,0.07091279091475,0.7573008247662867,0.5017833229782148,2.3557614717020785,1.0239027317053289,0.392485757817285,0.3238845952779724,0.8222770724135455,0.40809343113223306,0.650571234009857,0.4123068822809046,0.38815746471652623
2017-04-18,0.5969393824533588,0.4281421210712466,0.46278211514199935,0.46169266660169755,0.44235742362724245,0.48380480392606146,-0.12382577512964454,-0.06058258305729758,0.05981493818629612,0.7284915717844982,0.5033427249281881,2.211251172844161,1.0265550009261872,0.431749654568002,0.33655762621189794,0.8340927731574515,0.7859190075124497,0.6530049824132066,0.37793603836244866,0.3790274130710435
2017-04-19,0.5975116540269441,0.4272575259816912,0.3647101320620496,0.45221451447256733,0.44152969105920975,0.4829100116257617,-0.13678953602838773,-0.005576207092036767,0.061088423328417935,0.6839364292077726,0.44794265596964594,2.1189505106213615,0.8242020326295576,0.43622532563806665,0.35785778725127343,0.845670299238063,0.781103671039712,0.6466768294214754,0.3309859590544407,0.5683263890687272
2017-04-20,0.694169329785609,0.5038710790915605,0.4054920804999991,0.4708637604151326,0.445917218928862,0.48679381494591906,0.11363210148457759,0.023355570100841994,0.06396717952421747,0.6946035911665213,0.3797616120820146,2.0950330808300746,0.8824550366486972,0.4381765644967592,0.3603720545575537,0.8610584677178333,0.7827496757122152,0.6637685697856139,0.3790692605121067,0.54633992069724
2017-04-21,0.6144516344390867,0.5056870257948101,0.4117927354225551,0.4734370316819617,0.43593258298796494,0.4871367142241879,0.17978459107197864,0.012755550764336765,0.044229580026368114,0.6895976031370822,0.47667948395312026,2.09584932137567,0.9174938235468665,0.4179389490041448,0.3951422734747572,0.8636115383137409,0.78250391513293,0.632481403530155,0.39070805391536745,0.5565054197930904
2017-04-24,0.6798519229460384,0.6182769833233963,0.4772485452586427,0.5045016729625911,0.45622125112600365,0.49446666470211215,0.22255084200591302,0.07137715460375726,0.0643022926871417,0.7159615169416201,0.5941146647183796,2.1185734218551224,1.2296249028233566,0.42270983565424225,0.4670327244813411,0.8566337571134471,0.8181643940867763,0.6247174172457973,0.4232823077688314,0.5134980752989391
2017-04-25,0.622786857301752,0.637629058677871,0.4885213597773003,0.511953863329874,0.4601013793030829,0.49632394413537123,0.39860583357238744,0.10560022384064394,0.07661553867361375,0.7250049985407766,0.6002458294882936,2.1533614319625385,1.242819868181163,0.43063882078841553,0.48080025234563406,0.8737359725920321,0.8234092186552694,0.6210096982523005,0.504796059821942,0.5000176040562201
2017-04-26,0.5963057450434135,0.6353662891101197,0.4670476815846193,0.5099152397093983,0.4513393131213917,0.4906627050646505,0.42278530935295766,0.06606943411392507,0.08590274359212484,0.5793304373175427,0.6048305538903723,2.155236777342588,1.1946771513702599,0.43158511279735,0.7356377050391116,0.8630259918820185,0.8241309997825851,0.6072761498714909,0.4955329625821244,0.5014255805043097
2017-04-27,0.5651537271905469,0.6029220225401679,0.467023198043604,0.4593869858850251,0.45116815816378425,0.486258915165427,0.27679522511961707,0.0655944124393798,0.08744905143665159,0.5772651696800899,0.6132104397508343,2.188085308414474,1.2107372886465515,0.4533954882738127,0.7357121834001279,0.8616603489601646,0.8172826849641338,0.6089734727012943,0.4772616943736446,0.5105962126622428
2017-04-28,0.5398467782973341,0.5487618701201302,0.4671411781049546,0.4494302958175598,0.45285320963454023,0.48436567501085875,0.2969424170473234,0.038775039171173864,0.08315715347342656,0.5769345327134209,0.6123506887800012,2.152465019012077,1.2023624342406665,0.44985897005237624,0.7350384210503578,0.7212459148588506,0.8173913420539696,0.5894710291803622,0.4721525418903041,0.5066907769325468
2017-05-01,0.3079846774408549,0.5000946724768067,0.4648822111445168,0.45099508303469427,0.45337030388323885,0.48405295329321246,0.12738921471831421,0.06301543041469126,0.08625932671252705,0.7340475374502345,0.6669321447140754,2.220348142663536,1.1655478693756574,0.43805002712279933,0.7333043964175956,0.5782421248020214,0.8174482334652359,0.5814672614901301,0.5090858323809226,0.5061934001288564
2017-05-02,0.17445314283041596,0.4754265274352501,0.4616025283265624,0.4481478481521545,0.4464318663011237,0.4444770159891458,0.01856164023827045,0.07359550416422056,0.07539945740443477,0.7432480792894361,0.6522926672464112,2.3111194655589506,1.171667764597745,0.44125635291265847,0.7594939724380398,0.5780235888836023,0.8202549195062594,0.5670629736908388,0.5135542720834101,0.5065313122834761
2017-05-03,0.1830398195342911,0.4700864822346966,0.46366331978522485,0.44575620619538375,0.44594009757707115,0.4437983089475718,0.0068549120072414205,0.06433470281926368,0.07635430306012175,0.7348461413325512,0.6658752415155617,1.6706106035122088,1.176858955340832,0.4275087710265828,0.7591321327242375,0.5996816500984151,0.8223000646299768,0.5672500837394377,0.7523601464555898,0.5304598889219132
2017-05-04,0.1871241044997113,0.4204383007248229,0.4558467106350242,0.44461631086953785,0.445869529088107,0.4349014259268638,0.013539745344826049,0.08506823948516762,0.07823783540855407,0.7289051300373768,0.6718300148745552,1.6621265258872366,1.138241974810184,0.44787242582734,0.7585192139809886,0.6646425272928808,0.8311089104265561,0.5488419562393064,0.7561986575910891,0.5329553676320324
2017-05-05,0.19760253786955662,0.39253840852314215,0.45907965407939116,0.4480202254323527,0.44768303780029645,0.4355404466147079,0.13588045201408328,0.09069816653648033,0.08261664437248109,0.8033221029470587,0.6718602053296431,1.6578989513468094,1.1369169312155967,0.44731813214817123,0.7514536521871709,0.6593018952028078,0.8322537406006691,0.5296537420227718,0.7777248870937411,0.5302597636585462
2017-05-08,0.19463266447273586,0.24405505328312743,0.4575900651793452,0.4452849564281106,0.4427892184349849,0.4346433800308692,0.082134032363812,0.09496108018521965,0.07245057955445498,0.97567730705591,0.6721339011332105,1.675421611312734,1.1334163188198596,0.44903915244073395,0.7523476378015067,0.7018065667283525,0.8329003430543886,0.38238901021678634,0.7803426873339278,0.5377456989712516
2017-05-09,0.2100318620316591,0.18310209471012504,0.459454269619282,0.44570544783800853,0.44124060524783326,0.43497398834528933,0.05623531984370045,0.08739425463117845,0.06434307137752891,0.9720038306238841,0.6634366258418132,1.552017662859617,1.1344936214164523,0.5028210661958114,0.7464011570563694,0.7110202078332417,0.8275558101746271,0.4031596154990764,0.7926204851344361,0.5367899967561668
2017-05-10,0.18839736922393674,0.18439419699719833,0.4572407637884823,0.44123729438588033,0.43700995355347777,0.43043206004662576,0.11644031598711857,0.10232275032973248,0.05826573794547743,0.9334741912940959,0.6590594648502065,4.2221556117486685,1.1444177719622026,0.5013372189866405,0.740117977476538,0.7157334310436003,0.8299103398521313,0.40891550544717775,0.9118021167487023,0.536420349151675
2017-05-11,0.2367171247057553,0.20218829796122958,0.44552782647057865,0.42211900044755374,0.4359688840567272,0.4305232567718523,0.05211051166859715,0.11401939590440446,0.04820206365136988,0.9365885330027282,0.7276558779227144,4.251851402857521,1.1428302359993128,0.48554494095540196,0.7219350358869461,0.7407034195734983,0.801214440105562,0.4635221713624444,0.9115331774022625,0.535072114088898
2017-05-12,0.15213098946756035,0.19571669716188264,0.4139609901303792,0.42176314686053634,0.4323369449555128,0.4293462859683993,-0.06006119870482163,0.13813656535714092,0.036716331296977225,0.9310481079076294,0.7156887074440395,4.18284653686188,1.1070642343118304,0.47909748122794865,0.7229558939485995,0.6431574302291959,0.8049492523213208,0.47557546520131677,0.9108821894362806,0.5324360181433306
2017-05-15,0.3166181300623773,0.24822258124908325,0.38815746471652623,0.42888637611678804,0.43709883037848,0.43054181307089506,0.0537481829187092,0.12145556800168711,0.047340947286103045,0.9475696025396289,0.7045113728042885,4.222814050468329,1.0470857345601854,0.4641334558951219,0.7148858084186047,0.6421433439404577,1.0079421503731396,0.48877982124475283,0.900187030791632,0.5297326039195315
2017-05-16,0.31659004830844956,0.25328627403716253,0.3790274130710435,0.4287388397511475,0.4372172580089736,0.42644694174251613,0.05379708155175189,0.13179996880152756,0.04318874365345356,0.9343596107151199,0.8037959454079274,4.207394367583177,1.0258552040246667,0.4194862414858957,0.6992056792318083,0.6245730290791758,0.6865860712151554,0.6216767934170201,0.9089739245249421,0.5304210488831902
2017-05-17,0.8607649030949825,0.6341781359756634,0.5683263890687272,0.47224569246106674,0.4902979169345979,0.45872088558078933,-0.33699017474928317,0.05227259064950862,0.0036902649671943714,1.2630791776172983,1.050149171294202,4.598006103322804,1.3433235929803236,0.39415173376141327,0.6961284396603613,0.6237092727557003,0.7176709833562398,0.621339842245171,0.9523700755803017,0.310603029226402
2017-05-18,0.9246155943957115,0.6517438252902299,0.54633992069724,0.474909194421798,0.49282747360863693,0.4597531137811415,-0.2155714982765522,0.03171849596412202,0.011883525294451388,1.2746710090083901,1.0443489000610944,4.641981450889558,1.3100728426898665,0.3926740807824345,0.6982417142572098,0.6190322225808311,0.7162259572197862,0.9182027343789305,0.919959572970442,0.3070011495815694
2017-05-19,1.0041832547264018,0.6771074947594681,0.5565054197930904,0.4844137415983942,0.49964007379262826,0.46199836337424716,-0.052070028131576684,0.08017291055625209,0.02159466136118892,1.2694917286433371,1.0078232954316837,4.638657006364106,1.3028162352071173,0.3927300122310501,0.696611169467621,0.6086327082100864,0.7141820022203492,0.9677394298953871,0.9552504341035203,0.3248909840759491
2017-05-22,0.9976507783729158,0.7004067868813355,0.5134980752989391,0.4894217267739705,0.503406048625198,0.46101221294446665,-0.060987235319593935,0.05057104867031037,0.027943218081298286,1.2635947374489243,0.9678144583596446,4.639675566012192,1.008928754730307,0.40194840914827235,0.6395431976270597,0.6061267961586784,0.69411147226862,0.9696505408433341,0.9559169386865873,0.36292203085644176
2017-05-23,1.0050363345962945,0.7030193361600937,0.5000176040562201,0.48932492776861725,0.5037567197754951,0.4610741585859065,0.001580176442401715,0.032543554519031126,0.029026555297751066,1.2669995694475356,0.9630434476710374,4.686213443396756,1.0327790491018727,0.3922614875234976,0.6187682909258733,0.5898868995008518,0.6914207465780751,0.9727480984903324,0.8827755519248581,0.36266767620984375
2017-05-24,0.18304009958823778,0.7045113721460832,0.5014255805043097,0.478383099580813,0.5028835000100598,0.4603480810185445,0.4031035694531271,0.04735215567455098,0.03741250169970048,1.2574711916631023,0.9616598039395974,4.660076211054128,1.0300684768211237,0.48724187338073627,0.33089178727592294,0.5876331622443765,0.6921679738987356,0.9829726534864199,0.8977534784756499,0.3620239677350873
2017-05-25,0.18607194928535542,0.7119697753151469,0.5105962126622428,0.4829817995638211,0.47379894319212107,0.4598677271779357,0.4181355563846223,0.06705357878037332,0.02204994518925769,1.255787175641156,0.9878506634405094,4.676812871145451,1.0161026608101429,0.4748113991547555,0.3483720136323625,0.6091507044348732,0.7017887663234414,0.981830247683935,0.887591509252793,0.34947505651696015
2017-05-26,0.21623358780188048,0.7073264252101846,0.5066907769325468,0.4814167496462286,0.4660596022261484,0.45996446597877494,0.2839253003712039,0.07691863138722221,0.03220090540333231,1.257279168823711,0.9906089446014515,4.637861323797494,1.0074705673975222,0.479821040327663,0.3541232205896649,0.6055727341334093,0.7120210469832415,0.9786595927773479,0.9442102970685519,0.34904817753683726
2017-05-30,0.22567250868013922,0.6922269088432615,0.5061934001288564,0.47970851302666806,0.46629357738014726,0.4578160762510446,0.16498817298137736,0.059970788236076156,0.029703711640718753,1.1949799306073228,0.954653386343679,4.637207955174861,1.069346477757702,0.48085876734364347,0.3502129029676143,0.6093223870578381,0.7090450994561822,0.9790650905703209,0.9400011459235679,0.39822483877405385
2017-05-31,0.2368894105243185,0.6910099842487898,0.5065313122834761,0.4784100947849514,0.4643719997930648,0.45741545627752384,0.11576367485500283,0.05684406317321422,0.034252617273578714,1.2063809073642298,0.974980457924749,4.53651598377798,1.1480499056033473,0.4809415186019996,0.30174811555978404,0.6308097028924478,0.7264804333061329,0.9815967905222864,0.9401819227470242,0.4431687797393713
2017-06-01,0.39026048563615473,0.3017977567162089,0.5304598889219132,0.4921371303354804,0.4724834581643815,0.4481529220285845,0.22816440882239997,0.10267952987834061,0.05248488353465011,1.2004908671404717,0.9726770445302549,4.548296315401203,1.1740042559908859,0.4822663123337647,0.30030483856640267,0.6039046870931819,0.7172847773086976,1.0239151945672536,0.8024631952796545,0.4563926921885665
2017-06-02,0.3720014283855227,0.3003591248033283,0.5329553676320324,0.4897139700716209,0.4727952928120919,0.448502386987862,0.1991295267446147,0.11345102413032049,0.06112575942814205,1.2231316520281492,1.0873220131510302,4.551181940900102,1.1727534983176677,0.4673667537406086,0.3141735681177405,0.6268106562121114,0.7353336300279567,1.0244452783307967,0.8206756583688418,0.45165055994521347
2017-06-05,0.380499759003007,0.29606782246282465,0.5302597636585462,0.48954885617727417,0.4730317647015507,0.4460727028389352,0.18851612869296375,0.09007755055694233,0.05778292821196554,1.2137256937708534,1.0926217122058826,4.541312539032135,1.1764949185313172,0.4655004003270237,0.31394978249408995,0.6450008058341377,0.720434149878201,1.031844992338455,0.7965313696487135,0.45349892805671077
2017-06-06,0.43320841678889843,0.32586903753937685,0.5377456989712516,0.49294083632508434,0.4739154667852551,0.44718251684154814,0.14196459864007194,0.07492842980514114,0.04661529567207963,1.0598251241766852,1.089495919262732,4.5228604885401635,1.1781059163235035,0.4670104614086436,0.31384048346332816,0.6753776309066921,0.7101348798609671,1.1075943432374602,0.8104921612640629,0.4505034066031704
2017-06-07,0.4230534282631669,0.32523199036113276,0.5367899967561668,0.49317422221064267,0.4742522373277792,0.4439215046449042,0.1839382861212413,0.08876980474259943,0.04885786951229468,1.0586149063175243,1.094134798818305,4.507639868506641,1.216835790415572,0.4872773929954448,0.3082798082912504,0.6626549512882287,0.7109419982997972,1.099684202473241,0.801239542806651,0.49382414107456024
2017-06-08,0.2495051960465325,0.32519249322579924,0.536420349151675,0.4920790283526593,0.4708575749074023,0.4362809228528955,0.03474562913340362,0.08225585816491188,0.0560567373176766,1.0536397746772155,1.1110619061057463,2.8741583046024872,1.2394720098820835,0.5420155442580609,0.40481430336942137,0.6558682117390274,0.7035821480579316,1.0992236086348282,0.7323920636671504,0.5170786089227992
2017-06-09,0.19235801901246574,0.3113146344498454,0.535072114088898,0.4862108532118513,0.45939888300905973,0.435637119512993,-0.06217836353555439,0.0848788053292826,0.03910474439308012,1.3579403709660753,1.2028172799061385,3.2883367434805693,1.3584800884006716,0.5446668094481707,0.39477673287534437,0.7628462048194002,0.709443710372842,1.0831466115377697,0.8047029934899954,0.5165525037735508
2017-06-12,0.1930299787396673,0.3113101821994528,0.5324360181433306,0.471312359004329,0.45842884573852744,0.4350385121972554,-0.05153695601553876,0.09220861122926305,0.0420397946012313,1.39367949458254,1.2196729753764977,3.291109070007389,1.3569647871936896,0.539225582992876,0.3942390844228639,0.7947432878012155,0.7101623009630532,1.0733949836335095,0.8727807662312057,0.5168273540605147
2017-06-13,0.2441699684775715,0.33194367752476484,0.5297326039195315,0.45867378309755874,0.46110080262848824,0.43651523782041673,0.11018144646381067,0.08903674569141651,0.05311570342905672,1.4171905687003135,1.244414368394336,3.142651949621026,1.3546385423472063,0.5384928334715113,0.4005423418427517,0.7920883745790146,0.44482560212752914,1.0665636476520026,0.8714241125441549,0.532942876244419
2017-06-14,0.2595938278918692,0.3385856518895982,0.5304210488831902,0.4555914103367365,0.46120778001967005,0.43592687972102817,0.0478360327814209,0.08727954255001669,0.05283230943141555,1.4248370885480346,1.1772193885135698,3.1308829708571015,1.3534445523643441,0.546069886514646,0.4040614734816045,0.8262179237090732,0.4428365762107886,0.9836373464063942,0.8461597063684958,0.5329038542670371
2017-06-15,0.2808890916692589,0.25115589658671994,0.310603029226402,0.45573577741187665,0.4279116223387881,0.4354245040150132,-0.0005103537376172085,0.16637581341782837,0.07102406565843339,1.2378658783156782,0.9818010413668797,2.6327574655769443,1.0322185572159233,0.5506254538456776,0.45384844515051054,0.813347431886651,0.36188662329515914,1.0419359294686144,0.7734845770164278,0.5388047564816564
2017-06-16,0.2679413102013432,0.225685736060066,0.3070011495815694,0.44131661090020985,0.4274100148800601,0.4348806748317866,0.03421634666268325,0.14732576656409146,0.0674666108763518,1.1961428904001359,0.9810999800296639,2.5333885549717343,1.0345220421548251,0.538921374987303,0.4294559436026021,0.8732752787594368,0.3944302382714395,1.3127261705527682,0.7743058262776296,0.5389928203857266
2017-06-19,0.44044079020610655,0.34789885268047605,0.3248909840759491,0.4514351061531029,0.4379919786452867,0.4403680748868339,0.2048282957554859,0.1564331922010287,0.08312055117387249,1.3889378037183382,1.0082838827680711,2.602088727312968,1.1188879952130686,0.5390568671070043,0.42651225715730035,0.8998316115820881,0.40673216394246564,1.254785705479741,0.74870232282763,0.5074981516784061
2017-06-20,0.5471872537845737,0.4060318460025201,0.36292203085644176,0.4395311781688922,0.4483862586760447,0.4453598880025298,-0.027840700847920896,0.09732337930933477,0.0730905275278008,1.3830458300345931,1.0449366609785382,2.5889187238902305,1.13233898128825,0.534339775489528,0.4358717779887237,0.9045242556068407,0.4084648827164972,1.2559338542518066,0.7976418123470884,0.49232499416146386
2017-06-21,0.5444742714457306,0.4031819873868408,0.36266767620984375,0.43195761368672075,0.4479811477765694,0.43777626954240056,-0.007433067428970208,0.0850262315821737,0.07439000331394958,1.3968281841931574,1.0477281659594748,2.5516564155334756,1.1106947031899106,0.5794228648666958,0.4409076201441377,0.930567362503887,0.4104918549395854,1.2804055674436008,0.8218120135434523,0.49177569481151384
2017-06-22,0.5358853394042763,0.40353336846232934,0.3620239677350873,0.43183949286352064,0.43991698843239574,0.437824232877391,0.02198853453809546,0.07109705468907046,0.06150621482584883,1.396928669153481,1.0481482882542446,2.5713744220945847,1.1111489870714,0.49909616192535783,0.4547704018267456,0.9322597287006752,0.4192813569363478,1.2916714376341774,0.8081006347830658,0.49248597448851256
2017-06-23,0.53765322888237,0.40049792680588614,0.34947505651696015,0.43192806463632893,0.4399617801123569,0.4359613582880162,0.041514111309639556,0.05317040529534578,0.06193946550503296,1.3993649356954139,1.0549961543570838,2.686887211780882,1.106781553145342,0.47080182703390977,0.4554839675738729,0.9349061454593103,0.4126828077067018,1.2987403642853912,0.8084813358797854,0.4929855891063512
2017-06-26,0.32154584685643495,0.4000295747074971,0.34904817753683726,0.4295676742932673,0.4386725166766993,0.43135972338050055,-0.11183787580941962,0.057492398155872815,0.05772868957142296,1.3993363733705104,1.0774673576487128,2.667299522354024,1.1092160777025093,0.4777344462919388,0.452046012022811,0.9388873127224353,0.37860437211673437,1.321803713438661,0.8162616070056534,0.4943752835548729
2017-06-27,0.3791117993040622,0.4475779799687187,0.39822483877405385,0.44996397210345424,0.4511572793555029,0.43603655190278384,-0.1380692725930599,0.021559017915725454,0.04818174552216428,1.4218490723602684,1.1485162159163738,2.779573748289496,1.0351519165435412,0.5166451403364435,0.49999550887127314,0.9311529508849369,0.48111266493938026,1.3346062675802735,0.8161292411868484,0.4486110443997132
2017-06-28,0.6041884340864898,0.5429433058031882,0.4431687797393713,0.4697960562300909,0.46318385817319274,0.44242290539801743,0.04587102339890459,0.06755306871814915,0.0659975453518613,1.474620070886414,1.1530424668700194,2.8802198905202574,0.9511619337282594,0.5336007346193947,0.47529835740404586,0.9206222807590434,0.5276722801332532,1.3369939287454746,0.8803706254697842,0.41238729357718606
2017-06-29,0.7362144164360054,0.611713278754765,0.4563926921885665,0.49212181096762714,0.47897810169249644,0.44998505060791305,-0.1208388617380507,-0.016153762951042205,0.05028682324885402,1.4953521126751208,1.2227454998079346,2.992621568447125,0.968204383748156,0.5627395226741638,0.5917995410572415,0.9506023937485066,0.5789154206224246,1.2840140157248499,0.9064141655691492,0.34997031367641207
2017-06-30,0.7422616385604135,0.6160418053583475,0.45165055994521347,0.4925092187810394,0.47709563725477455,0.44870026649152955,-0.10744791756809757,-0.02347395578283229,0.058348435944218596,1.4418398790112452,1.0927242348318538,3.0104011056866677,0.9421857171608696,0.5594904491875617,0.578884105040018,0.8834843732444908,0.5485697623960661,1.2841655549900117,0.894087746487965,0.3515608542106333
2017-07-03,0.7497325937525141,0.544012286775955,0.45349892805671077,0.4897065522355276,0.47642958556685944,0.4487662612919076,-0.08668602969942985,-0.011308141442225583,0.05648919188373235,1.434764569201428,1.0881454283773133,3.0333122662586156,0.9977971345895051,0.5558925331706843,0.6011091809778981,0.9434628629471988,0.55435238971725,1.2604727460219944,0.920288752792774,0.35229814975077384
2017-07-05,0.6359349485814925,0.5120678421855374,0.4505034066031704,0.4905465313883861,0.4764931119098118,0.44858109296712595,0.12067014397065368,0.016235404248370888,0.062041638079577216,1.4366856951092541,1.1400272316411812,3.102474322952221,0.997044505678164,0.5580309218287596,0.6004312149196158,0.9649876495687745,0.5609421844858179,1.2204157881139233,0.976524876297152,0.3512213863355927
2017-07-06,0.5988867156048331,0.5869793307295165,0.49382414107456024,0.5131774949474197,0.49288913587939,0.45651821552555255,-0.24122949160287455,-0.03873887571287982,0.045808394553632684,1.4252924488509549,1.1453872479643112,3.0889024435239545,1.0118367439126361,0.5507968262956032,0.6036097456607405,0.9824360381569163,0.5988802375885194,1.218811866400928,1.0228506463272184,0.2695993751378859
2017-07-07,0.5816293309424994,0.633058316526638,0.5170786089227992,0.5220790259136077,0.49846809077342247,0.45942846288081624,0.06425366300409241,-0.008776754483370008,0.05860061800375811,1.4605923730126533,1.1935690658176807,2.627137066916635,0.99945917997807,0.5214493347837902,0.565222679513288,0.9802456123205628,0.5967783585632387,1.2187984671334946,0.9659091100114271,0.2412408916514284
2017-07-10,0.5785453695131726,0.6327562703718328,0.5165525037735508,0.5207136274290459,0.49420975405467465,0.4578563345143059,0.04844453330717258,0.004181768427849453,0.06769332322051216,1.2141474073318035,1.101716145354459,2.452461236942753,0.9366464305844299,0.5101058492020814,0.5751392864511655,0.8731458310892162,0.6017897859910111,1.3276088130718722,0.9228131968916927,0.24185916929580079
2017-07-11,0.5760522529373454,0.6319623092742241,0.5168273540605147,0.5199522340675329,0.4855658575168621,0.4578101488066224,-0.00032260667178984903,0.0014954458937116444,0.07728020749337186,1.0935606342408346,1.0875008664574404,2.468522039606674,0.9492031612209041,0.5098200858531329,0.577960707531807,0.8500394818525948,0.601881418664148,1.3370918905155356,0.8659266843703357,0.251701369844295
2017-07-12,0.6679820482498823,0.6149227926391986,0.532942876244419,0.5258356995047336,0.48206685591140347,0.4603198822583673,0.10373183568563427,0.014623001553826787,0.07503843841564346,1.0781563977944855,1.1153823018277387,2.6251618012062354,0.9621407727121711,0.5186411819150943,0.5810072907741204,0.8593924532082454,0.6260677831128217,1.346718973277946,0.873115789578506,0.20099022425287505
2017-07-13,0.3598120658657105,0.551825324317949,0.5329038542670371,0.5256223533703818,0.4796969708528024,0.45960737804615925,0.320225978953963,0.029358610830255705,0.08281270739393332,1.0979975085438796,1.1213748473804708,2.6476835553440035,0.9561596236987927,0.49547914670549537,0.5712815941242769,0.829715834765076,0.6148834136142867,1.3984409673350597,0.8696719409344057,0.38497686002298315
2017-07-14,0.3258903185347026,0.45928680183263654,0.5388047564816564,0.43727662548398816,0.480915257883206,0.4599895668271714,0.28380828830702587,0.06230290602779076,0.09365043669837592,1.0978993292456287,1.1465397736613177,2.700342455890675,0.9753213664251025,0.516829475581655,0.5205359825385977,0.8332333510542823,0.6271922035538978,1.4497478634597878,0.8879472443374563,0.37041383426896707
2017-07-17,0.3458448905238412,0.4629708670057852,0.5389928203857266,0.4351747337143935,0.4716821070099308,0.45711778094887123,0.2599008944963921,0.06060290538627666,0.07988238930483003,1.0342551776503406,1.1535368989108854,2.699175242300342,1.0017265176217232,0.5164434745568975,0.5314854065291167,0.7536565845192222,0.5845837329775413,0.991035390950435,0.884501941228746,0.43509469003028794
2017-07-18,0.31874505629173294,0.4640083761874145,0.5074981516784061,0.4260975168435204,0.46879067891404297,0.4512433453977695,0.28533139554087095,0.02162122084005791,0.08607577453244622,0.8343778530694727,1.1305938752867544,2.5890621336668542,0.9094324788038517,0.5140697885764623,0.6093733518165825,0.7358994265837996,0.7119374666760087,0.99114219879677,0.9066282179203053,0.4350902590991124
2017-07-19,0.24791168222331667,0.4806648543641924,0.49232499416146386,0.42697665070714036,0.45362136003293246,0.4530509295055639,0.2433132730201648,0.08241149502084821,0.07676864100016445,0.8038731288984574,1.0777724142757688,2.593756284287073,0.888814964852721,0.5061854720475609,0.6184046420259868,0.7353767042792547,0.7219783066635694,0.9970291785343021,0.8657030779619118,0.41931661337841947
2017-07-20,0.26297986428490966,0.3019018451326937,0.49177569481151384,0.42649614531272184,0.4487593764747537,0.45257379077012316,0.21861891265780864,0.08587160585195042,0.0678137973177184,0.8112612458978645,1.0774751139790917,2.5922571398571526,0.8757961969937621,0.4726352877660913,0.6198180036634986,0.6991129976058043,0.7469478754885982,0.9754741418488561,0.8559198817895702,0.5448451873596069
2017-07-21,0.2490709206151388,0.2888012510736262,0.49248597448851256,0.4266763878829709,0.4489009766886425,0.44832302769094123,0.1075219635369784,0.0836862632775115,0.06737849121371096,0.8092497004703126,1.092881532491092,2.582250950166018,0.8822908473277303,0.48074013505347724,0.6122645829978546,0.7213145405190399,0.7541923358302919,0.950811449460962,0.8452443780806954,0.5451093861194775
2017-07-24,0.2505848168180117,0.296183041418294,0.4929855891063512,0.42194987241749227,0.44905084723365374,0.44835008987464015,0.10509289556939416,0.07649760145121531,0.06557386184231147,0.8409480556606121,1.0664808837326583,2.4976874965127034,0.8770953668545252,0.479610780282016,0.6136678126304219,0.7033323600668427,0.8374620683785119,0.9448792831550621,0.8472253054220945,0.5461801091497199
2017-07-25,0.25507815675962925,0.2822930947458809,0.4943752835548729,0.4226399817435591,0.44806050751181314,0.4485940713497036,0.14313236009320773,0.08536377981571475,0.07325826978626991,0.8334701142436941,1.040934662495436,2.4820232277453815,0.9300971498514176,0.5150193025202369,0.6623637955259136,0.7108026687430826,0.8528133660098524,1.0325589819279604,0.8273648860391845,0.5980796839343273
2017-07-26,0.12575464954012877,0.21522388418324673,0.4486110443997132,0.4220104176789472,0.4475268442080986,0.4486438686478614,0.035665353067872996,0.12584515143608144,0.06912498586262768,0.7358702185625232,0.9207699356884765,2.2887694612431844,0.9611344030772212,0.5355457597303002,0.6305001337414378,0.7114961828590877,0.8413215018178019,1.028806349895774,0.8302963616480852,0.6022055313174918
2017-07-27,0.13778697751162236,0.22688699592304265,0.41238729357718606,0.42255528785524143,0.4479999576265981,0.44535379232988775,0.00816726547352431,0.07644566637060535,0.06694759942065624,0.8391452373100525,0.9739397974794441,2.3510840762405008,0.8762539491424133,0.5497243200661419,0.70386794798046,0.7138555720276186,0.8234878647226389,1.044683236772252,0.9986570529828513,0.6034638701839707
2017-07-28,0.1432429609755802,0.19938400027381914,0.34997031367641207,0.4068473267276837,0.4479706828252898,0.44509930496033756,0.0025146521225671847,0.11452464174266597,0.06701680288998811,0.7752865290894653,0.8447554483567247,2.1989291549252172,0.8199775158891439,0.48360772629704457,0.599679167212917,0.7576726901520545,0.8253055975580448,1.0205802524798828,0.9555822074449445,0.606910628213502
2017-07-31,0.14547477023480693,0.2015371722555479,0.3515608542106333,0.4045398354106441,0.4482026986953927,0.44521183497323635,-0.003962043664935688,0.10236906992700578,0.06411537942483132,0.7915548507648882,0.8590877144962373,2.185199186853984,0.8270952010075724,0.49621362778447764,0.6080423578560051,0.7700356765289036,0.8370887868742357,1.0113771410005912,0.9550920544578372,0.6070066956579458
2017-08-01,0.1369136596082135,0.2087927909648266,0.35229814975077384,0.4051300180065437,0.4466127962939218,0.4453945092885488,-0.008008635082970006,0.1050331284698297,0.06126751252818215,0.7971804284918261,0.804051808725773,1.9472339593086545,0.7504087453063335,0.5002005626223177,0.5998667905171822,0.6558071521181715,0.8313292463107878,1.0002083958392654,0.9353991660757526,0.604988147647336
2017-08-02,0.1393163802195256,0.12645466093266608,0.3512213863355927,0.40074767280811413,0.4464992018541049,0.4428048864191102,0.0008866887426051129,0.0958992876290693,0.062354373894193765,1.284450830431912,0.7835135267988306,1.9081825884804744,0.7142086184123134,0.5060513044984047,0.5994970024703861,0.5808480435766502,0.8220110144913106,0.9985647456935682,0.9408640040122683,0.6159501259728375
2017-08-03,0.16182611652701961,0.14243108781562375,0.2695993751378859,0.40209827260945913,0.4472909540205604,0.44240931661037436,-0.019311892730833335,0.13192506608861565,0.06065199837277842,1.2876410693845866,0.7559500772635056,1.9094294954999926,0.7252569667626314,0.4450862147187605,0.5930883381139681,0.5431689581760084,0.8264659557585935,0.9981571745524187,0.8613947310834908,0.6301369285489028
2017-08-04,0.17161650027556172,0.1503719286660533,0.2412408916514284,0.40266958974777856,0.4473027294589561,0.44032613484335287,0.04057973445898755,0.10860615960638975,0.060695087762643866,1.280743109214518,0.7250093484077346,1.876369538954747,0.7729776707679709,0.458562975858248,0.6009310528109663,0.548825645089368,0.8272563888686335,1.0086998701150087,0.9301534592755296,0.6296255805498364
2017-08-07,0.17153976168474977,0.1577671724307029,0.24185916929580079,0.40187169135379386,0.44622050484010883,0.43937064969445855,0.08911670109686742,0.1125371118744295,0.06719922854385384,1.305181265361403,0.7265945791088648,1.7177537524210464,0.7595805323905656,0.45893906765598325,0.5820797884191109,0.5487425287766767,0.809873078992537,0.6993411619519772,0.985202753600349,0.6485470799780256
2017-08-08,0.20507634843645087,0.16439592590540988,0.251701369844295,0.40458176366709625,0.44703992224811423,0.4381430877097222,-0.004689081661430894,0.10394150972241945,0.06588185561513137,1.3068705375857759,0.730034744000744,1.7500056606912076,0.7588610990631995,0.4582414810330624,0.5626956405777381,0.535701580962427,0.8149603348214731,0.6986470620686291,0.9902893089862524,0.6517607498918698
2017-08-09,0.20300335384105092,0.16435898254725195,0.20099022425287505,0.3984149596602179,0.44252565969414376,0.43799344855260125,-0.015203238826626553,0.06616551900100409,0.05660842208208246,1.3046252341506697,0.6564152110727232,1.5157131717738488,0.754941947404593,0.4552557946533867,0.5624179307180305,0.5301292161545074,0.8133134214930889,0.6987721268814693,1.3336780710642901,0.6517624832565677
2017-08-10,0.6682174821647717,0.4754054205900882,0.38497686002298315,0.45936026329912016,0.4811404150623455,0.45778838925010795,-0.2587141846952723,-0.012809974823693171,0.03460939285219307,1.5244656566302655,0.7157283722896389,1.806833907924459,0.8110714412725715,0.45176511543052184,0.5568968766610053,0.5437106624928332,0.8106202019096533,0.7553491291335158,1.3686060788648269,0.5630495995029431
2017-08-11,0.6626862726074373,0.4840568990054892,0.37041383426896707,0.45869730154470945,0.41857570735528676,0.4550293737430114,-0.2656087414813091,-0.028748097840693987,0.06664354053497504,1.5396462172035952,0.7286339186047103,2.0808985104580158,0.806872467785236,0.45245950517476974,0.5808501965599536,0.5667658589114739,0.8016319537379293,0.7031665627068908,1.3642379660141875,0.6064804281629723
2017-08-14,0.8664359021178533,0.5976160536650165,0.43509469003028794,0.4838928611661685,0.4332255280048937,0.46316690045072195,-0.10453895114469924,0.021427150464156663,0.07645194080484159,1.5628402709847034,0.7858044604090588,2.7771636759798906,0.8216352205992251,0.4595287729288729,0.5783743654929855,0.5608720769422839,0.7989861997685543,0.7007755212306728,1.3674447707857453,0.572868998299805
2017-08-15,0.8631873442426151,0.5921365929228338,0.4350902590991124,0.4665866000425558,0.4267438746349392,0.4631901874352238,-0.05774340216319063,0.01817281029640405,0.0654090744458302,1.5713234852353777,0.7855354407808554,2.777679094318907,0.8167906529546103,0.4831702510694618,0.5377002966095474,0.5596249013226138,0.6923177851931832,0.691761430461102,1.3458921239202262,0.5725600561481711
2017-08-16,0.8696288793540019,0.5953501451398838,0.41931661337841947,0.45331263563526847,0.42304099540237805,0.4632824631504106,-0.022048966074197374,-0.00017504077258645445,0.059853277852532166,1.5803931172972994,0.7777257825040744,2.787064009142657,0.8351792086447771,0.4820756760748452,0.5353181956375049,0.5666767342913772,0.6939196284284808,0.6687414841948842,1.3321916293899472,0.5725389820650082
2017-08-17,0.9290454149279815,0.7707024552843016,0.5448451873596069,0.5191612018155937,0.47122046861252853,0.4857065734111741,-0.05156155946071772,-0.08035509285332476,0.030180914860266448,1.6521129188825168,0.8572576784668905,2.810091186174052,0.910106260602133,0.5205117251670106,0.5531269375893348,0.6448821916373677,0.6704830190694643,0.7973490003348536,1.3271901321921158,0.42625548090918536
2017-08-18,0.922671397529677,0.7616217871147233,0.5451093861194775,0.5197212488355692,0.4710588901395196,0.4852285299261859,-0.11236735727509384,-0.08372042804371205,0.023687629974289963,1.6544800416526855,0.8507047551286208,2.8079269248608876,0.9074363861913107,0.5264504691713777,0.5538748468350935,0.6447142248829172,0.6458109213054046,0.8151765524716251,1.3300624708579865,0.42025848411777167
2017-08-21,0.7170775846746301,0.7564761001240192,0.5461801091497199,0.5195194782449643,0.46733709871252477,0.4686045059360464,-0.2949690651952652,-0.07858833972700818,0.017026555673184295,1.6419726945841397,0.8546097601183782,2.814220718524999,0.901930107778453,0.5137390245598171,0.5301578359336622,0.6450520290424594,0.5430363152978782,0.79958143823637,1.3404014763306495,0.42004183424013564
2017-08-22,0.9421276949877987,0.8519541270718338,0.5980796839343273,0.5452201888486151,0.48579210778463605,0.47402556856742006,-0.08339157572777589,-0.038458173658841854,0.03479933477091523,1.6727546932962887,0.8961559919556317,2.863474050633928,0.848356609234092,0.48086941428406804,0.4973090755618323,0.6434643527023023,0.5397396860845994,0.664831867027844,1.4005757303145405,0.3664006865202314
2017-08-23,0.9357960472985738,0.856244098666908,0.6022055313174918,0.5322180599490476,0.4882056599586907,0.47536543408659093,-0.18999072828076002,-0.05658906110974471,0.030271702747354055,1.6722267437233436,0.9044817172167721,2.8881721983256248,0.8236339305798372,0.4112626686306833,0.5139377264350521,0.6396165657119961,0.6136026766651588,0.6608262946144863,1.4112613595371526,0.3607029793158258
2017-08-24,0.565389683075093,0.7281137015361994,0.6034638701839707,0.5150681620454918,0.4893424380770105,0.47502685006211054,0.07521786217680626,-0.06359244367750427,0.0268020971370834,1.6051724028636218,0.8636908726591769,2.784365866771886,0.819091269648664,0.3624076417884798,0.4050386367961086,0.6147513550684457,0.612400565868725,0.7710242952629237,1.2101154417796671,0.35187840335319703
2017-08-25,0.55220345029738,0.7303969895735176,0.606910628213502,0.49571019322472887,0.4796690937197367,0.4744116542821243,0.15319862551917307,-0.046049434694560576,0.01744048136568772,1.5872109821121545,0.8637125650793767,2.769474992708552,0.8206863841618621,0.37248940833651484,0.3803869477127278,0.5562709196587723,0.5942490972662378,0.7767366196527495,1.241114366073022,0.35903832398126895
2017-08-28,0.5557062198925125,0.6464829468365245,0.6070066956579458,0.4951130294029823,0.4778799763385134,0.47398620110425316,0.13835443699394823,-0.043009219562287204,0.011961964860628756,1.5791538406881689,0.856292110561243,2.7593597603737297,0.8142591634527909,0.3707512873769023,0.35911439670559153,0.5333591472345092,0.5753943130646267,0.7902796140975582,1.244078366031052,0.3583526270590294
2017-08-29,0.24447715362316622,0.6491571237442668,0.604988147647336,0.4947902093838797,0.47792560549548485,0.47396772538928145,-0.04789480097556087,-0.04842971513198957,0.015098423965204843,1.5792154320833636,0.856804290788845,2.747575542503194,0.7571799654891344,0.3663215200185912,0.3595135363824779,0.5286683393857161,0.5796253897132615,0.8081976208002973,1.2267469982571249,0.36349578590322745
2017-08-30,0.2627556122393838,0.6680869968827651,0.6159501259728375,0.4988118711464799,0.47948090783908637,0.47478795696821613,0.11858218240503815,-0.02716518769413645,0.028323168061101238,1.215920681744314,0.891712241824179,2.750151541194497,0.7597513613531368,0.3637733977283425,0.37951946866329067,0.5031065498183674,0.6098133799074021,0.8091680230535941,1.1899818139201537,0.35440606721861684
2017-08-31,0.24825445793147963,0.42631970551646,0.6301369285489028,0.48218856657622555,0.48477519308368117,0.47757220619506513,0.2855065621702524,0.012612170047767157,0.03526612014116766,1.181816073347146,0.9094726453983145,2.7818331352788115,0.7534007982344435,0.37088042908683067,0.38447931209493136,0.5171195588783927,0.6172770455207677,0.8073078912690281,1.2155417121475087,0.3403881889887326
2017-09-01,0.25636182313305217,0.41028731417198183,0.6296255805498364,0.4732318326792274,0.4849662408676354,0.47604966275962696,0.26707747695768,0.010575000930112544,0.03680146868437742,1.181801303846098,0.946159090776665,2.78301563893128,0.723214808444958,0.37790095563393544,0.3808553573623243,0.5292640297332821,0.6570610805536795,0.8113127508718573,1.2030740446541417,0.34843305161502547
2017-09-05,0.5148317123181811,0.5050922781356937,0.6485470799780256,0.4888414150169766,0.4941264014510114,0.47510656156010467,0.12261270204571018,-0.034635219325076516,0.027361220325734136,1.1847030419734366,0.947961081427995,2.7601795393300965,0.8747046625607259,0.37782869081140225,0.33934314215332817,0.5726071509724346,0.6809547094708635,0.8878595733414357,1.1842541123079717,0.2882653575712464
2017-09-06,0.5238574522303023,0.40184422318560353,0.6517607498918698,0.49078721882360415,0.49573836981337666,0.47545768899857943,0.1679997860479454,-0.005257498204645494,0.033393152470495194,1.1749532312740059,0.9464230427159704,2.7493459558750404,0.8974111977216638,0.3769510248544036,0.33909849575824397,0.7554448907461278,0.6910729445070392,0.8870881269536075,1.169246722757683,0.28523953163946625
2017-09-07,0.4973451823013773,0.3758365050647639,0.6517624832565677,0.4774459392941276,0.49214199704373846,0.47507530061994885,0.07080462128301157,-0.005663222666726919,0.02504176596270131,1.1727861010099991,0.9751583856728316,2.7393484263533097,0.9629286346824872,0.40398435049163167,0.3349596059681754,0.7555540613205064,0.7223658201595227,0.8717300644864364,1.2523026394790004,0.29882149430812044
2017-09-08,0.399906467841456,0.366294943174922,0.5630495995029431,0.4774674679816118,0.49209506770439293,0.4750962134804715,-0.07300482283308929,0.05903951051331291,0.025196048839958473,0.9847966712346002,0.9120472943882023,2.591011782865021,0.9234017161214997,0.3995933195668768,0.3329641103440612,0.7461015354479531,0.7504515262515664,0.9004311804792359,1.2233340274383502,0.29863268391587094
2017-09-11,0.6559745786150131,0.4765846659882225,0.6064804281629723,0.5006231272287357,0.5092037081707596,0.4685031308812365,0.11202862517353251,0.10498434259382294,0.04617971692697323,1.017358543448176,0.8817289575985625,2.361042534316016,0.9892816480046976,0.3987550351592506,0.4045241906321101,0.7202046161347107,0.8463432293942637,0.9024062639201045,1.2088017162969402,0.22405068847314324
2017-09-12,0.4636244652002058,0.47381042727760486,0.572868998299805,0.5027638785681268,0.5105723535801855,0.4689175401421405,0.32308169417195387,0.07226994200408676,0.05143333261817336,0.9699493760530727,0.8267012249024994,1.5578149400831311,0.9930086730174145,0.3973538528688339,0.4269419305943632,0.7222088801834484,0.8506435892681423,0.912638415739496,1.2285761933078636,0.22088140965945974
2017-09-13,0.47903863158528504,0.4759611977088273,0.5725600561481711,0.5027629608374733,0.500169283870404,0.4686695155949527,0.26440101485023515,0.07527860604871095,0.038357545728390965,0.9515840023539004,0.8374048643694845,1.5454700078629167,0.9935065409629102,0.3605512587950557,0.41054899474369855,0.7201190580105427,0.8510467785962558,0.916020136789054,1.2527423378693827,0.22047059660371215
2017-09-14,0.48196952705438334,0.4724042566715585,0.5725389820650082,0.49643197547130324,0.4914523076405151,0.46858698122960174,0.26044070859024826,0.06495919599938449,0.04906521674921541,0.9656609076578938,0.8452613737564402,1.5281154169489084,0.9836679534380022,0.4143935636490478,0.4084339637399229,0.6944260922692781,0.8912194502615695,0.9137219992893142,1.2499498389521233,0.22622724995064303
2017-09-15,0.44426977710653953,0.44691181283698744,0.42625548090918536,0.4966927253483792,0.4914774734946565,0.4683908954509829,0.31085361179732374,0.14964330332782327,0.05171993877548297,0.8911424474220841,0.7448696269260839,1.963996525098709,0.9304334791680158,0.37348651792329246,0.4030222344139866,0.565994825948135,0.8673367366308417,0.8648532051780556,1.2551844292950345,0.22618746280719046
2017-09-18,0.14333313083339722,0.4478783830896452,0.42025848411777167,0.49705759985641884,0.4917428669028915,0.46459384039781076,0.14008055998277147,0.16809632190828927,0.0560207190473629,0.9080450246078082,0.7500878377052064,2.1126398584234805,0.9790758412069753,0.3597342928910198,0.3954881085020985,0.5647701316591469,0.8721031690003784,0.8643217332025247,1.2508792453015167,0.2250679950762018
2017-09-19,0.09186578422632215,0.337679670254605,0.42004183424013564,0.49701995973724894,0.4917068931970393,0.46459839739327685,0.09269057528535907,0.16918485212424283,0.05569803794948332,0.906506607494471,0.7350029718679673,2.058557151281606,1.0007550323504844,0.3689675302751148,0.45420640493834985,0.5494777362064271,0.8662867390760881,0.8576384753038864,1.2479817408302356,0.225237478218028
2017-09-20,0.09346716916309675,0.33807318909297457,0.3664006865202314,0.49598418163304453,0.4917115740335363,0.4639871833944412,0.09029203564287158,0.11869950889137282,0.055201705016081896,0.9045235392977663,0.7057313706777886,2.0630711895587632,0.9889780600297146,0.38250350147529394,0.45440807364128477,0.5483497887951856,0.9109313520156573,0.8623745571706887,1.2026827717014683,0.22460432570244918
2017-09-21,0.18519391172007715,0.36277634108957924,0.3607029793158258,0.4983500664414526,0.4805308988174166,0.464182473096717,0.043098192638826305,0.12323142622928107,0.06416250551853926,0.9703706319841225,0.7303429900168792,2.1735522545748975,0.9909482428605819,0.4298805721212742,0.6243168413762977,0.5916838373219867,0.8885657238402879,0.8740873044983144,1.1771149582331961,0.20734209290078037
2017-09-22,0.17798727877215795,0.35393619522946707,0.35187840335319703,0.49793597854963,0.4680019761063569,0.4637120000358918,0.0201874475321695,0.13588569966666408,0.04957964078658838,0.9845064358848208,0.7303945045984267,2.18978416080779,0.9918703447513428,0.4250684223351191,0.6308457866026488,0.5776995648832323,0.8903808583494858,0.7486856139918054,1.1771923570005114,0.22295331073710983
2017-09-25,0.16225798913394016,0.17976829616467008,0.35903832398126895,0.49881491547765017,0.4531896162468607,0.46432908399772416,-0.06325325129745041,0.1139833527041334,0.060819519917412926,0.9839970639595379,0.8193854930815455,2.436630799207828,1.0116086091781222,0.4287665696828482,0.639117586248254,0.625262482054234,0.8890104230998865,0.755248025072753,1.1822871538097313,0.24150736535822484
2017-09-26,0.1529437811712643,0.14700386729660259,0.3583526270590294,0.49861250490827996,0.45288965712930684,0.46319163234328886,-0.07122006251399915,0.11679122724725599,0.058717025870658184,1.044731793209883,0.8194084947418471,2.4353430601899877,1.0150221236494776,0.4258873479515168,0.6393091217273509,0.61623260482517,0.8895825494496938,0.7331953408391143,1.1937733411176952,0.24081552310511697
2017-09-27,0.25945925277281273,0.1899840749389436,0.36349578590322745,0.5008954836094068,0.4546874039074297,0.4637340467382035,-0.0005367622804475225,0.13053901856515115,0.06238081063433042,1.0350248842142993,0.8356905133138239,2.4717880166282975,1.052395093992002,0.6334770900274602,0.7717534035896626,0.6174314212670402,0.9057330093931394,0.7057400354647514,1.206776989873615,0.27324289804256835
2017-09-28,0.21342830411662356,0.18923112153267324,0.35440606721861684,0.5010503103247954,0.454214027294918,0.4635275484944978,0.07705141023883089,0.11284873318772926,0.06052761104088736,1.0297165635930459,0.7816630634881488,2.472520888435073,1.0523989731617425,0.649568825677688,0.7658557440359182,0.6036580619223533,0.8880831808409777,0.7097241358593549,1.2234583900615166,0.2732792336740313
2017-09-29,0.24099205990480616,0.21001106659348237,0.3403881889887326,0.5018622942835598,0.43724201881325947,0.46428390486485044,0.14333817705994845,0.1003436033890881,0.08162694650849028,1.0357028010284965,0.7696393993293954,2.453942129845343,1.0403972869688753,0.6463891968934755,0.7582753349704879,0.6204505487363227,0.8612328274843494,0.7355703055248084,1.1888759212990674,0.31250786453578333
2017-10-02,0.16900357281604775,0.23544097824263158,0.34843305161502547,0.5050468879265271,0.4333859542837621,0.46519791715380565,0.27101169599621944,0.11496690746376825,0.07804935600009016,1.03304197286797,0.7257775629390997,2.4531347518323434,1.062383678215108,0.6415039744009116,0.7834222031097717,0.6449465263014054,0.8608828640403093,0.735910950887625,1.2286300251257205,0.32279940336536184
2017-10-03,0.13072228514716344,0.23797857358066077,0.2882653575712464,0.5052415022309481,0.43372667164208645,0.463035116471878,0.301759159008661,0.1615778414879937,0.0798265780124489,1.0240827993144541,0.7266104912493148,2.353990105288692,0.8574790691685747,0.6705247300799712,0.7872826796278544,0.6359656919413508,0.8471843896964886,0.6448032617013122,1.2487352345236913,0.3218607956058664
2017-10-04,0.14101518459377244,0.23634933631331712,0.28523953163946625,0.502795647388936,0.4332799191967587,0.4582376854466315,0.247601533385442,0.1504394553995253,0.08304115563909974,1.0276353129827143,0.7315300070718218,2.3529518726370258,0.9131789727224688,0.6895303696234126,0.7912816250928688,0.4792824876913056,0.8473498565141074,0.6388693520057241,1.2495139029403153,0.32195075306023957
2017-10-05,0.18545924306164255,0.23462069433716054,0.29882149430812044,0.5092704588535802,0.42959412908854405,0.45467038985996233,0.3421059288276451,0.18067406007388764,0.0803921188027216,1.0804309865213402,0.7738171099517,2.3557954235169762,0.7945619351473902,0.6695819552860852,0.7933795221212446,0.47883946335583033,0.8098182150787009,0.6469587960125216,0.7347154917571483,0.2990310235701503
2017-10-06,0.27480306262235227,0.2499572913019524,0.29863268391587094,0.4491105177445081,0.43016038206791607,0.4536981661761905,0.24904010252950082,0.18085483472973563,0.07569479013978511,1.0250590807788107,0.7613603131246183,2.300462311099666,0.7967173267313403,0.6693049126232308,0.7973615143064848,0.4850411979731694,0.7780681328405792,0.5552262695174465,0.735331022161998,0.3022595195294331
2017-10-09,0.3031811534977498,0.2431679594753728,0.22405068847314324,0.45133328241278226,0.42815919622965193,0.4536103932418765,0.12923464454503764,0.11926841230664453,0.06516821901992448,0.9293305362879816,0.7330518040061133,2.2493386108436133,0.786888803437206,0.6583312550804131,0.7404754837293368,0.48015210883848686,0.6799690322729367,0.7023119132946394,0.7493986757840851,0.2970216395692759
2017-10-10,0.3074536746100804,0.23863631485584108,0.22088140965945974,0.4291065329230232,0.42879632440481874,0.4488803657669357,0.13920294663838595,0.11560815460460172,0.06976841569094837,0.9289446638024533,0.7318205892337855,2.271331912589541,0.7671389419464577,0.6940291429074128,0.7414497840624852,0.4796698566681941,0.6751913252101294,1.202518175881952,0.7315508693674341,0.29646207299284116
2017-10-11,0.3072914659777786,0.23156614072864173,0.22047059660371215,0.42886781999987245,0.428937865037862,0.44747433426108996,0.1468988255917547,0.12106390808490519,0.07150510814334006,0.9259956188508786,0.7183476064663122,2.2738313717016254,0.7812940632505477,0.700241749655102,0.7408501934368538,0.4813043430534364,0.8079662738583113,1.255902074239942,0.742987905742129,0.2966555118903268
2017-10-12,0.1979415266086248,0.2558914316271766,0.22622724995064303,0.4304399811056895,0.425365050525457,0.43794972854261505,-0.0014169425211152387,0.11520964729604677,0.05999793417428159,0.9107958046969747,0.7233546561090561,2.261377422304241,0.8195878048862791,0.6746052826439822,0.7655644410033431,0.48544762586123635,0.7615663273607166,1.2482817871995617,0.804026869843976,0.30893534053009547
2017-10-13,0.19245580611157567,0.24801230292480184,0.22618746280719046,0.3372794350477616,0.4254342877957766,0.43542366246578323,0.04570089874642358,0.11456665646701059,0.061284955647169695,0.8910046791658264,0.7153763784085959,1.8532433328109768,0.8190695836574651,0.6746052826439822,0.7974389646666542,0.4854379256189157,0.766115261800311,1.2441938484893833,0.7973590912803968,0.3094584422562999
2017-10-16,0.1529425343642644,0.2267308311685811,0.2250679950762018,0.33402153388331085,0.4250710314414029,0.43530942984532534,0.10539429550741497,0.11059684618780541,0.0649909133507942,0.9737694788234996,0.7108367878181234,1.6671898831195497,0.8779189674806487,0.7058433076978553,0.7973283039636754,0.4903303828049404,0.7547083054426306,1.2694982460296038,0.8127848241923397,0.30909831288099876
2017-10-17,0.12470634318137959,0.2244613098841973,0.225237478218028,0.334060192815938,0.42490957227440324,0.43530655254510703,0.06673728450602434,0.10911983190976804,0.06657211476900089,0.9764971037488586,0.7110579827434228,1.6670239260548505,0.8636601014091259,0.7043023358352088,0.7579071772526752,0.4903362504724183,1.069568921022955,1.2677941866265494,0.8109103557993784,0.3158796256045773
2017-10-18,0.11652026256825475,0.22439637964023867,0.22460432570244918,0.2999852739198773,0.4243001352177516,0.4345289004095056,0.05489110818975407,0.11221367622162581,0.06415167048471891,0.8968903977779215,0.6862203844343843,1.6499080425680979,0.8572508551771184,0.6988293279536267,0.7543747730052072,0.49506019587954286,0.9966950534409513,1.2670604383811617,0.7892972373470055,0.33811948242189616
2017-10-19,0.04257501125481493,0.14335089401225853,0.20734209290078037,0.2904016074413595,0.42425483764531424,0.4342162338130984,0.09017212051375179,0.12697812926477814,0.0645401647947715,0.9751572724620298,0.6313081931338022,1.487554690521276,0.8554570222866411,0.6691691650192599,0.6388829983104444,0.44348601561122447,0.952241981370968,1.2474946538016694,0.80691609483145,0.3863661806699116
2017-10-20,0.19781160316310098,0.19513471657149525,0.22295331073710983,0.2908665388792168,0.4276937585011895,0.43613781634363225,0.16902704827665094,0.15177655665313095,0.07468993754743024,0.9423490631095933,0.6633378306905391,1.46559418267354,0.8924369863129606,0.6813904329935404,1.032006794603374,0.4461878268883214,0.9404078480175264,1.2371447428009115,0.8079894400004061,0.377936356329939
2017-10-23,0.3209363344537747,0.23798489474170684,0.24150736535822484,0.3023673798947593,0.4311836960594157,0.43780896941017744,0.0645771776991988,0.1425544534369677,0.07016279048218017,0.9124690726437996,0.5098181154670242,0.9090944944438862,0.8665658372834345,0.6783034063088902,1.036860511483759,0.35835944685577015,0.9353367052454721,1.2311212769098883,0.7926226020508702,0.36699598201462347
2017-10-24,0.3248487716001348,0.23218872200198673,0.24081552310511697,0.3017772836312214,0.4310686397900551,0.4378960112476193,0.08561412603292018,0.14832837904649787,0.07403679557715555,0.8451891164393823,0.5084418537193867,0.9115777919182283,0.893152647244562,0.6793879494647788,1.0362028825468481,0.3546095534598279,1.0136681399647998,1.2657318807487195,0.7693958705720904,0.39091043519126006
2017-10-25,0.4149798273422839,0.29105977198598165,0.27324289804256835,0.3176845132287822,0.4367935971888368,0.4398707403626065,-0.032975160780193136,0.10410407659668941,0.06207112667661699,0.8427519073561842,0.5180981092849589,1.1033021365125784,0.8510331368716761,0.47505469194366723,0.960891644074192,0.3512210406628101,0.9658952428258797,1.256505594966343,0.7615330856743356,0.370154221353436
2017-10-26,0.4211431511883546,0.2873433042192512,0.2732792336740313,0.31239785768677614,0.43687559315280555,0.43985407571987195,-0.012587460668549433,0.10456841153793306,0.06341731901050861,0.8354015288916513,0.5149623969776727,1.1027647444260347,0.854694456612611,0.46677712518459513,0.9820056244263585,0.29983993264175274,0.9729851577235809,1.238993918299775,0.7351096183289378,0.3714543676642444
2017-10-27,0.5246595043673471,0.3792345563954788,0.31250786453578333,0.32283043580652043,0.4461947199458938,0.44497125485089795,0.047731482975219564,0.12787488313194872,0.08027688552293465,1.1357766711386332,1.4564188008248355,1.220956248550284,0.8564730394052747,0.4790308575426322,0.9836715410277592,0.29257842797876954,0.9789330531690251,1.2085427524146004,0.7278090216153855,0.3307520026528263
2017-10-30,0.5212856051210503,0.40816869928471833,0.32279940336536184,0.3318174527405779,0.4497796365925092,0.4466844379417286,0.05101351793023623,0.08755490892047191,0.07103227243811756,1.2100888921110633,1.457536897572445,1.2179373404683533,0.8333600270894251,0.4783474241087532,0.9633078499902978,0.2749167280958062,1.041185529965854,1.2882105565287159,0.6596651189101651,0.379491857299472
2017-10-31,0.5201688369744325,0.4093533499434865,0.3218607956058664,0.3040883798960223,0.4496658117315331,0.44606350587132826,0.04702857168013219,0.08464573221436567,0.07052945145909427,1.2298347716889955,1.4744055673009149,1.2255667599924294,0.8628814088392531,0.44624032516126894,0.9549771693024843,0.2851260839738237,1.0509435732221521,1.283837063447609,0.6146554570975276,0.3814579699115261
2017-11-01,0.42337636637458975,0.409791538007376,0.32195075306023957,0.3020299441136611,0.4477985871234309,0.4455694827249096,0.17248892151130235,0.0853259236281545,0.07683596027434476,1.2667549700962253,1.480073625945736,1.2309290882843058,0.8142215955515604,0.4351102717431937,0.9678507382191592,0.30792721732172207,1.0487304089333445,1.2751466741422393,0.6885122567322912,0.418390302759416
2017-11-02,0.4275965892135273,0.409675780241108,0.2990310235701503,0.3015743295014714,0.44770153967690346,0.4433716220111013,0.1543935162669552,0.057640308397760576,0.07755038193497375,1.2544608978874618,1.459830494878718,1.2544904072056082,0.780032503736442,0.4362551959788227,0.9679861327076233,0.32738053281611795,1.0508778973916069,1.2783978833439242,0.6976254800311225,0.42524909020290536
2017-11-03,0.2631037132574611,0.3913240108379443,0.3022595195294331,0.30093733731038713,0.4038672119767745,0.44379321325694454,0.05764501540785005,0.08002611135153603,0.10664015219819485,1.3419391583319953,1.458747803350353,1.2600533170864585,0.7800890085482495,0.4368295745745254,0.9616151289517206,0.33059086870029464,1.050073335384309,1.2553380177275608,0.7027932303511707,0.42607776606342085
2017-11-06,0.10687491017681044,0.35963699732800125,0.2970216395692759,0.25995047455212755,0.40388036761755614,0.41005684597069614,0.16309422902186732,0.09601980503967933,0.10675751998004894,1.3453182958132626,1.458696403424933,1.2073419440041684,0.7852100693273205,0.5043645360175042,0.9643693686550562,0.3506200973528856,1.0555782078640499,1.2737130726549049,0.835980753282738,0.4385634818717492
2017-11-07,0.14966188666536154,0.3627823457459669,0.29646207299284116,0.2586966346637573,0.38738381213314527,0.4092631776411166,0.11802737827920184,0.07935184012456964,0.0890766455777527,1.3409337773306496,1.464095196583748,1.1760999297798258,0.9197931728284927,0.5065393764606889,1.009988143105077,0.3544936637423453,1.0564999579032255,0.8634091183243116,0.8600327807152215,0.4373768779346887
2017-11-08,0.151506816519512,0.3007959612033229,0.2966555118903268,0.2588180835435053,0.38729098348568597,0.4060008827049606,0.1255999451507228,0.08000120351789652,0.09211457255050422,1.3413264214753366,1.462496961124081,1.2463845230123813,0.955817003990063,0.5076303269392005,1.0302066691099372,0.34843770170915384,0.9891675679782441,0.8255092452138051,0.8276844805263586,0.44000031243426524
2017-11-09,0.26950566794467595,0.3418334745958486,0.30893534053009547,0.26827269275043963,0.39154183979741264,0.4060482972874684,0.04528343141127378,0.06931540188085783,0.08316141505876301,1.3362093284570835,1.4783195115652847,1.3467016818336535,0.9310767980677243,0.5081069053458994,1.011795072162364,0.36314530025953656,1.0076959517933162,0.8258367681169181,0.7670428756479851,0.4370368347549849
2017-11-10,0.21589063710564552,0.23130923472374287,0.3094584422562999,0.2688795859399991,0.3273467723808641,0.40591941311444135,-0.027692746778322785,0.06167769997034944,0.10862921992172776,1.3526153942621661,1.4866347235669892,1.7114943952054917,0.9309227277581081,0.5283232644234609,0.9861636633648151,0.37361873154570285,1.015474428476887,0.8279427446839721,0.8614626692990712,0.4364626714016392
2017-11-13,0.20430734239709836,0.18732285447211952,0.30909831288099876,0.26812229879493715,0.3255035043147994,0.4056454856291493,-0.04003501056472736,0.05966247852164375,0.11278521553924614,1.3337836238712755,1.4878956548524571,1.7531517402181571,0.8107195303593359,0.4906761504748473,1.0188324188429372,0.3621019548042965,1.0122134668318334,0.7746382619971598,0.8606808742191039,0.43620976115836774
2017-11-14,0.22234865316451666,0.20498850500601246,0.3158796256045773,0.272756813555688,0.3285167304215058,0.4047974790321634,-0.07258444624818727,0.044521407436016736,0.10760869715667587,1.4042096082711837,1.4849910072248098,1.7513035390758047,0.8206860041883991,0.5914442421328534,1.0179697723135617,0.4056388088649919,0.6517020530460342,0.7758099587052121,0.9531127109735473,0.42842633091027593
2017-11-15,0.24086561907810086,0.2581909905338622,0.33811948242189616,0.28760506218866644,0.31400781970714725,0.4079820846058428,-0.20671378656236028,0.014599979829867937,0.0818377216476222,1.4435555499709536,1.5066468303107718,1.8280748309701151,0.8444418647385863,0.6665195292491072,1.0245338441330056,0.49162142284529736,0.6538051270282033,0.8615501299299511,0.9509812073106051,0.42125417179778923
2017-11-16,0.5075519809067696,0.3831435565761421,0.3863661806699116,0.3081737419524931,0.3238916464858879,0.41410081593789294,0.035868740644990904,0.05573955691366761,0.10198303746924227,1.3092587062831749,1.5068236196671032,1.8301208976242558,0.8463269954791809,0.6737145182623734,1.06518369083987,0.5195459362185576,0.6081568365124443,2.5408035847930566,0.9466485364363453,0.4198079894687218
2017-11-17,0.5293608914626389,0.3811719191387722,0.377936356329939,0.3139799130316411,0.3250522384581594,0.4153241393115247,-0.01671267283690936,0.015242769691959368,0.10096834200391815,1.328520997612178,1.5226197692395893,1.8238115501699523,0.7815863406431128,0.7806807402932424,0.7036713505844008,0.5081187600221985,0.6122182757102176,2.618760870021484,0.9496191988345597,0.416323678273849
2017-11-20,0.5344991711062834,0.38202634720953593,0.36699598201462347,0.3107432638232338,0.32471862022007697,0.4099604339554798,-0.001182708817408784,0.04322250689249185,0.09992010434453098,1.3295331740848992,1.5218394978617746,1.830607122042048,0.8094123530565884,0.7879058491365517,0.6577049455554689,0.5174199502967795,0.5651055032973927,2.6144474484266453,0.9477858891374241,0.4379224037211064
2017-11-21,0.5834766413114142,0.43642223079600306,0.39091043519126006,0.32309236810106257,0.3322283909722019,0.41280719547123207,0.17612712462549363,0.0671496570841601,0.11075642112597131,1.3662805758705339,1.5430312682725158,1.828580297347304,0.7159682802175311,0.8056096507997105,0.6571737392990034,0.5229309676379925,0.5019214626833027,2.6207646984653894,0.9364509736698164,0.42732976632477493
2017-11-22,0.48475103432366207,0.43629253343062535,0.370154221353436,0.3212397638760475,0.3332214911378364,0.4128499255595687,0.25854370155314,0.08747969541320122,0.10737426352501392,1.3521200683355052,1.5554220046715361,1.7063469738342636,0.7156853855401908,0.8043961289300293,0.6663475898146466,0.5266254762621221,0.4988656891973688,2.6241967465531033,0.9278363707043052,0.4233698586902598
2017-11-24,0.3584763216827146,0.4175162997728268,0.3714543676642444,0.3219324350642386,0.3301558154386128,0.41163895553879615,0.13470516928485443,0.09256271440201858,0.10332661970922695,1.3582746608638978,1.5553496409794716,1.7048911069200128,0.6895178553337648,0.7990862271852455,0.6487767082438195,0.5281672879305818,0.5201543410970287,2.6238695612974796,0.9223156028822618,0.425471644262493
2017-11-27,0.2968543980453862,0.4181439096664567,0.3307520026528263,0.32009703955779617,0.32414951101001155,0.4116259608168085,0.18350422407671818,0.04918595496733402,0.09246814716279025,1.1739324820715995,0.6218258874116689,1.6343675171287317,0.6896607158799808,0.7958410674095951,0.6435596528458254,0.5250206431010015,0.5507577426723985,2.616415458558477,0.9161150178812271,0.42757987353202226
2017-11-28,0.47444887594517976,0.5115845165292042,0.379491857299472,0.34809570078280727,0.34528925601497296,0.42066885604146,0.35225982330116423,0.11853408323522385,0.10701863320648798,1.1016724717758004,0.6750719990445722,1.6800847773117167,1.073614463761269,0.7898750171063225,0.6039236773789285,0.5539300234547869,0.5756654410566224,2.5808219688433347,0.9118340682386569,0.3774111764613834
2017-11-29,0.46838791062410307,0.4991182132148871,0.3814579699115261,0.3485612658343562,0.328689716457241,0.42034401695781237,0.20924517871045767,0.10770380884174147,0.11797579418136693,1.1762432974611559,0.7730259986950974,2.2606428425547356,1.175120073047152,0.803123223102713,0.6052569688205915,0.580280593463182,0.5675325264402227,2.5811395179098495,0.9621008967640784,0.37575859757891594
2017-11-30,0.5116027125970408,0.4759036615787892,0.418390302759416,0.3697123852789294,0.3418129177109391,0.42658643069353575,0.40203593504169577,0.14486644879579957,0.12687727594115977,1.1713458208038083,0.802017345138019,2.3231980958538943,1.1824964004498082,0.86229928834562,0.6071634528967798,0.6303138444727328,0.5671719142091411,2.589085034976542,0.9535848543790395,0.34711617266851014
2017-12-01,0.581131618400754,0.46494177751331145,0.42524909020290536,0.3648315232053061,0.34408377981473276,0.425715192038889,0.31432786701109716,0.13254630208805407,0.12362022351990073,1.171798370718474,0.7697857555566074,2.3416309072895403,1.177264498440997,0.8664198371705446,0.5914143249257652,0.6237083314238812,0.5761473906246312,2.588413075186189,0.9256669356652832,0.370168243799935
2017-12-04,0.5930191729865711,0.4463642235583338,0.42607776606342085,0.3649385135111036,0.34412626204978447,0.42569287070658435,0.3001096921838964,0.1098021241613456,0.12356102341420575,1.0256910615003563,1.1482512276178196,2.6023054046455343,1.2476522892005337,0.8735187635374636,0.6264370015678827,0.6142908716498242,0.5981513506476729,2.592125643731967,1.3468926997980635,0.3838336159655272
2017-12-05,0.4883742616333901,0.4855365659864303,0.4385634818717492,0.3697560008697094,0.32669940136617237,0.4268455547611868,0.02529365322075261,0.08408393928494517,0.09979071887708967,0.994275153188875,1.1553749394239237,2.6049431636817553,1.2729554412266184,0.8298698992894784,0.5953358841577783,0.6267457962489943,0.6050197573170137,2.568568377550033,1.4868599358419246,0.36927827812420666
2017-12-06,0.4861565668663443,0.4586816992793828,0.4373768779346887,0.36883100423981174,0.325362359822521,0.42684850629334226,0.0412471525553193,0.08850875241077083,0.09448958237998072,0.9904600571297324,1.208986415829572,2.594820611496567,1.1828242061732352,0.8055005971228443,0.5745257916284262,0.6466743656754612,0.6423282624725133,2.5796064139999557,1.541312872732433,0.38222488841806895
2017-12-07,0.2558320394377846,0.4555399627352502,0.44000031243426524,0.3704805319326572,0.32654308655804154,0.42169433852325294,-0.07078557338671798,0.09577006916143938,0.09894506025474703,0.9678519974332155,1.2068242623879966,2.6233045334429907,1.143792474432727,0.8685245738878639,0.6543536716548423,0.6510381788428444,0.6190967798229534,2.5706544846975263,1.5372447382085552,0.38156267210532163
2017-12-08,0.3568290718555546,0.4711304115869836,0.4370368347549849,0.3753302948854584,0.3310937414152511,0.4183196710827582,0.07979769428820838,0.14117486780728772,0.10856663899473078,0.9689260498101454,1.2896825968406047,2.6011573501484264,1.1574998581520755,0.8977294660443269,0.6550315004428436,0.6363733296745355,0.6049603258857529,2.5735124380403738,1.5094757375430492,0.37336539851828543
2017-12-11,0.3472676335332985,0.463705793649823,0.4364626714016392,0.3766040386442536,0.3320138742876142,0.4187001529799103,0.16425481039936463,0.15778901345576746,0.11134445663104249,1.0765776074725681,1.3162742858810639,2.301206139166893,1.1622634705186787,0.8818497067373173,0.6547431489188167,0.6413332826157171,0.5923395446165237,2.572577352157437,1.5425156548343486,0.3802233201418016
2017-12-12,0.19403138110379214,0.3735929328404162,0.43620976115836774,0.37673513693875804,0.3318592267514941,0.41862501222331,0.2714762928188419,0.1619617651308375,0.11074036328009554,1.079917622657793,1.3178828032151502,2.311173123115922,1.1744177012096102,0.8747753163601439,0.6343175574806782,0.6455279010261412,0.6290589366492415,2.575463121924871,1.5445312804801539,0.4002466433850113
2017-12-13,0.2040708178310429,0.3708282111782598,0.42842633091027593,0.3771809776978537,0.3322308334190832,0.4187003899234456,0.2654342485809358,0.1730134261180516,0.10888488848794545,1.0268636202006,1.3208949454558914,2.3304092029591206,1.213429780325321,0.8585157284484386,0.6777015946415262,0.6254158101702326,0.6244687166525416,2.5798465203706358,1.4933993055775538,0.4093179021209895
2017-12-14,0.35834597927099837,0.3103864930815881,0.42125417179778923,0.38595655867991935,0.33877874440595684,0.4210906353414655,0.12064115696933442,0.17760880504436305,0.10147415369861894,0.9768256747591484,1.3207531065841764,2.3166104093626787,1.2360448056823243,0.815278939817391,0.6486592330242644,0.5513452983437235,0.6588211489054233,2.558024290932262,1.593726870669839,0.40405510510450077
2017-12-15,0.4538353088753969,0.38835046836972426,0.4198079894687218,0.40291383164671984,0.3481087992656058,0.41874382211392597,0.17812547293402758,0.1767390508795469,0.11981891235266422,0.9670291837829695,1.4292477489738091,2.4151291335491014,1.2596028876577139,0.810222030729973,0.635301882701398,0.5085450012129915,0.6624231059487735,0.7015539891930862,1.5909020101360924,0.41419860182893914
2017-12-18,0.498620333085965,0.4073007922399461,0.416323678273849,0.40633707104138156,0.35410174857039883,0.41520169773694005,0.2446966770293102,0.22314135092232235,0.13005355908913754,0.9975144561812908,1.4138962699637954,2.5582968677731563,1.250677672520682,0.7049853846597186,0.5855756146027357,0.496063369493098,0.6531572527042702,0.5380937400237843,1.5921051681698581,0.41296516348511714
2017-12-19,0.5749644294149291,0.4111169460352961,0.4379224037211064,0.406182119232435,0.3577179300327928,0.407893435853126,0.13258755738710715,0.19540433168196647,0.12706043067047534,1.0347590457293743,1.4275907769383371,2.533879815827293,1.2601602135822685,0.694082104458809,0.5868675702830451,0.5216627131348661,0.6525616596312303,0.5719160997996687,1.572821245916403,0.3925237238885108
2017-12-20,0.5778223915056617,0.4152436572176599,0.42732976632477493,0.40697003055938324,0.3583691916283949,0.40802092575901305,0.12436519531516144,0.16007294379046855,0.12518365997370884,0.9527522873157533,1.4021389641255928,2.5214436664918045,1.2666102455830386,0.6815452642295792,0.5869528446088115,0.525898080904867,0.6655834028909964,0.514306374818446,1.6597766798778155,0.4057407921477887
2017-12-21,0.49561335482567087,0.41315430041289236,0.4233698586902598,0.3950041022690701,0.3568557635120679,0.40809245969578933,0.2472753232626368,0.17479171047173725,0.1221251608272093,0.9266689660721689,1.3885890484741086,2.5214503777221293,1.2854681930000933,0.7255449746848629,0.5699246911199004,0.5762911357294678,0.6340522405672498,0.545317791026364,1.6572669927378385,0.4056770604484588
2017-12-22,0.37648218665549127,0.3968134507883139,0.425471644262493,0.39578600466845737,0.35736856378827914,0.40803220937977774,0.07550591391130013,0.1619392370361583,0.11969012099203666,0.9266697740272165,1.3889142564192538,2.5008641728450365,1.286378167336688,0.7254001644600692,0.5740464607366627,0.5738348410803569,0.6544028116509567,0.5448523903049288,1.675940098049651,0.40620190061826356
2017-12-26,0.21173603043649897,0.3985719383682677,0.42757987353202226,0.38134708269808804,0.3573650323764748,0.3979137953851675,-0.07525255512146334,0.15845215612277697,0.11183766474068658,1.0836966936002908,1.3829956856492527,2.5180650223925105,1.2865015205150014,0.733019577537298,0.5690167696857016,0.5610861741572654,0.6409167000825884,0.5766370021939492,1.68621082464828,0.39924641165640423
2017-12-27,0.1243665545865056,0.39734990372449186,0.3774111764613834,0.37359352177573707,0.3549331421079255,0.3946780941856767,0.011297864601376162,0.11016384200701945,0.10541761138757172,1.0777334428349423,1.3602365007513966,2.501730632843951,1.067841845766425,0.7333407513025156,0.5799083971396227,0.5505452131868568,0.5660754460197581,0.576776038871526,1.692762500510645,0.43848815783564676
2017-12-28,0.14343759859475183,0.39822562328138883,0.37575859757891594,0.3738188756314765,0.3548919066636015,0.39481294939754924,0.06291414137191476,0.12349018445583282,0.10527990850397997,0.9700771984702097,1.2873113210594274,1.9831526574152467,0.9557131000617434,0.7209894096342753,0.5800757270945598,0.5322982465680521,0.5647027917164397,0.5554063282599353,1.6548027768544173,0.4930922431372221
2017-12-29,0.21648039096862043,0.39390045695366366,0.34711617266851014,0.3818251415436007,0.3603040633656192,0.39685042451083635,-0.05367829527204826,0.06086315289330124,0.09701850843908509,0.9470558304351637,1.2737145037757616,1.9649591547580576,0.970218365350769,0.6519254055413407,0.5711125559857396,0.47398991670325197,0.5762514016361098,0.5733272816251734,1.652313017072182,0.5575062810964497
2018-01-02,0.40884759284532035,0.37066015735571206,0.370168243799935,0.3937289292746764,0.3635126444904352,0.3963629710118667,0.09468721815671932,0.10702907482256385,0.09907189510279282,1.0286234181689362,1.276715694957398,2.06061607409314,0.9873847870305695,0.6647955862701509,0.6503689278729208,0.5990584536263858,0.5715441114054423,0.5764060482589053,1.8595374565130753,0.5495347398977881
2018-01-03,0.4468807438082251,0.3703966067680166,0.3838336159655272,0.4006636307866335,0.36883503534261575,0.3993907328294557,0.2451251180462788,0.14470601258837257,0.11151141603375139,1.012723589905786,0.8925397226885897,2.1028819235529466,0.8794124016764001,0.6498584044083071,0.5922781322519078,0.7306448876948631,0.5887732903919012,0.5918114036987553,1.5516489091208616,0.5468151474275547
2018-01-04,0.436897910958009,0.3436940800917432,0.36927827812420666,0.4033429328827979,0.36915167645520686,0.39905860094002876,0.3196763905815181,0.18375952634721082,0.12128775689061176,1.0154840226368833,0.898872805990725,2.103025144283165,0.8827157291049339,0.7305086636201966,0.6158036568694581,0.6920452938094621,0.5805861015392131,0.5689123427494541,1.399411067087171,0.7594935836096267
2018-01-05,0.4550620346277093,0.36741722248830283,0.38222488841806895,0.41054601172343863,0.3753929379408711,0.402347133296152,0.4118184481545062,0.21613300835562957,0.12799786696365667,1.0342482060436609,0.8856782271646975,2.1031716265336415,0.8771638485629958,0.7235525727160742,0.6149259706642858,0.6583980697060825,0.5668506744756556,0.5550513098411289,1.3404393026803403,1.203922597862422
2018-01-08,0.22119258969920516,0.3677081931439687,0.38156267210532163,0.4105651972869644,0.3754415742506533,0.40239727989478735,0.5238073416401567,0.20951138165001995,0.1284275514431186,1.0415539728359737,0.8733310860172507,2.164812338355331,0.8698299309671362,0.645052464539518,0.5481632907150253,0.6595523579073526,0.5373674152849007,0.6251067270038033,1.3937513630342044,1.2943945599249411
2018-01-09,0.22330136476450413,0.35627439701356245,0.37336539851828543,0.40208110991253504,0.37386373339322043,0.4005164965119228,0.4259294853763329,0.19356202259459498,0.13468409742758017,1.0418479615377954,0.7818891322549358,2.1596764577868863,0.8383168771679042,0.6028805451747201,0.5752090409398337,0.6773305247907947,0.6325048493439835,0.6971910180650215,1.3920977844693583,1.2962306530155028
2018-01-10,0.3035318401506506,0.3603608327335395,0.3802233201418016,0.4040825125402337,0.3757031258555104,0.40114088659332886,0.26881865495699264,0.17084697372777957,0.13010456238463214,0.9520950155811327,0.7567004221700431,2.1494653311664416,0.8551537515169267,0.6111248765477991,0.5935749175755621,0.7138047762496981,0.6315420464623926,0.724475757430627,1.2971244884929805,1.529873696674983
2018-01-11,0.36694549855748676,0.38040998609125176,0.4002466433850113,0.4136270027006197,0.38359428380634103,0.4049167641284859,0.3304594071762623,0.19850530493656593,0.14004318286301573,0.9473304657794461,0.7550757162820516,2.0604040766676635,0.8307414202654625,0.6108061890009059,0.5911556659279703,0.7248781406557792,0.6033071195595037,0.72020080815481,1.3244928048786058,1.566509672643349
2018-01-12,0.36364716665524377,0.3908736831181021,0.4093179021209895,0.414639433454033,0.38911027698362505,0.40783097302824894,0.3275397279810366,0.23165937820565477,0.1497314039199077,0.968781875316907,0.8257133553560209,1.940203642640307,0.8145913099074115,0.5358968447492094,0.5427026893201575,0.7302080414183099,0.6172675959647004,0.7054957466211366,1.3497334993939019,1.6017687706358998
2018-01-16,0.47460859117243087,0.3834834521593742,0.40405510510450077,0.40845344920061466,0.394210531017981,0.40969571506754016,0.22259770267716084,0.23500051807697647,0.14240310098373585,0.9791201092936789,0.8762833202809659,1.9962093329473363,0.7864536358119169,0.5623555601216267,0.5667245863031943,0.748296920201394,0.5891797602237332,0.6849463223967711,1.269139855040288,1.6048252136366696
2018-01-17,0.5764220709843697,0.4132399575665712,0.41419860182893914,0.4129166411931001,0.4075244664684456,0.41686242261422146,0.36795794383331915,0.24102014031941787,0.15783291603754412,1.0192783683457443,0.8079070835138814,1.969588423025334,0.7511883731627136,0.5731779017731915,0.5774056194138092,0.7768247675515944,0.5822829246004536,0.7933505770545891,1.2878529661747207,1.6220391467420088
2018-01-18,0.5798467004673558,0.4392568602231347,0.41296516348511714,0.40945207074195117,0.4069020339544942,0.41722762505712724,0.3649523268213062,0.20091088617577854,0.14643166893002008,0.9753284435417116,0.7917450299989556,1.8891959839219403,0.7445343066547265,0.5535642875894244,0.5819939999186036,0.8005208913866348,0.5660009518837603,0.8358633644838322,1.3259698832940703,1.653939480480682
2018-01-19,0.5488416090665958,0.44027121197671865,0.3925237238885108,0.41118001947600563,0.4026464345889301,0.4178715171283126,0.31002201163400356,0.24286391849829006,0.16049691902424942,0.9462850871420996,0.7704532917915103,1.8965656142949423,0.7354168941893403,0.5598092352898054,0.6248939629035362,0.7867400293318729,0.5647121847651964,0.8238960083180996,1.3158880693888588,1.6491885735828744
2018-01-22,0.5778986246588457,0.4552613059589742,0.4057407921477887,0.41622228976443654,0.4113658688404862,0.42238045724533924,0.3422554547430656,0.2861319430626308,0.1711181813124198,0.9681700034912694,0.8298293035637552,1.9000686932144168,0.7405232861731131,0.5626575114102074,0.6542550461001712,0.8155549414326759,0.5489176351069852,0.8281005808792019,1.2451881956984936,1.6377537800016029
2018-01-23,0.453706684735252,0.4542650050799161,0.4056770604484588,0.41315479090046797,0.4019789875321773,0.4223604133153901,0.45307370681621384,0.2864501139653708,0.1829071732834364,0.9656593755040614,0.8252959812947493,1.89547044217773,0.6925200718270867,0.489189003141946,0.9603419433512775,0.7912429040378967,1.1475776385919665,0.7918061839771742,1.2543160203851835,1.6362515430518016
2018-01-24,0.39321696611336043,0.46899480113402636,0.40620190061826356,0.41534500689266746,0.402943591177067,0.4225641017755165,0.2546845294988498,0.2858147942163053,0.18010558188482736,1.0342993875494386,0.8278077505707109,1.9440693202945523,0.7055358152013564,0.5038933282261409,0.9624363634780106,0.7907508329299726,1.1359047490507101,0.7978786047683286,1.237607899181303,1.6376987329186614
2018-01-25,0.34496668163183786,0.45123542887546464,0.39924641165640423,0.41403966822086247,0.39449549715956195,0.4216300578254689,0.2967647017388497,0.29391520039085683,0.16718443716032258,0.9479360800883284,0.8206629556876986,1.95048802040665,0.6863485599539828,0.5028322512562489,0.955129104889429,0.7951937327226912,1.1880100300831817,0.7912529039597285,1.2297290009111532,1.68668516984224
2018-01-26,0.5228593084740937,0.5097873375831393,0.43848815783564676,0.4215874775383764,0.40824013965936423,0.43204374862688605,0.4373205471128827,0.34936958912616667,0.19268917145613665,0.949137786623677,0.8846851599010315,1.9842995462322401,0.6845697905450677,0.5726652189451679,0.9606178322778769,0.7968231870687797,1.1923724666227584,0.8406560986008266,1.2585326023394958,1.68682657622503
2018-01-29,0.6571435512272658,0.5928603573229171,0.4930922431372221,0.4424643398413877,0.4229152971216104,0.43805911191291697,0.14212273842029166,0.305934092324725,0.17904269520743313,1.0560841296748293,0.8897697313152495,1.9727320149464624,0.6945644973049007,0.7094430695828229,0.9756207151654643,0.8568899032299687,1.2275356387230205,0.8486508320884677,1.2709582885086879,1.7014041988659558
2018-01-30,0.833631383122897,0.6978623854505446,0.5575062810964497,0.47086670427571203,0.45060225071396376,0.44924400998492947,-0.10547549475411033,0.27350081409485527,0.15974347192798535,1.037264030028963,0.9593836306701692,1.948477277566744,0.7087370037420944,0.7318187429240541,0.9787802778147938,0.9205405025682595,1.2373571626762798,0.9446673447816231,1.3098098166903855,1.701070013838597
2018-01-31,0.8363371997319763,0.6420025871579523,0.5495347398977881,0.4673600823916527,0.4505548304328955,0.4491477628132828,-0.08777009282524562,0.24020046647081403,0.159925281127144,0.94616948223883,1.0623946610982777,1.8989663703177657,0.6974345230907539,0.7009034455073597,0.9508614297945227,0.8596678744445068,1.4147253045766293,0.9939573682417947,0.9822766347781232,1.723991468525429
2018-02-01,0.8331732261981887,0.6398566563811117,0.5468151474275547,0.4672403843609196,0.4513284714716379,0.4270729849760908,-0.11894208015368113,0.20289840084086683,0.15246884586352832,0.9490361842242647,1.1013560796220447,1.5341429144129,0.709472829796171,0.7035675960446256,0.9541219073696616,0.8668565256460461,1.4305385155989117,1.034967197821158,1.056746634939308,1.7322104399108995
2018-02-02,0.8885696760402699,0.942362714334019,0.7594935836096267,0.5921164446443564,0.5423433324158474,0.47614955994652175,-0.7859007191766687,0.07297531168661997,0.11360625910625863,1.324939653850317,1.2917209989893077,1.726088495051741,0.8834718762850714,0.7461186774582214,0.9945034892366482,1.4567180280774512,1.4780098984962826,1.0737697515142781,1.1116525548545304,1.6931297992915881
2018-02-05,1.7465209162525164,1.5124031757708136,1.203922597862422,0.9030120835879882,0.7756146422260782,0.6108620123008361,-1.4897569708017233,-0.1694597624143324,0.04506066611735598,1.3566896368414123,1.5990009524615245,2.6375397503508613,1.4240889872942941,1.1672110500226711,1.249633126916712,1.9157774401847691,1.8617147431123793,1.4588759341247541,1.3624459474909907,1.3852946072467633
2018-02-06,2.353856487721968,1.715395059118617,1.2943945599249411,0.9532480985738228,0.814381991970815,0.6350296093760204,-0.8905602771220457,-0.08009109059569533,0.07506345340525464,1.7207206734421454,1.8093263470887015,2.8414765620489524,1.575589917011026,1.1700968072594828,1.3215735634708432,1.9262618891030432,1.8888647779050907,1.4308111927538676,1.386878808334624,1.3196193459744658
2018-02-07,2.309188758454939,1.7077909551413144,1.2962306530155028,0.9547014011531636,0.8163481393108178,0.6375354375743646,-1.0090081690773256,-0.1185339471426006,0.07206764775309402,1.7658382330291418,1.8673161397936053,2.8561064577744055,1.5779452995745389,1.160472520136858,1.3209606293963292,1.9473907159467945,1.833378053158003,1.46645468697649,1.4105098555003635,1.3142587057595778
2018-02-08,2.5198881060046716,1.9640433362352823,1.529873696674983,1.1256767358635082,0.9539650027419905,0.7118830830947674,-1.736488527454989,-0.29842839476212857,0.010069197473806139,1.8369230519517643,2.2027343424377586,3.0713803619318347,1.8659549506439084,1.3520580919321812,1.3625058763900206,1.9507778976360568,1.9822828181620338,1.5934657555023464,1.5644885952097207,0.9966881754188052
2018-02-09,2.8717087433139437,2.0072193225011885,1.566509672643349,1.1521363763551922,0.9731937781486024,0.7236623987717075,-1.0006526459972753,-0.25980270160676444,0.033554789486879635,1.8638151608237188,2.3661302718916004,3.4266762124752663,1.919951431929141,1.3537439834593357,1.362357350494917,1.9373352474085932,2.08866738192037,1.59855060478702,1.585528328611717,0.9681368796724563
2018-02-12,2.3756364956731866,2.1429698518983122,1.6017687706358998,1.1762779137753459,0.9899441389483785,0.7347870133843696,0.12949492972246918,-0.21897096197897428,0.06190061411491067,2.101296941051066,2.3460668072201036,3.4519727138199245,1.915230928570517,1.4417533269034881,1.4574071153530144,1.9435115830888006,2.0857923661592763,1.5863400455068255,1.5436320058708608,0.9514668981310203
2018-02-13,2.1568294710571645,2.1579776049533854,1.6048252136366696,1.1749227102348043,0.9874515231383841,0.7296118947767837,-0.21481145891308434,-0.18944338099325667,0.07438864737602763,2.1235024915238276,2.3284215753356965,3.4577100560669494,1.9187209049634328,1.4310869553781227,1.4421333144437158,1.946092497182297,2.0650902121248293,1.620388146335197,1.5368364489238455,0.9651764021083349
2018-02-14,2.248983673379073,2.2360369896981935,1.6220391467420088,1.1868413375645341,0.9961694664813043,0.737640141342387,0.1636182219758277,-0.1696188776069735,0.08271343786399707,2.1332315311345926,2.3106897850935573,3.5227832031843507,1.9823177519168151,1.4164607005042629,1.3993775098032406,1.9113948775422167,2.061002057521404,1.5627004884266689,1.509924190303685,0.9261784024173637
2018-02-15,0.5224118187354222,2.299654444776578,1.653939480480682,1.1994128169247438,1.0066719273667848,0.7448741902293187,1.1690024388275069,-0.09741586676057848,0.10887879011250746,2.284190517902134,2.351029044813697,3.5398907878769816,1.9833361553270545,1.4725564922252543,1.5249956370885278,1.9126022585105844,2.097337138541402,1.5598773716833667,1.50081115828576,0.8842271037555784
2018-02-16,0.6792906231252834,2.2015753505509834,1.6491885735828744,1.1973405575137461,1.0066903047875009,0.7448111444221517,0.8744280230958081,-0.11870119874131338,0.10652235047964771,2.283470485232043,2.358912522900277,3.524664133394953,1.9909110695843997,1.4685466922445103,1.4969053466938673,1.9261009897050547,2.137652746067023,1.596557906801939,1.5369170984296165,0.9379215623265238
2018-02-20,0.846627692437261,1.690082536025155,1.6377537800016029,1.202174271033471,1.0084520790839746,0.7477324173961271,0.45550227349918665,-0.19065925728994407,0.08518187652105173,2.2783277145945178,2.3329307979329523,3.5378216106895364,1.9747487370473427,1.522477956669048,1.4776485748626744,1.8784458672146132,2.1405115396490806,2.7708124177286435,1.5311379766613522,0.9278632780308987
2018-02-21,0.9514496658715073,1.595393186498726,1.6362515430518016,1.2049415011507536,1.0110240668458437,0.7497025227151553,0.3062779538015083,-0.2261423192469331,0.07836650173005831,2.2794410867547334,2.3541027638562304,3.588456517988961,1.9762580173184485,1.5372929053914992,1.3705179485269896,1.8723060468815098,1.9605084733762972,2.8040838970332733,1.5357021444102672,0.9214633285615551
2018-02-22,0.7526533864929729,1.581958670419729,1.6376987329186614,1.205006565515933,1.0108494364800753,0.7488907962438714,0.062266594568030256,-0.21772336133967843,0.07667688997092838,2.261837927949341,2.354503883395014,3.5730389527807582,1.9558091809806617,1.5232718900298814,1.3963164596414912,1.915567015180087,1.9581973210957475,2.8392375701299755,1.5369464072385135,1.0805026488676712
2018-02-23,0.8829775515003212,0.8775378436236423,1.68668516984224,1.229611758578939,1.0294661454865175,0.7599843807455656,0.125853332765893,-0.1401437090038177,0.10407454916993868,2.253128723102601,2.418111010371597,3.586055014527583,2.0082807092769315,1.5648210316935935,1.4011827370751075,2.0207921705734533,1.957321177828082,2.8264941012728415,1.6095129237136288,1.0940645311915587
2018-02-26,0.990589161812042,0.8467251060207266,1.68682657622503,1.2414836602523882,1.0318383152864379,0.7661482358265069,0.3522479415796311,-0.13996935012462633,0.10652136033618659,2.289121536402254,2.4038545967774203,3.529919601566108,2.022785222752018,1.5072056816855917,1.4220343675762537,2.065049502569415,1.958329506434962,2.782287097264652,1.6690248835449448,1.2493847318821767
2018-02-27,1.1675974465828163,0.968958499656758,1.7014041988659558,1.2596135662035681,1.0463955526035533,0.7724519210953411,0.22775137533169526,-0.1692520980620932,0.08672405957282153,2.228136317312665,2.4237650085965545,3.5168068550942144,2.043604676107397,1.4834687480740454,1.4322310511938212,2.0778568286410133,1.9513158059249154,2.7577251538175624,1.9375204162728594,1.2730994378589444
2018-02-28,1.266258378215213,1.060249488645461,1.701070013838597,1.269355561995031,1.0506618321235655,0.7787987592120843,0.1246257419154519,-0.16861701007954258,0.05524898563620463,2.2206027279300087,2.407331403146985,3.5162445598350844,2.06539797587389,1.4869673414011868,1.504299152263979,2.105332057660036,1.960761446092286,2.757548919176496,1.948454098566778,1.2599314883353658
2018-03-01,1.4495088122085593,1.0970673943658362,1.723991468525429,1.2865297623259877,1.0681251298840604,0.7914258031126211,-0.19210332704013605,-0.24380666989340108,0.03447429046665893,2.2707117297757495,2.3533003197382243,3.618425631039569,2.101849770109097,1.490278266758918,1.5120409117855467,2.08615621707442,1.9049034653320172,2.757492571667775,1.935469827168672,1.2642890400269067
2018-03-02,1.1707188221860023,1.0172346764883078,1.7322104399108995,1.2851820263489424,1.069714093496841,0.7922138194468599,-0.40780191743075217,-0.2123586683230855,0.045081915035384626,2.2726336064746713,2.3477424407918086,3.616774034306568,2.0854489770458238,1.5108110544398217,1.5467223193131145,2.0075420401933557,1.8997480619032807,2.759504508683291,1.8886512724812752,1.3395796286617945
2018-03-05,1.168889701210883,1.097402195461313,1.6931297992915881,1.296620279966954,1.077855927830498,0.7931845725612406,-0.4088943901939655,-0.045717767878950565,0.07033902338496006,1.9948423481526267,2.2684278350857268,3.5543265350758646,2.0567644704847727,1.4965087468446092,1.5335978170156195,1.7583494350335653,1.8894472800728304,2.8018584625321084,1.8703016294142945,1.3465215343980474
2018-03-06,1.0894386635083773,1.0792618675665957,1.3852946072467633,1.292927986131255,1.0780916473784603,0.7929981713551988,-0.10847117822203804,0.1760693500828281,0.07424753200804174,1.871524032527155,2.0402386267698804,2.9633102146822328,1.711657111578304,1.22855760486412,1.2865713173824593,1.252601939367612,1.4943795039610515,2.6806063558157187,1.7194969132148012,1.3726534059887374
2018-03-07,0.9674434458430448,1.062544288479999,1.3196193459744658,1.2926120097051468,1.0777151178644486,0.7930683866842397,0.08681103782485673,0.07572581865718298,0.06838203657050251,1.7049750452670396,1.8743847777345501,2.733716273634928,1.5895345027555612,1.2257260598679982,1.241432787174836,1.3160292751823575,1.4791597674736312,2.66856591720623,1.7112171363738808,1.3884063081695512
2018-03-08,0.4404589617435703,1.069315688220782,1.3142587057595778,1.2944201080791502,1.0772836506186054,0.7938342613175705,0.47441142750736204,0.12704822925277082,0.06735876823492172,1.602592896754091,1.8119965812476957,2.726090758559567,1.584375524709122,1.271326450462532,1.2649616196104756,1.2617179480539311,1.571818198055601,2.62231632741548,1.6902458358507,1.4587177405447391
2018-03-09,0.7205116313775745,1.0921493209351658,0.9966881754188052,1.3228229417269668,1.0983888371828991,0.8080310561602824,0.7193596444916663,0.40160337466357826,0.09134065120974308,1.4188379065593173,1.335089155947758,2.4455590617443415,1.3055170349651741,1.0224333180733192,1.1893162042304455,1.2484444032964899,1.294022145267319,2.6005431842913755,1.5136965260901967,1.394911466445641
2018-03-12,0.7535728635530519,1.034819066036042,0.9681368796724563,1.318486602067399,1.0986838580607081,0.808229091235322,0.46310416892495504,0.320221435851607,0.08630801306046948,1.415730669937268,1.1259214715336472,2.0144707940336715,1.263700823790385,1.0396924138803136,1.1926130160164228,1.25777812810181,1.2122853448929953,2.6008024466033306,1.4713652168963758,1.457633524636105
2018-03-13,0.9077901202214865,0.9676585983819914,0.9514668981310203,1.318769190383233,1.1026907643574535,0.8110836160737902,0.2831564262844612,0.2144847242233261,0.07572438015000219,1.2385609474657038,1.2924533277017294,1.973060546849869,1.275194378954994,0.9512557749634776,1.118401038893025,1.256021554593865,1.2359542805752026,2.6020285398527507,1.5070372392452953,1.4559906225439962
2018-03-14,0.9724658556215978,0.9160342341747935,0.9651764021083349,1.3201778007121563,1.1035509681815727,0.812950969729602,0.18784928524383754,0.17639100469641344,0.07398271392671109,1.2689227710985171,1.3030238894101822,1.937697235677275,1.3044256254318716,0.9696951623069101,1.1301266784507824,1.2812515454816047,1.2909096881615492,2.5604051390736173,1.4990412396074377,1.4718834211606056
2018-03-15,0.9634453005358959,0.7378119499495425,0.9261784024173637,1.3110305305939796,1.0992650740283014,0.8124960519934036,0.06925739014606709,0.10345802129533066,0.058286428002591664,1.2249249510041043,1.2662870655475758,1.762308179628866,1.1991789022894006,0.970283618573277,1.1141973681866968,1.3110571862449487,1.2915032073642099,2.543236910107023,1.5013456053353746,1.4722381235279183
2018-03-16,0.3121999366332562,0.7340964230633962,0.8842271037555784,1.3110295690072495,1.096689470113249,0.8124730446554216,-0.25709409832537206,0.0450792403753586,0.04952475326351955,1.0038208581098744,1.1919295705005812,1.705220365294998,1.1961199491864738,0.9042021324367863,0.9882335141391991,1.3313596993252235,1.270796143827076,2.5624856244889287,1.4957198157489455,1.4874536902945823
2018-03-19,0.5639745288067353,0.8079637411890711,0.9379215623265238,1.3251075353650523,1.1102334274402557,0.8226701256984589,-0.5026062109262395,-0.024037122653904897,0.03337519903435724,1.0676922762602412,1.2552142049699166,1.8996175461141525,1.1984353857913304,0.8979770196024176,0.9834831301828703,1.353166714935661,1.3653091185481887,2.5242222335445836,1.4834079632646755,1.4800683347025445
2018-03-20,0.6266692657855547,0.8052560689378455,0.9278632780308987,1.317985413644458,1.1103136806669311,0.8227088194693861,-0.3393375720298318,0.015774762841071488,0.03708248287125272,1.0635032896671637,1.2446621126828417,2.0082312206001944,1.1986168234788652,0.7579494937603615,0.9377409897853257,1.3373712864813663,1.3195018416087105,1.2552974568072846,1.4820308649674225,1.4796598840658426
2018-03-21,0.6208354930599906,0.8069342403633183,0.9214633285615551,1.3171777999697079,1.1104762008577456,0.8225897789684784,-0.2750889893738327,0.031049268902578198,0.03045235454033862,1.1837806288978046,1.2162267863505263,1.8784538792715928,1.1948685092081677,0.6850105263700015,0.9571230607108381,1.356045111047863,1.3066726228726884,1.1190369475001647,1.4807037847642017,1.4843546819260753
2018-03-22,1.1532644698083274,1.0915936420876928,1.0805026488676712,1.3707468487051913,1.1575316419407453,0.8555235672278207,-0.7532283488740108,-0.10041571456517961,-0.01077476056285093,1.2080046799174498,1.3837321036013943,1.983601509881183,1.515227728114539,0.6890199441641333,0.9394749436561376,1.3961996283483469,1.4684502333117924,1.0816537426161918,1.496731919517552,1.3813882199769847
2018-03-23,1.1697964432586265,0.9482117258889746,1.0940645311915587,1.405215049671269,1.18943716449719,0.8780094777150252,-1.2012083324396028,-0.2866861759260153,-0.0443048948463254,1.223272908110574,1.3732277401127542,2.10968980349724,1.5142016828895735,0.6560630814222408,0.9341995003083886,1.2879974860663748,1.4612668408166891,1.1406519806246396,1.4623006503275244,1.2817832613624658
2018-03-26,2.0980825991272427,1.4497351830954621,1.2493847318821767,1.4655601271879073,1.2424116926965363,0.911341412427001,-0.38341315352730315,-0.20795239643063845,0.00048261419030061573,1.5952376104703858,2.2208350741100964,2.407670595686103,1.6701943930887955,0.6931391777281352,0.9309473041548919,1.2749000450757566,1.5203456779290694,1.2982173552687586,1.4383845459132765,1.1720962705662838
2018-03-27,2.1411275317779617,1.5035542472727181,1.2730994378589444,1.483526835727736,1.26131948466925,0.9251629520982816,-0.7576735453122094,-0.2305814673199047,-0.03129982435242431,1.6832671515909325,2.430334575798517,2.9662277367760383,1.6981753753545865,0.6761242684771507,1.013028395723294,1.2327238176052495,1.5200274148143134,1.2947049300779392,1.0985548884915388,1.1052773765545438
2018-03-28,2.134777053619793,1.5056971257704015,1.2599314883353658,1.4775852600680022,1.2609843752026388,0.9256280680191334,-0.7783882635877479,-0.19470423247322177,-0.029940142819303038,1.6930243483559189,2.4299175436433154,2.9709897865235653,1.675293567604679,0.6810479821371054,0.9057302112539117,1.161566934770788,1.4950027482923667,1.3460785407113707,1.0598933262772046,1.121656651756142
2018-03-29,2.0396049247286734,1.6087780529765208,1.2642890400269067,1.4951692668648322,1.2686812909705736,0.931202232254513,-0.02289344803704445,-0.05811324481440672,-0.02057314941233126,1.6752473755839643,2.4759254139624027,3.043196600673934,1.7031637285958439,0.6753224289757138,0.9126064684948041,1.2966725885847599,1.4301540896692413,1.3642482750377656,1.1593936585127176,1.0886076903466446
2018-04-02,2.0466007340417196,1.6887649702563845,1.3395796286617945,1.5284459054791515,1.2952171465410895,0.9524886686827174,-0.02828872906981399,-0.19180787883578077,-0.06708938210599982,1.6646846863271278,2.5609991982297844,3.1750103909340255,1.7492555816488737,0.7681960794196686,1.0289284124339135,1.3530276178644083,1.535406628557083,1.6162383916137373,1.210591174294381,0.9775824455579889
2018-04-03,1.6129441962944375,1.764605240880593,1.3465215343980474,1.5115944873876177,1.3054371351521936,0.9592302762778796,-0.31914305843621077,-0.1855145634911998,-0.052752339894510135,1.684627797028144,2.57830828233892,3.2138433697274635,1.7409317632147898,0.856542946027964,1.053635304170654,1.4554867099169093,1.6848984097611908,1.6211747411839221,1.2229411564731107,0.940148537923282
2018-04-04,1.4907949220641201,1.8163307166708391,1.3726534059887374,1.3708506752931628,1.310235195064467,0.9636636867385047,0.23508604752767076,-0.1446921608824775,-0.04602752440466061,1.751583153169978,2.6693258786120153,3.142867506837338,1.7839994897630462,0.9658617046678996,1.0693133233785632,1.4557365724257043,1.6997413973703912,1.612861045954378,1.2272709474551664,0.9245838149802655
2018-04-05,1.473103099795327,1.846739102774446,1.3884063081695512,1.3400453774284575,1.3143623714526609,0.9660284658334675,0.45202379394300624,-0.10340104344368439,-0.03592210512739893,1.750257293295148,2.6657094180912493,3.169699238625333,1.8134461152233103,0.9644172857033906,1.0444194485070353,1.3778433073151224,1.6953429642654383,1.5848227835711193,1.2331928064312734,0.9064508797165934
2018-04-06,1.7836096551299692,1.8102513837900618,1.4587177405447391,1.382932985750237,1.343937197596022,0.9879644482220618,-0.24924189554510018,-0.23902657557752227,-0.07683743115578402,1.8140968576142475,2.7082765921496867,3.231788390025936,1.8913195838069434,0.946784283844445,1.019156134430351,1.4247708411831872,1.667900004215419,1.600628954609005,1.2809567819351821,0.7972132602505251
2018-04-09,1.4339507533685627,1.6739283080226763,1.394911466445641,1.2484473141225203,1.3459016930022236,0.9888377905422713,0.28101145711275216,-0.3013949256805093,-0.06607331525968653,1.7799474580301868,2.6552902947628887,3.1989343394446084,1.781362100972532,0.9262903141836999,1.0138060146286567,1.4192396983038629,1.6576895022666156,1.58641345943092,1.2690899106361087,0.7941829644687463
2018-04-10,1.4931586946988178,1.506264482955549,1.457633524636105,1.2511426010678932,1.3590427722874197,0.9989814801356426,0.3426867571090743,-0.21561891644516998,-0.051733394066775816,1.8245722289228545,2.7167779597561736,3.4705447514878083,1.8482266153976077,0.9203589546162321,1.0127982152800903,1.5516522136223914,1.6564889159162008,1.581354284703847,1.3327759049448251,0.7143453697198849
2018-04-11,1.4690565546479144,1.3997592997514456,1.4559906225439962,1.232846859551365,1.3572032446270577,1.000324094176538,0.023853253159713716,-0.2095179541636644,-0.07133473063977087,1.8173422386728053,2.674072119991073,3.4700463413505505,1.865222046077651,0.9200490313645863,1.0126407332600718,1.5321438264945666,1.6262350128184067,1.5836680646694947,1.3066932059392544,0.7304439082983015
2018-04-12,1.473491074651508,1.4066873404658125,1.4718834211606056,1.2391112041323087,1.3615893995577193,1.002866647637115,0.03055554810520462,-0.14272447772834262,-0.0519256180083953,1.8289952176907558,2.706931892159402,3.5859596450484803,1.9448673784650503,0.8961151497757353,1.0023711050114716,1.4986985782316278,1.6030581757353233,1.5810231958769432,1.3060518230789107,0.7366150738424689
2018-04-13,0.8568634341535782,1.365187824907997,1.4722381235279183,1.220895143715311,1.3554899120496309,1.0033417965681974,0.41760944886203094,-0.1519385608985313,-0.07269980573672473,1.831086868075737,2.7084660539003,3.592143656527674,2.0332183825278927,0.923550977394003,1.01494797258462,1.4908572691910305,1.5973110850537162,1.5911541307473789,1.3015139151154789,0.7312550228513087
2018-04-16,0.8765248325465334,1.1254887740631367,1.4874536902945823,1.210566953903593,1.3603289358652646,1.0049437505558965,0.4834788809135084,-0.11625168087078919,-0.0561961024186697,1.8368637154557712,2.719919586886278,3.588451430174317,2.0317242761023335,0.915138219392487,1.0135426238524148,1.4898567566664882,1.6071920922574034,1.5428829667563533,1.3004428944530746,0.7138500060510963
2018-04-17,0.731157182025604,1.108544120395731,1.4800683347025445,1.2231113315206075,1.3665462703251607,1.0084658365296937,0.3794331977328726,0.0048909357196080805,-0.04594912855853674,1.8283464106156022,2.7197277863486895,3.5494724646900675,2.02707911679768,0.906140245225467,1.0110161576951326,1.4518122069732111,1.5109328034253235,1.5089652669362243,1.3430504980938043,0.6971251018083168
2018-04-18,0.5795298937247134,1.0822069577942295,1.4796598840658426,1.2190644765338259,1.3619960749205748,1.0084081838644283,0.4990874529331914,8.83020770914289e-05,-0.0582653974572604,1.8295700969095112,2.7200109298435606,3.4490589888555956,2.031437389791479,0.9299799473586707,1.0081448189551243,1.4587522208541974,1.576063133008836,1.5061436224150382,1.3606178734400283,0.7028428024424387
2018-04-19,0.7017390160682068,1.0927851290442818,1.4843546819260753,1.2197075868082923,1.3630129840354106,1.0086970941810989,0.2235940617161593,-0.018053714955844624,-0.07104892176673318,1.8720030270347965,2.7149219733393912,3.509039079564254,2.1002358334778983,0.9324924216032872,1.1970184388600817,1.4370015400404694,1.5758597873472628,1.5073088891718232,1.3578562311797528,0.6897690125247685
2018-04-20,0.8350413382419833,0.8136681095156972,1.3813882199769847,1.226949117004444,1.366686132263642,1.0120388861872411,0.11267259865469743,0.06453667598364576,-0.08453413330707077,2.0691048169468766,2.6354619705940108,3.4652056548112102,1.8685360884410303,0.9750368759016048,1.2303829721513369,1.3434248494925094,1.442963897757829,1.5017403299627017,1.3384354206255473,0.6606940034228771
2018-04-23,0.7351707164356854,0.813726634018293,1.2817832613624658,1.1988013692102457,1.3666159119153714,1.0095677451682021,-0.05476725486287064,0.1703585885233938,-0.08549043213547974,2.0020470498534193,2.5241352216424864,3.4004023994082258,1.7576607485009048,0.9421504836950926,1.2438744126679815,1.3149814434778606,1.3814661168491156,1.4496489795041783,1.2502073154182638,0.6763545770448515
2018-04-24,0.5912848251292048,0.7917209717671537,1.1720962705662838,1.19897437781182,1.3662468932754868,1.0168109518326625,-0.5380774773441075,-0.03377514523459302,-0.12723229726328594,1.6861420122776232,1.9706853395991968,3.187703796207431,1.6277284967631045,1.0547684995801077,1.2346144345935532,1.3602309021281238,1.3229698253787292,1.34270254059594,1.1627411792252103,0.5904558050033514
2018-04-25,0.6392174219107811,0.7810624968405364,1.1052773765545438,1.1861559288873211,1.3652499316165732,1.016938060797522,-0.5034517981602658,0.06364373886507735,-0.11206327550564019,1.6035550554592783,1.6678555551949494,2.720707246790922,1.563864222093152,1.1033502716793497,1.1399128781171608,1.3739101103244533,1.3271933176850055,1.297631807853198,1.1877378577320645,0.59065230535888
2018-04-26,0.9284982623141458,0.8058233070197334,1.121656651756142,1.1887799991895713,1.3675418342807035,1.020856396650123,-0.1891887577203642,0.12924616151100132,-0.07802502701392103,1.5898615829476963,1.7216619829647175,2.8383758345150274,1.5625181694868466,1.0922346936539418,1.094776358283851,1.3502381671951855,1.345310522946759,1.232861551865331,1.2113329102803803,0.5623998959025438
2018-04-27,0.8539982811409942,0.7985148562741468,1.0886076903466446,1.166307374128695,1.3676236543549543,1.0208678522524812,-0.0008269663766123259,0.0700532963987538,-0.07728887276968469,1.5952044756650148,1.69945299787893,2.636689960879384,1.5186153460432072,1.133004121574272,1.0790758058195935,1.5840964013582277,1.3405055137944382,1.2009871195529513,1.1374154849749478,0.5681486055514218
2018-04-30,0.9210739536465002,0.7873210811370682,0.9775824455579889,1.1695986315386673,1.3705333389974852,1.0231740829259743,-0.15163318625951866,0.13952247422596764,-0.08821469097763289,1.6487787999192263,1.6419564411695506,2.4241687296967394,1.4564143882488259,1.058525174897168,0.9748703838551604,1.5086618596873942,1.2157530147795843,0.8583198215830572,1.0898430543622288,0.6042585655873594
2018-05-01,0.6342135443137003,0.6833088795334519,0.940148537923282,1.1543797245323117,1.3431464989269086,1.0231993054043933,0.15324617096173848,0.0843221621148943,-0.04897005641841869,1.7166513429851944,1.6508683294379132,2.3955671750488476,1.4242172563517856,1.0392620640940549,0.8941489574840764,1.4477541246470487,0.9988844140834007,0.853035602193847,1.080415753405717,0.6657059409049336
2018-05-02,0.7266037209207598,0.6916436839023589,0.9245838149802655,1.1573961072715875,1.2318982130934788,1.0251779093328774,-0.030532629414658886,-0.002760930370505066,0.009538752943281829,1.9379657894737656,1.579420019572395,2.396110464305531,1.3886262404049514,0.9475357282798702,0.8808716418076113,1.4476953759129643,1.0019829727731846,0.890782193956114,1.0248663333239603,0.6620104541197522
2018-05-03,0.4316869208130403,0.6842297206645307,0.9064508797165934,1.1576096299223597,1.2049703114741814,1.0253404904944896,-0.2779182632531139,-0.053239352788028715,-0.026971525858176727,1.9339319816679934,1.5837260672353715,2.423527821264079,1.3516182929532663,0.9370192431853787,0.9131284764486332,1.4126419030643351,0.9953202776852978,0.8744061266782277,0.9982205164073739,0.6811848873946121
2018-05-04,0.8354242031266856,0.7966874968178794,0.7972132602505251,1.1746770832076439,1.2149482666602471,1.0312321504013542,-0.03777046283764278,0.12292115457561814,0.0036476027502888807,2.000842792016311,1.4913517701409411,2.3284013913912727,1.2677353089576862,0.9676564909674226,1.011208341339141,1.3665030587685991,0.947059703105831,0.8965065149800434,1.0833992929442897,0.6354429730345159
2018-05-07,0.7336812903020948,0.8046940625208892,0.7941829644687463,1.1400524950818043,1.1110119445179023,1.0315759977828627,0.18370601693985317,0.11519611418274289,0.07180152105527063,1.997980358918548,1.5016221545688262,2.4525733371378093,1.2528807709951193,0.9706976779619008,1.0130740109192335,1.3822358073515046,0.9038685916871486,1.0413486077286123,1.1059781853237798,0.6344313377390445
2018-05-08,0.7383345766772532,0.6488899388501294,0.7143453697198849,1.1401337458639091,1.095043754814505,1.0315714782062244,0.14817440457070247,0.03569407398030133,0.04676553112891278,1.9693231249343484,1.4309892389878938,2.1451479501710544,1.2209315552232463,0.9699753511756102,1.0053762890751345,1.2256560100261193,0.8905048608034333,1.0431218242010378,1.0584414658700714,0.6511454541715787
2018-05-09,0.6405632447252626,0.6987395806243281,0.7304439082983015,1.148444981558206,1.0858783060157582,1.0347114710488878,0.4758411703752376,0.11023604893337591,0.038400939664345865,1.9603354237244366,1.4157005620246517,2.1552277057825426,1.2561388379236498,0.9691362413169002,1.0749871338630064,1.3262956926243155,0.9184434918280527,1.2473134373711365,1.1275247418117842,0.6263746950890664
2018-05-10,0.5245162145943606,0.6888510101857112,0.7366150738424689,1.1562585936711376,1.0917302998350502,1.0365881253515807,0.7069183729888764,0.11585135343288921,0.049839293466986664,1.9694200634413832,1.3769513000538818,2.049813802649149,1.1403384209036176,1.004065057265567,1.117981919672829,1.3993925971735717,0.9798460993070256,1.2458717407340356,1.1885616639485408,0.5997277315019507
2018-05-11,0.424461028523868,0.6879799754676439,0.7312550228513087,1.1572346014032768,1.0789052249402078,1.0342978180845146,0.5090183315532217,0.14577337524841583,0.03243094521507171,1.9782246398265049,1.3693805670834034,2.0974070530594298,0.9466524612893203,0.9572023229843222,1.101325676255095,1.3949794774231619,1.0495501922636732,1.2512315728733188,1.1902612335708063,0.5980719490234592
2018-05-14,0.4710346462358284,0.5980622371803206,0.7138500060510963,1.157124300797638,1.0664906269176924,1.033792296389601,0.4508827083593882,0.10704707104421285,0.011958210182927404,1.9828596069434654,1.3525031376112593,2.094546168697899,0.9454220154045659,0.944980978212592,1.0935124942372179,1.3906270288027966,1.0365189552315106,1.2640903779661048,1.1907403399152008,0.5979362131136182
2018-05-15,0.6870077260328149,0.6779472455564012,0.6971251018083168,1.1419411446468737,1.0703137211982034,1.0359961409142515,0.313149504308521,0.019123150624213436,-7.678770027808035e-06,1.98809964846672,1.2974528189870411,2.245225176333904,0.9677724946619173,0.9332352562388485,1.0938886185468037,1.3870749240216578,1.030571633620465,1.227251855372486,1.1164264281132152,0.5773294693735264
2018-05-16,0.594307391782767,0.5999008233444184,0.7028428024424387,1.143515335158959,1.0684633619317354,1.0350758758459304,0.2039303063323163,0.03644676228315713,0.017436609067106666,1.9900096780836072,1.2961520025375195,2.2394918433716917,0.9424665403940604,0.9269540509070928,1.1214801206042182,1.3722643389685112,0.9243746417725087,1.309116773433392,1.1773519843496008,0.5740516881657797
2018-05-17,0.43405120812952275,0.5872090707368329,0.6897690125247685,1.1431352586795114,1.0664190717889237,1.0350714517475563,2.1041774183228058e-05,0.05995809844739519,0.02431788413137624,1.8631558585963106,1.315204019198706,2.099332074886767,0.8203054363327201,1.042720185054956,0.8819386888766543,1.375214325516643,0.957021626457233,1.368835260505259,1.187872454193774,0.5749376093401009
2018-05-18,0.4066280508882601,0.5102430454570657,0.6606940034228771,1.0688678298789336,1.0669098469950569,1.035301272745344,-0.11100668178633626,0.0898535551381574,0.017991505518874504,1.5455072554614038,1.285276311360409,2.111166738356969,0.9010335809147965,1.0127528799295147,0.8262165967034043,1.3808811654266326,0.9528883674067364,1.3678667565706957,1.1800537720891446,0.5735290004960424
2018-05-21,0.5660301148534091,0.5387496516276352,0.6763545770448515,1.0117999797423842,1.05125100380148,1.0372536951157934,0.029833652472466454,0.12819729787804712,0.003956570158475193,1.5307120080301664,1.3114899533576414,2.045668038177046,0.9167180378977055,1.0126196548790296,0.8072022474846474,1.394616883676389,0.9539940850920183,1.377174911397271,1.1783727898079008,0.563741709094593
2018-05-22,0.45452351531847324,0.5593125895059964,0.5904558050033514,0.9225176595422717,1.0407642646112962,1.0339018920320031,0.11196283616756304,0.18163322900213108,-0.020031437554366812,1.4699441336488757,1.1768677113097141,2.025386412916926,0.9209260021460084,0.9118785563204512,0.7878879971850896,1.3540784766657383,0.9577653424304905,1.3999969915617305,1.160914971957867,0.5583690718013892
2018-05-23,0.4340417139200081,0.4947503634768217,0.59065230535888,0.8767976681861785,1.0287986411106738,1.0340725863377807,0.0828892256315907,0.18303201823112125,0.005364763258764619,1.4685363728708225,1.162984916316164,1.9619504297766202,0.9233767104730242,0.8549031178210023,0.7828888867686917,1.3275334473119358,0.9573788238094809,1.3854739309726254,1.145356514595653,0.5782932119963425
2018-05-24,0.4487276112079589,0.4173558926126668,0.5623998959025438,0.8758039382210648,1.020496356702371,1.0314901625797919,0.058828485283431056,0.121962409198344,0.018834779412041168,1.4784765934171002,1.096409664547023,1.8084686833887313,0.9639332279983774,0.8369273107224685,0.7881754636058032,1.3913241454309386,0.9373799995538188,1.3617245805953875,1.117086242754371,0.5761407531581584
2018-05-25,0.44674003544124596,0.4128227266048707,0.5681486055514218,0.8572734310590254,1.0026693067770247,1.0315551860155796,0.06116916817222391,0.10535258877536646,0.039097546786571166,1.4174849879942004,1.0447514467069074,1.8087645659438056,0.9596608738191864,0.7766187965944801,0.8018693960589827,1.1671973592328841,0.9351561684208991,1.358045484165791,1.1039257887383638,0.6558855584724368
2018-05-29,0.5159916565604107,0.5427457970283089,0.6042585655873594,0.8026150934532222,1.0122679059799484,1.0371407794539769,-0.31922627331871106,0.08629902611324902,0.011337873834478618,1.4176157880745948,0.8660092526085109,1.7987935410958926,1.3614477225466324,0.7942725508446229,0.7899407449819978,1.1717311804944521,0.9581518899438486,1.3070789129646436,1.222919668842751,0.5980990388311312
2018-05-30,0.9052609319624241,0.6777323172032451,0.6657059409049336,0.8046278217465717,1.0159479275685066,1.0433287467326895,0.0032725967247261957,0.144139835442878,0.014315811355524162,1.3749713494147662,0.8261947948151446,1.817809158625782,1.4643322525878972,0.7616429588845655,0.8056190267671697,1.418588035998405,1.0187930252126525,1.3942698817076329,1.2234441318591625,0.5515095408975939
2018-05-31,0.9254374167890193,0.6947925587655486,0.6620104541197522,0.7973309056037412,1.018641042788103,1.0450389698926859,-0.1742673882680233,0.14709832851778015,-0.00011825424506748395,1.0407166699698218,0.7162942785595637,1.8165373458837717,1.4801714115743925,0.7032126079894765,0.9152229980137474,1.4213527552355276,0.9526619107274464,1.4280148973717635,1.2248826308706602,0.5499567603344936
2018-06-01,1.0582489291698145,0.7663066887402754,0.6811848873946121,0.8023356286496315,1.0264763211056538,1.0482956997842714,0.06304323438226307,0.20720278360718822,0.016854129125158365,1.0922302712105565,0.8065124823266246,1.7693783288496299,1.5018289177225956,0.6932959206006253,0.9112000060107333,1.4144664085515946,1.0062813065447707,1.4372928324322354,1.2084289005052966,0.502982345145379
2018-06-04,1.0555559874322895,0.7679229031503034,0.6354429730345159,0.7119160582222642,1.0264093387831341,1.0480324918947257,0.20573729628391674,0.16622952855575635,0.016708035851284057,0.7218271816850168,0.7942585861306901,1.7822961047801582,1.481571547542503,0.6760797983495166,0.878148179863177,1.4506266283812927,0.9905952970963551,1.553896741603685,1.0923292952588657,0.4927594109372659
2018-06-05,0.7643670332949121,0.7365458828451816,0.6344313377390445,0.7097420752430635,1.001218227186082,1.0477650410432173,0.4503141435311366,0.15295105776106988,-0.011082584578898857,0.7236284826194072,0.7751968133814254,1.5827059546448718,1.4725821958492291,0.6983932747427186,0.8662348992855049,1.4461630514372883,0.9885825970565483,1.47506498943453,1.045623970342982,0.49717385422085253
2018-06-06,0.6431131850495425,0.7625981319804758,0.6511454541715787,0.67944756682916,1.007034131549331,1.0502133582129054,0.3506257330069908,0.1947526675519501,0.004942608362360475,0.7218734560354294,0.754884806147329,1.5817769515914473,1.5309819219777736,0.6811696845354512,0.843680255004282,1.4825168320834405,1.0024746575905608,1.473127665182472,1.1353532652570848,0.49528261237643706
2018-06-07,0.4429557439366634,0.7638670827765557,0.6263746950890664,0.6718646974481837,1.003404349755388,1.0502131557965015,0.47097968609267865,0.14588295744714042,0.015533684072283971,0.7210423324426346,0.8434429837109935,1.5388925247998584,1.445849068862287,0.6806590910753901,0.8934387821686904,1.4133325420558265,0.9940153602894063,1.282068152672689,1.0579820457494662,0.5347178865127181
2018-06-08,0.3393253589285731,0.7544941089381788,0.5997277315019507,0.6630014270929382,1.001612756509522,1.0496209203261793,0.33376247093369854,0.1139138080933938,0.029013561265980113,0.6972957614854071,0.832876969818872,1.4966253096151771,1.4341232918039428,0.6949586397657047,0.9490942433465122,1.3428159807970823,0.9438373764236733,1.2958795883627003,1.0405219975962683,0.569003592288723
2018-06-11,0.33818000167596013,0.7396045500555861,0.5980719490234592,0.6596897252583175,1.0015347490857063,1.0471850559194607,0.26532719346620953,0.10530674403400331,0.0330471861279626,0.6933898773054026,0.8461658240590734,1.414969551765593,1.4332751051785344,0.692530166072633,0.9499451205655757,1.3515843802296144,0.9038725545468906,1.2849287970748493,1.0401662729056398,0.5736423118710976
2018-06-12,0.3310079667336629,0.5628021008136564,0.5979362131136182,0.6499533724764411,1.001564872933126,1.0458141681496107,0.27662142680933605,0.10938573737355684,0.03339370918232682,0.6973328196050318,0.8456359582947934,1.421269545315884,1.4362169886238683,0.6887827269046033,0.9571908652622944,1.3604583049249477,0.8847875178526887,1.257317162496426,1.0388989607400902,0.5975932675704465
2018-06-13,0.23093010355258053,0.48307934686831205,0.5773294693735264,0.6341724205378534,0.9860811641164745,1.0456087190790537,0.045602604512817904,0.1278659426030243,0.05062667631561526,0.6908734975637151,0.8323149878379345,1.071242641135203,1.4291643405679242,0.6714445881732424,0.9861412499631625,1.384521585974575,0.8725627501836717,1.2567252102559414,1.1123871221642265,0.6266878544548596
2018-06-14,0.24436229849613253,0.39033571131536476,0.5740516881657797,0.6347986770049693,0.9863052709445357,1.0457466645652322,0.0981168095809772,0.11942958325930564,0.051988215873184716,0.6635129799976557,0.8362027359134147,1.1135463184816792,1.4710798631902122,0.6755631409141225,0.9953064893856544,1.3871700976207098,0.8711182452895001,1.1735941906156333,1.1344824451014992,0.6249232313721421
2018-06-15,0.23181611281389536,0.32179985603018585,0.5749376093401009,0.6274328785473477,0.9860707013752498,1.0457573723206286,0.01346592797338193,0.11727502964319347,0.053059804378248,0.6908603801551211,0.8590794836772686,1.1349012130038774,1.471049648801959,0.6179568400965828,1.0594661883131538,1.4272137512247838,0.8313890182051245,1.0969922719563012,1.1172543582394738,0.6244436259016327
2018-06-18,0.23755680556470038,0.3229254610229798,0.5735290004960424,0.6108500905169882,0.9281865913045562,1.0459836272142191,-0.05425496046451021,0.11949467436445982,0.09129496849542097,0.6844998794107782,0.8669989179878705,1.111755961654995,1.4364271887099271,0.7000699356173284,1.1546383422375959,1.420099668320959,0.8589990379399628,1.0897611786332946,1.1861790666519363,0.6266309602548612
2018-06-19,0.2489015566989334,0.3583346273987814,0.563741709094593,0.6154588903589965,0.883597984473881,1.0465991243948827,-0.1567653800336853,0.0627359792470189,0.12043062188281993,0.7627159704726711,0.8316261922140986,1.1983111380046712,1.418181184309157,0.6957187783762873,1.149788086253886,1.3905627105323946,0.8893683761878614,1.0759903236979407,1.209320887204902,0.6179242663729365
2018-06-20,0.26489450042187107,0.24066101699086997,0.5583690718013892,0.5693209191161427,0.8142371134566158,1.046668679564354,-0.05883549116011837,0.08516636077110395,0.077674814846214,0.7686053281974278,0.8491982349277207,1.1812078245986277,1.4008588622725244,0.7183184910498716,1.1625768072954898,1.3822468789058309,0.8821964304677041,1.031516166065612,1.2250468726629364,0.6267879161091271
2018-06-21,0.29685726710612637,0.31056519610944433,0.5782932119963425,0.5814872557518681,0.7857705994145335,1.048313282499308,-0.2345740315735954,0.040063768958009116,0.09557984201806922,0.7614542570540512,0.8419183690902112,1.2270674721386468,1.400591305413013,0.7273123787346488,1.1716062403637102,1.3856080818880334,0.8824228555439233,1.0370513876637872,1.2274104868440827,0.6067613288408061
2018-06-22,0.3520222046565599,0.29761373691937026,0.5761407531581584,0.5628570904417481,0.7841598496664034,1.0477220074041913,-0.17257928879110135,0.059423086124560376,0.10354388561130187,0.7629705054909683,0.8568528023805988,1.3574504457410665,1.4227360475771895,0.7252661216091395,1.1854883379236627,1.3769921166218826,0.8917595331069657,1.044752967021925,1.2096727695395977,0.6067872831815087
2018-06-25,0.6404071526410918,0.49120267995145095,0.6558855584724368,0.6078713494342607,0.791162694761244,1.0535517626746589,-0.4037130707023316,0.003274114645820947,0.05955999993998039,0.8202941600082911,0.9795783731511017,1.7196113238801085,1.4294155061125626,0.7379008570326101,1.181259403568451,1.3826116188004065,0.8937132190306841,1.1101485745979045,1.2888978605983223,0.5051474531328427
2018-06-26,0.6995872518646533,0.49946533805998267,0.5980990388311312,0.5934742211680166,0.7357995218193266,1.0522090299850437,-0.28277075089633047,0.07184985985261405,0.09922378673061022,0.8768582528860388,0.9875088189657278,1.7473053300079728,1.0733805311134832,0.7475357595257167,1.1731908243787499,1.3978348006894858,0.7962502854761039,1.1229706992245123,1.141908898890174,0.5262415058018473
2018-06-27,0.6801264775408561,0.5353968646014021,0.5515095408975939,0.6102707207596868,0.7287185396265857,1.0543464892581667,-0.48257302143165576,-0.03629504376799153,0.06405565126326024,0.8764908207298691,1.0261034016502915,1.7709728226118095,0.9727258276771661,0.7303513216917751,1.1635319995181197,1.1214498205228698,0.7601629757219825,1.0543018008973106,1.1476161257870947,0.4783160765831183
2018-06-28,0.8145082545833929,0.5779621752522061,0.5499567603344936,0.6039972693466562,0.7198476823457487,1.053883164662059,-0.24283838702408228,0.02292101926899437,0.05575280580542314,0.8926526955334732,1.0595380792954248,1.8584463266200446,1.027919500979546,0.7515854129401944,1.0060786846197454,1.1203971230095011,0.7126582440224762,0.9931741337520916,1.1417303474012532,0.5148918650894012
2018-06-29,0.8096636721463426,0.5900174756257126,0.502982345145379,0.6020181053705357,0.7134962698251774,1.0538339066475404,-0.25051776615516924,-0.0189671640097977,0.044998755603120597,0.7812374792860235,0.9519535066912711,1.796877378976547,0.9814652494531979,0.7717159017503096,1.0084200734999667,1.127649955759939,0.6595896471886075,0.994516447497412,1.1396275702696739,0.539159104381376
2018-07-02,0.526269572299815,0.6051974730263514,0.4927594109372659,0.5701660692755365,0.6482762885643532,1.0538123321784305,0.06449709436772162,-0.032035935833227835,0.08570491576604887,0.8019639487487027,0.9886580592366704,1.7485961872752254,1.0075853287917031,0.756509248039724,0.9963281981903495,1.1342720895954292,0.6480177706515144,0.8684134003364452,1.1319160332751488,0.5442467157351103
2018-07-03,0.5458022411587855,0.6040860429251594,0.49717385422085253,0.5722095739104648,0.6484706351006174,1.0542217458677505,-0.050400453645737905,-0.053328789441604574,0.07160612750073604,0.8504077880115316,0.9972259894321583,1.7888079299213488,1.042244130613919,0.7287740599725774,0.9966569323048143,1.13585837793028,0.6744261218063888,0.8538851983894369,1.1738668197971758,0.5363180035052385
2018-07-05,0.44605193554997274,0.6744526919744496,0.49528261237643706,0.5847877725217827,0.6250216254713937,1.054749896871665,0.2784369613581063,-0.05434223668021265,0.05870150161734624,0.8730579547181905,1.011548417801675,1.910654408999979,0.8826443770156395,0.7785016271628907,1.0450978917471545,1.071015972741699,0.7556126093040623,0.8544849922747476,1.126966209820696,0.5227165884078107
2018-07-06,0.5041678276801835,0.7071181548127372,0.5347178865127181,0.5803364831368121,0.6283817655959136,1.0559001083459232,0.33325507163795026,-0.011510134344687728,0.08153629067860951,0.9439900706216667,1.0071937590992652,1.975971927196604,0.879920154518166,0.7784808321782026,0.9775448035171215,1.0460267141396877,0.7603292616161518,0.8477638925718642,1.1237509828004555,0.5021790024562148
2018-07-09,0.5450117806860125,0.7572736565212607,0.569003592288723,0.5790339481264799,0.6300131214441183,1.0585564704261965,0.48454634137003366,0.01872880359928608,0.08283132170852302,0.9843162193902912,1.0049620317925494,1.990204782096419,1.1562711093400642,0.7576799319110022,1.0008347881180053,1.0387819462031338,0.752361075620921,0.9125352405402536,1.1076176887933658,0.47342840664205044
2018-07-10,0.530598505298062,0.5516185748151958,0.5736423118710976,0.5796763410224177,0.6290455945722137,1.0555211268753866,0.5137496836836422,0.030069686721130306,0.09371660200118312,0.9832427177503417,0.9966440905955685,2.0292002721735214,1.160934826800178,0.8006057347580017,1.1413295253213476,1.050869538268406,0.7253618692058801,0.9628148465457529,1.106824180859886,0.47268926361368685
2018-07-11,0.6885726875312242,0.6398503948335811,0.5975932675704465,0.5932948965995171,0.6305252625066244,1.0575728641225464,0.438085787735323,-0.012962699210107842,0.06782336973588728,1.013378076420788,0.9963834035322227,2.0720112302674543,1.1569005198425562,0.8005161690676273,1.1567017324954814,1.0754071931834877,0.7630142163211745,0.9824446407249615,1.1743794723724157,0.43064057494985875
2018-07-12,0.7020933988288698,0.5623991859224338,0.6266878544548596,0.5961020382278539,0.6264681380689687,1.0599854488066007,0.4562522805948112,0.04832018234028568,0.06510309185584112,1.0733378919080458,1.0957300510744203,2.1093408770211486,1.163853354737335,0.7924274482576362,1.1321337888217373,1.042658142837327,0.7980000796095269,0.9824417549772468,1.1062022502530937,0.39650495160293536
2018-07-13,0.6791128286869852,0.5640952709063435,0.6249232313721421,0.5936596714074137,0.6264695766804961,1.0574248318077255,0.30283440951417234,0.03966926563861106,0.06518187039369126,1.0737877641942835,1.11634905320957,2.063234943388872,1.1011451299365476,0.7805097029728729,1.1191921563659946,1.050129396652202,0.8754489910629338,1.0109095840169169,1.0452336007462064,0.4325062247604457
2018-07-16,0.6011595271814973,0.5767846304840096,0.6244436259016327,0.5936950747722711,0.6215259766699202,1.0572828451226584,0.1048611471194862,0.04157760838581215,0.07293691215880026,1.0472121040932896,1.075124485383478,2.062294975464665,1.4197551920290032,0.7362512434556098,1.0536316999642412,1.0145663058036212,0.9111293205022836,1.010253975918631,1.0453794234857388,0.4424164853002463
2018-07-17,0.6062080113420297,0.5769647826509057,0.6266309602548612,0.5934020641080967,0.6110174735831231,1.057917050646966,0.11379791838414217,0.0720829064332934,0.09381037864530353,1.0480006798363568,1.0829838552963778,2.1380385811158713,1.4204621088213372,0.7007833160996273,0.930136650836637,1.0170841278413751,1.1554288281380993,0.9811511212224792,0.9609742756428679,0.4551612716095715
2018-07-18,0.3832400617275086,0.5302209434435816,0.6179242663729365,0.5841562698853983,0.611030020259108,1.0580786251340655,0.30216363929983964,0.10176955562327339,0.09756761091611311,0.9823993796370378,1.1064880126038639,2.107466174948681,1.4201405294783944,0.7088997982223781,0.9370125909941138,1.0166249817797757,1.1792985036533739,0.9805466829738398,0.9263529184061042,0.4878530223619276
2018-07-19,0.29749554496020697,0.552541745311992,0.6267879161091271,0.585931341389642,0.5844273530980635,1.0533053918749893,0.04541583478659979,0.07438301382696522,0.11372753453340007,0.9909217541115916,1.1074910099086694,2.0964252924040943,1.4692039666608812,0.6746585399320121,0.9255498847784078,1.0155530515076467,1.2299843220348479,0.9901600683837846,0.9418096691421184,0.5094427828039573
2018-07-20,0.3045293195097507,0.5201288852058191,0.6067613288408061,0.5858372543871896,0.5848912692391137,1.051622315961238,0.006809307257096453,0.10001510034628402,0.10770362917847146,0.9813076188093872,1.1479929226601586,2.05468693788034,1.4894761099287788,0.6601573206086204,0.9187077089725573,1.0056156500653028,1.2219840719995523,0.9846031092628684,0.9021723465468267,0.511076533280942
2018-07-23,0.30765516842012053,0.45077658652425534,0.6067872831815087,0.5843925723779204,0.5727179449862346,1.0475210567859425,0.061882736170049316,0.10019311462609981,0.09385953664966804,0.9757031008113555,1.1614277709634053,1.987154188674947,1.4663202348064912,0.6944955903850475,0.884882363466319,0.8874179405427943,1.2058247654152237,0.98978056707602,0.9131631012858283,0.5113733402952919
2018-07-24,0.33690451669693255,0.46266856701256037,0.5051474531328427,0.5858015808942704,0.5751506044236635,1.0484905737930168,0.08161966132205674,0.19341608943939048,0.10068093095352595,0.898863080443287,1.0321125538370204,1.654380321831675,1.4355127082312151,0.6915332080450526,0.8884961167199475,0.8576865032862717,1.2815425107859115,0.8995593167922338,0.7932754798008707,0.5036389565153067
2018-07-25,0.4870568921874589,0.4160170471758093,0.5262415058018473,0.5614272490882799,0.5716714847608444,1.051224303661429,0.20998510100146656,0.22495851859772262,0.1277024681878619,0.8847084422830636,1.1724694261502782,1.6566848001540255,1.4354545889861117,0.7576875329824226,0.8945758380680591,0.8384866256294629,1.2915665413297897,0.887247714761796,0.7840904946794386,0.4706746800159393
2018-07-26,0.4469465262094485,0.3720808252612206,0.4783160765831183,0.5304117617064209,0.5735494920687676,1.0318940702329307,0.23822462970651176,0.2545824266115071,0.12080907276213117,0.8896966599611879,1.1322590682328795,1.5304964970826116,1.3667027473162923,0.72668987395569,0.8959254959125089,0.8074720969235806,1.2944566782388842,0.861774994016782,0.8573731200356546,0.4680613878108827
2018-07-27,0.6020717026003987,0.4541383891072494,0.5148918650894012,0.5327728705983557,0.5736859110177273,0.9584889285816915,0.12557179644535194,0.19211764621364255,0.12071233133347235,0.9808756901328419,1.2405587666245061,1.5056871494535435,1.3483376789449892,0.7195663739486643,0.8988200831340255,1.0350635029125,1.3018448642145617,0.8107451872102901,0.8992931352204123,0.45136915365397634
2018-07-30,0.6644224108504273,0.489856593177323,0.539159104381376,0.522469537627175,0.5780379975718598,0.9437511049239152,-0.01609153171365989,0.15879967323647715,0.11567843094462255,0.9907184995580165,1.3672219575217461,1.6345229512236579,1.3166006132150616,0.7080382188529145,0.9108208248778541,1.0126413170555384,1.2834760130785847,0.8207946927376917,0.8999492685339594,0.4502519247626175
2018-07-31,0.6624341030202417,0.49823848785070446,0.5442467157351103,0.5228303385054515,0.5592856171576751,0.9430736009802795,-0.018139929939522226,0.17275683336257952,0.10231680869503598,0.9635518434563715,1.3462537717268181,1.5596617776494963,1.3979814144090938,0.709154525491122,0.9223730538310261,0.9799692372228527,1.2829092010454048,0.6529684306370116,0.9047224291607079,0.4445996573927258
2018-08-01,0.4505826726000047,0.4974960500252527,0.5363180035052385,0.5241753556917498,0.5594765191265665,0.8759579221736687,-0.22199834026352933,0.1820590469432748,0.09389377175424668,1.5401832979769905,1.3136195808144273,1.466961672978127,1.3257092886740982,0.7307751784030483,0.9220808989622921,1.0145124917371648,1.2797571031786619,0.7225418491914636,0.8492487809921105,0.4459710210938617
2018-08-02,0.5652326982186948,0.5064203208140046,0.5227165884078107,0.5151261747521559,0.562340209099283,0.8672387985214747,-0.0658523804702547,0.16851009115441684,0.1029735073420514,1.6344813358683283,1.3253518047522896,1.4113096870678583,1.3261102846809214,0.6843247136498029,0.9214416579853754,1.0191087532411887,1.2696027470556965,0.7269072284539545,0.8395877206065266,0.4562679358204484
2018-08-03,0.47525672001795877,0.5116045731721339,0.5021790024562148,0.5183138331368099,0.5525383924927398,0.8583457989471172,0.15534435856737322,0.14763996794599832,0.09400426368281697,1.6241735448130143,1.3037454055822655,1.356361304964409,1.3257427509772326,0.7039419314969323,0.9219923559146189,1.024828343619449,1.268727667351309,0.7391515743280173,0.8579263573372402,0.4519648074269325
2018-08-06,0.28754588428571753,0.5165602070385501,0.47342840664205044,0.5192349430862572,0.5426595510956247,0.8586241679793705,0.3331653508364642,0.12095442560308478,0.08453234576525487,1.6112793040294,1.3022929843144941,1.3561066714658963,1.1927591427477682,0.6823954568029371,0.7839379225566883,1.0070835665128084,1.2694823939387252,0.6641911867446397,0.8833950565515878,0.45242066786821883
2018-08-07,0.27382450887551485,0.5065384506623483,0.47268926361368685,0.5207846323586124,0.5428423362646391,0.8508369282334621,0.30062996071773557,0.11947690262110289,0.08495111112541215,1.6373412153121836,1.3050790268151133,1.333208343424708,1.1666815548810103,0.647893126552953,0.5933091739625602,1.0364805243512394,1.2625169351971548,0.5926795741440907,0.8773379465382996,0.4555788502782854
2018-08-08,0.22107162377299533,0.4418820375728611,0.43064057494985875,0.5210294372782656,0.543070243501786,0.8434656610940962,0.3256321867986169,0.15394564670909827,0.08345622829084907,1.589050439866786,1.3012780612269603,1.2169809235946965,1.156945690636057,0.668666995495088,0.557546762191056,1.0096897173884603,1.2415443980735168,0.5517800438723952,1.0004319511291868,0.4622938894902035
2018-08-09,0.25897854423243755,0.4357692129936801,0.39650495160293536,0.5183234216171752,0.534373937594628,0.8436320689479556,0.18935083651951085,0.10178473013559175,0.09265695169296724,1.5667722326909668,1.2303416735861528,1.1971496155380958,1.1923850065056285,0.6638703882444211,0.6276638704368671,1.0119380018046327,1.2191088594676036,0.5774151720815445,1.000615292034105,0.463685523317985
2018-08-10,0.420791228698775,0.4343485613696632,0.4325062247604457,0.5306095486749334,0.5415309848022186,0.8439350711829189,-0.03033409746545628,0.06434784120109116,0.0744822300330026,1.574667100651733,1.2248735925065966,1.193238381085925,1.2190862634175197,0.6858429804943124,0.6237782415386699,0.9902003687563699,1.1684441622583113,0.5721541014986359,1.0064109623098223,0.43252737734180874
2018-08-13,0.37387214296413945,0.41425635692010376,0.4424164853002463,0.5341734164218273,0.5442590918002802,0.8433438985052918,-0.1785466399636036,0.050102478832312336,0.06965170562043932,1.5675744664954652,1.2325806703002908,1.1888084073927456,0.9802960301796447,0.7023806070495313,0.6235092754351665,0.9946321688352555,1.1446124137988998,0.5956017195870444,1.0158053913994205,0.42147924526558245
2018-08-14,0.486853347297953,0.43256876983015535,0.4551612716095715,0.5406071201631062,0.547484227551909,0.8450379741593781,-0.11699067667787925,0.06177975385559753,0.08445244488445024,1.5669652583470695,1.242948820061793,1.1766488295950002,0.9853208426457605,0.6585939127578571,0.6207431042462432,0.9950444127413902,0.846781339333204,0.6462469763618637,1.021240421762597,0.40395536620931244
2018-08-15,0.5567121986992893,0.5040442374881334,0.4878530223619276,0.5513144374947375,0.5506939389216711,0.8360955211428013,-0.25792271208649337,0.01392405886251502,0.05947653124426909,1.5494397599690581,1.2724383388195972,1.1817365706082972,0.9940661245624606,0.6571036765558375,0.6537043460812294,1.0536512428408784,0.823853226993817,0.672085558211123,1.019697831674851,0.36686283886872906
2018-08-16,0.7390465630876396,0.5395060120268242,0.5094427828039573,0.5637675202802385,0.5572478146687133,0.8327091650247108,-0.06876680951047857,0.07323906906132216,0.07759614788646377,1.5628902699210063,1.2581682964607241,1.1947313974012963,0.9381025445508061,0.6577655195195894,0.7183349972666462,1.1166464811145318,0.79978854972098,2.150135434793287,0.9832639392702356,0.33426740880948613
2018-08-17,0.6692266671061691,0.534226280299648,0.511076533280942,0.5537270448900053,0.5577977978729196,0.8248578170121111,0.13563108756049508,0.09655328627694082,0.07887738519374464,1.582884347997729,1.2000980118275417,1.6377222847004775,0.9061651901789576,0.6741102304964135,0.7167435971734825,1.1146635618027274,0.8421085407632969,2.173725788171073,0.9731430980497702,0.3591389145396507
2018-08-20,0.6058654963461825,0.5263756649876081,0.5113733402952919,0.5538727641606209,0.5568071097644699,0.8192542894223361,0.25329988389907204,0.09795676576456802,0.08585765550507606,1.6208721019619023,1.1557727842964336,1.6601907500393218,0.8140585131065664,0.6421780477269177,0.7115259581209111,1.1302544040870408,0.9016650162255666,2.2318094849116803,0.9751827506276776,0.37307378851657
2018-08-21,0.5674629078894979,0.5213035836890284,0.5036389565153067,0.5009291464617218,0.5554859640354185,0.8075811042557866,0.17259903507355528,0.08452459729347217,0.09373826712622785,1.6306990379704953,1.1686363565879174,1.7314458808818316,0.8103547689738912,0.6917327105570232,0.7082018619564338,1.019874637508732,0.8611721391130014,2.233686111523836,0.9729048473623079,0.37158739244631356
2018-08-22,0.3171212732440735,0.5215901734540415,0.4706746800159393,0.5017110026363348,0.5314153267282041,0.8065994268617968,0.3100664726331394,0.038944401770433235,0.1119175934069233,1.6329587559135237,0.9713853938029655,1.8996880214471876,0.7884868669426485,0.577986739825022,0.7325387745407218,1.0662015418775757,0.8599489775480722,2.2398649973749865,0.9748332417503618,0.40332300142694083
2018-08-23,0.20726294862463074,0.5214580881913526,0.4680613878108827,0.4791151623998115,0.5074208676973684,0.8004644615115126,0.12168090565008356,0.04410313804721511,0.08746350696357688,1.6230409037678208,0.9541671329112847,1.910502639129001,0.7872210278428975,0.5818349268723914,0.7269582097745142,1.0614976529450344,0.8241799641364425,2.250730268760443,0.846533929223602,0.4020157831883173
2018-08-24,0.29017242966808726,0.4866550576854024,0.45136915365397634,0.47981696543198393,0.5032265808853283,0.8018355398940812,0.17163565902012418,0.10806925192063388,0.10770263913442359,1.5391655583931085,0.883004567651442,1.9215636409784878,0.7489838834292895,0.5822319188426018,0.7203577166484149,0.9026466331770745,0.8100410196836348,2.252551642601983,0.8294087482860448,0.39865174654277363
2018-08-27,0.4032853354748322,0.48552884802067076,0.4502519247626175,0.49034726779497767,0.4981547291405069,0.8045947090988819,0.28674305632686375,0.17366541277469894,0.10449930733379278,1.5127874154216912,0.7449228267168472,1.7406028898294847,0.8426291609997307,0.5834010165446574,0.7046723763009165,0.9327075994478191,0.8087864628651132,2.258047509691382,0.8338607199636313,0.36376406056866206
2018-08-28,0.41765782174714583,0.47147417600357544,0.4445996573927258,0.49063382591737426,0.49581394117471,0.8036511733706002,0.24949443456231196,0.15143318841893072,0.09738469531609413,1.5079111012887843,0.7427882436452279,1.7593372813209582,0.7727140366501707,0.557597133952174,0.6885144651686482,0.9312788248430626,0.8184947095521049,2.275514415612786,0.8126796016051673,0.37156054573905617
2018-08-29,0.3918716009248108,0.33750641361658873,0.4459710210938617,0.48685885795441114,0.499050910446947,0.7898682290678318,0.3689840383320299,0.18668999641932305,0.10514008464033107,0.9276992762677876,0.8042708534220905,1.7726297545275327,0.7653064469887236,0.5504341456232367,0.6815883342190807,0.8878954921191311,0.8211856547027706,2.2567915204378233,0.805121781677667,0.35688212613347997
2018-08-30,0.4864154084907212,0.36685752050068715,0.4562679358204484,0.48451487475718635,0.49393278228169785,0.7907917698566096,0.3145834148842665,0.1392120868858454,0.08445998045334985,0.7459799822285228,0.7769212747044216,1.7647293554319576,0.766479523732894,0.5693628982073257,0.5848166076815443,0.8819996578631423,0.7742653075619259,2.256583270543171,0.8106392459258246,0.34332703853960667
2018-08-31,0.47146489466149416,0.36927438139978425,0.4519648074269325,0.4718069459727853,0.4938895992038554,0.7882412925871723,0.19491977784053666,0.11796310673892474,0.08469764678007842,0.7623949096233386,0.7758056497787627,1.7682471414541372,0.7467263051706318,0.5293915900895173,0.5965125602087785,0.886791967415918,0.7736064294690407,2.258590076752923,0.7590248499310833,0.3504489495501448
2018-09-04,0.34834084253357916,0.38554781814348255,0.45242066786821883,0.45732006198251274,0.49419637907625347,0.7868073059573213,0.0025582832424643877,0.09101364587619898,0.07689895835952326,0.7630465031469224,0.7943513972261204,1.7715413095755586,0.7584551815472067,0.5456706368907382,0.5993759710321193,0.8868410544200075,0.7970872658488505,2.2669179839016964,0.6719578385886161,0.3476012138759015
2018-09-05,0.36637635789368783,0.40491058481270015,0.4555788502782854,0.4591770709326182,0.49614532982159487,0.7872198420766049,-0.06092107309166854,0.06104542996657969,0.07019733976960428,0.7377675056395594,1.0387628126263633,1.8461806547771782,0.7558564411824468,0.6499846511748371,0.6191269480875974,0.8847916403012085,0.8535381740228685,2.276054222687683,0.6626852598092224,0.33923545326840493
2018-09-06,0.15406785809131773,0.42195161470791465,0.4622938894902035,0.44422828061817843,0.49838177887333146,0.7878586131614754,-0.22874080149266823,0.048096749346501766,0.06302656561516405,0.8765464131240432,1.0321048145210974,1.926079303574867,0.754589190114907,0.6671056869781793,0.6397234866324333,0.9090177008205047,0.8556661160709532,2.2798959008815927,0.499769110541898,0.381272079710547
2018-09-07,0.1186240959881838,0.42567329102539087,0.463685523317985,0.42680067785372033,0.4970192831855878,0.777574112646175,-0.18665235924468987,0.04521128794479523,0.06510540014022421,0.9104029845356428,1.0365875289344217,1.915891906551657,0.7439003707813127,0.6578495280863486,0.6169867355754732,0.9713403346197449,0.8541307442801089,2.281332930249163,0.5273351859363505,0.4015748460650707
2018-09-10,0.1899193109221846,0.3851820079204757,0.43252737734180874,0.4270952688437863,0.49662477535869914,0.7775787184218946,-0.15258138577967745,0.08740128466036945,0.06380613050002387,0.9747984310834783,1.0566227894130849,1.9087141545069568,0.7225030569544925,0.6698091749374068,0.6287342900650584,0.9720139785687553,0.8462723263273696,2.2775501011466814,0.4535257445581615,0.40011243183364903
2018-09-11,0.28553568390229905,0.3016580272245058,0.42147924526558245,0.4280765615142904,0.4971466316635801,0.7776286095986533,-0.05217821670623106,0.12260575169054211,0.07142861296955552,1.0973353321173531,1.102189778454521,1.924073452305405,0.6458091968384206,0.6580306752839696,0.6387332314997473,0.9656974163879462,0.8428240544741267,2.2712380066919966,0.48757718042414655,0.39473930797422535
2018-09-12,0.25869593401050417,0.3011055303096771,0.40395536620931244,0.4250419013611969,0.4958595964046287,0.741023210891669,0.00648805347021959,0.0919151125036044,0.07525925759749844,1.1534424140223922,1.0745568551030389,1.9290915361751513,0.6803652935136881,0.6655673431251181,0.6979006664983273,0.9556914694033872,0.8173412500820623,2.272215601591257,0.46103963808792775,0.809246604781409
2018-09-13,0.29834995982783186,0.31250413912300007,0.36686283886872906,0.43232084905336116,0.4965489218592461,0.7138260409648531,0.18498911959914394,0.1588247072679111,0.09150610725123315,1.249093753551541,1.0353163514245425,1.9254696781881977,0.6628560694778461,0.6598798861059944,0.6524098130191307,0.8808616793297226,0.8139934005123162,2.2770281097009923,0.5380195303242806,0.9070786795286653
2018-09-14,0.24052094648201086,0.2820637564569278,0.33426740880948613,0.42592920249818944,0.49652990787918333,0.6715448787878293,0.22728080298170655,0.11922319106784152,0.08894842465204295,1.2652680354129326,1.0340215680521008,1.9463631227264369,0.6243127174283526,0.6609980003392715,0.5317964807055031,0.8521905640940904,0.7768469233664811,0.812119337511066,0.597756614824032,0.9814874557583412
2018-09-17,0.4189872041242893,0.3315859772816156,0.3591389145396507,0.43612511096677903,0.49430143173542734,0.6536590153354829,0.08663805778128326,0.07515302721556649,0.09057380461293044,1.3523664188871527,1.0755863647168966,1.5381607085156488,0.6292448440036805,0.6547040665763195,0.5589139877324865,0.8545095535124526,0.723350308013182,0.8054089094902865,0.5992618498652188,0.9820225160073264
2018-09-18,0.45879480883655516,0.37273068890535976,0.37307378851657,0.4418334223705918,0.4976124606162488,0.6539499929944527,0.12921669444517353,0.09158495432706748,0.09657827823924509,1.3323178748963833,1.0671350313051857,1.571900686219891,0.6364566948149855,0.6784017128344142,0.5635198503670978,0.8498572390170884,0.6264676808978282,0.7116793201000281,0.5984280323664625,1.1110839565071633
2018-09-19,0.45555109367832486,0.3568747943546655,0.37158739244631356,0.43685539318265126,0.45933460524165265,0.6449029330453964,0.14567861164254808,0.0851850066458526,0.12104189779290507,1.3308432661474188,1.1003527779805675,1.5170453218879332,0.9047439115725189,0.6319324214729608,0.5594356388480427,0.8699590712139624,0.5524941731700349,0.712168312978913,0.5940962034356934,1.1101602329786449
2018-09-20,0.5156697653967287,0.39717923757258444,0.40332300142694083,0.4350182071208419,0.467733552309968,0.614122212925731,0.18946567784398977,0.12867450857062368,0.13085914297959317,1.3391270468922214,1.133119637833457,1.3893701240325798,0.9145517603057726,0.6917986453198128,0.6455343066405168,0.8325863712605677,0.55355905801223,0.7172636111744743,0.7103377389433657,1.120869053459125
2018-09-21,0.5269001986767528,0.3874064544832738,0.4020157831883173,0.43288918569253204,0.45151031337729036,0.6049257682535566,0.16775847598122579,0.13074258365062708,0.1431427161031164,1.3654245349153018,1.1346333278673164,1.367498279568708,0.9294796762950732,0.6790660975021746,0.6480320613362573,0.7647305814687758,0.5583916581532162,0.7073310242356957,0.7499382949779873,1.1212156625171261
2018-09-24,0.4654711302180668,0.4223204413378793,0.39865174654277363,0.42050828870643825,0.452047274821012,0.5996220153548097,0.20719741312276624,0.08404346574122701,0.12807678795850116,1.3992062184439629,1.1293005061231027,1.2978817415607002,0.960905742862949,0.731113937277572,0.7824791216635024,0.8165504855942367,0.7096967678766994,0.7442384091538876,0.8988898262009517,1.1218561493097259
2018-09-25,0.4368536418238177,0.42313144526066643,0.36376406056866206,0.40965358048957123,0.45293845724262943,0.5963998331795154,0.08011738383902918,0.03992853620510883,0.1241312074054283,1.394793094844521,1.1169811454776482,1.280231633704596,0.8783642659575963,0.760517133900815,0.8443888182040422,0.8140613452681289,0.7835778791419542,0.7381714160498137,0.9108782850617012,1.1221294824627095
2018-09-26,0.4673454981195272,0.44191108194081885,0.37156054573905617,0.40965587395796044,0.4560489521157825,0.5583070267805138,-0.0010376925945830174,0.022551974856628854,0.11558066554604635,1.39843836125448,1.1218202407104194,1.2803109632894996,0.9109986301419519,0.7428737420364873,0.8452980040156257,0.850494448226709,0.7800207467094282,0.6459391393569501,0.9579713328460455,1.2777043266461852
2018-09-27,0.2436243861656668,0.41111860263025324,0.35688212613347997,0.40863729695327294,0.45232665247757564,0.5573863068203179,-0.10724559928729542,0.009617099165792342,0.12612204750946338,1.4346734695425931,1.072395885329427,1.220857994180112,0.9130678242224655,0.743549850592225,0.8517766328550624,0.8487430300430263,0.7778948332788016,0.6471786676289631,0.9653698335962667,1.3641630100826532
2018-09-28,0.24946013623568006,0.4111679790171876,0.34332703853960667,0.40234826313909405,0.44337587851669635,0.5402636225265112,-0.08689049572405443,0.03037410599854684,0.11269876134626969,1.4222026462242763,1.072179210892849,1.6993336866771387,0.9625901563734609,0.7102724551415076,0.8583248954040591,0.8741350190272246,0.7786476195462393,0.6343206805348899,0.9625964379698563,1.3959952104192759
2018-10-01,0.2669237508802816,0.3673003303193568,0.3504489495501448,0.4007747451029015,0.4339764715791916,0.5378483834380812,0.04903402105945327,0.04757202654595616,0.10439170041029305,1.406032076352984,1.0932037330472435,1.8085290203623128,0.9685693430272208,0.6687666079166322,0.856259385635129,0.8694907531984015,0.8044822087934128,0.6488879120608037,0.9797977740387519,1.3835070897743318
2018-10-02,0.2627606211952822,0.340098070093911,0.3476012138759015,0.39868231855345726,0.42164487540696055,0.5338010965078478,0.055924146504920016,0.05327000202072274,0.0884126911666688,1.4185096094849328,1.088529377189662,1.8130654448127035,0.9662969954127936,0.6727685272779511,0.8690947525157985,0.8729528429595013,0.7792776793099437,0.6676302641460199,0.960415863504947,1.4501579666992972
2018-10-03,0.17673951326150908,0.33984018048637593,0.33923545326840493,0.3964823775498994,0.4201532399554616,0.5326691545193385,0.1267550361736604,0.0694710021729611,0.08333111158688121,1.4327150318143034,0.8230702638946988,1.7556139468625025,0.9845761399969704,0.7071163268168981,0.9329432121057097,0.8570153739364021,0.7612715068604586,0.6351675667693795,0.9458449996878272,1.4847101311649349
2018-10-04,0.41880237941723586,0.3232099756272651,0.381272079710547,0.4182585127339955,0.421848172594138,0.5342238470195538,-0.0854364549277518,0.04544318580702145,0.08249519395420714,1.4391800089001658,0.9791009160082476,1.7957450856859178,0.9972584291806116,0.6844357421579956,0.9653255905295758,0.8240441148206861,0.7476120628497046,0.6381186503787929,0.9708665128956477,1.51445321457313
2018-10-05,0.46160210741630103,0.35479210494380814,0.4015748460650707,0.4282438274529776,0.4157245562827452,0.5294166285295108,-0.1994417800464186,0.027176750798114657,0.05805758962616719,1.477833938249359,0.9828856576951814,1.9591333454403193,1.0074789592861215,0.6833672705651844,0.9460960318760544,0.76512517546004,0.7477937896758219,0.6552845792286622,1.016625227699257,1.5147973861388426
2018-10-08,0.37712191196069694,0.35065388763650507,0.40011243183364903,0.41273699500936084,0.415782423659866,0.5294451315332864,-0.26892600106394476,0.01848587272488933,0.0567449995287833,1.4421295120524054,1.0014323342804168,1.969206404985598,1.0049122400447117,0.7234608100349831,0.9396740382242933,0.7760986868184686,0.7475883769016524,0.6953748384137888,1.0305682566969023,1.5250255047528851
2018-10-09,0.36677749816695115,0.35076800634592653,0.39473930797422535,0.4082298858446364,0.4161832886353904,0.5267586685217588,-0.28646057256583407,-0.00530058694417801,0.0558025478595588,1.3626874693576454,0.9687960133517093,1.964888773624978,1.012329274979336,0.7252318136436484,0.9355460341662051,0.7300585456753601,0.7202978657865188,0.9098290478369901,0.9949662386286511,1.5375979266435877
2018-10-10,1.2883961940995465,1.0306615129184387,0.809246604781409,0.644549304223786,0.5860994758955523,0.5981747733268374,-0.9307064437544674,-0.16482762213321067,-0.0037109185913362613,1.7035523777507853,1.5568650813159146,2.5482782636201304,1.1514749224972611,0.8028428527969321,0.9032146942722274,0.9209297587173713,0.745093884495166,0.9489388965429473,1.3038496214780462,1.455738872659478
2018-10-11,1.3992457354310361,1.1412700128522126,0.9070786795286653,0.7221271594481345,0.6504191122958163,0.6323784269347258,-1.2149211047767492,-0.30453437028695185,-0.04392853471884193,1.604637971028469,1.5257913713533426,2.6610486852133235,1.3226538110291495,0.9489394083572642,1.1229820405124693,1.1970011983420885,0.9599151672508034,1.0246884274192656,1.3352668436770596,1.3573326466721114
2018-10-12,1.8318336168819958,1.3018686853818136,0.9814874557583412,0.7457136081928374,0.6745932814730805,0.6317541776547955,-0.8252197099095147,-0.23594837742469066,-0.014495372431842343,1.8023190803372706,1.7384815735832084,2.8853955918542447,1.336586809625719,0.9438389058230325,1.1241146084104645,1.184130623561693,0.961215924013337,1.0412568991288427,1.327582814845382,1.3476168374961346
2018-10-15,1.7852029681018011,1.2664197662505212,0.9820225160073264,0.7468146485557511,0.6781786170158599,0.633940198715745,-0.9375630996304917,-0.23756441662805433,-0.021952701045182373,1.7653584399006472,1.7656389847558887,3.0206369514402502,1.3317888417044443,0.9351953780824206,1.1598274178572545,1.1801215663660818,0.9550313648773631,1.0660280004494567,1.3336755276792998,1.4086885731388454
2018-10-16,2.2799843784227427,1.5426024385878374,1.1110839565071633,0.8275697162045575,0.7353466966762545,0.6575976461184678,-0.47104936505431666,-0.15536710181905053,0.011391539424194966,1.8327850920520143,1.904393073033436,3.2302879446679524,1.432986155385525,0.9730353628025006,1.1978025952926616,1.18483305244289,1.063649979628662,1.1632286412634896,1.4238607097410365,1.309114912670121
2018-10-17,1.7131919258015262,1.5414886063338764,1.1101602329786449,0.8264894964005646,0.7325091844800177,0.6575941856793566,0.16578227952679842,-0.1598017051621481,0.003302632925725546,1.8367192427194763,1.8822311963751817,3.228163939976278,1.275420491355284,0.9916424467583843,1.228420457384122,1.1496658722768864,1.1780178996510227,1.1738916005735471,1.4281564892741425,1.3139766645130369
2018-10-18,1.4669110206748723,1.5744339834856518,1.120869053459125,0.8559139079131896,0.7472436752861621,0.6674897774506969,0.31749072399424055,-0.27252810874938915,-0.034969732802777424,1.905677582549918,1.886511552374174,3.214709458759641,1.2756477852383803,0.9336346449811862,1.1753921736432762,1.1543796545270406,1.1489029380508242,1.173304769855073,1.4138375729438188,1.3055153646854631
2018-10-19,1.3398877825659115,1.57858305911949,1.1212156625171261,0.8558608189176253,0.7467834346678546,0.6674421944808353,0.028868246127318375,-0.2706709348881675,-0.03194173773010846,1.9223063998146384,1.878792034979814,3.3267537689368543,1.2755932001139274,1.0067742590878945,2.3421624756749377,1.1488141186808867,1.1373935295918574,1.193933674113187,1.4552014615418165,1.3073948362502135
2018-10-22,1.328355834096415,1.5723725214013868,1.1218561493097259,0.8508240374628261,0.7440113802726751,0.665740686012132,0.051432891733180955,-0.2765055469754507,-0.028130943104529956,1.8997667123437785,1.89140915241332,3.327740347502899,1.2910370221191796,0.9913404421726207,2.308438644992107,1.0737966555675542,1.0778271738439262,1.166278905331085,1.4065989406548058,1.3565649903654866
2018-10-23,0.5831181890380877,1.568938601940301,1.1221294824627095,0.8408763017530886,0.7438632375390605,0.6672323643743882,-0.48769480851829733,-0.2973201499083822,-0.027908733642858154,1.9063096440755283,1.909953474114477,3.4048910978860456,1.2979394635535038,0.9881603473935172,2.2800995164015143,1.1105329831134565,1.0380028858970252,1.1728945072133385,1.4072738202625843,1.4099847397689085
2018-10-24,1.194703664845959,1.5433496091530514,1.2777043266461852,0.957080817533326,0.8354431458713285,0.7142375684335547,-1.0972265817159486,-0.43384892744248943,-0.08662125472230998,2.0517795929569047,2.2227393121300074,3.939051739268032,1.326616099998833,0.9993482396684967,2.338449661884834,1.230012541097852,1.062599341550516,1.1657631560395225,1.836220716300079,1.2411003519990527
2018-10-25,1.7212642644018206,1.560961974107059,1.3641630100826532,1.001666617188724,0.8698924773596711,0.7320370326695781,-0.4496093006537348,-0.35811903409099904,-0.05393731283529455,2.0594402474406044,2.635922863460649,4.12264088574048,1.40107014545488,1.0053890642991303,2.3391524393507104,1.264485566972851,1.0756631334152977,1.2013106979940193,1.90686720321295,1.1742654985284195
2018-10-26,1.790768917411684,1.5523104074484573,1.3959952104192759,1.0320706910959005,0.8935303234414663,0.7498293561448565,-0.7904968905257646,-0.4465725335885951,-0.09232878023473429,2.082979879342792,2.6446725728248968,3.911744692614683,1.3974500859650922,1.0442620104778773,2.370090092148442,1.2669440639051917,1.1033877897050053,1.201497929986248,1.9038291152738815,1.1689542842373382
2018-10-29,1.7863654121824502,1.5522132766533276,1.3835070897743318,1.0329047062333998,0.8928273879945254,0.7462885472905847,-0.811532246540829,-0.4916471138755213,-0.10870399353021348,2.1051200021133876,2.6849463035442813,3.889342146318267,1.4375818303192354,1.078200119288471,2.3697866280851985,1.2246877369901121,1.076714189060272,1.2078527750538182,1.9008400966818997,1.1617836232501708
2018-10-30,2.0700196743022397,1.434257591595156,1.4501579666992972,1.067483010132329,0.9142426849376425,0.7537241170914116,-0.4133430663910363,-0.4146369531323712,-0.09011776841181654,2.09512605163494,2.6862570661257106,4.660451719463873,1.5055076284350817,1.2088322834978087,2.373187540381933,1.346150134624129,1.1968514598979318,1.3132512970959427,1.9131424148734621,1.2261723050287785
2018-10-31,1.5108026843752063,1.508877492523072,1.4847101311649349,1.085430653613098,0.9248932995177677,0.7595390913848237,0.4062407701527417,-0.36397749394771917,-0.07782035393605949,2.1711319374765847,2.794325237453827,4.806427348249215,1.5817220748707117,1.158174000546189,2.3406995694759014,1.3928659050695644,1.1790847896104193,1.386392127565752,1.9093220301159237,1.2081369993210382
2018-11-01,1.3720981191853279,1.514429322949657,1.51445321457313,1.1018113185170115,0.936570523132065,0.7656786083510385,0.2602779866174722,-0.271690423704693,-0.05938349618372327,2.1772141309650617,2.767678459405821,4.917316989220199,1.5604208750176665,1.1624924450641498,2.3078745471604405,1.4369937213075143,1.1849237142522044,1.385768863517938,1.9213689440683768,1.1925932936287875
2018-11-02,0.988573465622184,1.5223710811722841,1.5147973861388426,1.104357253660823,0.9390516987237754,0.7649877387633771,0.4935592031254023,-0.2733222877956399,-0.06697808301757666,2.606832723578247,2.7688778044085818,4.889490746087343,1.5602910848527054,1.1643212726285428,2.3080777229364187,1.4967293967506625,1.184211051584298,1.354273317902037,1.9111698490962858,1.2154075383688316
2018-11-05,0.8016258348808292,1.533274950094719,1.5250255047528851,1.1085703474767161,0.9390000405091382,0.7656687331002476,0.7147137615890544,-0.24573717321227156,-0.04661667194233759,2.664838933788074,2.7799311115751513,4.8892397718596285,1.5616374399702813,1.1709770266854704,2.3188165465011092,1.4737110061195202,1.2056997717092979,1.3572611022613619,1.8961194735733446,1.4256402818023985
2018-11-06,0.6790396658301706,1.5376706649485103,1.5375979266435877,1.1127064589741844,0.9420394931729567,0.7676912191532473,0.5448999895216768,-0.20679681261049349,-0.029830549288043164,2.65445124870995,2.76200302733153,4.887065602255079,1.566465824423813,1.1742423928941659,2.3116169407788787,1.4734009277159104,1.2047521564170371,1.2643790256963292,1.9048148986899607,1.4166851087678962
2018-11-07,0.9858413980577703,1.2169872626148908,1.455738872659478,1.1680148092784526,0.9793375827940323,0.7912893242444321,0.7594488806726687,0.058561337159064863,-0.00478372415684715,2.578898049994076,2.6127786898891263,4.666445183563563,1.5101650428038407,1.0935562140088284,2.2927533444242747,1.428394751818344,1.209859455738521,1.2072528428309428,1.7223692165617746,1.3987371210321073
2018-11-08,1.0451997753768707,1.1574239119163763,1.3573326466721114,1.1634618239469978,0.9747881022795011,0.7888151375310355,0.5103081691180302,0.15961689476900187,0.00463574391665369,2.573324849286672,2.6122849449982715,4.641446164862893,1.3415607159682854,0.9052478958757807,2.1183330589282288,1.2456087928949022,0.9686004191849579,1.0721847440133385,1.695365542364242,1.4029954713981825
2018-11-09,1.1549902493698683,1.0140220582719026,1.3476168374961346,1.1720816380049164,0.9770704969616263,0.7936878304158341,0.43340367247040285,0.04133355779933956,-0.02513054285250321,2.4522626705899837,2.547572237015827,4.465978577854432,1.335663790129531,0.900893251570575,2.1153960735145407,1.2438735475163185,0.9684931568205308,1.068557319104076,1.7116168427875897,1.3950950303727576
2018-11-12,1.5369780377841116,1.2240191410168493,1.4086885731388454,1.2034431572091508,1.0042186079245987,0.8119515616956909,-0.050631610661744195,-0.024004300970084658,-0.062138563460857534,2.6409323648035286,2.576930355358627,4.66826778463845,1.4236795471483623,0.9015400630868103,2.1150924896977594,1.2688900223194686,0.9663725810301192,1.1182109354262613,1.7332243682279584,1.349628476703977
2018-11-13,1.4888138876208188,1.1620297089597447,1.309114912670121,1.198493778705214,1.0036841599616664,0.8119141045006653,-0.21461847939719042,-0.14268909119621198,-0.06882374622939837,2.5635915829112497,2.4676340850951832,4.714286870532703,1.348385034041653,0.8908067984477848,2.1139259673103497,1.3615767306962625,0.9240025488844336,1.0934781500917357,1.649092561593594,1.3496824585268343
2018-11-14,0.6968618122634023,1.1426630454669067,1.3139766645130369,1.2006840467066395,1.0059780074640214,0.8140670535041036,-0.7795262236378873,-0.17776578863210657,-0.08412749571613404,2.607275604036214,2.4837021304356086,4.7141739126507565,1.4028026128033184,0.8986566828433247,2.119586763188466,1.3631728732689166,0.8248539764543692,1.1544497144852828,1.6399739623778793,1.399560003150558
2018-11-15,1.073398287497348,1.1405396109556563,1.3055153646854631,1.206115961075615,1.0164626372396324,0.8125445886572211,-0.5344826465440342,-0.053376447865566834,-0.06574334934811078,2.6777527847588045,2.502532832421764,4.7787305324509965,1.4763873246871226,0.8771759149486972,2.077277835943841,1.3843714188202878,0.8241640829436887,1.249845731659359,1.628540905171248,1.4231091007012822
2018-11-16,1.0883940213681722,1.1240920879206058,1.3073948362502135,1.2079294949369568,1.0172884380041125,0.8038459077464386,-0.28710479009573336,-0.03765970125642337,-0.05919601749798795,2.6623838976762975,2.511367160423512,6.221711973310969,1.4756401262167627,0.8421333197405808,0.8848098604314133,1.406928072180931,0.836264794606317,1.312233920614988,1.5452359633110648,1.4175116048774263
2018-11-19,1.0251387728262924,1.2362091772073003,1.3565649903654866,1.231947135708445,1.0349603429089445,0.8168428336314563,-0.2517029408646974,-0.09978825911955425,-0.097416780117926,2.7504571423969475,2.6147197524008123,6.620941498661859,1.4360976639643521,0.7965041510828685,0.8698350616285125,1.3948561958698842,0.8525556479570696,1.3299934790427104,1.547448981050473,1.4084356734173806
2018-11-20,1.2452503994821011,1.3085497300011502,1.4099847397689085,1.2595031450086762,1.0525864441281907,0.8292143134123442,-0.5844076979760702,-0.1668673135606552,-0.14141964242130953,2.8550881674713606,2.666490844536397,6.692868615977547,1.5065349150426695,0.9945866439371182,0.9416280953651763,1.4903668161284467,0.8927677820323249,1.447910309039642,1.6836828942730275,1.3966293038133013
2018-11-21,1.307554678813608,1.0100212422304824,1.2411003519990527,1.2626895403548826,1.0541560373777912,0.8286325686677455,-0.37951437686447803,0.0016622625807610758,-0.13654489666836653,2.8077350745046235,2.400529394207687,6.428045654232618,1.4471801545958896,1.051911858794722,0.7870521379620918,1.3629573479071087,1.1281693721016923,1.4484265984267946,1.2142699198639673,1.4385556356156946
2018-11-23,1.038095309355794,1.0003913607181054,1.1742654985284195,1.2620412716254934,1.0525706582509493,0.8306946575174949,-0.7218249554438947,-0.12143036156310683,-0.15664409882943783,2.7300724496834192,1.9818719506964455,6.305036730783856,1.4342880704995862,1.0422957501721084,0.7731818106194837,1.4759506057808354,1.120478531649238,1.4110807263225442,1.110982538762651,1.5203505683853946
2018-11-26,1.4523721988687877,1.2130341731452594,1.1689542842373382,1.295240148282232,1.0765092549119955,0.8404617825920536,-0.4509595401349851,0.0472246363412715,-0.12299126374959224,2.784240505546364,2.1129765861587044,6.456294091589217,1.4821459749682881,0.9884202321044274,0.6984079767581555,1.5317774726481996,1.083564477569455,1.4121575227281329,1.1012657251129006,1.9188954650667729
2018-11-27,1.2938535881015787,1.1058579960282757,1.1617836232501708,1.2951227028996162,1.078029628454882,0.8410888135674486,-0.045372407558015124,0.09175170062614924,-0.11744112890113864,2.7817644481274706,2.000066759480321,6.3400566839732635,1.46010925876982,0.9819930212186844,0.7108471476522138,1.5242492064671027,1.1110903713596303,1.3904427490919145,1.1340562763807822,1.9296229447853668
2018-11-28,1.1726186694816079,1.3495972657245485,1.2261723050287785,1.3541898022453098,1.1223304082662486,0.8669012137824387,0.7852612563558872,0.13278376712607565,-0.07619439466185764,2.96653311619344,2.146612968390504,6.000165368523659,1.4311967782845103,0.8403104277717818,0.684133287704766,1.4946765730070593,1.103470361383241,1.3819767136178942,1.1654337720885413,1.8278507364015706
2018-11-29,1.2497627680556038,1.3274027233597683,1.2081369993210382,1.3538659908738044,1.1222020830336963,0.8670431751735777,0.6733972152124459,0.06845137384568711,-0.075351705976357,2.8590118651596117,2.0732013434253385,5.890930071356563,1.368719061039637,0.8605399034761438,0.6666864932021708,1.4826888589222582,1.098810756628646,1.3115545702215816,1.1684396612195906,1.8519390960585491
2018-11-30,1.0156715688001796,1.3016650604778586,1.1925932936287875,1.3550342318524966,1.1252514083647018,0.8687637151760985,0.928879735179762,0.0457200755774656,-0.06017572077340199,2.801985362715638,2.060729285317014,5.908639551649808,1.3854671425295941,1.0482986120446718,0.7366043672961954,1.4607446563430344,1.1013048615956573,1.3129106592846775,1.1646236807355568,1.8406582035810624
2018-12-03,0.9741481382391662,1.3581559368729585,1.2154075383688316,1.371746539805662,1.1391739589904413,0.8765853183107124,0.8708406781494873,0.14154500509729273,-0.03486684396674416,2.647374205784216,2.068618588596815,6.025325910341901,1.3883036306691612,1.1147763489197233,0.8122182002948339,1.4991536930121854,1.1105478905388955,1.328751484353698,1.151174037943674,1.8406190174775956
2018-12-04,2.112634025312403,1.6549584187332622,1.4256402818023985,1.4605557068620432,1.2115411400400897,0.9252740650673059,0.1554934981809299,-0.04805336522588188,-0.09176822190442137,2.740457308721625,2.196138314755805,6.205436835732401,1.7273707082721754,1.0804769905125462,0.7478151404330493,1.5779530143111475,1.0945707826021958,1.4121800517585243,1.2787845837133707,1.9350659569398916
2018-12-06,1.7416102106812879,1.5192263721572334,1.4166851087678962,1.46055589778318,1.2102958348479373,0.9253015836947927,-0.33535933043657523,-0.08728106286348736,-0.09979282080605299,2.713240751493268,2.1992172856525167,6.218877270997035,1.7692216141275272,1.0727086103989478,0.7467470048319421,1.5965142262539809,1.0957695015417395,1.4013928462196592,1.289493139784841,1.9500831006409511
2018-12-07,1.948458325529268,1.7173670601314444,1.3987371210321073,1.4214407945480305,1.243710388374654,0.948882862964038,-0.7563663011847763,-0.31050242161867414,-0.13892290219760667,2.6337297439545555,2.1890929056482764,6.306695139224345,1.7446707222840856,1.076709708206081,0.7976164553716344,1.5688979472635054,1.0508412134867489,1.3908880231137577,1.3130847811618485,1.9031998892455042
2018-12-10,1.8828202102416742,1.7039723332698,1.4029954713981825,1.381593805812187,1.2407892451487195,0.9485409498271089,-0.8403339538794483,-0.29194045517190403,-0.14561931022995137,2.6572543406714764,2.285065661872499,6.365220676786224,1.7525199661085267,1.0783347026373151,0.8074443260320135,1.5617201782680188,1.0487600926828575,1.4029170208264803,1.3020370641110148,1.9063152770588814
2018-12-11,1.5732824999421775,1.6129174010419667,1.3950950303727576,1.3614419538933251,1.2408018310443139,0.948378057136011,-1.100635236369296,-0.24196472211263192,-0.14552651391266105,2.6494306522982374,2.255718265221056,6.3638600179527876,1.7526186813899864,1.075266825144806,0.7946329537403053,1.5640868933323133,1.064572500251073,1.3801771849788609,1.2285390475531193,1.9085931116087673
2018-12-12,1.1283871438024782,1.618966463678813,1.349628476703977,1.3626033974621843,1.2425501358988973,0.9479962681802127,-0.3518728033506256,-0.12336366339810223,-0.12831079366541376,2.4761673170889305,2.1809928054666488,6.191116523080661,1.7280057545918164,1.082128552751289,0.792882271923861,1.5521623162699127,1.0669164072520767,1.3594113451189511,1.2137661844792165,1.9042698879316677
2018-12-13,1.1348252212984717,1.3858115195982492,1.3496824585268343,1.3124683164507067,1.2394991223847478,0.9478160377626285,-0.328303119467712,-0.11570222288111776,-0.13791947196546012,2.5051283908793596,2.1813154792028278,6.026645753068712,1.7172886081629188,1.0885639409958998,0.9644822349974773,1.5067945583289215,1.0562260792255822,1.3583531326433222,1.242148429566147,1.9079330341991751
2018-12-14,0.925949789252639,1.4644140367942426,1.399560003150558,1.3399283241860078,1.258469490061924,0.9545937675410219,-0.23288380624353106,-0.17384181727008508,-0.17046977035477992,2.5243555875566015,2.2775699378468883,6.027047985261602,1.675491128095379,1.0892730819392844,0.9639081552316481,1.5503199900851286,2.512617283666771,1.3527965193067435,1.2568747419118815,1.8814279714131852
2018-12-17,1.1526541553499947,1.4747104793376293,1.4231091007012822,1.3549113099088754,1.2726576483367351,0.9705360444594636,-0.6631958190202034,-0.32411874829094633,-0.21667443496863414,2.4211155022101423,2.3161729334463486,5.956882088849515,1.5428442668253473,1.1819069491064547,1.3394819680925965,1.5831688705819273,2.5728249990014467,1.3180905214677177,1.286135436559964,1.821378495097808
2018-12-18,1.134341924241023,1.3110659411765153,1.4175116048774263,1.3547986719191045,1.2726294154057818,0.9678617039120511,-0.6896620420332098,-0.3426040350970011,-0.21697822374719733,2.429186505650822,2.3190622777186296,4.41030750689724,1.5393699024297858,1.1603620983153005,1.3406340505974723,1.6479170419080809,2.571590584490642,1.2834696194542812,1.2936513993069134,1.8251177430011942
2018-12-19,0.9453855815177775,1.0556575992772022,1.4084356734173806,1.3699961765188204,1.2832665217621326,0.9753318420570694,-1.0898893142888741,-0.3329102567541464,-0.23640135428305048,2.3768858339197125,2.1931919812126,3.7157168937323988,1.5159019864986714,1.154381921566431,1.3459855561142133,1.659811821021528,2.564738890934935,1.2769878794329776,1.2900387616328268,1.7962527508143469
2018-12-20,0.74851593261252,1.0703277452247153,1.3966293038133013,1.3874337207389185,1.2955968084413936,0.9856632572013782,-1.4086726493417712,-0.32176846072254295,-0.2619853080638601,2.2212844295807153,2.1531066561664574,3.67152092969464,1.4752719629873348,1.0617795042224534,1.3292515625593644,1.6746840311365625,2.5776478723789666,1.3787551315735433,1.1857683343762853,1.7813120433714802
2018-12-21,0.7828044523401989,1.0316635706745776,1.4385556356156946,1.3449564985482976,1.315979818509821,1.0017213584420042,-1.4491574952182762,-0.4412525968585346,-0.291146420573421,2.3370767171458624,2.2440452864099805,3.7221247774695927,1.5285792137108447,1.025875508528527,1.3191066942103329,1.6455958340157906,2.5133928967325216,1.3769008599078045,1.2657877883010484,1.6903437821937906
2018-12-24,0.9379921385380255,1.1034910353432046,1.5203505683853946,1.3574933652151113,1.3481728801722477,1.0282630614161334,-1.5852519497468218,-0.5399754968666781,-0.33984163084026137,2.3389966691916664,2.4109361982229465,3.7319782324169375,1.5644087619951612,1.2502219883688421,1.5863482014532517,1.739132178219439,2.636190813428486,1.3619502621060782,1.4698763033105615,1.5293197595326886
2018-12-26,3.1651159395650588,2.242656412946698,1.9188954650667729,1.5823414415463815,1.5169515254890278,1.1280965031129357,-0.5528292523079201,-0.3680714631402349,-0.25580645346251946,2.8914962778943085,2.7965887262617466,3.665497821542878,1.7769038385553086,1.3610264744012683,1.7504364697031218,2.050505354289121,2.7684609485735416,1.8846182686874138,1.980034182808064,1.1189514712494604
2018-12-27,3.158197399114456,2.2588773827584796,1.9296229447853668,1.5877030885825993,1.5207503502047417,1.127585233589419,-0.09976115390152511,-0.346507443340024,-0.24880095219646534,2.8910000037843147,2.7963793655682854,3.660864037666513,1.805621408066412,1.3726106233920305,1.8097297977899909,2.0576637557046995,2.747430133508828,1.914951639323208,1.9626413115778931,1.143659097056029
2018-12-28,3.046043272829834,2.2564516479333663,1.8278507364015706,1.5661206976082724,1.520627639802063,1.1240336638804103,0.199996797106954,-0.4680845755347763,-0.24997925384702396,2.709114395960959,2.637157745880585,3.537125842251158,1.7634044852444861,1.3633963127039987,1.8185192601913824,1.9844796203956745,2.670754423457382,1.8179956825008852,1.9091890933818814,1.1437352450931084
2018-12-31,2.7749731228568373,2.254162556382967,1.8519390960585491,1.5625229012099644,1.5270977855829722,1.1267178168252534,0.7849602190183804,-0.413361845907051,-0.23629598866969434,2.7343700990448228,2.6608521556561904,3.53583689433476,1.7935989480109444,1.3633861769943851,1.8291229995767357,1.9624652401306755,2.7100963479811346,1.8427837996901248,1.9853087263632299,1.1726186877700517
2019-01-02,2.121960910003281,2.1817052370879506,1.8406582035810624,1.5503661067951056,1.5260174821654238,1.125217023733406,1.3342240478711445,-0.43863941869383255,-0.2215365889403533,2.7391627094201647,2.6502483689118628,3.4327771093582187,1.833347556503699,1.1646218461451092,1.780840744990973,2.0510436332865036,2.6941865421302675,1.840574110295444,1.9803511606289694,1.176895482631721
2019-01-03,1.319140706033742,2.295671673754584,1.8406190174775956,1.5876112159760685,1.550894447611275,1.141249602806115,-0.15352413072968069,-0.6241626653600268,-0.25197998268612465,3.2844784935053775,2.7204457125681545,3.4167781753268005,1.8081746223574924,1.1399380734408715,1.7670083870704512,1.9495392041383026,2.701646238597157,1.815561146998804,2.0359647952073687,0.9852378800933715
2019-01-04,2.0646085095214373,2.5272357788514883,1.9350659569398916,1.682259433208184,1.6189135543604372,1.1837497017951628,0.3628443798817195,-0.2946697229148265,-0.19615342045099332,3.4163674591021977,2.8969544860914302,3.502818760972974,1.825485466523809,1.251211556172554,1.832676829487566,2.162996566782859,2.7520066100563323,1.7077294102252472,2.110621434264708,0.7277037542748044
2019-01-07,2.050689344584907,2.454807211609481,1.9500831006409511,1.684345798899657,1.6238913868829892,1.1863366630827978,0.5463378912585861,-0.24766027011098588,-0.18057938186165562,3.4180973561151506,2.8910924766660897,3.738012419291098,1.784800340965952,1.274894005885795,1.8331849948231889,2.166842050206681,2.7490322748018463,1.726573170441977,2.0980509153014735,0.721361152002541
2019-01-08,2.053440470124841,2.30448722160664,1.9031998892455042,1.6525413085563656,1.5819073163866368,1.1891082077002382,0.5590595300090653,-0.08450538810859057,-0.11214882418939996,3.4016939697099593,2.7626812754992067,3.4709045361624575,1.7424009401797527,1.307915147880196,1.8162002838354103,2.1782016573538057,2.828311343181748,1.6867837458925412,2.087485040164048,0.7156718286044897
2019-01-09,2.039693076652499,1.9968310354034982,1.9063152770588814,1.6558835496161828,1.5594992813959156,1.1898265482271728,0.6317302462042231,-0.07062336867291466,-0.06764897635860562,3.428143263049736,2.713077776701514,3.433968537670569,1.6912104521794635,1.359789367401484,1.8462577704103533,2.17151792448371,2.8272644007475973,1.681563939676133,2.1023421179635204,0.7673040342490248
2019-01-10,1.235967341915514,1.3949758305864013,1.9085931116087673,1.6528467750660263,1.5487979120494766,1.1900356217242491,1.1795367412329452,-0.05411967095946659,-0.0849169450909197,3.432224664960932,2.703767899522971,3.4257746336494237,1.675374420113227,1.379417095790632,1.8319889262839224,2.169711812605416,2.821285569459799,1.6811456198500836,2.1023634129142095,0.7671511710014733
2019-01-11,0.3572360400051064,1.399229206684246,1.9042698879316677,1.6292851572488103,1.5476041937240557,1.1900477737440966,0.517347211022883,-0.07736471932144942,-0.07491089456321214,3.430637848520477,2.70208555438441,3.4707363039222643,1.6733133840090995,1.3877499115602125,1.8397643269223705,2.1659881343905307,2.8156490666624845,1.6697859064661733,2.102436551447894,0.766948309496989
2019-01-14,0.5737896141456961,1.4289270064225628,1.9079330341991751,1.6312342369337962,1.5202106024934892,1.1909487481225092,0.23763332700883727,-0.10617615849184861,-0.12152249085639279,3.4176443297873838,2.700142077535555,3.478260557098,1.6891633954124738,1.3787076697364167,1.7272822539289079,2.136368016121429,2.806086482034922,1.66860794724672,2.0893583351595812,0.7757001711489244
2019-01-15,0.6405119029987315,1.4415907508508217,1.8814279714131852,1.6403909230388982,1.528916386252127,1.194920488609308,0.27894384852771975,0.04345152558422214,-0.10271869343932319,3.4085248108865565,2.7063031240106934,3.456284330888616,1.6829709593573177,1.4012348766306828,1.7463810740881751,2.1089323220691583,1.7498204064178196,1.6608605681079818,2.079930975736354,0.7508785256700756
2019-01-16,0.6318098976681978,1.4388982599075983,1.821378495097808,1.6313679383569377,1.519308856618751,1.1923454599851024,0.2338722583022636,0.1536436506577021,-0.07461718183293703,3.4226051076379207,2.616293317293704,3.426562062643063,1.6560774729056884,1.36102630274965,1.5108966001336748,2.066397322536109,1.6396923522381956,1.6274639571639977,2.0618077856882926,0.7591206885985363
2019-01-17,0.6754776540410525,1.0437035464149327,1.8251177430011942,1.6359726864854949,1.5231136751520178,1.1945307264953693,0.31505712675265823,0.19706012123700042,-0.0610678717054747,3.4096803967407503,2.6111661624561537,3.4147048135453955,1.648148564520262,1.364353953283131,1.5098938369868407,1.9789498674751609,1.6345240621592032,1.6275881951993105,2.045756882428035,0.7741777443462191
2019-01-18,0.7821067576251133,0.5739845434098185,1.7962527508143469,1.6290775633857026,1.532734639882067,1.1996750170223809,0.5735256063535468,0.3384890108391558,-0.031403168344848305,3.3465708995207075,2.626652158756259,3.181142469740903,1.6327283282448088,1.3817006967009975,1.5124894637454798,1.9518299809983872,1.5784891814972102,1.6206251372984535,2.044609400605179,0.7328467629726204
2019-01-22,1.0770290140564271,0.81955180425795,1.7813120433714802,1.6163690988508554,1.5410141912446327,1.2049080113891093,0.42533773833564065,0.35232643842750433,-0.045436445285231296,3.336395013238559,2.616937769520675,3.376146265436218,1.6695656391954727,1.3718024438881853,1.5200950990849118,1.8465360161902107,1.6138734535553778,1.331765207386146,1.986599997740135,0.6341384104156094
2019-01-23,0.9989590157068945,0.7914049228671449,1.6903437821937906,1.6158235869268458,1.4906047148090569,1.204138192840027,0.23796914577298728,0.46523318583203804,0.008547617184754807,3.212848976579338,2.4897502571958112,3.1969023646124577,1.549376138362479,1.3947106286980104,1.8663589843298451,1.848813725443531,1.6133846798162,1.3284495989392977,1.8758161530770292,0.650280847151779
2019-01-24,1.0023322009363145,0.7900947794217216,1.5293197595326886,1.612062219087548,1.4720903152102176,1.2041092679824967,0.20020629374576177,0.600008211530848,-0.020465882299645653,3.1567846781166753,2.255068757549103,3.3145233272400345,1.4248259059603328,1.1776737989807502,1.5957856149009781,1.5820230416386982,1.336867796802392,1.2539253769003738,1.6328328574192978,0.6530711861884807
2019-01-25,1.0151927752818573,0.8145376617206035,1.1189514712494604,1.5972096846865222,1.4583039898870798,1.2056464970064693,0.21769452021751973,0.38969106436836043,0.022948079189799,2.8271168837290395,1.7241983685161926,3.2066439283496746,1.155207449353133,1.0986915875664225,1.482914359334908,1.2101596184085577,1.1575497922635818,0.7413201346923114,1.14218392250285,0.6404118907140454
2019-01-28,0.8608844779789292,0.8761695674343526,1.143659097056029,1.6008821055523772,1.4599265149793665,1.2066909190940045,-0.20050429981060863,0.31330322436188496,0.019515827216003402,2.8314299544655475,1.7959985567755545,4.5935758441983205,1.143408600463039,1.0653754046645534,1.4146872212472588,1.2252187762027456,1.1584756671171226,0.7076646112264128,1.1432845311138684,0.6002676282992222
2019-01-29,0.5806162648200596,0.8402102243854993,1.1437352450931084,1.5561042877344105,1.447340828873381,1.2061215293346386,0.043158715318647636,0.31311691798042773,-0.0073946301427576374,2.8417170130631066,1.8533000941589373,4.709864674124372,1.1349651145608877,1.0595009593221016,1.3937217377411701,1.1875129849722679,1.1775127645390646,0.718510672494537,1.1366935201781427,0.5972778407083508
2019-01-30,0.910338587195138,0.9020057608201593,1.1726186877700517,1.5778396656709035,1.4553325326163853,1.2148212100290705,0.31793838831206916,0.3484777281554602,0.0011890853646987646,3.2248074180149784,1.9761324339457442,4.809454144859098,1.1315645431146506,1.078817411218173,1.4003727293919304,1.2009549938460122,1.1582490911991292,0.8435695250330151,1.0464696079942386,0.5225203043840422
2019-01-31,0.9250094900865063,0.9214190014599724,1.176895482631721,1.5812115178676942,1.453227374945968,1.2176990034276196,0.482955083400254,0.38719097041312545,-0.0019094575677471711,3.225978598235501,2.0256137593325083,4.894081213142318,1.1179817609522849,1.0604757976522465,1.443899238647274,1.1448609182243337,1.1472151034482683,0.872363727059683,1.0695899251144136,0.5081857502948428
2019-02-01,0.9154762686348635,0.9130389870450359,0.9852378800933715,1.5660779926626487,1.4511680124450617,1.217680677549483,0.32335255182073713,0.5089102350059649,0.008764191581076901,2.142664191123601,1.8629990264980982,4.654216662231731,1.0462227313486248,1.0699568297079707,1.4310577053005094,1.288772057040936,1.0728407940598512,0.9925659219457462,0.8920368991820208,0.5224691702915488
2019-02-04,0.6882718918007179,0.8515552189442012,0.7277037542748044,1.4824854693081642,1.4522628991348334,1.2180613480657145,0.6160630256018143,0.3766078857919086,0.011294932550400054,2.042937906918408,1.677437715387169,4.4971901902488645,0.6905969782612771,1.0103851943283135,1.3799060270186192,1.1245963803932217,1.0621341582601187,1.0058204605478511,0.5930569547190847,0.5110701931344511
2019-02-05,0.5727164634901227,0.6521483145416126,0.721361152002541,1.483330604892623,1.4509744901932573,1.2182626090429605,0.7264446699028995,0.35814361264150607,0.007734093222344248,2.0405997590830887,1.6986506180210366,4.357111292076766,0.7040617395760491,0.9497473709191409,1.3863168575652454,1.1365408717075907,1.04495668649233,0.9905970391638359,0.5867973003943322,0.5314647519946171
2019-02-06,0.4261749460281757,0.6709941353105345,0.7156718286044897,1.4328259673595585,1.423754291579442,1.2168419589680988,0.3834592392099713,0.3045776554556867,-0.03014338475719268,2.0320017432235318,1.7216403669166078,4.320963308763441,0.7011975530863436,0.9277288289719285,1.3867766534921617,1.1423919475817574,0.9217847965110928,0.9791630400271832,0.6220372459684983,0.568217523620717
2019-02-07,0.6319912981146114,0.7861761761899836,0.7673040342490248,1.4425606265472426,1.4286229406444784,1.2180278782663174,0.017150579554452604,0.23354605375068288,-0.04300592336471197,2.1009794040209617,1.7057226993493084,4.405284334749925,0.7721033647564122,0.7843725266431262,1.3359512273316343,1.1610253527411944,0.9178702535326874,1.0058041179644652,0.5689384890385045,0.5217704066259603
2019-02-08,0.6337615765791537,0.7580158555409312,0.7671511710014733,1.4425424241257931,1.4234832796889578,1.215714053841258,0.03194891578561361,0.22201327864413195,-0.02469037147598887,2.1027128942992426,1.698823569584626,4.3898404639410575,0.8100933558839434,0.7632681834392241,1.3363328970974921,1.1502547859331496,0.9116146125999712,1.0464018389026772,0.5823112881624044,0.6051561084865059
2019-02-11,0.5177197096549017,0.6864163310329593,0.766948309496989,1.440939358607128,1.4027646559679046,1.2152427773073622,-0.09765928352026147,0.22285626215612248,0.00737595981219028,2.088974288236637,1.6905961177264062,4.365664040791691,0.8099407568033524,0.7595800865824237,1.3355875364904428,1.1400718176849367,0.9161012192318865,1.054325726241444,0.7082079843232287,0.6068666492522625
2019-02-12,0.8014148671942682,0.7408539931917322,0.7757001711489244,1.4534910988079117,1.412161811980746,1.2209581172994561,0.07569064405206678,0.31765794190231345,0.031926520176449015,2.0311705515578384,1.706603644627601,4.419047995127329,0.8650011276553679,0.7455411529064951,1.3177766662355728,1.1862298002299325,0.9306998988289952,1.0667124820717455,0.7082859950691389,0.56036099731682
2019-02-13,0.7978628998814387,0.6137304787021604,0.7508785256700756,1.4188451441341625,1.409498797378669,1.2211428616414075,0.1669923938275854,0.2765897917806531,0.04873316669826338,2.0195014163507206,1.5885960945352267,4.4229659125746545,0.8567788168442916,0.7307659673548053,1.31735153072206,1.1978696775327595,0.9194436083498521,1.0468176188067209,0.7377716323648613,0.5600629670371289
2019-02-14,0.5778178278865679,0.5918317100249103,0.7591206885985363,1.3782142307706768,1.4038150707099168,1.221279499728209,0.3132837823227465,0.25339893475580355,0.027641279040853096,2.014068972344936,1.5874588233523512,4.421970183134141,0.852986989471104,2.0545410379366524,1.3215550743390267,1.196726308112028,0.877452213136893,1.0527836914752013,0.72648063616889,0.5604486712302015
2019-02-15,0.6547064448807562,0.6570053384061151,0.7741777443462191,1.3842599043794337,1.4102148565687207,1.2254147784464398,0.5068076621855246,0.2699509125023486,0.041468999547449294,2.0209390646668144,1.6027769260915101,4.419721432594919,1.0917965317761693,2.0568730704920712,1.3209765674599756,1.2424693738178463,0.9163693882827542,1.0956381773580668,0.8256867302300487,0.5181506464639655
2019-02-19,0.6363067205981217,0.6392305634637696,0.7328467629726204,1.355596573943474,1.3918038343408825,1.2242438418654593,0.5303093964700436,0.21205220968524677,0.07254365459008535,2.021124190882276,1.5692309387844672,4.358707167605124,1.0378185230182404,2.037714673112009,1.341100484178021,1.2311610506984285,0.90310829561595,1.173602984734215,0.8420624785945879,0.5182909288732305
2019-02-20,0.479973002526295,0.6352495761612273,0.6341384104156094,1.320140997095429,1.368766574226546,1.222182093470401,0.31344575004200975,0.2896849448289057,0.10674764084462235,1.9173074442126707,1.5100124002115796,4.181696367383382,0.9695612987011615,2.0442901808925957,1.3216748548098307,1.1458659599675487,0.8180145627506151,1.2975793999320815,0.8334743822218059,0.5254699375706364
2019-02-21,0.5648900606859414,0.6517509879785609,0.650280847151779,1.2683293677804799,1.3697004919181746,1.2225558706423851,0.17738859127353085,0.261444653155789,0.0951417473764308,1.9350850157593782,1.564870570368162,4.2095953614335295,0.9686735171775525,2.067015824330399,0.8262246782684173,1.1510783987226159,0.844462180064213,1.2765871095680061,0.8349872004217411,0.5642623575122887
2019-02-22,0.5411054259430106,0.5280266069346202,0.6530711861884807,1.1712746267231573,1.3676300300543776,1.222893179445614,0.34574780452533166,0.289784312450696,0.11660567570495531,1.9113777562368741,1.5819625104871382,4.040748590910439,0.9773875747746315,2.0686183833802323,0.8038773183027246,1.1493385256650552,0.7617706167625262,1.2733541852777812,0.8337580635974872,0.7191961351682525
2019-02-25,0.34631497707000897,0.5274336870276298,0.6404118907140454,0.902486141205915,1.3534318266536989,1.2224598553269796,0.15502461617082702,0.2542834364906754,0.0919676792396003,1.8073227810771957,1.5761478021721904,4.0292795243431385,0.9932666143413255,2.0695754854456236,0.7995886439931401,1.1532600308570091,0.7495567609269917,1.2294984190576321,0.9082792975314018,0.7190518514793292
2019-02-26,0.3601334819680105,0.536261383007062,0.6002676282992222,0.9016127965682484,1.3532075192796282,1.2224692480800525,0.10611275900535473,0.2887064743892376,0.08516741847036619,1.7786789366919338,1.491773425724171,2.397658578169674,1.0093898304453701,2.070408331108848,0.794246085417032,1.1222108627525584,0.7522338773966866,1.235678212357771,0.9054184608524073,0.7368113360405812
2019-02-27,0.3605284894849886,0.42237017415815603,0.5972778407083508,0.9006624312925665,1.3215751193317649,1.2223874460216357,0.05720400744116967,0.29319626785953623,0.04607620343506256,1.7391930029894576,1.3882315591032042,2.094530970960413,1.0090604278315802,2.0718126719769696,0.8401838795224222,1.1261710491723833,0.7387814807853502,1.2410670472201988,0.9211968397492534,0.7479573403055944
2019-02-28,0.3174487688702784,0.43437430066443433,0.5225203043840422,0.8989998275300382,1.3214722263165848,1.2222661899205685,0.09106063143810923,0.20472521393729898,0.0466136987285694,0.9963389735019339,1.2152129177805133,1.9435242132371022,1.0240677388331882,2.069411016036619,0.8317981295249504,1.1475568456945524,0.7213103840053067,1.1539589835681812,0.9027619613084932,0.7499255248589064
2019-03-01,0.3193063320733446,0.43970154465845424,0.5081857502948428,0.9002028689707671,1.3215810590603931,1.2233614553049734,0.09195216025468485,0.19203358166430373,0.04686171112786554,1.0070816631642943,1.1080382548757888,1.7123789773363687,1.0031954972846462,2.0622970959226183,0.7104223149538912,1.1423642301435322,0.7321082496776005,1.169701841973775,0.8891377306683127,0.7501690196170211
2019-03-04,0.3753558006512224,0.3511511477475846,0.5224691702915488,0.7969259606996505,1.3118594319666754,1.2236775822172274,-0.008021383937037819,0.17143995255123168,0.018729174065723216,1.0067892871395712,1.018841088009507,1.7121545546370762,1.0021274914994411,2.044511932002443,0.6810127754983888,0.8787717050787791,0.7181948558210902,1.0545233643738912,0.8867447264857262,0.7832569439533522
2019-03-05,0.3791724948019412,0.3549982578399331,0.5110701931344511,0.6331642067084065,1.2404198090133267,1.2236174618269042,-0.020918331723753614,0.12946113505784562,0.0704664326449759,0.8135426985010065,0.8666826676760011,1.5971546487332695,0.9991452348096801,2.0174530867565847,0.6718720557046587,0.7822509854511902,0.6627655446757644,1.0419826221357078,0.8884687017529975,0.780929708928802
2019-03-06,0.46184661332531896,0.4033221928047571,0.5314647519946171,0.6412547008659428,1.2431793429799811,1.224410055100104,-0.13346510594426136,0.07821882389774604,0.06290072214275538,0.7396546574004694,0.8282608501338155,1.7400495313793887,0.9977129849250147,2.0154642412364114,0.6562203722131019,0.8390407277846779,0.6601460850501778,1.0307628091897763,0.8875485454931235,0.7605441094455722
2019-03-07,0.561296045299516,0.46876079455689834,0.568217523620717,0.6514367362898096,1.2091538269939406,1.2266774255838073,-0.2635220851841245,0.042979882838775074,0.08768405006195706,0.7861455186533787,0.8376813708250169,1.727256444114525,1.010803643284667,2.013473207251677,0.6563455514516364,0.839113997835964,0.6879002922916616,1.0531575990548676,0.864145416898212,0.7214639000009645
2019-03-08,0.29149970291789173,0.39785813423485844,0.5217704066259603,0.6522697706451744,1.2096428729167044,1.22545861162909,-0.428395958903318,0.08064694704986108,0.0811898773758764,0.6527159229963707,0.8085936560979503,1.524218586469993,0.964967846883912,2.0097688051851486,0.6284779185387828,0.8978819049560536,0.6574781021864938,1.0245136360820917,0.8580609706196255,0.7156373543985787
2019-03-11,0.8953139579666258,0.6479209239284826,0.6051561084865059,0.6830580694148063,1.2224410573360427,1.232902311375957,-0.06563204728856835,0.1470447117826862,0.10497943982245053,0.9994976649569777,0.9066346767997618,2.1612500746242858,0.9724300625295972,2.150608887553217,0.6678807987257743,0.9076718170769503,0.6578915169113416,0.9982456427165854,0.8683720176678827,0.6607875507647352
2019-03-12,0.9144355461186389,0.6606598839817613,0.6068666492522625,0.6833011240355255,1.2218512896706322,1.2325337929553146,0.03700142465234775,0.16312631210099793,0.10287261831189033,0.9980438930174066,0.8918750206379024,2.1290736133899877,0.9672571507157857,2.146827377700036,0.6644626491617628,0.9065776857279438,0.6452437328820377,0.992892500494207,0.7317091162419971,0.6784257242061659
2019-03-13,0.8661520879258864,0.69149468860532,0.56036099731682,0.674509445801301,1.2238314690870955,1.2330333135579286,0.290514707108467,0.1319248396618461,0.11446887435743697,0.9907284111095924,0.8551607436163587,2.1672456623852705,0.898040939452018,2.150621953397931,0.6737974413157442,0.8571778486172088,0.5636067448147034,0.9886086626160131,0.746626785373522,0.6697290838124575
2019-03-14,0.6589409160762261,0.6873591683180953,0.5600629670371289,0.6590898367988063,1.196758342039093,1.2329941306114476,0.4450364829090116,0.11249090510913162,0.14417740749133565,0.9905517036401769,0.8516478426007679,2.226641909571497,0.9129386761128413,2.1461493020994165,0.6732673174537914,0.8491827684022691,0.6265768722479939,0.9692627900328905,0.7293895693487091,0.6691795988225944
2019-03-15,0.5538239958436323,0.6772763604279977,0.5604486712302015,0.6607582805571367,1.1650862677725944,1.2315558184828672,0.5838405816063899,0.1482861468707719,0.1851095774280925,1.0112720843948872,0.8656790793324184,2.273881717987527,0.922476928047899,1.0190666580698673,0.6742239946285714,0.8594001144689294,0.632690298097951,0.9615870879504621,0.7294174689046902,0.6753625145426678
2019-03-18,0.26877687598387673,0.6634777088379678,0.5181506464639655,0.6551277585804816,1.1646563686591567,1.2320188025893235,0.3663455732196465,0.11192918954121667,0.19298007442685522,1.0069276608840934,0.8763889319930097,2.262404029518856,0.6439607659711628,1.0030664046259756,0.7178073321603128,0.7998148433599619,0.5493886382022202,0.9442233941652762,0.73851683196743,0.6752927976323814
2019-03-19,0.30849441776890696,0.6576883892564082,0.5182909288732305,0.6288724752882284,1.1435943687601333,1.2316700810531283,0.2958770403945212,0.10451822308211733,0.21835314786883994,1.0470341118382582,0.8734168174879738,2.3913607092543954,0.6444327521591227,0.9777141629778646,0.6437576273576389,0.799045056922053,0.5643823630880929,0.7929225202222085,0.9417151027375152,0.6750019184981438
2019-03-20,0.3230786275076835,0.6241453434163294,0.5254699375706364,0.5846102289906686,1.1198725075703868,1.2319356671736659,0.10330388317767687,0.07938937294576287,0.24046691873405765,1.0506187434439211,0.854174811974185,2.4052554515344875,0.8039680464902919,0.972086197548997,0.6191593723303136,0.8024173907265814,0.5971097050955616,0.664441319836643,0.9396964741224022,0.6731895172889469
2019-03-21,0.5379791875458609,0.5697021690221017,0.5642623575122887,0.6034112843069286,1.0843530554288219,1.2360212370617913,0.34199065999731565,0.15364142229007782,0.2934397537593016,1.2451685035608822,0.8740396851053552,2.5832969492136475,0.873339435127569,0.8972742091228487,0.629851435272733,0.7648011516424669,0.5803950527665968,0.6628656980509521,0.9525217257687602,0.6321377523064983
2019-03-22,1.129408070518264,0.9216755064832486,0.7191961351682525,0.6910567785020442,1.0549816245899888,1.2481682451740423,-0.14175909335616171,0.026409422400398563,0.3054006487939809,1.3810980667383401,1.0876234547928745,2.7390305570729354,1.0876488570468705,0.8666539186495377,0.6584507629385803,0.8583512177913485,0.5935329612058851,0.6852325220093782,0.9176842286973815,0.41771576536792254
2019-03-25,1.0970386341709881,0.8158144782472098,0.7190518514793292,0.6828415933575984,0.8520971003223117,1.248176796327644,-0.22931885262776436,0.015843322341568822,0.2199392744002015,1.431802603612328,1.087135337276404,2.7982022838835174,1.0501868498592195,0.8422506966334403,0.6356560156193591,0.8781881487547143,0.5912746012913959,0.679186226728487,0.8789471005695692,0.44078555425133564
2019-03-26,1.1827542902756882,0.8392688388225198,0.7368113360405812,0.6736685646377018,0.8518584460033547,1.2496835673997675,-0.08519701357715385,0.05669077993649019,0.2195668262292042,1.4662980499509388,1.0826767100113897,2.7888498349052893,1.086552856023598,0.8620866773243646,0.667740363096939,0.9188050480504376,0.6701916108609102,0.6729723229076148,1.034562180342421,0.43582902441470306
2019-03-27,1.1969515881445607,0.8355883983882376,0.7479573403055944,0.6809881329876246,0.856096880744297,1.2505392973582572,-0.12957387705978968,0.03269490182052304,0.21300269588682896,1.4712406273423995,1.113080197235793,2.7674364814633363,1.0862449723981245,0.8620006197970369,0.6218290639132942,0.9158645477763233,0.6672200908912872,0.7082667971511638,1.0296052384929189,0.40710728867973894
2019-03-28,1.0358145596775765,0.8442918091544006,0.7499255248589064,0.6421035202671019,0.8519689457784446,1.2510490891945285,-0.2796601416451104,0.06096122901927292,0.20472139037067735,1.437363315286243,1.1105093862576587,2.7509982627458545,1.1229324093480963,0.8498406136380795,0.6141306471509358,0.9090393911004058,0.6584074936314068,0.6748448613789771,1.0350982625109764,0.4093664546886379
2019-03-29,0.5263629610753154,0.8536570358085596,0.7501690196170211,0.6358946351012593,0.8536241584886911,1.2504266379767441,0.23138473247729124,0.061267565456050166,0.21349737251115972,1.4312039078749585,1.1188754170318296,2.749569763535163,1.1324159089794057,0.8545867557496661,0.6100979554478039,0.8702542132576553,0.6147885536079809,0.6391265374809179,1.0053247885829055,0.39804927807390567
2019-04-01,0.6338792496278925,0.9244709192714474,0.7832569439533522,0.65737495216713,0.7915427385363341,1.2540561165364692,0.48359955878187105,0.13874855802129604,0.2730329151928308,1.4322734401404478,1.1225646695901395,2.7521579911440606,1.378156237013248,0.8566319279198406,0.6268610888328521,0.9018509755143039,0.6306924733928125,0.6419241839854404,1.054161137939881,0.32388216443774615
2019-04-02,0.6384625946670458,0.9242046171695191,0.780929708928802,0.6514928107309731,0.6810914229459749,1.2540606432413703,0.3443230840942026,0.14800113389097924,0.2180233849135778,1.4421559243708637,1.1076366402160214,2.74469955459437,1.3814573981923242,0.8614641802405989,0.6275498012775869,0.90790590993769,0.6621558269084329,0.6635375453997348,1.0572432065541455,0.3804900735933189
2019-04-03,0.4530265830289958,0.9117619911122326,0.7605441094455722,0.6499163797052412,0.6769935033398577,1.2540474301891036,0.48037189061521895,0.18615415096039312,0.20750552916654835,1.4195057817249297,1.1077366313675563,2.6451001561031466,1.377949968798588,0.8836336278718259,0.6245474680163522,0.8772605524923925,0.6635862426299891,0.6668208221864872,1.048482927729216,0.38672705759289366
2019-04-04,0.4621527539169564,0.8501598045312363,0.7214639000009645,0.648812388173788,0.6701986642049444,1.2195806356797168,0.45762063504529066,0.24124690907662671,0.1962681491236961,1.364133941141944,1.0651136383937543,2.573207409882235,1.3774475407876063,0.8827368002356796,0.6182489447750753,0.8985463783955838,0.698242607283972,0.6727616865494264,1.1341378583882251,0.4343897443929516
2019-04-05,0.4530011918488695,0.4744621673045127,0.7156373543985787,0.6259906920707307,0.6703165576574619,1.202568507607583,0.4283181703651097,0.2754460977731571,0.1965463661912336,1.3608208489368534,1.062976496594785,2.5728465319742817,1.380221482852496,0.842237188805804,0.6116501811352546,0.8240157737789342,0.708679855984686,0.6892440264212283,1.1336433296491761,0.440871466488952
2019-04-08,0.176528961590029,0.46235604715761724,0.6607875507647352,0.6261376015429208,0.6701747315473744,1.196374441940281,0.2064017813496079,0.20675701518084014,0.19193833520255274,1.213713134250673,0.9882822078426713,2.1914674651031776,1.3546813110615308,0.5356400671482731,0.6186650026009419,0.8105654764103275,0.7015986238587544,0.6664651046600122,1.1192071408469157,0.5885826264735166
2019-04-09,0.37205784335038644,0.5099882800919285,0.6784257242061659,0.6353361832614685,0.6760637129200614,1.196170399952632,0.0940861418733931,0.16227231319624058,0.1827516291511203,1.2211615533593136,1.0014301191834771,2.246978240655233,1.3651923903076957,0.529776973933651,0.6289057965701644,0.875885072626506,0.6936390167389579,0.6794612600999284,1.1774507299226444,0.577730871093761
2019-04-10,0.3885837952235993,0.43847632999990827,0.6697290838124575,0.609546622162065,0.6682641450032305,1.180278724645156,0.13083984666703258,0.1462354358500345,0.198606072471398,1.2211692978634685,1.0011109798274922,2.144653934513704,1.366495147620793,0.5275504890575947,0.5935003508743558,0.8654817318649449,0.6910073483422272,0.6937973991475466,1.167596154849519,0.5759699446888714
2019-04-11,0.3853230792516767,0.4496350254842802,0.6691795988225944,0.6093419547408999,0.6571461846250745,1.1802927854494192,0.07223317710086237,0.1480460826245894,0.1790422598381247,1.2472969870507067,1.0008101459586183,2.0775900203192057,1.3645206091185498,0.5210806328211839,0.5936992379867754,0.8652632971978216,0.6619269558699464,0.7338946291177717,1.1744829425884926,0.5879920511964853
2019-04-12,0.4421925348170085,0.45400850481362887,0.6753625145426678,0.6125800217587901,0.6602396007720155,1.173770892746653,0.11074220696081012,0.15717150411176217,0.18628552857944586,1.2326223803258132,0.9805145158242904,2.0591618670364666,1.6979308070870731,0.46708703258181583,0.5526240266778305,0.912118147643251,0.6764620103745262,0.7469120860885088,2.8183234796794876,0.7919369538354617
2019-04-15,0.4494392804594406,0.3284779348366321,0.6752927976323814,0.5942284721587561,0.6566927350750645,1.1737801731529411,0.08239013887835674,0.13576815659551766,0.1725494195463609,1.2224319625059374,0.9380503948955815,2.182737272724043,1.7243618679500528,0.47528436717188133,0.5063127412185667,0.8770482600064314,0.6809504676343116,0.7206143891556844,2.772951992852149,0.826933981045237
2019-04-16,0.31123642176623206,0.3279868375446125,0.6750019184981438,0.5942434977852841,0.6389379451080855,1.1728606912826212,0.19800475289778924,0.1378042413220576,0.15145822469647385,1.1977019811002154,0.9418116236385192,2.0502601623409324,1.7300386962812,0.477720724858027,0.5147973553576569,0.8888736134059245,0.6945712118254945,0.7247788143491902,2.706780459197032,0.8408509558965634
2019-04-17,0.3515257747200536,0.35032035371493275,0.6731895172889469,0.5968774782696866,0.6101570910205507,1.1720306399898877,0.08084701825747294,0.14062121961998353,0.16989851246488402,1.2461015273539844,0.9522490076326972,2.043720266023827,1.7296527504801964,0.4900850885627822,0.5065856703842678,0.8823369913861537,0.671489034356865,0.6495231082603231,2.7013161275378827,0.8694369074464182
2019-04-18,0.34851679390425655,0.34751773330741575,0.6321377523064983,0.5922013298186889,0.6101456707249515,1.136985764628829,0.12577138969315022,0.09399126504854804,0.1696924468314716,0.9763729619580432,0.8579876903238566,1.6611548610150053,1.6860111011768286,0.48947654868865353,0.4915210421902736,0.8756508963533405,0.679661635844598,0.6493093298869228,2.656114523254712,0.8784280923497558
2019-04-22,0.16905196976233328,0.3202428573709319,0.41771576536792254,0.5867232187519418,0.6100536887178235,1.1261028263664496,0.00769238607744267,0.19453437397016327,0.17024270294041924,0.8132844870336965,0.5578615626879293,1.445692225857703,1.4685162818756166,0.4664962799794071,0.43444534388094164,0.9269594504815571,0.6516006348536506,0.6490871026548356,2.6616667373897784,0.8873370729462672
2019-04-23,0.42355914224629143,0.4164053174240608,0.44078555425133564,0.599837117330063,0.6110875094489845,1.1158270809706787,0.20062455046829814,0.2432540073695333,0.17112692206725916,0.7610936599314206,0.6061022319028491,1.3401342837821242,1.431124802380434,0.5814190123368356,0.7863493843909772,0.909232872598682,0.7256291943529016,0.6529434862816733,2.6408114273266112,0.8874788974293725
2019-04-24,0.46405138784515665,0.37362686281009366,0.43582902441470306,0.601598384035317,0.6010569884910084,1.114609670494317,0.1431373114033409,0.1948878225671813,0.18009502563096966,0.6915051911161105,0.6238573265757246,1.304852962876298,1.4440305305281278,0.5415666950195379,0.761560594489181,0.9911455645993703,0.6680386939184629,0.6540390519425856,2.629213860432641,0.888268441074658
2019-04-25,0.43192420166250256,0.3749022432267526,0.40710728867973894,0.601739947709622,0.6004994904918239,1.1074091902116092,0.17974025905940677,0.2179497536497826,0.18128030777661397,0.7546242428642421,0.8581047413674693,1.426742240720313,1.43190262382056,0.5484880891762316,0.7676918488391824,0.9777454703853315,0.6712505609076815,0.5715450991925999,2.622257473328052,0.9221561455793814
2019-04-26,0.45090169146154824,0.3841470204553092,0.4093664546886379,0.6019127334290575,0.5729831935050721,1.1042849970856932,0.23350297454640695,0.22228204409642735,0.16265616235099975,0.7792481470693466,0.8536964964504499,1.8134906904159196,1.4284803236729509,0.5707772838261865,0.9362338891587488,1.091365829584788,0.6800883069806477,0.7570894850016056,2.6223222790742198,0.9150320930358177
2019-04-29,0.4462173534011921,0.34232311105037144,0.39804927807390567,0.5968146549759228,0.5652290407326097,1.1006030728104785,0.24761906771606074,0.19859295777985564,0.15063136830006982,0.7787746568812222,0.8607850312502038,1.7962585303817133,1.4375034791260062,0.5634195122648679,0.9678838574346769,1.1002932234551341,0.6718068724332703,0.7569359309829896,2.6408780080198824,0.9261641297052035
2019-04-30,0.2582020279655822,0.336960939446757,0.32388216443774615,0.5915977288749069,0.5652202733055053,1.0988939824408945,0.07798436861623977,0.14185020982812546,0.15067957346688438,0.9286562749398309,0.8556709546282981,1.7751526549680121,1.3054771474690123,0.6079252972311467,1.0201170939968691,1.0694009421032353,0.6902606170096642,0.7928819427624331,2.7156782428186417,0.9285122137464215
2019-05-01,0.4496748632173353,0.44012416110428093,0.3804900735933189,0.6067818018531983,0.572270534424533,1.1006291823720624,-0.02795190743589675,0.10181907468465645,0.12642711454449373,1.377945488519705,1.0277034970723478,1.7733283552966126,1.3390920208623915,0.654159365128401,1.083511125873418,1.1511510975121342,0.6553331093344199,0.841872062636977,2.7140081722219755,0.9288562928339305
2019-05-02,0.4577866149927765,0.43802358001411484,0.38672705759289366,0.5978124907798077,0.5726376210098414,1.0997013607478425,-0.05881665779030802,0.08315261654840089,0.11584186380218,1.3965565981774595,1.0895198926584342,1.6590415050888512,1.3388914364221478,0.6243704552933633,1.0885360167611637,1.2021940515967795,0.6590665329698918,0.8473634741807966,2.7773423689136245,0.9624798157050127
2019-05-03,0.6299223409799911,0.5260349290106497,0.4343897443929516,0.59106047473453,0.5823646411991553,1.086274300002131,0.043811904921320546,0.11882986156543485,0.13435221782694554,1.4098285378789883,1.1498267121069412,1.6590000369174676,1.3348072444303842,0.6255408495458115,1.0875310469499997,1.1447296570888312,0.5855116738277428,0.846128930750031,2.770689810385307,0.9162435307000789
2019-05-06,0.6552070148552169,0.5543348992430549,0.440871466488952,0.5954782830518612,0.5692679385040603,1.0868926876382692,-0.06984588436645493,0.07405194409696447,0.14338166297332752,1.4733942215202471,1.1700577243452248,1.6532363774736112,1.3610048377654436,0.6455989111144332,1.0942130459414714,1.1287682322914656,0.584485057091274,0.8379842855490813,2.768160053730755,1.0737062716507795
2019-05-07,0.9579466852893569,0.7104421567110987,0.5885826264735166,0.6276207717691943,0.6155361492258998,1.0942139006415772,-0.4140448849373433,-0.013261456743612343,0.11351342340663796,1.5833782396145715,1.286033669205318,1.813878089125498,1.4389745507811398,0.697760255661342,1.084619635749284,1.107038498391825,0.697205317200284,0.8857502342919039,2.7979692022271125,1.0413127383420464
2019-05-08,0.9430416108640957,0.7102273040436672,0.577730871093761,0.6270133802790736,0.6163581815200989,1.0801056175006927,-0.2915163670730168,0.005418447448053976,0.11027235758176412,1.5809503435719705,1.274528139828046,1.8151376490302407,1.4313676311036287,0.7049886851998877,1.0841450632380638,1.0921087713986486,0.6879059633906996,0.9081489981110877,2.7920837071777647,1.053913388267019
2019-05-09,0.9421014575800298,0.710615299800931,0.5759699446888714,0.6227438184113449,0.5988711781602275,1.0803778225730816,-0.30883423624163503,-0.02676590417876601,0.08379812377770485,1.597838412011992,1.2702517219897904,1.796490108205086,1.434644628757569,0.743681331010289,1.1007084026736258,1.092702580913787,0.7172625743449167,0.8885855544814195,2.8191823116336767,1.0770187746338407
2019-05-10,0.7913133019272403,0.7144197198457409,0.5879920511964853,0.6262861275617858,0.600518751493099,1.078960927143651,-0.4041364113158961,-0.0002625355387547712,0.0867581507316554,1.6179172543245772,1.2923067418759155,1.7956880542577995,1.4315237264036884,0.8238359393653647,1.1629573144380063,1.110662256380681,0.7116562673943037,1.002240658595572,2.8072171560329227,1.0760450273764368
2019-05-13,1.231745609024056,1.011571578300346,0.7919369538354617,0.7439782506027589,0.6870827939119198,1.10056186539911,-0.8244370615116356,-0.15974287302114698,0.048571592653795674,2.0735901911778707,1.480990363238049,2.1807794498404887,1.1701465877830939,0.8297904002522101,1.1620562114713355,1.1043256398914678,0.775605461626051,1.0892152150147394,1.2826513158057462,0.8965627519930618
2019-05-14,1.3245004313853663,1.0911331590647082,0.826933981045237,0.7556138900587831,0.6827253235540399,1.1032223695003371,-0.30956300343203386,-0.11124974232120999,0.04548253460517475,2.1140803600932387,1.49805284827219,2.2396830878294214,1.1571191808038912,0.8674677976609004,1.161286185874945,1.1078086791890251,0.7742588511938925,1.073878248130954,1.2764716682092239,0.8808204353236154
2019-05-15,1.3860565259565885,1.1196315708581206,0.8408509558965634,0.7610381620465118,0.686102719257274,1.092663296672043,-0.16462586579253352,-0.08523920722452671,0.05236108572654938,2.137781780456413,1.520179951763043,2.1657674981395867,1.134062519044399,0.8836414473525884,1.1753388950122279,1.110385889617983,0.7313396181799702,1.067905153570269,1.2335597944775418,0.8765431480893218
2019-05-16,1.4623104130771816,1.1777455063637994,0.8694369074464182,0.7721590891019164,0.6950907616461105,1.0811502593664604,0.08110560402484053,-0.02670125773692411,0.06443644494294073,2.079039285366565,1.5849039017147726,2.1810199076194565,0.9598332318768507,0.8870536931963808,1.2090035612023984,1.1049481755112645,0.7594942852969699,1.1211278075980657,1.2036666187919842,0.8543914299991239
2019-05-17,1.4698162188629642,1.120977933648288,0.8784280923497558,0.759869783176357,0.6990733746643887,1.0829469615584042,-0.14865419011135012,-0.06886893048987985,0.05958791894958197,2.0740949074727872,1.581186015627195,2.20658929645319,0.9531212838161741,0.9137180580038633,1.2195175629506574,1.1072093766688798,0.7429769662726385,1.1242306350091142,1.2047940953973921,0.8394241300866244
2019-05-20,0.8105661957146858,1.1270862917774827,0.8873370729462672,0.7012783617384692,0.7012298657173082,1.0829086147488332,0.22170869698911372,-0.10623879529322922,0.03823500035911084,2.1578784086118077,1.623841168655361,2.2061807307441605,0.9625583055019311,0.9325599048793526,1.2199816437437738,0.9489509528145151,0.7426915743712501,1.1228773616414642,1.2137593904340156,0.8485337116846109
2019-05-21,0.8099719103556549,1.0721498121153161,0.8874788974293725,0.713908083387422,0.7099494474763872,1.0763419172723965,0.22114347791121663,-0.10612001046048036,0.050992439750207216,2.182964396985189,1.601418752877389,2.2705649070027167,0.9663939775564124,0.8677513210777176,1.062345778485828,0.9430332428704334,0.657205870781487,1.1137061066901053,1.1815242597299755,0.8302953652521726
2019-05-22,0.807920367714667,1.0751163354367272,0.888268441074658,0.7076918049200637,0.7112889603462902,1.0766139107705457,0.04256888090330886,-0.11038131484953473,0.047065762551378884,2.208655780944842,1.6020350745172058,2.257587943213634,0.9800471123047088,0.9778355732618611,1.0598980355907721,0.8791669171852255,0.6586969942878714,1.1386496190676856,1.1435001324595688,0.8442828593286232
2019-05-23,0.7915591732675573,1.1356611779279828,0.9221561455793814,0.730273254807158,0.7298579046124296,1.0630793730354282,-0.38702519973114563,-0.1683926224345622,0.027417344345247792,2.222056920953265,1.439553986247543,2.293340224868018,1.062259764827985,0.9726847615494598,1.0525818400030853,0.9596928097699009,0.6764010792804012,1.1410350645963008,1.0893620037751588,0.7822813484178306
2019-05-24,0.8159728451977821,1.1212508135203454,0.9150320930358177,0.7287752726273543,0.7297563980904509,1.0629580888887757,-0.21235623418905042,-0.1803337326737442,0.034303180147318674,2.2224737768973974,1.4316293378765226,2.137669727223564,1.0744255098101523,0.9710894910360106,0.8992133669613857,0.8986626833999555,0.6651461715382542,1.0654071936896665,0.9716696560532393,0.786321386396148
2019-05-28,0.8605896190752927,0.8290221813592964,0.9261641297052035,0.73703262265283,0.7360182659376618,1.0653206212192667,-0.2661321763658762,-0.23467660631371343,0.008394638974064087,2.2157663592160444,1.4316672983619565,2.1006392559762013,1.0174544959579375,1.004175789037328,0.9927477594965494,0.9710483338539718,0.7190073944282713,1.0679349903966002,0.9710418236139292,0.7902845626663003
2019-05-29,0.563090877275054,0.781715617836966,0.9285122137464215,0.7174795126287895,0.739711865752711,1.060473760424614,-0.5806571052738427,-0.270780378933001,0.0032727963054734726,2.195295918126504,1.4323058451545878,2.0554758004357376,1.0155535705286405,0.9863409721779498,0.9160259597096688,0.9528876042858936,1.1338435655591341,1.033026201835652,0.9213900723000723,0.7666068170506773
2019-05-30,0.6810064619591243,0.7534423470201126,0.9288562928339305,0.7192611951702803,0.7402916331658136,1.0175892554484753,-0.4646028238892351,-0.2195440439628693,0.0100920548709221,1.8027698595628523,1.3711425559402772,2.046656624463797,1.024494234405546,1.0060311780163131,0.8952971978804855,0.8822120577597214,1.1364076521227466,0.9761985264703951,0.9316285155433575,0.7669980902289201
2019-05-31,0.7172916697507662,0.71419470262321,0.9624798157050127,0.746502344133577,0.7567617754519711,1.0253109245692191,-0.489735670831337,-0.2761223756948195,-0.002271869395341845,1.8166104340729488,1.3885103687310076,1.958534081674987,1.025459165584826,1.002475255270229,1.0223812634044571,0.8752850552792504,1.1396426464754432,0.9911156861747084,0.8630526956284293,0.6703156579679108
2019-06-03,0.6232267236635215,0.7122623687794224,0.9162435307000789,0.7445641056970531,0.7495808938159501,1.002537762896746,-0.5859689775794983,-0.3377789532989489,0.0074326057810375195,1.748531362928839,1.443442837309521,1.932828645810872,1.0183091523879932,1.0612288840662334,1.037439671166585,0.9702236244237957,1.1299462388987216,0.9762956048793402,0.8664618809397144,0.6665338838614284
2019-06-04,1.3333573928992293,1.0697507216833455,1.0737062716507795,0.8226965693401791,0.7992938280146177,1.0210369968237296,0.034183484392331834,-0.20866926412401673,0.046942925915368236,2.022999815362558,1.5995085100593385,2.6967209757253983,1.2777483684482576,1.0506523334702549,1.0564161588408474,1.1405527877025554,1.2207660972497623,0.9815320741501014,0.9528355117060592,0.5197135537952022
2019-06-05,1.3070566227299583,1.0660629698129196,1.0413127383420464,0.8356102071121103,0.7853539351976533,1.0236497925398005,0.34163111347050207,-0.08186137933103965,0.03721139303539601,2.0291004103703782,1.6160980239869294,2.62424847879017,1.2395868071612468,1.059632107777212,1.1240684297688412,1.147405966550076,1.1957018240177715,1.0173987152406203,0.9295397745526051,0.5161027247924296
2019-06-06,1.3129841153544723,1.0900620894816584,1.053913388267019,0.8392378568901622,0.7881444032665704,1.0242581541457445,0.4170614833645116,-0.042399581353487203,0.041763726430269085,2.073511372741655,1.6521232269656025,2.677536224987957,1.2381849033329717,1.0693949354918453,1.1285180151671788,1.2310304024451049,1.2671248531717587,0.9837951126745622,0.917143187550317,0.5169564313290625
2019-06-07,0.8688800673482675,1.0442602695443266,1.0770187746338407,0.8528539754986065,0.7938559614360595,1.0277051957184618,0.8867055304153016,0.022762565969414728,0.047410699213561044,2.1767146716961854,1.7565113369367291,2.700468934096694,1.2583118643562823,1.025993479541733,1.1367846720578754,1.2354511833540496,1.2952949976534114,0.9863776502525461,0.8842562822616569,0.5162824074559471
2019-06-10,0.670664549155311,1.0475340248017577,1.0760450273764368,0.8559429182099819,0.7954808871143245,1.0128120293600726,1.0293499199423597,0.020592629515615024,0.05612539220048319,2.1836560652042256,1.7466339584818873,2.7695824293925058,1.2877287372109774,0.991271151519627,1.0829867149916634,1.2217833361514339,1.2963819981037827,0.8976515126039308,0.9041189139217253,0.512261520864339
2019-06-11,0.40093567263780705,0.9734101087130195,0.8965627519930618,0.8490972750084451,0.7934560037229369,0.9949498600031496,0.5903776068107527,0.14503440295658032,0.04748767801573181,1.732895660942538,1.58383257368683,2.478746880206127,1.1306186875810584,0.985872741065481,1.088107959641553,1.1985455090601318,1.2592703264559866,0.7240837228305173,0.8409155483594183,0.5147517777036483
2019-06-12,0.48416376560098034,0.9294733583844133,0.8808204353236154,0.8494737868388114,0.7928796625901843,0.9950962936859142,0.38183184851324786,0.09098733365528078,0.03850191597652945,1.7080867803445232,1.5841314737802865,2.4823467838944206,1.1544143100302817,0.9602420922242165,1.0778513934330702,1.2193694876442336,1.284007436329818,0.7302912745843582,0.7907807535497833,0.5074589521820941
2019-06-13,0.46239775779468323,0.9290424812557585,0.8765431480893218,0.8520353795472753,0.7943454979376932,0.984291216496839,0.33430039720961496,0.08233198439704992,0.0449656728315269,1.6906990665437198,1.5647926439826931,2.5041530584667595,1.1532400969739471,0.9516734854052129,1.0812944504161563,1.2248703862848171,1.299521874765582,0.7174162842197696,1.2380984553058851,0.5082498375460073
2019-06-14,0.3008533268164725,0.7365144431444137,0.8543914299991239,0.8513175104839792,0.7933195860586816,0.9711573545892928,0.1120519195991478,0.030499144862991545,0.04813970224868362,1.69669193842629,1.4883272322972365,2.5411731577970933,1.1148565828915495,0.9425340793140499,1.048885879379354,1.2269358564789854,1.2933163890051576,0.6770736340962394,1.2373391603256239,0.5044306520245038
2019-06-17,0.23010356056588924,0.7085438296328121,0.8394241300866244,0.8507550708405099,0.7805146982779141,0.9500078423471298,0.027880023783437746,0.06472618298931199,0.029949505849326697,1.693144129600975,1.4762150114153525,2.5093663402589534,1.116164423442432,0.947729012757431,1.037046345444091,1.2464649001899626,1.2987703080048631,0.6534994660926641,1.2411353021093394,0.5175644789693977
2019-06-18,0.5045670291072211,0.46720548618157126,0.8485337116846109,0.8667277426400608,0.7479898172570126,0.9176479004492449,0.24213660116037888,0.1501413789993966,0.0794789858921102,1.575655607567727,1.461825214056903,2.7326486185310537,1.1546390612692732,0.9361572084371276,1.08352253692364,1.2630928894914204,1.3023326261058752,0.6508692791009488,1.2615715637913716,0.513326580894845
2019-06-19,0.45026596583815015,0.44188865565346624,0.8302953652521726,0.8557212864644915,0.7479438936853569,0.8012293254217496,0.32258899812699154,0.1163487137092245,0.08449423687275912,1.541916548773136,1.4612121945826841,2.687810666577133,1.161482423360985,0.9327434131398566,1.0654583734823744,1.2638681375135106,1.3001187439653694,0.6325649591547536,1.28114089403852,0.5158578019111526
2019-06-20,0.5348913043322095,0.4741230253470445,0.8442828593286232,0.8678745148320527,0.7515725279420524,0.802623087211394,0.43115536718650666,0.17947860596784937,0.08799503789516529,1.4415579384617683,1.4660044312671874,2.6564358478817147,1.1502414306113584,0.8451726549381878,1.0886659042593252,1.3059215624615859,1.3227052595879478,0.6141929087882528,1.2819465370362353,0.49786494404217724
2019-06-21,0.5438583088724379,0.44581461858946236,0.7822813484178306,0.8682133356315644,0.7479434819408255,0.8026728551968647,0.42419145877232295,0.23330330948885872,0.09428681356802636,1.364412563370489,1.4243718650236945,2.5714327822727343,1.0688445733461907,0.8501661830807199,1.0998292324460692,1.2056977138778036,1.3166352308090228,0.5927162813887539,1.3050860619748168,0.4975686819642698
2019-06-24,0.5761232185703484,0.45595961011363684,0.786321386396148,0.865664749161722,0.7475093571035715,0.8002940990950465,0.3920942729560874,0.2158388097755964,0.08592904039942649,1.3560149497105236,1.4220610104195601,2.5426590350483496,1.0573763389217847,0.8410527210528113,1.1121093901074006,1.2350939466270865,1.3221319250107177,0.591090681558238,1.3235241222551513,0.5156881328853282
2019-06-25,0.7001877532041241,0.5909281240291555,0.7902845626663003,0.8795557376377552,0.7565030033765195,0.8068649626300517,-0.01348915929505683,0.21330213326710146,0.059072828244414524,1.4173876125083236,1.6332075282231298,2.5295683935555644,1.0455634856807337,0.7968209509217289,0.9864693232837974,1.1520251120875051,1.2847769031957121,0.6059191646822241,1.3218176560918642,0.45248959914065445
2019-06-26,0.6874031460102441,0.5872155048126991,0.7666068170506773,0.8796076130645877,0.7421170327912145,0.7730850189896875,-0.07858345420947081,0.24186712647531752,0.037645652456813956,1.4467103435562307,1.6060468621152881,2.6800236941408264,1.0551367797159557,0.8188455226416049,1.0886540354073546,1.1339799534397117,0.8861314764326218,0.62028830225764,1.29765484463953,0.4723102417624854
2019-06-27,0.4838162705475966,0.5843046892642065,0.7669980902289201,0.8732037432881012,0.7432441731623998,0.7152791634888136,-0.19875261488010648,0.2459411582201315,0.04273872964730619,1.453652240008109,1.6052850075567393,2.6870690691876233,1.0251341023024882,0.7859168919352979,1.07174409483123,1.1660112452154343,0.9244109004177562,0.6241519273504194,1.3206908237512138,0.4841744224004389
2019-06-28,0.5820623863487661,0.5907545930746202,0.6703156579679108,0.875923371423511,0.7456046733447649,0.713596641617612,-0.06676881506759251,0.3390450234297948,0.04869175476112539,1.388169274691031,1.5425379200302418,2.5622275174983393,1.1459424052470026,0.7882565398965651,0.9001644934295124,1.0847490991496975,0.9426871763420712,0.567198955832055,1.317519164498272,0.48377508442584194
2019-07-01,0.7227862312041758,0.6304432379233561,0.6665338838614284,0.8740251194542155,0.7533430951111117,0.7132998670345846,0.13928882189713682,0.39715325964475523,0.059401389303747026,1.3571931767726972,1.3107679945985808,2.5074974568928656,1.1880476013041625,0.7526424392146253,0.8972934675113291,1.0540496797922019,0.9441663886606699,0.5710250409533861,1.3424812126605425,0.45580358892504197
2019-07-02,0.3679536728015705,0.5681043675179258,0.5197135537952022,0.8717824610414076,0.7517583716551905,0.71272216139409,0.38754548822341767,0.3016426342248729,0.055675104732606846,1.174167731479488,1.210598859443443,2.2246846099051822,0.9970693159879898,0.7608581604975369,0.8988606690638715,0.9809232775724043,0.8826841021746807,0.5797217534991776,1.3019900809724285,0.5240201933557387
2019-07-03,0.2793120137055212,0.6004979454062035,0.5161027247924296,0.8337201572648993,0.7578674921188481,0.7150787869663736,0.5673970090720728,0.29830860037571016,0.06772858810035269,1.1518288026904435,1.1481270105654844,2.18336435862162,0.9991207211216958,0.6942801488643315,0.9377948377004343,0.9683599381342666,0.9264407019523544,0.4832643083049789,1.2957351145778326,0.52603590923567
2019-07-05,0.41440423115743896,0.5531499404773309,0.5169564313290625,0.8335383379409389,0.7544331700402463,0.7153774869373795,0.47371671767256335,0.2601049667971444,0.07437461096390371,1.1407342866412506,1.1270982954484474,2.2259434589322877,1.003777585394566,0.6490157168453939,0.969650742409237,0.9021937777717763,0.9121338764603688,0.5001078151922,1.2860063953334295,0.5480828055222008
2019-07-08,0.6135420394328175,0.5896659690574203,0.5162824074559471,0.837568048592081,0.7578492006212834,0.7148725448264587,0.26090893673514265,0.18259587500975502,0.05953084560013456,1.157530353146107,0.9713951966324658,2.2857963181514367,0.9740732194823978,0.6526983526854183,0.9479803059137741,0.9037906590802487,0.8666602122708474,0.48794996516707995,1.3111414962416834,0.848192375721495
2019-07-09,0.49575209710782053,0.5846012119179524,0.512261520864339,0.8350725408174676,0.7578070592374384,0.7087159485845992,0.10426379334383747,0.16588172799512468,0.06207060732399495,1.13603930254489,0.9648552013211752,2.2553010358772707,0.953934866195156,0.6789041019301632,0.9864067967016771,0.9016728399416979,0.8662714468952694,0.4185610860037293,1.2968448169447582,0.9205601821073772
2019-07-10,0.5217265165897984,0.443987012651004,0.5147517777036483,0.721966723955334,0.7555063773119572,0.7093822781869558,0.1477402732171475,0.19098330082647164,0.05875827692063496,1.1293513266001791,0.9752908966809315,2.261093850886567,0.9589093090596542,0.6830727435311286,0.9898931909586569,0.9461079709604479,0.860777755970584,0.41844805135181307,1.26014352591897,0.9100791486514843
2019-07-11,0.3897618148951487,0.42545021315909426,0.5074589521820941,0.7121497650138411,0.7556625180281386,0.7070418794647979,0.03472335232088693,0.21153147632761993,0.0637563558872302,1.1432282842003871,0.9626343209285568,2.2506905191284567,0.9138976260463499,0.6770998589290891,0.992956958926087,0.8990528350238761,0.8221038917076559,0.419688681078053,1.2618171436264018,1.0258390965613509
2019-07-12,0.4162557473261503,0.42776316406627,0.5082498375460073,0.7103223186561426,0.7572863764855945,0.6988597370361179,0.14701620352853845,0.21328391837687533,0.07012556518313282,1.1489040699336566,0.9590543011161013,2.2442246139209123,0.9310442018529264,0.6736721131985451,0.9732009492505844,0.8867758528402283,1.2269934514496823,0.41697329615294954,0.828831874153058,1.0257029310012207
2019-07-15,0.19557693631403897,0.4293087867169968,0.5044306520245038,0.6991784339591427,0.7561776517643988,0.6858304083057145,0.2635637809352211,0.22047384034377338,0.0747572424899469,1.1357179334113263,0.9601089363560453,2.135540558741653,0.9905143886562596,0.6711748543411653,0.9745753088324103,0.8988154265031398,1.2314398126140698,0.4163328948243883,0.8274237012898803,1.0518981008846584
2019-07-16,0.33059542985589707,0.39895150281539404,0.5175644789693977,0.6918440793440186,0.7577271163279362,0.68698092832309,0.1741402393734594,0.2024467818926301,0.06610134479735405,1.1431741387855696,1.0206281122848029,2.1417942447089144,0.9904654382673715,0.6342369192639086,0.9709242664616883,0.9512258437091009,1.272709570562502,0.4270174756914364,0.8292455998516359,1.1227264911165205
2019-07-17,0.4491772794428075,0.4715437010728247,0.513326580894845,0.6924199675827972,0.7638233493812004,0.6908161940835786,-0.05753613777140325,0.1160651160935261,0.0533225665998978,1.0458099865147694,0.9624658282709769,1.8527534312958547,0.9971084440541128,0.6197482593944891,0.9086986236288257,0.9420675879095998,1.2589547465965893,0.4329199146787991,0.8267850472177652,1.286406952040865
2019-07-18,0.4737576452000706,0.41046156782425236,0.5158578019111526,0.6822840070568972,0.7568862352510077,0.687911746391928,-0.031203798393179927,0.12308327719757706,0.04443732681544037,1.0642494074059183,0.959176999145167,1.8516675049579705,0.9772679751215885,0.5973816201886138,0.9022104065533759,0.9531589434105265,1.2590007199632123,0.42991961491009295,0.806601699521453,1.2841220594204261
2019-07-19,0.43071423573364837,0.44646093470364,0.49786494404217724,0.6873781953921396,0.760093780743157,0.6859941982729206,-0.23183041227545315,0.047537473511385375,0.03887825487656664,1.1180481522715482,0.9363383239810353,1.884256139290835,1.0156761633928295,0.621020047339152,0.884480517344668,0.8636051802053306,1.2234338692028826,0.46689392842235666,0.83869818490329,1.336664707448501
2019-07-22,0.4718968918329134,0.41587719109297283,0.4975686819642698,0.6525593092413207,0.7604402214921262,0.6857410316395807,-0.1893540855634333,0.06708745425983431,0.043999380438043564,1.2155167424964897,0.9826823076951753,1.8434355619475609,0.9989393893606996,0.6234567600942946,0.8706153697525146,0.7894242675484792,1.2349298776706235,0.5079162597570531,0.803019278713205,1.367821039319411
2019-07-23,0.6073778043237058,0.468287484723283,0.5156881328853282,0.6585669416793867,0.763459026940594,0.6745860913629496,0.018147965937407484,0.10896020513796012,0.04815509407993743,1.2194613088556927,0.9835600071186459,1.89214016258678,1.0303554065400524,1.4978711995038785,0.908420393726541,0.7765340616830256,1.2140602394370335,0.5329819596636796,0.7832782490610638,1.36229288910626
2019-07-24,0.4813678468818905,0.4675764030147062,0.45248959914065445,0.6358267251924332,0.7652823765853218,0.6716784814876812,0.24824045020625424,0.18149751846885387,0.053374348474080596,1.1497638128770495,0.6527728864259668,1.8702552270593722,0.990153666381333,1.5194926792110668,0.9372204180110276,0.754425796164854,1.208704442898168,0.5204995365638777,0.7774250077504723,1.372774258997595
2019-07-25,0.5695518506706856,0.49732336358543955,0.4723102417624854,0.629760375442097,0.7683476533806874,0.6737448084067436,0.07948908079919566,0.16260141094974367,0.04456271949735336,1.0902305601101667,0.6677755531684424,1.7658058355300184,1.0365782657701434,1.5237711157748863,0.829084843487753,0.7534877138849809,1.2250245809080365,0.5038246978458517,0.8271854513278714,1.3706628897156947
2019-07-26,0.4854741546871233,0.5226836848710427,0.4841744224004389,0.6340178206952144,0.7652930933396549,0.6734981689519126,0.3245811184972848,0.1783709068557332,0.06825600703766511,1.0896152181388592,0.6803281676723688,1.7043950569259536,1.0366887630891086,1.578183629647896,0.8989069011046925,0.722693875122715,1.2208743962606243,0.5208810496378048,0.819528283235191,1.460784402685174
2019-07-29,0.5377398466778556,0.5276975168351719,0.48377508442584194,0.5854234001537623,0.7650926090305765,0.6733204090892584,0.23902833543878693,0.14353674188642918,0.06881979654046814,1.068277790313812,0.6829809517204677,1.706977458209339,0.8857235447394706,1.5785786584065893,0.9136175267362557,0.6970383103601577,1.297437588909791,0.5471210324124957,0.8483800032367427,1.4934375148161771
2019-07-30,0.4950584585110763,0.5226038457492178,0.45580358892504197,0.5852336671055434,0.7566915449593464,0.6737183167888476,0.04692516672592646,0.08586929134515753,0.048414532563654585,1.0151552707847507,0.6572767299906738,1.6952046034749835,0.8199544220803955,1.568819635048016,1.1994013335688936,0.697361367277652,1.3000358968679688,0.5502924774090628,0.8466755746301239,1.4939436827495949
2019-07-31,0.6352171200503508,0.5964366873736483,0.5240201933557387,0.5347657196432721,0.7687568477747642,0.6756720463871105,-0.2658674466170428,0.01814428475873875,0.0370392182865316,1.0946629533231231,0.9404805814798649,1.8412975049514737,0.8215850537941032,1.640480121464707,1.3116102871145472,0.7155002685951188,1.3119676694877989,0.6176138023441385,0.8996900277498239,1.492987915170497
2019-08-01,0.6899584578544122,0.6369305065312258,0.52603590923567,0.5463413154042555,0.7452430270016608,0.6813339485309535,-0.3444903029836242,-0.06537041706418056,0.050358934660163286,1.2103883359750955,0.9761119887697057,1.9214813647381046,1.0289717504704439,1.662111493819927,1.2593901345432847,0.862005244826454,1.241848058825709,0.6226758649983917,0.9173821979890939,1.5143733488244961
2019-08-02,0.39901775811824125,0.6543217355966368,0.5480828055222008,0.5561475719909129,0.7520700956908929,0.6855808848765236,-0.6290710399790054,-0.09732603255715899,0.040126450962166056,1.3083261913203807,0.9930882450501762,1.9597090758326492,1.0197688411149262,1.6670105185468294,1.2426801144076394,0.8764349564051056,1.2512945892608376,0.6221458074804678,0.915654432977592,1.5047672864140493
2019-08-05,1.0602912269410172,1.094850428281488,0.848192375721495,0.7224633655793656,0.8479151325076952,0.7322987001421658,-1.1941151505025993,-0.22021927992300627,-0.004953612981278862,1.7043226096257345,1.254459280708514,2.4110625749523233,1.2122504536033791,1.6929957955663875,1.4087008490372643,0.9403390901639044,1.244635265753678,0.9162505011407196,1.0400515176866088,1.3374762108357894
2019-08-06,1.564871974119028,1.195018745233623,0.9205601821073772,0.7532026914479351,0.8648324952780497,0.7423642952499228,-0.8645570376492315,-0.15633591640310973,0.01004614703587663,1.7579502927391402,1.333576922039575,2.4260298654035184,1.223704534804676,1.7038979167813328,1.4071828877440928,0.9878658086098497,1.2497690980350251,0.9866977673205383,1.1966056626362565,1.3253636916514926
2019-08-07,1.606999844662212,1.168212382015554,0.9100791486514843,0.7532356514830271,0.7988810759133894,0.7419477908960059,-0.6339350295701471,-0.17727454093808492,0.052914387614988984,1.7594928317915446,1.3151300939418575,2.4013671359705904,1.3068486733144147,1.742741703536015,1.4174036758455992,0.8957284651720998,1.2484982827711166,1.0156721525929728,1.5890574351038325,1.3507360925093455
2019-08-08,1.9626365334278968,1.3945899983912733,1.0258390965613509,0.8133809690926448,0.8290851002645083,0.7563462668697447,-0.06736792649705707,-0.09089323676866656,0.07054185773807801,1.8245085360752655,1.45014543743279,2.3183904304887446,1.3514040427129868,1.7513500592806894,1.4564181847612792,1.134226261476031,1.2899931424074815,1.0134044647666907,1.6875990589050178,1.2837309052199122
2019-08-09,1.9566273736231607,1.3654463339370602,1.0257029310012207,0.8195961326270168,0.8318703468425107,0.7592689211941959,-0.053025966833259816,-0.14733657514760856,0.04942644254210553,1.8266045635299395,1.460726044284392,2.3626812472371164,1.3202681193372499,1.7578220377678477,1.4627915408868284,1.1970027221770474,0.9230444399042165,1.0148730099707832,1.6747472829431393,1.2711777818882368
2019-08-12,1.3509569436444748,1.3910592838752351,1.0518981008846584,0.8429158532292276,0.8395716395664,0.7679016956537323,0.30497854680415787,-0.20986558845577208,0.013702465583664251,1.8129771881510024,1.4920093502193563,2.3821213151325416,1.3539454106785587,1.7619890373796756,1.4704995011951827,1.195503815616645,0.9185716996448777,1.0647793894333288,1.7191379165348166,1.232549547306386
2019-08-13,1.3833477848338163,1.5293643095439864,1.1227264911165205,0.8778372573497144,0.8581366872322774,0.7793746757212832,0.33555881759331124,-0.11598127184814677,0.05039723101126507,2.051494913931361,1.5386760965272437,2.5077792222894413,1.3822900123246262,1.7646220938110404,1.485861920344666,1.2242262675154927,0.8822064293711542,1.2020602399601825,1.7404642730936626,1.1968831016509243
2019-08-14,2.037060790394311,1.7404900525011013,1.286406952040865,0.9824715990692662,0.9378689743092005,0.8246639358165627,-0.26760733601012704,-0.22979234049776584,0.01213805153171892,2.1634200837330453,1.6816561849352518,2.5841106894666317,1.6303836631821562,1.781612324089849,1.516125379615872,1.481268360153424,1.0293116517249106,1.2153610220525477,1.8391924694758233,0.9499589513171601
2019-08-15,1.683252567362054,1.747049268822175,1.2841220594204261,0.9827738515840981,0.9312098699553185,0.8248914584703712,-0.6071845093181503,-0.2348884144999092,0.0015145254689641044,2.150135988410253,1.681593534973759,2.5768028985992366,1.6241219598072845,1.8127648706500141,1.5455160810317699,1.4789713948481356,1.0299991300262412,1.8887975268680426,1.84506732598095,0.9535215635917541
2019-08-16,1.9193177468673255,1.8283689998537236,1.336664707448501,0.9997880501303288,0.9494539133234543,0.8353724893634868,-0.17584880840537648,-0.13334117418008942,0.03122496843304842,2.1868062030054136,1.7345270909533077,3.1192769734030152,1.7341018919991409,1.7893544799124281,1.5732861214164995,1.5410277171672293,0.9945133631877094,1.88330436760767,1.8642120784917353,0.9191754667970442
2019-08-19,1.8962675647024794,1.552191771568504,1.367821039319411,1.0188498506499248,0.9468523543097709,0.8420804607317123,0.3085729551939977,-0.08538382826641433,0.07166897849409286,2.1669856045218077,1.7501542606956615,3.49697116378287,1.7420087525057215,1.7836253784781144,1.5810461124890036,1.6069005108198475,0.9525901136281026,1.8760796787890541,1.8541281789615511,0.8883342195050753
2019-08-20,1.7962942338743422,1.533503010132856,1.36229288910626,1.0257477340990813,0.9527555846336377,0.8451043644293407,-0.1557199484690706,-0.1594482504497663,0.05511692148793006,2.1613873760222915,1.7544741680584162,3.4662963301167657,1.6856243107168414,1.2161387894007119,1.5743040104894637,1.5990888689744371,1.0019960110361625,1.9050947186618683,1.8507596933414734,0.8623795573288281
2019-08-21,0.8884404206904093,1.550284091613987,1.372774258997595,1.0221157588115715,0.9487792821800219,0.8463698359182357,0.5983383211506157,-0.14226787276167552,0.08417725965809324,2.172550321119008,1.7574052500024147,3.4752620171188706,1.6827654624549184,1.1973641435363314,1.5430481211591787,1.6265970910015661,1.0014010998307188,1.9049548049874894,1.856290531080981,0.8505877641581263
2019-08-22,0.925200675389952,1.415930786841497,1.3706628897156947,1.021967323698305,0.9437280424371346,0.84555966276809,0.5393577632629112,-0.11992124388398029,0.09484909784702691,2.162413610106043,1.7627151824940592,3.412299465359893,1.7064581016372322,1.1621155722364884,1.5428994665889986,1.6255870392345502,0.9767605873576817,1.9048410965363958,1.8238983268187219,0.861167984297423
2019-08-23,1.4947261217810104,1.6225449145440531,1.460784402685174,1.099138519903792,1.004018201405577,0.878553608421859,-0.26948817430981303,-0.28185849738186386,0.04748452256466692,2.4121744879629747,1.8816351021633995,3.599203249102241,1.7642020908232678,1.1149412467519997,1.569032219072023,1.7327300193728339,1.1487441007529096,1.910008200701531,1.916209650760834,0.5859231736790768
2019-08-26,1.4707902677459994,1.6306026128896616,1.4934375148161771,1.1108633144245694,0.996169747616317,0.8820526548283155,-0.2892782556962213,-0.21746047605016638,0.08837376308868584,2.442965475503541,1.9242645765881623,3.631686822285825,1.786019479061125,1.1626374763867169,1.5942473377572028,1.7270708533044568,1.085771076145437,1.9196493738199898,1.9759137295457128,0.5937348612961136
2019-08-27,1.449831649894858,1.5392414000695955,1.4939436827495949,1.1014914123863602,0.9971337258541157,0.8792577644871065,-0.21449966757578248,-0.22480445902519355,0.08607269732157305,2.45396775196114,1.924568533649798,3.655585745420131,1.7917245191974618,1.1564997387772273,1.3643139810054348,1.7273301788426787,1.1336073806815348,1.920507883102349,1.97189066953414,0.5863029961642182
2019-08-28,1.4311506840736135,1.2060921354484337,1.492987915170497,1.1071191303679178,0.9625434725315655,0.8809980268113984,-0.23637109083690638,-0.1348937838166414,0.061631045055656725,2.4108847475789026,1.8106799961266529,3.5619234815470744,1.8123741236961644,1.0484699785175362,1.2886754562212848,1.736781609447837,1.1008503486552295,1.885429400390815,2.001138737067565,0.5812077617574836
2019-08-29,1.5889803496017891,1.2553983627826268,1.5143733488244961,1.119124167780481,0.9698033476896977,0.8788361181067128,0.025234790095938386,-0.027489970614089643,0.06848273756581329,2.394046085848615,1.8369013385172894,3.620380312155148,1.8248526603266557,1.001550038967093,1.257308109873888,1.6893498609062143,1.1030768819155725,1.8825540919840071,2.011939686698088,0.5382655529672202
2019-08-30,0.7247609705812093,1.184918026215801,1.5047672864140493,1.1190708476035813,0.9668822511872424,0.8783713792574711,0.5300962140348056,0.007933316121588874,0.056904083453858084,2.3395933978134136,1.826307787674844,3.576347329387894,1.8321313756223923,1.0013363588465178,1.272848333493235,1.6804912001517232,1.0935187547435994,1.8819027404763746,2.013016920936605,0.5444182502945403
2019-09-03,0.7811453774407288,1.1388448740394619,1.3374762108357894,1.1194915895872197,0.9623044745755535,0.8784372696557133,0.19199521108131073,0.12906711434581108,0.030481236477519925,2.010495819395521,1.66816904735393,3.2611411096692087,1.7259733228900254,0.9323273106530958,1.0593576370776663,1.6209447561383123,1.0857431476174382,1.6886046382267692,1.9468468287210359,0.5984305091478391
2019-09-04,0.7940285465195517,1.1641502312962217,1.3253636916514926,1.1347248888071744,0.971321965637073,0.884057283194137,0.4974664176682377,0.11570140480417379,0.04174907213206289,2.0030293955624043,1.6373909605233454,3.3003953177062195,1.7390109876519477,0.918609885301136,1.0803678054494248,1.6242928514745498,1.0802295810729001,1.6819880570953467,1.8699744629196602,0.6730851778704853
2019-09-05,0.8707247652804034,1.203334552155698,1.3507360925093455,1.150888014408178,0.9844431430201002,0.8903361173563625,0.6137373281586613,0.1770243056155607,0.06357768850131577,2.030238541119501,1.6763005802597384,3.557969431836419,1.7323682606539506,0.9133019529626258,1.079397558462547,1.649238240016465,1.0771692944474311,1.6884732081286586,1.4925337368439862,0.6300961847874472
2019-09-06,0.8050110851468482,1.2016298124081908,1.2837309052199122,1.150334917603039,0.9839389913812611,0.8898900718223858,0.3737299895426928,0.08278450839584783,0.06780758265160038,1.9856094801120963,1.58164603159144,3.539661241337447,1.6969545620632318,0.8949595523463908,1.031952923499558,1.5475543136243486,1.043689927205703,1.6989511315039356,1.412919155739984,0.7087551071228777
2019-09-09,0.7937420441405717,0.7202180834554139,1.2711777818882368,1.1480474047116402,0.9828981935788016,0.8898862868553326,0.39268122042982484,0.11936011293736004,0.06176915205554224,1.9688292393876925,1.5913492091248649,3.4563801349092445,1.7739949183559087,0.9407306528026299,1.0322694055717807,1.475006428469546,1.058306216419471,1.6808245967172486,1.4156216986039485,0.7138000457223014
2019-09-10,0.6471216546485594,0.6960709417766042,1.232549547306386,1.148022568399521,0.9827037083118515,0.8893180904271976,0.5049262944996882,0.17905405126969365,0.06322076771923162,1.9723322328745059,1.5769203783882517,3.402534290518369,1.7124175701748283,0.9361383403263426,1.120160617210406,1.475570238888452,1.16745544630869,1.5977137164406505,1.430459917787063,0.7876190750681608
2019-09-11,0.5667145979690534,0.6516246812992417,1.1968831016509243,1.152556404011501,0.9862464213304546,0.8858865548434773,0.420147714760475,0.13684862909596474,0.07443804638014932,1.8763542516693525,1.5029302829114206,3.369604182285827,1.69223089003245,0.939420870099047,1.1248910658192754,1.456411837606913,1.1741762275561465,1.5571060097846467,1.416030040030832,0.8028087712818777
2019-09-12,0.30200311678450004,0.6464569995241515,0.9499589513171601,1.1481997028147104,0.9786531927481696,0.8673643318171047,0.23232423324802925,0.3020071979300998,0.06275999117528665,1.7129074730023586,1.3494237292827358,3.191509795869874,1.3172721896778994,0.9101162563941957,1.0965594866801904,1.0838814129841634,1.0485486503214794,1.516675160365597,1.23901754960733,0.8162976828503361
2019-09-13,0.32630369102830953,0.5859878760606244,0.9535215635917541,1.147048604072928,0.978555458964528,0.86735225542865,0.20359082996046068,0.2854783432155006,0.057891068637722795,1.7860057108200675,1.3484262320127296,3.2055141149460495,1.350786332024588,0.8688412684470243,1.0803792289383038,1.0697836705299575,1.0490607940765024,0.7443979289824563,1.238610140688722,0.8556530697431388
2019-09-16,0.39974821345749395,0.6082307244476804,0.9191754667970442,1.1445069270831765,0.9724938671329008,0.8658036430671494,0.13175881030473197,0.19626201761488715,0.03681943898206101,1.7273546718823396,1.3000442175526798,2.88021976510864,1.330635968879906,0.8509950546756991,1.1338499737499752,1.0663647662390876,1.0626011384003118,0.8450268276901884,1.2679754193004256,0.8536945730213427
2019-09-17,0.3919666538614899,0.5314731510959319,0.8883342195050753,1.1445437906578424,0.9725895996451059,0.8642923166996052,0.1870859456421427,0.1486822988817299,0.04346197495838326,1.6893238733942635,1.2544437189627757,2.458459929278924,1.3458260484726128,0.8511358514284992,1.147095592165889,1.0500118593156114,1.0502259153252436,0.8485668040058041,1.2703263258178707,0.8826102003157429
2019-09-18,0.26045074718061906,0.45777395350077554,0.8623795573288281,1.1391888564494832,0.972347261037859,0.8638208026882301,0.05682261323243028,0.18998426952133995,0.0464987414031779,1.6949502773905427,1.253327876992425,2.4226736389665207,1.2881921741907403,0.7769130331014981,1.114424401755926,1.0448628667015456,1.019897455949101,0.7564264858073213,1.2715806568618284,0.8831046962653795
2019-09-19,0.20406734519278352,0.2754450627309432,0.8505877641581263,1.1368014971280742,0.9629907117842282,0.8622797061315494,-0.013791501770565696,0.14897474219980444,0.06273479596899424,1.7018693417464927,1.2955095217831896,2.4332832689682022,1.3018274134687025,0.7803068777801998,1.11595023159128,1.0505468804800542,1.0086743871537842,0.7567104841778385,1.3956892619069525,0.8858843452066815
2019-09-20,0.2920595223099571,0.3316583172071073,0.861167984297423,1.1367449336558044,0.9652558377975626,0.8573734856390265,-0.09499497074103784,0.12689015971451334,0.05652344226009221,1.7416366421354261,1.313122437955211,2.501743767971193,1.3120926847813161,0.8084557963358893,1.1164457692528593,1.0535919338962654,1.0420372542315366,0.7569989914301075,1.401804579495083,0.8849502777596489
2019-09-23,0.26659474591894905,0.3325762611794587,0.5859231736790768,1.1315956355705805,0.9645107143189495,0.8573976474384961,-0.03791989153470325,0.2541540883086646,0.05022216592751128,1.3336745963647252,1.0713833985548753,2.1718943157854693,1.1235802697194586,0.7466979553954266,1.0330581639929917,0.7459142982700078,0.8164699196867662,0.7057239610389732,1.1960105531879852,0.8978369488707566
2019-09-24,0.36801717983481386,0.424802314646553,0.5937348612961136,1.1378862074293064,0.9684854281126237,0.8606802060465504,-0.2454947054230015,0.15962818645003485,0.028568150762099183,1.2975039492294742,1.0723128650578164,2.1757711797551447,1.197906383080563,0.6717992249821851,0.9752380355139765,0.8356638664079697,0.8067094503922507,0.6893831086010577,1.0805032009298468,0.8815618408231499
2019-09-25,0.5226152990624771,0.4027497731123095,0.5863029961642182,1.1414909118795173,0.9644697038682619,0.8619161796368623,-0.13915804662332204,0.20881967475945507,0.02329483569313966,1.2829703876283192,1.114877343733317,2.199011990666936,1.1423381086842452,0.6698802236560891,0.9643392367822106,0.7853744527615325,0.7557060667356502,0.6906566056915671,1.1008576260380891,0.87449724023798
2019-09-26,0.5175902975472554,0.38105239241694067,0.5812077617574836,1.1283987914704292,0.9644145335269073,0.8612448990009227,-0.17948464217623067,0.16319635436497337,0.015482285102356875,1.2974086722984475,1.1130734227957388,2.2040497497326883,1.177145836096495,0.6557964067421251,0.9785224006162838,0.7999451674988415,0.8280838185866758,0.6966550970857991,1.0726214447087699,0.8728577925110528
2019-09-27,0.5277184371511272,0.4053842438083467,0.5382655529672202,1.1229293795046995,0.9614453003957446,0.8628290512420519,-0.1927403792838443,0.07239636736956767,-0.006821340102900875,1.2695551390774977,1.07870513227835,2.2222065953735743,1.099271253703669,0.6561030569931611,0.9760224521267604,0.7822585534746963,0.8254335247650316,0.6589700370450104,1.0520813519593017,0.8643334218224734
2019-09-30,0.6059614073593877,0.4423774378096347,0.5444182502945403,1.1178547238155576,0.9632452928067915,0.8622684302110708,-0.09530363245468391,0.09780412668629224,0.002803803416907343,1.3506384683231485,1.098309697531215,2.2378093884598322,1.101772575332844,0.6588509897716444,0.9544488156360845,0.8457443837362925,0.8358338179885174,0.6589262335838034,1.0590155449690661,0.8667859545690563
2019-10-01,0.7344716340527191,0.5488906983347583,0.5984305091478391,1.0231937678088086,0.9729576120360235,0.8690484776917985,-0.17624707748034468,0.067567614309621,-0.007861517089191427,1.2817076808489538,1.10434984631246,2.1780771263135095,1.1561170221850554,0.6557466646210262,0.9456074734385725,1.014952852311344,0.8395419700210565,0.6871372158590386,1.0570489085336723,0.812182146530563
2019-10-02,0.863913211003168,0.7245527223087069,0.6730851778704853,1.0421417235103079,0.9988795538356625,0.884310741365327,-0.6478421052706371,-0.07750745597526365,-0.03938065585806656,1.4048919450787147,1.1412824670605497,2.104698186235724,1.2445347837632517,0.8841723948784009,1.0197195066165912,1.1430192575289795,0.9037440258975372,0.7359488089968685,1.0037649630813572,0.6721899095127352
2019-10-03,1.087837815970861,0.8149892605817187,0.6300961847874472,1.04979406996953,1.0028415125762957,0.8853085427081275,-0.4423185318378196,-0.10081761063414685,-0.033689281985557054,1.3546049354671519,1.1000872562529511,1.8500145973614175,1.141270088660479,0.9256993816026401,1.0267138464599648,1.130812716193545,0.9158933528752866,0.7299552854226562,0.9790429963123588,0.6696748349791631
2019-10-04,1.3446339743315312,0.9653773698853212,0.7087551071228777,1.0253106279809123,1.018193648814689,0.8936902405692572,-0.06394270657666938,-0.03702180666027288,-0.015043511677697234,1.4743356296555994,1.1397256169623127,1.8443339985582499,1.236594045130261,0.9744348204819544,1.1107202731425159,1.1627132513686835,0.9923744749821835,0.7899321453866857,1.064387811960504,0.6376989316840891
2019-10-07,1.3161066731947981,0.9690674021212166,0.7138000457223014,1.0216673707278932,1.0177476634023774,0.8946489585780175,-0.242979844402693,-0.06111113952183722,-0.02969586724402861,1.4756165225351134,1.1222658066273727,1.8521166313987965,1.1081382655966077,0.9706144457027993,1.1244164174492888,1.1730800423773524,0.9626609332586431,0.759108711440271,1.0789634831244213,0.6213860880076862
2019-10-08,1.3893567911515083,1.0502691903968915,0.7876190750681608,1.0334580235597395,1.0365013981484492,0.9057990143502305,-0.3155953509320584,-0.13756279704831564,-0.05612477807813139,1.495555970650483,1.122771257972769,2.0220896169130866,1.1714200104286767,0.9766731382898257,1.0978304118200592,1.2040324586910771,0.9006945119264635,0.7581445674782679,1.050234462530492,0.4668979226249012
2019-10-09,1.198062733173187,1.0874526165382203,0.8028087712818777,1.0146688530597847,1.0439450927617715,0.9097072463363145,0.2276411541662428,-0.1256340961238217,-0.034922246292001274,1.3436928674680528,1.20085989650822,2.0705139292909474,1.1847448495080697,0.9695845447554677,1.084177960580555,1.2490337172083004,0.9697413569733218,0.7950358611419892,1.0641176597245092,0.4458243206813606
2019-10-10,1.1820118437063796,1.123019944114318,0.8162976828503361,0.8986727840753795,1.0444194696160922,0.9116854229324899,0.19905240727093448,-0.10913556712842054,-0.012306903232028906,1.3703877318279596,1.1874024118628672,2.0928427244799197,1.2240444817560072,0.9582579872397593,1.0466018221279436,1.2922179387507835,0.9629159622936898,0.78755374144833,1.0275573113773608,0.43589139507635133
2019-10-11,1.1111053886617017,1.1676225015474662,0.8556530697431388,0.9105913871414378,1.052097147577058,0.9128845126820309,0.13575498146297899,-0.05398076878464331,-0.0011302800230173235,1.3841998200238663,1.1888444824984206,2.1012917419628465,1.200564201396949,0.9527729216698915,1.0514811768587993,1.299955269941773,1.043064392693736,0.7897466837959737,1.0332004370341903,0.39466536023153675
2019-10-14,1.079012881710802,1.1583362718097547,0.8536945730213427,0.8840127462148444,1.0496907137810034,0.9126924501220389,0.19976792614310862,-0.04410886056224306,0.0062706609575182036,1.3889302327459785,1.1744533020971692,2.085911306376262,1.1896496765990823,0.946475599320523,0.97331684891429,1.240992320375825,1.0247333690259453,0.7233544261574802,0.9857234085687928,0.39845916202888465
2019-10-15,0.4791653532262415,1.1185503628537976,0.8826102003157429,0.8776108629448186,1.0569419153356634,0.91691652365755,0.7082693496526018,-0.007266946045700884,0.0186771748565382,1.3952525425192872,1.2032967933380443,2.376215330644807,1.3687194947543582,0.9428805590223381,1.069660599752436,1.244585769988103,1.0834351731479706,0.7077676099476977,0.9778857552682778,0.35332004802277883
2019-10-16,0.5849206991500997,0.8992032602813657,0.8831046962653795,0.8679719909799426,1.0532026569368746,0.9162056170168384,0.4862160037206055,-0.018285748501777888,0.004083423523265228,1.3967602185271961,1.2114714439340777,2.3902185080639984,1.353944264939902,0.9428427489722588,1.0711506635322958,1.2862156044302797,1.13981554161947,0.7020070928268548,0.9995297007043015,0.34646487711872087
2019-10-17,0.578759955094432,0.8844100741057751,0.8858843452066815,0.8606662790334322,1.0521325573035873,0.916457970957864,0.4099270387331379,-0.003205932002494638,0.0011669791452113998,1.3736984092151305,1.143276578629531,2.3411357549835903,1.3557881874086943,0.9437292670096076,1.0630686317809883,1.2840265919406608,1.1418315089891444,0.7033916420895163,0.8792722680821913,0.345394114674203
2019-10-18,0.5547080103173222,0.8279893195026958,0.8849502777596489,0.8643207397485542,1.0518369965842678,0.9174370918093728,0.11504582211982602,-0.001470570569427343,0.0018327817537018732,1.3079398850913302,1.1722923506701521,2.3141687664562536,1.3509160079150484,0.9998306422015922,1.0776540794994396,1.2886362904328659,1.817843968159364,0.7192579326718264,0.8977990891137526,0.335429059675564
2019-10-21,0.5856097232054647,0.8193633142724198,0.8978369488707566,0.7566011775143505,1.0519229654611715,0.9165726520621201,0.2729142992229729,0.03359968712717598,0.0019650926846588755,1.3405841550197306,1.1853907347794022,2.3703500420398567,1.4495785235872172,1.0249597641553858,1.1113963162831082,1.3613036913277659,1.8193789330265995,0.7178760884670533,0.9016243195758683,0.31955598186793877
2019-10-22,0.46644172369676346,0.5782288854669125,0.8815618408231499,0.7436937126606643,1.052517277729828,0.9168833178800437,0.0095652559064054,0.05649804428665084,-0.00044474843782692876,1.33239122869606,1.1987185524362594,2.335581051791516,1.41132257786478,1.034681670448514,1.2668403984147207,1.3431996392679963,1.8343984568716452,0.7065217775901377,0.9767447659728452,0.3002066252569575
2019-10-23,0.46896783581098556,0.5396898796087748,0.87449724023798,0.7397414742016316,1.0526789692230705,0.9130703338499206,0.09988232717076624,0.04147434494674418,0.008496520227001876,1.324989245664249,1.1596537587046787,2.2576171894216186,1.4105525744815535,1.0861442884188794,1.2709811564268831,1.3623617144335483,1.8373817537207142,0.7086240866591789,0.9797447209848018,0.32648360854648517
2019-10-24,0.4588698842574193,0.5233374479687434,0.8728577925110528,0.7338056113698852,1.0428278206910175,0.9122502727040959,0.07357000531737175,0.06005772987090596,0.029453433473079278,1.306496891953537,1.2459243926971562,2.247481787166288,1.3877342094986889,1.0830489339310807,1.2910824545496562,1.372306249957965,1.8478270930599139,0.7096725165031158,0.9426012847058601,0.3352350476923294
2019-10-25,0.3708476845111479,0.4499212854426671,0.8643334218224734,0.7109318807856644,1.0371783049350358,0.8992828139754807,0.24302479004739713,0.10747072176338301,0.05079237283962032,1.2931788394957053,1.211267572150081,2.1894705367724434,1.3901960912965479,1.140560354420014,1.3222048316099542,1.3608210318921776,1.8539668490731616,0.7095853671191903,0.9210550885809827,0.33056500926098803
2019-10-28,0.3395345746349601,0.45213650933929156,0.8667859545690563,0.7144770920277268,1.0338078879976245,0.9003249700196938,0.2201624023608308,0.11246619583105466,0.07273454621297856,1.2309069860754693,1.3092277586305519,2.187529763013158,1.386757714546299,1.140238690655467,1.3224977019481305,1.3489582948853187,1.854670211869269,0.7091210691144412,0.9219785538458701,0.3473216583365517
2019-10-29,0.22739423064832628,0.37407112030343376,0.812182146530563,0.7060775156252515,0.9516500487320325,0.8997551350665055,0.279571742092344,0.170452749179823,0.12236249261175167,1.386366171512045,1.2831110272790125,2.2653234518875114,1.2904308910857574,1.1359660333992014,1.3187137482100106,1.2453379921319467,1.851486732321663,0.7973141010614146,0.9305247119922893,0.3445159531053744
2019-10-30,0.22769969982445298,0.36066000300034995,0.6721899095127352,0.6874170949673353,0.9370741852140275,0.8991216575419515,0.282714274681455,0.2741134399347672,0.10410246292122576,1.2113274009530168,1.2134254353779568,2.2505790498560025,1.1798080707057756,0.9553743086697273,1.2239627082450062,1.117545135861604,1.9330545160593682,0.7413877497989789,0.9276619121608777,0.34865319345161
2019-10-31,0.33825145740321266,0.38555174374988704,0.6696748349791631,0.6620167832332204,0.9382800050397382,0.8680078269624097,0.19677527715580528,0.21983118211931219,0.09867929236690866,1.2703217654825092,1.2255806170618488,2.0797135604636594,1.200917510534927,0.9231735620038486,1.226762891668969,1.0829920498883454,1.9328500300134164,0.7621681862673212,0.9098330749233728,0.3564513322167141
2019-11-01,0.47204855924452355,0.40132964199478177,0.6376989316840891,0.6760662267985643,0.9125949947025189,0.8681867570495762,0.3001490207188186,0.19849365358725501,0.08141878510760996,1.2735193271346434,1.198503425682674,2.0799717054663938,1.2111829129784544,0.9019943419782542,1.1664105754264615,1.2385479522967242,1.888730101747401,0.6739547933748402,0.963715841238479,0.3807154625834134
2019-11-04,0.4546954243660859,0.37915043075200267,0.6213860880076862,0.6779420900084969,0.9079540239679396,0.867441249928413,0.2677809575966951,0.2401563963309017,0.09946845658214147,1.2660647983975744,1.1805603547426533,2.206587603869659,1.1983921623901637,0.915234598184741,1.4464549940467282,1.3512046365599213,1.893528163312953,0.6495146199071442,0.9595124274224216,0.4089342402120883
2019-11-05,0.4691464253966394,0.3478798434328429,0.4668979226249012,0.6784544896251076,0.8918487164389715,0.8640436663447657,0.25158995642103904,0.31224907601809737,0.11791344341315843,1.2082623109909225,1.1419756685902045,1.9539270457572506,1.002905958525819,0.9548596570799327,1.4063237704890827,1.296953394473505,1.8821989437970257,0.6909881874303503,0.8920692409079007,0.4271511456906162
2019-11-06,0.477910712900287,0.3559500096279927,0.4458243206813606,0.6709156775829525,0.8717057379976525,0.8615637401043681,0.19480415474638652,0.26590419007980315,0.09237290768398203,1.2109334338071547,1.0863415247636294,1.9754845470387834,1.0109998720066027,0.9646927817805162,1.4192732661079426,1.4152133393146893,1.8270203857069138,0.6526655093919751,0.8840453669580975,0.4276316542723546
2019-11-07,0.40286107115162184,0.35650012129487196,0.43589139507635133,0.670972067451798,0.7748154525538541,0.8592848979154856,0.31840860155338396,0.24967023068992455,0.1475139538305346,1.2056768499324808,1.0821053981453208,1.9724508708092328,0.9976222500445328,0.9833917524155146,1.4246879090845221,1.4605554967172851,1.827330312098165,0.6544445790558978,0.9240820703875049,0.4633426311835506
2019-11-08,0.21923389518237624,0.3524847185110656,0.39466536023153675,0.6711622292278736,0.7747739528139479,0.8560956738091494,0.18244444353039418,0.21016601910410881,0.1472211978449887,1.1076937557231439,1.1037701060797005,1.9697684298813498,0.9698217724793184,0.9750292706742534,1.4167714264076594,1.532428296297963,1.8047032093541957,0.6604471702998211,1.2278923146029044,0.47145063940125637
2019-11-11,0.230923584943578,0.3565600750239094,0.39845916202888465,0.6696766813549407,0.755993113496345,0.8557261714643409,0.06389740277295237,0.2061887654883626,0.11944730751366887,1.0985894656053667,1.101657788964744,1.970634962391618,0.9901848191187678,0.9840884891855398,1.4048466294962518,1.5427414436421227,1.8107536361131573,0.6335890850462884,1.2510122773992016,0.469374298638514
2019-11-12,0.21434043532606864,0.34995794163659294,0.35332004802277883,0.6694307216040093,0.7425780960558717,0.8474299767792048,0.12818122817567684,0.16722704564886615,0.10288079949496502,1.0937090108380971,1.0696064659032425,1.6315581084369513,0.8341837361249516,0.9763997832450562,1.288464683939033,1.5792398258189861,1.7762076220536622,0.6297948165744792,1.2722299261279015,0.4706926263790638
2019-11-13,0.21320060607568037,0.35053595194630893,0.34646487711872087,0.6694659687543949,0.7338410259174631,0.8473467621324794,0.13010024228798728,0.1768752497216486,0.11619125691373686,1.072852704545238,1.0427373232417023,1.6088943335136188,0.8478639745216896,1.033933684202565,1.3086913283687749,1.5383157487308832,1.7253060408485261,0.7211073344543097,2.014712736975901,0.5010982239939828
2019-11-14,0.17638968358204532,0.31716668685785676,0.345394114674203,0.6693975601968692,0.7281271540286095,0.8421850669412254,0.08887785173794756,0.16940793394112696,0.10505891471281223,1.111953251690577,1.0285727492086827,1.6076518208089605,0.8484565327601858,1.0296823736574732,1.3086004432958653,1.5423604608972608,1.7131159962131082,0.721670734557982,2.0465600092991845,0.5013197844054186
2019-11-15,0.3379989819200833,0.2685838846467455,0.335429059675564,0.6706580929638325,0.7322437765448275,0.8411525809420844,0.18428591294740632,0.22747604181100387,0.11763187698536327,1.1200949804879163,0.9442946279886678,1.6693155861786049,0.8518413960102994,0.9245289998781123,1.3024423846790085,1.5406948369416948,1.1553744563021071,0.7865928613800934,2.0746291598762245,0.49908111261826815
2019-11-18,0.2803440837303002,0.2587969944306634,0.31955598186793877,0.6703268955701239,0.6418139004625673,0.8410170669924338,0.23722821881442718,0.1972672453862262,0.16167367360735557,1.0883150648099515,0.9425140191916156,1.7685704745195823,0.7033532960632638,0.9235297287153953,1.2911104168666372,1.5197476819360924,1.1582392901718745,0.8220556630167645,2.087746942607798,0.4994869907053317
2019-11-19,0.30536506652695883,0.2507977375254665,0.3002066252569575,0.6547760389311079,0.6301327493864318,0.8304327477850777,0.18929411404408308,0.21215926018328557,0.14276183030665704,1.091239746121334,0.8359670663858574,1.8469808697905958,0.6852078216004014,0.9137257080230617,1.1549101962500645,1.5341452506057376,1.1491441313779966,0.824562297699654,2.074714954773883,0.4989947214453279
2019-11-20,0.39704078194476555,0.3006576246396396,0.32648360854648517,0.6552467641916832,0.6298427850895922,0.8309418337264477,0.10845268859554853,0.17901784007784416,0.14310395326134775,1.1375253606636266,0.8482029624563865,1.8605359822370362,0.7176552163103174,0.8443107015522042,1.1563918768659458,1.5192275749285964,1.1552130758290773,0.8362727087382755,2.075427466375496,0.4887418524480715
2019-11-21,0.41320130522880966,0.30032313555658835,0.3352350476923294,0.6546984429950412,0.6266746645629336,0.8094418955201473,0.04715823866682252,0.16280499227848966,0.12868635883812296,1.1528477092184088,0.7767513451629882,1.8668510796581523,0.7152602600966703,0.8478933595262635,1.1523453664684034,1.598814235174258,1.046210943667141,0.8459019129655414,2.05990453029903,0.48629129339346894
2019-11-22,0.2268232889523314,0.2988187584875371,0.33056500926098803,0.6463249830147374,0.6084367361612324,0.8064165659881729,-0.053087538858511515,0.15344795958452673,0.11110501623915911,1.1396299802459433,0.7773779923101816,1.6690063525575964,0.7097642726182227,0.7801198135751104,1.125196851726242,1.6030970432037563,1.0613205356541071,0.8518125753485771,2.060891918478807,0.48630840019250243
2019-11-25,0.44075416291081815,0.35710752650258304,0.3473216583365517,0.6522864682078341,0.61405657358371,0.8072248341288367,0.08715634304824045,0.1640157305580786,0.12476201769180847,1.1751094342450565,0.6254980162332012,1.9693979461417916,0.7128043384008046,0.7828725832920093,1.1251444146898146,1.5969544614270557,1.06164062495978,0.8554236740598016,2.050049501225476,0.46755071366665196
2019-11-26,0.43874283940270115,0.35738059664265875,0.3445159531053744,0.6157900252515187,0.607062626792899,0.8029743774239227,0.13824274469383518,0.17682701083365837,0.1382824581077008,1.033179849676552,0.559951620975234,1.9713583385716913,0.7103783627642319,0.8321749701168135,1.1781739558162918,1.596419951080672,1.0609268216507455,0.7533369783504759,2.022268104859646,0.47513953868861025
2019-11-27,0.34302265791368736,0.36433278979838096,0.34865319345161,0.5305094221327646,0.594269064419975,0.8029236944397008,0.30176252282290833,0.1837799021132075,0.12679529535757034,1.0466679281622293,0.5172760807028034,1.9709273070091322,0.6876241966934421,0.8022850828467146,1.1496348651487263,1.574186393614364,0.8780169360758107,0.739672374193621,2.0264599050469423,0.47213595998731767
2019-11-29,0.4183899826021944,0.40772422886049253,0.3564513322167141,0.5299239210287203,0.577772436279177,0.8039401565003221,0.2597700318113529,0.17855368094237656,0.09918908414251394,0.9716546899828622,0.4916490537175626,1.9614923748846842,0.6650967399384051,0.7753285222071646,1.1512240119495918,1.5874299147364368,0.862369393069097,0.7202774132658305,2.029470032874303,0.48401496756605206
2019-12-02,0.651809749954815,0.4630175896959321,0.3807154625834134,0.5213077533849748,0.5906127675089837,0.8080905105965116,0.045398149688069725,0.0897602418268395,0.08374402958460718,0.8412632588891399,0.5952799600246204,2.1388309176533067,0.46891508436124774,0.7591784170974838,1.1550722034805168,1.4379320805737126,0.8416433972596313,0.718580596740891,2.0258344736103147,0.4254971653563382
2019-12-03,0.5616721436172272,0.5069158905718912,0.4089342402120883,0.529388731040454,0.5985849065678578,0.8103435697704725,-0.2437298397237207,0.036138031227974654,0.07172776267901301,0.9394957489015306,0.59467730787275,1.9588386826197517,0.5414912076937793,0.6797994154328161,0.7207711048582082,1.2614710322085767,0.8142833359917319,0.7300900735546026,2.0726073766803386,0.40623653363210116
2019-12-04,0.6616428060017683,0.5529651024123373,0.4271511456906162,0.4580698331195699,0.6025560450103435,0.8117264447810473,-0.16564388741020047,0.07251854987584849,0.08240160961521005,0.9558498442510625,0.5931104839834312,1.9665659508999476,0.6930288540280201,0.6095157382862928,0.7586169608824789,1.1968183353430848,0.8648837001340663,0.6871739201900944,2.0435992167130914,0.45700034199636413
2019-12-05,0.6087850604274099,0.5406457127083933,0.4276316542723546,0.4413022834586564,0.5970391750815969,0.8117785890889169,-0.2188313324856626,0.08037103030519521,0.07354704142039219,1.0026330994693922,0.5835972191542067,1.9555006400211783,0.6993103414582102,0.6033151729054484,0.72461694719436,1.10697332485153,0.8664813249791266,0.6828404961627171,2.0542425661901342,0.45878820428116834
2019-12-06,0.7764428825973245,0.5994990200964267,0.4633426311835506,0.44974300430726877,0.6058531339732097,0.8105225579066041,0.03801632522897132,0.1084556118612734,0.08299675847425911,1.0560713582412158,0.6239838240533063,1.9871268769019566,0.7571401242916652,0.5427353926445074,0.7134021895207193,1.0556632232874672,0.8680194550843039,0.7025876894137907,2.0500148421724553,0.43955208620444725
2019-12-09,0.6501523962929736,0.6159933343518706,0.47145063940125637,0.43414758408501547,0.6077328039516896,0.8111662017819067,0.1450249282705564,0.08040536301188006,0.07886353777711516,1.116057664236503,0.596205464395848,1.9853162719823816,0.770794344440655,0.5716375240179983,0.717121166051803,0.9774341142461981,0.8476292133052655,0.6906190674281488,1.9292337826718604,0.43334294848214117
2019-12-10,0.5071327081205146,0.5693169652800504,0.469374298638514,0.4341492602992722,0.6061309410354171,0.8071989927436803,0.256853635974912,0.08437708952846457,0.08215233148486134,1.110579478303404,0.601105720808449,1.991953268550871,0.7618985275716204,0.5594586309851004,0.7246866831464509,0.9863268560174748,0.8250667269311871,0.6873435625015678,1.9113178776477153,0.44022663570371195
2019-12-11,0.46839308814143954,0.5720592952220958,0.4706926263790638,0.4127477195649661,0.6062905508170366,0.8072346702801227,0.19022877759218088,0.0880304372299745,0.08266351227771324,1.1209520327183167,0.5928060079029681,2.013914221153956,0.7474660262297377,0.5486503023955668,0.7224912167364274,0.9387194353240568,0.8061473088808756,0.688040821322889,1.9037460487253242,0.45490505745249094
2019-12-12,0.5557842449248409,0.6202096664596487,0.5010982239939828,0.42589408965170666,0.6145649035553518,0.8103293884638976,0.32665148722721654,0.12950884154000253,0.09603278091995772,1.1059038553736134,0.6219059159407719,2.1062989758619253,0.9359224897008702,0.4846731632516237,0.6904910840806668,1.0212739987408246,0.7998707973988272,0.6051264555161768,0.9603613599962576,0.4431233700437643
2019-12-13,0.45187979749328056,0.6021265665798987,0.5013197844054186,0.4255095249822515,0.6144364616060722,0.8045230805287582,0.15595192521004514,0.1252241302292978,0.09714204405597668,1.1200777966036901,0.6344714304439626,2.1077340941782583,0.9749471508159169,0.4874690252843178,0.6979155734469586,1.083749869112505,0.7908014911907137,0.6109155617318941,0.9330024632865407,0.44899489273378185
2019-12-16,0.41139425808543917,0.5248597741872258,0.49908111261826815,0.42301209375992954,0.6144517398559655,0.8062503244618542,0.35623718840158264,0.12339318187542414,0.11646621770566686,1.149184036567419,0.5930350424972901,1.9840871413778143,0.9704186793900519,0.4888284511933413,0.6974697277610645,1.0888227516978224,0.4956480515381229,0.5018303929243868,0.8940582688086105,0.4333052816738145
2019-12-17,0.37629755069948373,0.4262064485280295,0.4994869907053317,0.41568397470185847,0.6143044800984797,0.8058925604482274,0.38292299731157015,0.1208007841527503,0.1172225722220508,1.147873062213355,0.6155038428924547,1.8257578594802266,0.9649841190827732,0.47714871651012414,0.6682996939871578,1.069140705030931,0.5319431241487013,0.4531199429633226,0.784491086652875,0.45694914431854333
2019-12-18,0.4132371053333023,0.4226459368172697,0.4989947214453279,0.408987557371046,0.6030052072951627,0.8049442725224847,0.32739776855100117,0.12255635085670402,0.1304045517755468,1.1463317337299348,0.6204605725515113,1.7357816319867014,0.9663326705956137,0.537430428255238,0.7099020565551956,1.037037260091506,0.5436116344913015,0.5261123801360253,0.8089518746644828,0.4552210708354052
2019-12-19,0.30136503757538396,0.42412831546016583,0.4887418524480715,0.4103394795741443,0.6011050840969153,0.8019158976155186,0.23699569955512273,0.16164459427989608,0.1273789264348281,1.097920609062072,0.635452125496324,1.78408618887921,0.9550898176436033,0.5557779378615307,0.7106945381294425,1.052985544267863,0.5946851018462158,0.5037028512624598,0.7784594027217969,0.4617053632127329
2019-12-20,0.29318270243958916,0.36848392139367,0.48629129339346894,0.4125178833791322,0.6007817833421621,0.8024253397101418,0.3126909559095116,0.19160730953997007,0.13815667722978855,1.0903794076819118,0.6612238833900853,1.7825868983112936,0.958696105550492,0.5823801508762799,0.5878059162045589,0.9202457717926956,0.595257227640768,0.48781574173806286,0.7861693184209188,0.45923510767601655
2019-12-23,0.20748615428079528,0.31723190586039285,0.48630840019250243,0.4108040627579443,0.5941732019897855,0.7996980065636539,0.2058486520741722,0.18812722960859507,0.1496819703188349,1.12315935650682,0.6625245159509258,1.7926669695439472,0.9565973558665134,0.5868899249509195,0.5994136080375896,0.9196252262124587,0.5635732438818585,0.5368789053989943,0.8255629696862629,0.45936244457787373
2019-12-24,0.2117794417089149,0.3032334563894097,0.46755071366665196,0.40659881862201,0.5930215347389406,0.7995416595644803,0.2020879926327847,0.14953369654888637,0.1420052076460065,1.079453511185283,0.6345250065793299,1.4915640462998743,0.9541976848283359,0.5995917333510601,0.5995926313326999,0.9099785473603235,0.580640136234863,0.5359775576257432,0.798957423206065,0.5155190361997352
2019-12-26,0.2206545353284206,0.31248512982967364,0.47513953868861025,0.4096893400563199,0.5686607466934751,0.7985691223174737,0.3073050779294874,0.16482193416561708,0.17070056472636613,1.106249523084124,0.6456529398298313,1.3914564792790505,0.9716323833216004,0.5499398833510694,0.5220759578925998,0.9067340348966104,0.5825670781193792,0.5343729198621805,0.733468110135845,0.6328086780075173
2019-12-27,0.2533220891136814,0.2626071137821309,0.47213595998731767,0.4102220842684865,0.5094685768464087,0.798617605760325,0.22037524158419658,0.14129777397021814,0.19973037200606425,1.091856207709343,0.6456718143493752,1.4290261709365093,0.9726949147246758,0.5591809949459492,0.5214394277633239,0.911617944067775,0.5873905260035571,0.5260846652719811,0.7347521490082929,0.6737884172156066
2019-12-30,0.3901219154604566,0.35950959950772793,0.48401496756605206,0.4202151770005828,0.5119388594995636,0.7998363210606242,0.022436208823710845,0.13227385379305956,0.17688623895158273,1.0826316396462026,0.6643334534548183,1.5039789255388716,0.976901051081508,0.5542722148754553,0.6146536064664787,0.9002616274287117,0.5930615550171037,0.5255628769050673,0.7793536717339211,0.6592471626393411
2019-12-31,0.3996147526135537,0.31257986833338264,0.4254971653563382,0.4015417639762721,0.4882171435311728,0.7998512193484753,0.040457300562264556,0.18689201732714378,0.1583819709137461,1.0162969525070353,0.5770668610019835,1.217403627486411,0.9722665280588749,0.5425528906563115,0.6087979971693002,0.900375977261045,0.5869116781599033,0.536514471384032,0.7944352929555721,0.6605105148413593
2020-01-02,0.5621778909531218,0.4007096607140279,0.40623653363210116,0.4189938615202797,0.4920966736155203,0.8030090501256172,0.22687539005818785,0.2671850039943635,0.1811598105177466,0.9310855019041938,0.6669546933399022,1.2099235514833033,0.917047964648566,0.5712355676455534,0.6721044459794852,0.9341336785894192,0.5802203469919114,0.5226774413689385,0.9408375820921554,0.7552598477130852
2020-01-03,0.6720714094558506,0.5041665909209119,0.45700034199636413,0.44125375436342323,0.4538334362772059,0.8065946041612572,-0.031033184246953383,0.19847460995642885,0.19441407861679152,1.0054133499803541,0.7582657955141643,1.3167330401974335,0.9196656947642781,0.5565637597116331,0.6187307652652252,0.9350303279709086,0.5836246488937259,0.5615975130346814,0.9757305598158917,0.7553811123188424
2020-01-06,0.6971091623423064,0.5025407317078129,0.45878820428116834,0.4425471712567474,0.4436202008009438,0.8062822322184214,0.05020870784647764,0.20855778405325323,0.1849443348127505,0.9876149012298477,0.7563168944851472,1.2993535555171405,0.920025195850955,0.5544332943286041,0.6197519900821146,0.9385423357337082,0.5874133776444499,0.5535935108972585,0.9761340092562629,0.8235604755419752
2020-01-07,0.6475349236996508,0.5058235629035146,0.43955208620444725,0.4462452339610416,0.44286400954138033,0.8039581740746219,0.10424316638275162,0.14883056408150463,0.1689854688775675,0.9645258564436708,0.7700304080475976,1.2854440267484417,0.9650963077547785,0.575291770189704,0.6290272376748764,0.9004129489911386,0.5883202223070705,0.5361028746475855,0.9753817244320266,0.8519461852284078
2020-01-08,0.6754475473752947,0.527127068128212,0.43334294848214117,0.4504622399097635,0.4307447617346348,0.8046039637460761,0.16224589532259265,0.19119725909015284,0.16058954706871387,0.8852201419159235,0.8226254722619178,1.2813214366843457,0.9690476974853538,0.557139591851502,0.6231399572524886,0.9648800049367208,0.5894278362975428,0.5359414681943961,0.950743602631766,0.848522779164159
2020-01-09,0.6083453647779621,0.5555959691394342,0.44022663570371195,0.45523060633659695,0.4343387352773116,0.804300423067282,0.11082424164066591,0.230677655410802,0.1737478368092097,0.9448247797168849,0.8429605577695944,1.2846877464834123,0.9703235289172507,0.6686967620965947,0.6694033221527688,0.9593584840387045,0.577063544994111,0.5957578398491205,0.954805558679656,0.851929671198917
2020-01-10,0.4587136267659094,0.5565097163399308,0.45490505745249094,0.46052976773254334,0.424859604829939,0.8049069161305296,0.20470811147522489,0.20209444342718985,0.15245064210201012,0.9505538638413991,0.8624408514825579,1.2662371875666616,1.0004436541289308,0.668826445499675,0.665543781392364,0.9816698164667855,0.5708575362505762,0.619667736224893,0.9237367535744525,0.8592955436871721
2020-01-13,0.5062122531490326,0.5854935894306595,0.4431233700437643,0.4680154578572761,0.42836690573609515,0.8047315992521579,0.26596465473122793,0.19338607592925605,0.16659005573030236,0.9973399625565316,0.8714424519013202,1.270251856686412,0.7861892358091874,0.6997338166433047,0.6866578663054319,0.894400489252364,0.5742624308406706,0.5974532490865582,0.9278293534429084,0.8496642098722633
2020-01-14,0.4736617290559286,0.5439039291967057,0.44899489273378185,0.47063936470019624,0.4299855464250947,0.804237534643459,0.29170592410138213,0.18276906380433888,0.15913370932492119,1.0942033552252268,0.8912031189121853,1.3793354796319082,0.79820608269725,0.7009436632038001,0.6667701201671928,0.8420563411144864,0.5805281565527424,0.589018839912229,0.9529003640135354,0.8551863633590567
2020-01-15,0.4540699882304407,0.5437749407362477,0.4333052816738145,0.4616877563513268,0.42284828198516644,0.8026998778574279,0.23031909617819996,0.15971773603430717,0.17019565324024502,1.0892394603768407,0.8912157698946329,1.4049986573397208,0.871418514758228,0.741815703746136,0.7067148541908704,0.800745220415526,0.5810535751034611,0.5966056726580233,0.8958582317020691,0.856936407397161
2020-01-16,0.4953016768637529,0.528946748093326,0.45694914431854333,0.47422187046010156,0.42643160648422845,0.8038243439553724,0.2610648820320562,0.2002131265909235,0.17276038537663332,1.0972856756840417,0.9380030868226377,1.4040932687595464,0.8647366645079533,0.7401997157815263,0.7049770357628325,0.7991658681414526,0.5459188416300301,0.5912215207483654,0.9045832931548411,0.8412888626076918
2020-01-17,0.3907682778219448,0.41231793599489114,0.4552210708354052,0.4737881356575319,0.4216938096505029,0.8036961117498641,0.38087004806442354,0.21546251330554544,0.18339270811517833,1.084791161904935,0.9291217358323404,1.4055001056959375,0.8778589890683525,0.6885780577179733,0.6596996068372194,0.7981924312720671,0.5472395469063599,0.5658677205871252,0.8861482585516776,0.8435052826149602
2020-01-21,0.4162380867294522,0.43812341749057626,0.4617053632127329,0.46943245371240927,0.42426336671171594,0.8035337603639721,0.20416109414466382,0.18517742457664133,0.17527995297812715,1.1193189472432885,0.93714414522531,1.323108382987947,0.8999725228860496,0.6799318602224173,0.6464125423873022,0.8433399645628448,0.4536196306079168,0.5846610468454252,0.8923933890309546,0.845580655482562
2020-01-22,0.3864402126283896,0.4085518134618959,0.45923510767601655,0.4670651516078665,0.42478477888868926,0.7961254463046894,0.23706025633921007,0.1638613889117635,0.1727578969100744,1.104354553331695,0.9366830902104328,1.2908482280939193,0.9002195858162093,0.6551832893172267,0.6432329162299901,0.8198755169312509,0.480327850455321,0.5963015632259248,0.8869263257073904,0.8533729421834381
2020-01-23,0.3904222359604848,0.39931026545385817,0.45936244457787373,0.46711152192226035,0.4237032518192017,0.7910824670230178,0.21480282477588836,0.1619562792097362,0.16784382280095264,1.0801859100054407,0.9377650271317384,1.3002049996400356,0.9005594083343159,0.6507238372625946,0.6465402011433596,0.8080144902181751,0.47914752361534435,0.5605131116829205,0.8683086718541608,0.889076476511903
2020-01-24,0.46251152738527757,0.49645158291205904,0.5155190361997352,0.48604304358758754,0.44183285925269605,0.7924289948242806,-0.1294296307641039,0.11733372074170134,0.1436277159495554,1.0927912318444737,0.9801154639435445,1.3271223258548024,1.0558319246829548,0.6458166348558395,0.6448041829215425,0.8130623426614368,0.47177690319751775,0.5969632769709353,0.9139400271878023,1.148897590001825
2020-01-27,0.7245412173647005,0.7230208971957801,0.6328086780075173,0.5578303847323317,0.4956911087809049,0.7555410920907261,-0.5122578642946338,0.010571777749515121,0.11740690758293018,1.294290226927426,1.05816859767532,1.6463118396661829,1.0285606934171403,0.6557061313525586,0.651244168735043,0.9327055315250171,0.4725534784720238,0.6862676568212558,1.100131698049782,1.2841194859636496
2020-01-28,1.0154439968061812,0.7720337586591236,0.6737884172156066,0.5755842943962295,0.5095321487442361,0.7511664983607089,-0.2635150752753244,0.06420484536176108,0.12976084048172887,1.4057599509588041,1.135657849993746,1.7748753881186352,1.1243824329251935,0.6883921759391366,0.6358808631356643,0.93441516942893,0.47938158341259995,0.7076168685578474,1.19994698214049,1.2525149348043259
2020-01-29,1.0098880781381736,0.7711153576820162,0.6592471626393411,0.5712916337394596,0.5076603895243477,0.7513695639695334,-0.28245112196545225,0.08763955621447272,0.1328223636499696,1.4519481418302633,1.144766419547247,1.7262691033845665,1.1230670327369183,0.6858889884126205,0.5885388587535013,0.938881911402373,0.48378601449836756,0.7158839542924436,1.2169253616654974,1.5718345644802276
2020-01-30,1.034576584313604,0.775265291631953,0.6605105148413593,0.5505170655109042,0.4975595482119814,0.7321814000694871,-0.24048325105470375,0.09172114130549414,0.12279113348649245,1.459236547645458,1.2704995464507332,1.7106587234828359,1.1546236668810994,0.9730815875790529,0.6035635586521171,0.977830946870527,0.485411827332028,0.7300742906688346,1.2519251571994043,1.5612131537664735
2020-01-31,1.2420030459380405,0.8972488623389961,0.7552598477130852,0.6192062023856426,0.5554756307071571,0.7495021669915128,-0.4257711718163691,-0.045827919726937894,0.0858317051651334,1.7679273261857664,1.2969990998757281,1.8827042034445363,1.2397734391795734,0.9803244957886957,0.5890498039137773,1.1864445464212658,0.5487737166857974,0.8210160828818439,1.090907461971589,1.8625692211880054
2020-02-03,1.1235919806598247,0.9381737067627818,0.7553811123188424,0.6221584858922832,0.5612579764901792,0.7420358109778454,0.04338715832164404,0.029176863391664476,0.10005667440798058,1.7511025963167384,1.3273381928626156,1.8825701699728807,1.2352767160042997,0.9596697236226053,0.5650918246545742,1.2382927046739913,0.48839908801128856,0.8045779880086509,1.208155139928885,1.941051455692237
2020-02-04,1.2437711482712583,1.0912099722999755,0.8235604755419752,0.6609139424881315,0.5904602283330074,0.7415316111988557,0.13861928691490738,0.08630749012886851,0.12507876816243896,1.880771578213504,1.4663335341967385,1.9784199354988743,1.2871044149081836,0.9555288291602411,0.5692333420376716,1.1917301969623686,0.5094611944870687,0.8365104750645623,1.3338867762667657,2.158485627257714
2020-02-05,1.3100923042863262,1.1576946197738156,0.8519461852284078,0.6691404554201559,0.6046187546050038,0.6920358675815828,0.38611402502193987,0.1581072708742698,0.13846448227234925,1.8741018741482904,1.4327496313352193,1.9860050772134823,1.2891180485446148,0.9217214763133905,0.5637082893428155,1.7008750874399008,0.5850863117564826,0.8709640554523846,1.4291622462764793,2.2381312400693796
2020-02-06,1.3099631516449775,1.1611511030132708,0.848522779164159,0.6653739844837314,0.6050022785511789,0.6921736830309834,0.38849633091909713,0.14828375020462026,0.13996212410221767,1.861606308847713,1.4528552996694986,2.0025438541592684,1.2782573009888716,0.9211022795903616,0.5618098904487014,1.6966962810433652,0.5965750647891489,0.8730079441230433,1.4492841661101397,2.2453560609434957
2020-02-07,0.7945333598566091,1.1334371340273734,0.851929671198917,0.6732322889849723,0.6097653644433221,0.6839308532654451,0.6450599683643923,0.08773101195399369,0.13426191896442005,1.8515565921474755,1.4518574920379361,2.0149269934188068,1.2780422467118866,0.8594978223968209,0.5687299629510976,1.6684083096766094,0.6693094854577003,0.839953488838103,1.4685866301793216,2.7700740614918256
2020-02-10,0.7946468497807514,0.9708474592634497,0.8592955436871721,0.6793750722012601,0.6148063953994737,0.6791237859663752,0.6457866546516169,0.13944649918576246,0.14319045994764223,1.8526221973914219,1.491132970934222,2.235671476389452,1.2590618321738902,0.8701118155852299,0.5688142442379962,1.6702623371494396,0.6635879973642391,0.8508067913372401,1.4943199013569686,3.070690491152193
2020-02-11,0.6349678871933805,0.9393287290409797,0.8496642098722633,0.670073139367971,0.6146450220296201,0.674182971153829,0.375636250578162,0.11372538909060204,0.14554010218662017,1.8029979394055995,1.6353340674368537,2.1709826173181117,1.2467414044859633,0.8644063736516787,0.6661170390930417,1.6700660928736824,0.6624343868719899,0.8466945723552707,1.5096792570627975,3.200232233227289
2020-02-12,0.5063542387241492,0.9382395591060682,0.8551863633590567,0.6743352696356297,0.618007846475131,0.6729184423613199,0.2735167086289138,0.1535599670061527,0.15385105367992977,1.840663509856929,1.6098360955123736,2.128366796660207,1.218066728177511,0.8668441986295068,0.6777638387941349,1.7189236840576678,0.6804873101404211,0.849444419080755,1.500064746355896,3.707273456565573
2020-02-13,0.5307719458655785,0.9483622680733396,0.856936407397161,0.6703418450944574,0.6143180500661871,0.6731059140504293,0.18489902759256677,0.13692873305821196,0.14001321698931438,1.8472859562254405,1.6323584976747407,2.127015223369188,1.1678546161201506,0.8377075130932083,0.6955407463276987,1.716801801238339,0.7028308772489149,0.8828261396885376,1.5012493225914432,4.326835369583776
2020-02-14,0.359190655441759,0.6054993507323,0.8412888626076918,0.6700296939834309,0.6142613804942283,0.6256260813923734,0.32352587928002013,0.10334626126598467,0.14145339066988613,1.8322396728399772,1.6085790832650968,2.575036843262367,1.1675394216646227,0.8405916157754377,0.7273932430621831,1.7165532433460406,0.6831166565766096,0.8794263683121397,1.5043529569284224,4.847524306061896
2020-02-18,0.3439769357631548,0.63972445297288,0.8435052826149602,0.6727936146385511,0.6160445547407117,0.6205100873873267,0.12268383922461563,0.07489994697581048,0.1376396037126866,1.8713440708456996,1.6117848759610256,2.592583802399829,1.1926882883422205,0.8683204741370664,0.7609431128950179,1.7235468743206988,0.686800668958567,0.9045866530948984,1.5022164082566287,5.087890033950512
2020-02-19,0.3802850729636177,0.503693196416977,0.845580655482562,0.6735676213603354,0.6138990120810335,0.6193187737956136,0.1836386390225055,0.10859477531006245,0.15180559805553326,1.8891588439231939,1.5981989349516346,2.814977659132018,1.2150486947577859,0.8683141412180865,0.7664631796259116,1.737194824789121,0.6872600361099084,0.9881456161145663,1.547539483127779,5.136708000941431
2020-02-20,0.35251095688223494,0.44082950936410903,0.8533729421834381,0.6775159897374279,0.6168974876788228,0.6192602805864491,-0.02737632735035227,0.08745082108376212,0.1476398398451652,1.9059984493013191,1.6521989685846314,2.901210613806771,1.214582334981337,0.8611401245124872,0.7920873237367579,1.7385246127177052,0.6749095633701176,0.9848814584243728,1.5501860470193565,5.14602865982906
2020-02-21,0.5755839156359221,0.5623266127953059,0.889076476511903,0.7016733580249911,0.635234345967359,0.61941094160204,-0.21200809771194634,0.030226002436253285,0.12676983708486148,1.9724698356650356,1.8499134557945944,3.181259421433976,1.2466983286818527,0.8675070922124389,0.7833019087076523,1.7460078964938752,0.7136410724763356,0.993201277524832,1.541199581389683,5.180907425446807
2020-02-24,1.4497657743563415,1.1884159631267188,1.148897590001825,0.8852548882215108,0.769823125598556,0.6941732542143013,-0.9073498419725798,-0.09113379153613432,0.058577875251484425,2.233787324987984,2.1091755260691873,3.62287372765751,1.2686382822292182,1.049364519004342,0.9960240637906956,1.9792970718826859,0.855559079834672,1.0505369126767274,1.7819295809728333,5.171271226215273
2020-02-25,1.6548756227446333,1.4025632977491551,1.2841194859636496,1.0030507476530288,0.8665219133989979,0.7480073549376889,-1.4618565233248624,-0.16249971778174666,0.004297998044461819,2.263713065914427,2.1081417460141294,3.623107282137355,1.604777324878439,1.0987369781205318,1.0385617634656124,2.067927799998481,0.8704264037103062,1.0789511871670439,1.8385651107283416,5.685096024764401
2020-02-26,1.4356957638649577,1.3766280577231813,1.2525149348043259,1.004067450714674,0.8658617460455871,0.7426095372734629,-1.6310334560295314,-0.23328481987848929,-0.009260733515503376,2.1887572886014306,2.0829603221365387,3.5875793247638845,1.5383297127659468,1.0851429150658078,1.0510093940621503,2.084731234067823,0.8668316780358828,1.0708979309166804,1.9260441776884965,5.712371459103195
2020-02-27,1.7034324092133244,1.7237424172377422,1.5718345644802276,1.2208738567031643,1.0407587011563455,0.842884974299019,-2.447112469903103,-0.45371451590065065,-0.07793370196437281,2.5044763750941934,2.6052090233569016,3.8223431730394015,1.7644475013644254,1.509877377923927,1.5853551290881052,2.3781853247609557,1.072509627354646,1.2442091012250478,2.090244101213357,5.842997470232418
2020-02-28,1.8460895884358828,1.7036282156005857,1.5612131537664735,1.2194428712372543,1.0368329268343361,0.8437771650071255,-2.3251827164345285,-0.4909488639087029,-0.07077856842535502,2.505754269923262,2.581813918150712,4.105149643991353,1.9115345720364347,1.3743369523305462,1.562101015790805,2.5311990012848242,1.2598052289467816,1.3223449723926028,2.040600598235008,5.870114386212044
2020-03-02,3.363543304312911,2.442496844891789,1.8625692211880054,1.4045889499083841,1.1790705162186725,0.9315529837210628,-0.7957432224124925,-0.18362680418516525,0.012576760027420105,3.2356286967295014,2.9905034322650814,3.989572757353592,2.210839203123522,1.7693494980212743,2.0671675436302213,2.7324832769222556,1.6242497825814117,2.18695536837552,2.1183446918446887,5.827228364543882
2020-03-03,3.3365339608270026,2.5101474352466324,1.941051455692237,1.4673603395062824,1.2331954693601783,0.968569312325722,-0.7623502614367327,-0.3639340727213408,-0.045427533124415866,3.3074102070795472,3.1306619317625106,4.117791005111266,2.313672453939298,1.7685167786910727,2.0734605646412603,2.868918970047254,1.7235849668573013,2.265473832857506,2.062703722045106,5.807690981427938
2020-03-04,4.026568142417747,3.000828190412477,2.158485627257714,1.620456266320027,1.3495558505079737,1.0394265886253604,0.1518670041997928,-0.2299728905572679,0.02163079454161791,3.3955196175537696,3.1542142320329063,4.33706258954011,2.372932322438789,2.128484080612306,2.42334332209954,2.9380432465700665,2.2091553266289536,2.387443572840403,2.0568782189083024,5.757113705465116
2020-03-05,3.711643091028614,3.1049777412346393,2.2381312400693796,1.7000124525912734,1.4115541274651475,1.0836279657417558,0.38527700404344517,-0.4539237711452744,-0.04899531206316665,3.452897177862096,3.195560056156248,4.460196756544544,2.495872371634867,2.2859639203462905,2.4646672598506103,2.7921768662241266,2.1740940412397407,2.3753778775337624,2.17594182355089,5.77538887470672
2020-03-06,3.8179658552091267,3.1112029592037707,2.2453560609434957,1.7126550362954445,1.4263233062359333,1.0942824565720857,0.13868534171535235,-0.5534016112096392,-0.07130686730495535,3.4384229175726597,3.1893675379222794,4.5103716170085075,2.658829099381182,2.3477991188925182,2.4630168518673,2.9199856739352135,2.17560946142818,2.3865417780454705,2.1855281461208813,5.773815136652692
2020-03-09,4.313666986521868,3.7306775019283416,2.7700740614918256,2.0858629657476575,1.7414130218620507,1.3060188642313248,-2.289330298971623,-0.9172243710191692,-0.19960523455145784,3.8139070841326337,3.4703167550791063,4.853189333526376,3.825769607951002,2.680058804524542,2.6517316818935885,3.818073449828577,2.3164276922789258,2.386664506835381,2.887720652365373,5.7476797191365545
2020-03-10,5.40576480646235,4.235238917567055,3.070690491152193,2.2654587690585815,1.8738490241700776,1.390435881646819,-0.681776961353777,-0.6958249767226893,-0.11809467803657903,4.212570030378823,3.808810801197169,4.960540247432157,4.367773507360385,2.814063546898648,2.8165752187824387,4.0078664254659175,2.5068809826456295,2.420259652239838,3.391717997370288,5.618426741200977
2020-03-11,4.850883733418037,4.428744000183059,3.200232233227289,2.372829540107624,1.9670378980111678,1.4593855393225328,-2.4974094834265204,-0.9482343240584384,-0.2137076196795268,4.26439757124217,3.890415763818488,5.09803446764033,4.407508231744355,2.855904646255709,3.2404568192603764,3.9822975968525465,2.9123805711665307,2.638490122283587,3.517325981594949,5.562253453495516
2020-03-12,5.823094928077026,5.092587542202938,3.707273456565573,2.7782456074550335,2.307552070413834,1.6980002820257156,-3.74612057879448,-1.458833093001123,-0.37416802073021044,4.667012977490264,4.334567928992237,5.724599062043154,4.619973604316194,3.497556620325385,3.7298075693035786,4.464044295430802,3.0605618510413097,3.322544572397535,4.3322665560179,5.071351842942368
2020-03-13,8.087003950176623,6.040705163994066,4.326835369583776,3.134533481137157,2.576368754706601,1.8736965495636841,-1.7057750409311119,-1.0260701283405589,-0.2431412197493466,5.529846794753107,5.555746573996509,6.354937408476905,6.449147014211667,3.6459634529769707,4.704015740830827,4.581624853784192,3.5381547119997125,4.011331512262407,5.308493015787262,4.7332671219209415
2020-03-16,8.770631221855288,6.516060586854707,4.847524306061896,3.5384184639727354,2.922799938827817,2.1206001084919657,-2.3323676896260683,-1.5811977632456915,-0.4258794584629277,6.163862089330097,6.3781311766321895,7.277511434805741,7.137031384463237,3.840637340841499,4.799072599711224,4.839896684929631,3.6983109631308886,4.253203771062079,5.4665650594345765,3.9600423366773687
2020-03-17,8.81915683519295,6.947777759796318,5.087890033950512,3.666279495396349,3.017696728057619,2.1794732226026103,-2.287424555268839,-1.2983520753460531,-0.33599653835489907,6.290469933069605,6.714367284031385,7.738622046669408,7.361223952528609,4.034102332448995,5.256610458107774,5.272341230844553,4.125558196232558,5.035427162273907,5.455910857928197,3.8712795726507934
2020-03-18,8.833371455291783,6.719063329411791,5.136708000941431,3.732304955989813,3.076909594485961,2.2249928712820655,-2.3251176698046585,-1.5754234012652295,-0.42721706712617524,6.27205691070817,6.744474912127883,7.62502631133855,7.588199528852572,4.110060895957113,5.25587302650502,5.4930276112215495,4.129752288911981,5.052198006218648,5.440801189662029,3.6380262441515554
2020-03-19,7.857597921349277,6.758634746030875,5.14602865982906,3.733465977214426,3.075970676744736,2.2252316904241636,-0.36907014195780474,-1.5442565466529863,-0.4309814455524868,6.272620465472319,6.7739640325808885,7.779140708236688,7.62270122095352,4.272169696298263,5.385412686975914,5.683972345495459,4.307803550663304,5.081567323985889,5.801013185712197,3.6576396280716894
2020-03-20,6.121739726332988,6.793082818160693,5.180907425446807,3.773169279084212,3.1153085802790077,2.2572111125879197,-2.940675344755989,-1.7082369401015698,-0.5053515528185267,6.376496577161363,6.784989057302586,7.755759349977775,7.620002087229292,4.49294256646977,5.607593204802999,5.697710797389779,4.426377671083586,5.191015915951294,6.042713626333815,3.505174907506485
2020-03-23,4.241442490834506,6.519296651053078,5.171271226215273,3.782938668188527,3.1257394407026307,2.2668182105402344,-1.2635676730598084,-1.6702522210174986,-0.5480174306039771,6.3297215590314035,6.742378205195189,7.710550862162883,7.65353846400148,4.492197929392364,5.65625239569362,5.686849148755929,4.642836619380924,5.172862675395671,6.036550102268726,3.5330329698657055
2020-03-24,5.732998026951533,7.0733360009910395,5.685096024764401,4.093692598542703,3.3607555432864475,2.417441186250654,-0.5313419828138415,-1.065723440218298,-0.4058837934168432,6.78308224416558,7.099337996974553,8.659941492910628,8.256136798395211,4.764239814330783,5.849003861781544,6.636526133681307,5.016355877538835,5.158289982135368,7.043772535424635,3.012162836892276
2020-03-25,5.158413672232107,7.013212233479846,5.712371459103195,4.098979899395288,3.369411472828692,2.4170921363990803,0.7807207652941921,-0.972484845934299,-0.38052160681700903,6.764459938213909,7.089782251839288,8.652751207084453,8.329607466444278,5.02504827652439,5.859880454927432,6.823116953636744,5.021562952495498,5.280498654726285,7.061984813471712,3.010900758746584
2020-03-26,5.598410744530659,6.542818553077295,5.842997470232418,4.223300551563093,3.4636020496954547,2.4756936091359445,1.9060192834632765,-0.45597360831139133,-0.2740161893325231,6.73915621954366,7.066514897725959,8.614496942224102,8.49641586276634,5.260148794085462,5.94913771163987,6.847213290458912,5.209339718523811,5.235729174015069,7.10778917796473,2.762218624854191
2020-03-27,5.249810290355567,6.01385744041648,5.870114386212044,4.239930290741988,3.4803812258338747,2.486639314174375,2.1721911849366164,-0.5838934647587835,-0.3277070624539974,6.800405571353515,7.1077924640030155,8.489092375224581,8.581429534696369,5.275036925784975,5.9796656626828995,6.820330784169251,5.191904217146657,5.20128598776023,7.339193692490547,2.6490676432785114
2020-03-30,4.53586943250165,4.796741394175148,5.827228364543882,4.276214246753612,3.5073015378861623,2.504940171328473,3.3330732037676696,-0.638048114472458,-0.28916761279485376,6.466697300747869,7.127439958573258,8.55056544321077,8.523955310888088,5.30775828810056,5.926490458024507,6.7034352824384635,5.432926557662944,5.042446057740796,7.377369003283546,2.58732280699561
2020-03-31,3.5530948416468,4.590573899855322,5.807690981427938,4.275344845381466,3.510236889577542,2.5046353631851748,1.2228896150348791,-0.5694134711003951,-0.3013902268100238,6.4383307326177714,7.052695139834941,8.50313597406671,8.523250408389432,5.303164214940606,6.000887241313499,6.687346563381334,5.395235104829909,5.016016818256231,7.381908344349682,2.5863411132129053
2020-04-01,4.3584932536721865,4.5197916088384655,5.757113705465116,4.309397826882299,3.5504902643321823,2.5355166880104676,0.023392445149945828,-1.0046034856967605,-0.3827562953750533,6.407396653629913,7.041101029820647,8.53309035821737,8.56312450841395,5.164617125248892,5.857306216031896,6.637886426365227,5.226455156113555,4.958482791379004,7.350494238605847,2.319581169680804
2020-04-02,3.349921958106098,4.558421359544444,5.77538887470672,4.325377460060887,3.567434731663914,2.544066297795165,-0.6828899587349466,-0.7230153490059893,-0.3396106164256646,6.408614697894484,7.0411474138925305,8.576882243141897,8.594532014811616,5.29534560177654,5.9488604536806085,6.8969584286751315,5.291175278779823,5.031043941846716,7.332322161301215,2.4189260820704357
2020-04-03,3.1515572938070653,4.29738815043835,5.773815136652692,4.324783318721976,3.568376120888151,2.544957611119977,-0.3762686162974436,-0.7126319542619824,-0.3725832717556671,6.409229670944592,7.015240597007602,8.617672054290082,8.55168782725271,5.285868102235249,5.951051177847988,6.85236148216207,5.295368148676831,5.028031347849744,7.343761586757669,2.372158579969158
2020-04-06,4.315638444175439,4.4662814948763865,5.7476797191365545,4.478264132399038,3.6818610936180423,2.620057563427605,0.31753698179413553,0.013668705718981622,-0.271941551115398,6.50303351575681,7.013672663821961,8.701931035029087,8.148385135877033,5.3882602993472775,5.8778795608381635,6.341998750425456,5.300570184630821,5.163526877992899,7.194787545338962,1.906076597062739
2020-04-07,4.206213691700382,3.6837155114516453,5.618426741200977,4.475000259097308,3.6821764556983005,2.6183514267739634,0.6360426408257982,-0.23995857055550127,-0.26544568269747604,6.2898046318583845,6.870926606373998,8.649623977692926,7.956182659821651,5.313146818869003,5.895275302713563,6.299671569915882,5.2477389379681885,5.212082777137027,7.028812624305204,1.9205285876932965
2020-04-08,3.140076201838829,3.7616802233054107,5.562253453495516,4.514829562213772,3.709906224979223,2.6368001742127305,2.2075146888919455,0.17162755738285576,-0.22096045919499355,6.273583933145442,6.776783282180388,8.553996879622078,7.934295516432702,5.337836171715958,5.657156260076138,6.406720121031551,5.0619998480446515,5.094402416780242,6.925995645621829,1.800754060084553
2020-04-09,3.15345354588899,3.3885657120531922,5.071351842942368,4.522101251241691,3.7167199629594196,2.6404353401578904,2.0503434889016248,0.7261006679180371,-0.19305748602564438,5.8258184153093,6.354037745690883,8.015931341451596,7.896744535735773,4.881596660956673,5.247943128236405,5.798876597897672,4.926143399170393,4.579468011057238,6.242963301849051,1.8058962278888602
2020-04-13,3.0117115227032794,3.1981283587649396,4.7332671219209415,4.522711212875305,3.717452242035328,2.6414282111179093,2.1568201151685544,0.25301683476293413,-0.21204152017313757,5.186391415699387,5.547749680204398,7.67028743939595,6.902884272685625,4.91762920021395,4.531439231157135,5.7984166269366755,4.702947275746553,4.126079334074646,5.704911527777598,1.785785630411854
2020-04-14,1.822071872442045,3.1750121530462128,3.9600423366773687,4.552757642649908,3.7375276458761753,2.654584052324719,1.403372179448488,0.9476036729876208,-0.1767492763306953,4.313134926122921,4.3446344242820105,6.22462192555102,5.98876229274075,4.750022914426789,4.45705136677291,5.291650572017162,4.594512388679475,3.809190968641492,5.438665445152109,1.743093079645052
2020-04-15,2.4001433360530986,3.2330041647543766,3.8712795726507934,4.561699263692819,3.7453603895772094,2.6614984656351446,0.9580095636493006,0.5713999591740336,-0.21735072306540298,4.252102864981648,4.0556198114876905,5.917676274698468,5.963967582082061,4.714803602894622,4.001723556383009,5.27186636807963,4.32259605922806,2.8681215888513867,5.463438670657806,1.721217999716013
2020-04-16,1.9913492764372882,2.658806067146164,3.6380262441515554,4.561719707065102,3.746449834610374,2.6617419798893844,0.3831194085042803,0.8486868269600905,-0.2060472663316922,4.188128900826539,3.8971710867326053,5.643562298885881,5.508238652507783,4.572204734308116,3.9964912468673104,4.745703100127667,4.3083050472054625,2.867640494954174,5.320026075450875,1.7372822440588547
2020-04-17,2.217111940189846,2.678321015919994,3.6576396280716894,4.587362041062643,3.765146881195849,2.6732347278812725,0.6190905143063311,0.9731408319840711,-0.16122163119505092,4.202083064399956,3.896697350295489,5.631993766972564,5.831012486016884,4.268085122851238,3.7774470481094298,5.161133649290911,4.032810115480488,2.8081250993089735,5.202148761956876,1.6309106624207208
2020-04-20,2.389551037084981,2.716416998890164,3.505174907506485,4.591865677330605,3.7706063169305044,2.6778239274009454,0.44932487506218505,1.1005168897174777,-0.19249801598261287,3.918172287464263,3.7969142083409544,5.566691619501182,5.880690172520287,3.8073223568730206,3.386029351282896,5.1494192353047366,3.736494900763649,2.5976196506148423,4.774435482760701,1.7090195501918917
2020-04-21,2.3223682116185826,2.2711290883525437,3.5330329698657055,4.587362615977707,3.787480622462928,2.691447375119646,-0.7478029365219304,1.0765448571220904,-0.22828038514384755,3.964692458947278,3.9577316970571115,5.825331531622378,5.772764483094765,3.8313627411900786,3.1590691995842235,5.02264290325467,3.219876208599692,2.609639330510229,4.804356754839444,1.5582835240812754
2020-04-22,2.485323852092477,2.3452387266609205,3.012162836892276,4.582249627470423,3.7961038849813,2.699355897971756,0.12105999963678596,0.7345004547866906,-0.16457423440445135,3.384547467897013,3.537549847990427,4.657039528534544,5.149122736927457,3.713266499050409,2.974175683938924,4.2926506906182125,2.9364081350873183,2.623271822608981,3.602328983104939,1.5294417546284234
2020-04-23,2.4771585862110466,2.1273644199046466,3.010900758746584,4.582196406219359,3.792834291030264,2.6991852390533984,0.02313720468826643,0.6592909368086091,-0.18215957633472632,3.3817837714401597,3.544780532517664,4.642397059191609,5.082626100788906,3.571602593905938,2.887085973066093,4.208019617560848,2.925452543299226,2.3867856512151095,3.555768536562156,1.5447161803754137
2020-04-24,2.174169899722712,2.118926513723233,2.762218624854191,4.533673419752161,3.798277016606042,2.7021972341486107,-0.23840483897862272,0.43703480137359635,-0.1575511076128152,3.2493842683709993,3.3193846458474634,4.5605835420334175,4.831126646525843,3.285742316895187,2.595184145583808,4.137765063666556,2.7362363340049662,2.384655603058472,3.393607772461481,1.5226136957157983
2020-04-27,2.0831192715184677,2.113524646957511,2.6490676432785114,4.538904800198056,3.803416169108535,2.7041110714074654,0.40234544616026635,0.6580554550233901,-0.13892895788136536,3.063753373128307,3.1386499548640208,4.54129936692601,4.645467374176987,3.2326441972490927,2.575423347551461,3.9319973293083716,2.615551758378399,2.40481820062204,2.9441199399866727,1.5145028848947044
2020-04-28,1.1123353355907926,1.9280649950920619,2.58732280699561,4.485598121657139,3.797307281454413,2.70415760398427,0.9176310118690403,0.4726843091474331,-0.11633020317006343,3.0626893993724287,2.85010100603648,4.471841591777563,4.616193158949309,3.0450277537041632,2.4016946222910778,3.9428964215880367,2.1482049340342795,2.1892024115600246,2.8581700639627394,1.5312634427675849
2020-04-29,1.2362722457020592,1.907306584163281,2.5863411132129053,4.482196468962189,3.812183942477685,2.714799047675266,0.9973135686090554,0.6781064431802346,-0.08508036688050041,3.1198468668216983,2.9574255037031834,4.479549396888754,4.548959500143094,3.0139111960633373,2.157207409675738,4.072495403521308,2.1196013751477456,2.329349781713602,2.965509431377717,1.4344849471420296
2020-04-30,1.4707512758452481,1.965128499966998,2.319581169680804,4.433588008433807,3.8077927631963004,2.7161499975332353,0.8125355289542704,0.8565767077596902,-0.12599988949811275,2.802047046354192,2.7889626110489014,4.0721159474447575,4.307540306077045,2.8507825008409555,2.145681054403355,4.105879279282104,2.049553530070048,2.376442711693064,3.080205304762888,1.411531719711495
2020-05-01,2.062688074415978,2.002055875853521,2.4189260820704357,4.422141990967819,3.8177403132905026,2.7266592921636628,0.004298428048430747,0.6088318980694407,-0.18936907402727426,2.8582781854040515,2.875738250237885,4.058005522089272,4.3121060811257435,2.708185364071181,1.9195787275851446,4.2074138903869756,1.9989043574510128,2.23004444258777,3.137121454945,1.2368431110627083
2020-05-04,1.920541002251829,1.9179756989718764,2.372158579969158,4.414802510468834,3.817606766406267,2.726685087268109,-0.22891439695086743,0.6948940098600342,-0.1903798518705291,2.807825290993664,2.878932009524096,3.9054684216200077,4.2562831257711204,2.7201881068987817,1.93061843156299,4.203743347771207,2.0022438784952783,2.2293298686619893,3.083887978130915,1.24020031031093
2020-05-05,1.9777919390833827,1.5806867481780127,1.906076597062739,4.231273963461513,3.820023292011581,2.7280146415239326,0.047842083366944975,0.40526058454063535,-0.16609836025318406,2.1515799907244886,2.4215430109231315,3.27021959038652,4.024938910978605,2.2866224004582225,1.8545731404827792,4.167213428901556,1.8124068241152107,1.8559869954228208,2.83930998648522,1.2521362996035235
2020-05-06,1.3597664348031253,1.4899088371400004,1.9205285876932965,4.1556972432570625,3.818681364171288,2.7286001234142163,-0.6113032031609441,0.3662699821835491,-0.18983785503154718,2.109969967874111,2.3956674926042005,3.1357945246080337,4.042304498413677,2.305272223100185,1.6745698692047706,4.190306082587989,1.7792395679927286,1.7202412935971743,2.815994314771738,1.2359118125113122
2020-05-07,1.55601058995091,1.5209125638425207,1.800754060084553,4.080981896076601,3.822675205231891,2.730906377305351,-0.18375000359696267,0.25876053463746324,-0.17261541067937314,2.068698244562446,2.393599382829871,3.1130762570716644,3.9411880737295193,2.1956695145325873,1.6160771705603136,3.952984383351144,1.5400443806382709,1.7286209461405968,2.999169714091185,1.3135858278567414
2020-05-08,0.9074454980750553,1.543539721852858,1.8058962278888602,3.764680531437279,3.828555348838133,2.73511631233397,0.676630536215295,0.26540365989785814,-0.15577625506174256,2.1032203948030563,2.3900635663756797,3.092090742700503,3.350013789643146,2.265610981888727,1.7881762147150475,4.040556468564087,1.4989601541584896,1.7382262322342088,2.999542131773443,1.297205395184441
2020-05-11,0.9421543535602627,1.49554538943868,1.785785630411854,3.53117616307592,3.828618199406881,2.734304023370921,0.6255734819075179,0.31208235154477515,-0.15365698067761654,2.093355584760633,2.391235539568496,3.112974866590103,3.2718656748603863,2.0829087569420177,1.7770783562071264,4.042189108268858,1.4673490975974994,1.6160496042576251,3.0071265903973767,1.3234474626369006
2020-05-12,1.4677784241842435,1.6419574578855354,1.743093079645052,3.0528529087835095,3.8357124842565176,2.740295704309141,0.04215651083309382,0.0649566673867868,-0.18954580762376125,1.869511860378064,2.2455443699858977,3.0766669546614343,3.2939210600692594,1.831681415016536,1.4641327416165646,4.061043925425463,1.1422236153769043,1.4567605527581362,3.0426338906735153,1.2174739187432282
2020-05-13,1.6688189910497049,1.4533273797445547,1.721217999716013,2.967456467247061,3.8411229469787864,2.7449193854303284,-0.17598358448276138,0.08277169515053358,-0.21472680700716193,1.8818427859167495,2.2622475898314236,3.0596170019555196,3.2021598392976465,1.7918798199330457,1.461925722150153,4.085464973720188,1.1139941402359843,1.4569928100976985,3.0093431609493324,1.8036282532598151
2020-05-14,1.6667554230015886,1.5201262227860848,1.7372822440588547,2.8381388169670387,3.8444386372209283,2.747052726397668,-0.1779806279340531,0.1184855255278799,-0.20275034959241972,1.8804029552680261,2.168668862038119,2.9525748907769307,3.2425431546589034,1.7851345329102042,1.4578857304457267,3.995545917929168,1.0704151684460612,1.2822572486222714,3.058552248410604,1.8036510324195851
2020-05-15,1.4031229097475495,1.2542684984499846,1.6309106624207208,2.837802543621639,3.8452826117313417,2.747379781524656,-0.4169617586543303,0.006390591657692801,-0.1882417076704074,1.8499842821060721,2.183073942035175,3.1581343673361526,2.4901073627773975,1.6976564688585014,1.3120894361607223,3.2606574906994963,1.0987336348276522,1.3867891848078728,2.9621238189350927,1.80837146323502
2020-05-18,2.1121724066942007,1.5589912171609894,1.7090195501918917,2.7559797458108757,3.8661087241468888,2.7615309298856436,0.1881381698741106,0.2467856752477565,-0.12031145837877842,1.795816620133265,2.130347887346372,3.1341546987858733,2.687239353424998,1.8495443996794505,1.1777193870487774,3.5156859200027797,1.098067230241941,1.3814994407141805,3.172994275680164,1.7369020873018857
2020-05-19,1.8958696041857486,1.6083945724581734,1.5582835240812754,2.7203866269442023,3.8452702891042083,2.7621987857176404,0.3813424021148796,0.3472430020459893,-0.08215478728313964,1.5951993630627226,1.8774980678324655,2.649266312751358,2.642624905518454,1.7793296748015632,1.3623901234776679,3.605678617850927,1.0808425739310792,1.4548913137511443,3.1919886754641458,1.7173810222582861
2020-05-20,1.5071837262552934,1.6376631661862036,1.5294417546284234,2.3672017186680643,3.832262767367585,2.766532489217302,1.0748125419326662,0.32120983072450365,-0.003337718235701222,1.5438814750976817,1.7627843426038774,2.4026576205165635,2.725706101010115,1.905617181936585,1.3812688583614958,3.6203733892087606,0.9604705325118238,1.3858305734762277,3.323363805985577,1.6881812336794575
2020-05-21,1.693760098632533,1.6500264351799878,1.5447161803754137,2.3695038685511274,3.833009043168633,2.7669399220704336,0.697393002885525,0.28704947507719447,-0.00871481134949838,1.5597915057350826,1.7623559400750886,2.4821046822047363,2.744059147114201,1.9151845043611015,1.3914250521828244,3.601217750009659,0.8641244550517921,1.2944797536968577,3.371233902280923,1.684871088815437
2020-05-22,1.707468435936606,1.5757854191625456,1.5226136957157983,2.204061850630646,3.7875955275703577,2.766797165491931,0.6434320826885512,0.22684982207448626,0.06930367171223045,1.4753008142711352,1.7294988575535462,2.506588616536526,2.729864595592061,1.9077420252937387,1.4161313878185813,3.6004293831206087,0.8750801206921635,1.2828401128050457,3.371507097298422,1.6868490937853533
2020-05-26,1.1808657190064418,1.6139756099806541,1.5145028848947044,2.1415621325135556,3.7899819258569,2.7679787067682504,0.28063884838431397,0.21635902580376837,0.09684033868945839,1.4993380538215093,1.7512039320693429,2.6777346260232298,3.0190934345771514,1.8610620090638883,1.4030516788668272,3.650061262071626,0.8805134752194301,1.27309694312676,3.26504666649312,1.6728546654371546
2020-05-27,1.0074631752699414,1.4469065667361318,1.5312634427675849,2.1000228339799096,3.7537530199480202,2.770511111619785,0.7836522793865067,0.31374831892535593,0.049461504533443626,1.4077479860417004,1.6349348441805773,2.693756939138745,3.2756198374010768,1.8888976405355298,1.4630870465247536,3.621990938400028,0.802562528504423,1.291373355359823,3.262828551213816,1.7569668121160735
2020-05-28,0.9287642938088275,1.231610937662017,1.4344849471420296,2.0800407747891843,3.734403107375114,2.7700526643489907,0.4069904328806787,0.17362904679240948,0.09410733962408303,1.273319060568273,1.3191850331198396,2.6800921131823725,3.2520836661830907,1.8879723581011145,1.531102553478789,3.4554776338486635,0.8668856519227114,1.0649665898428418,3.2014828776876283,1.7706976558957683
2020-05-29,0.7052566194664497,1.2236024990078542,1.411531719711495,1.9205771904638114,3.695629221350179,2.7702842635362996,0.6341885849359511,0.24246273907261467,0.03147865371184814,1.2235716602285704,1.3197670063805835,2.732741303786379,3.26846661877443,1.7986926114323991,1.5220639346748948,3.4307224865580115,0.9127866587792395,0.988752242089278,3.0672502130993125,1.8529042619567795
2020-06-01,0.6774690476755119,1.2247664825413738,1.2368431110627083,1.8993641384200848,3.669502578256782,2.7693042486453177,0.6770496358324766,0.39503762402049775,0.09361805769464975,1.1378406567438728,1.1592373084275462,2.5815894559560286,3.212279817974784,1.7942505879961115,1.532579766782338,2.9971756661949267,0.9052581085162097,0.9610789017419706,2.9937897791076193,1.8812109952578555
2020-06-02,0.6160312811684615,0.9033744598020021,1.24020031031093,1.8734351163928447,3.6634599044394602,2.7701005175265423,0.5962431505049252,0.4226484126677166,0.13497015608858948,1.1198856858919206,1.06170351938212,2.5502351260380665,3.192393704043926,1.775313821540017,1.5230901384947313,2.910709185494239,0.9193856960329763,0.9518723940625675,2.9239737208730423,1.8941161293909945
2020-06-03,0.5607013799517114,0.7772593852723583,1.2521362996035235,1.5919084688351355,3.5145212010494675,2.7726013284823483,0.5648217331395181,0.44299323136849916,0.2873075072093721,1.095560337773185,1.0412221218882711,2.576093416245,3.377387323501186,1.8257605078271706,1.5243348048139518,3.0207232810811817,0.9023809912885373,0.9369500930936246,2.8834827560600123,1.8767396511281924
2020-06-04,0.5872686187460628,0.7363954531443612,1.2359118125113122,1.5948417089459046,3.455981689783941,2.772652621465018,0.5491933788880202,0.4637531923046506,0.19668820131089948,1.1252217715126933,1.0702568017201146,2.581492112517572,3.3351526493645376,1.78208279120008,1.4890271629524774,2.9724763396049223,0.9244777716706215,0.9341678324920256,2.87057995128785,1.8792774903802578
2020-06-05,1.063869107917006,0.8694328251328544,1.3135858278567414,1.5618895223465854,3.4039889396096457,2.7812283731113343,0.9726577412507822,0.531564675284551,0.32065092243495663,1.248091442079159,1.1841413582108102,2.5657904165382526,3.432262069564545,1.8327093739303957,1.5242861249988315,3.403024838235506,0.9252148853833115,0.9259295145446624,2.7436922465788856,1.8205364886649378
2020-06-08,1.0161689244489873,0.8490048610958755,1.297205395184441,1.5568770390018933,3.148081182998898,2.7832273277026687,1.1335707911728778,0.5092726877598935,0.5002590051919297,1.1644789524023942,1.1848192759512102,2.575218255917118,3.43644505658286,1.7230333835193352,1.3439441450479257,3.349671670318537,0.9127884034820494,0.9041488018676499,2.6926113935163016,1.8112760774739443
2020-06-09,1.3297836839325228,0.9840473346640463,1.3234474626369006,1.553513455165106,2.9689097437787764,2.7836010850900124,0.8188330604380448,0.47096330730034824,0.3453541645360192,1.2970221971486504,1.1718146632782875,2.550869109413266,3.4140592846095124,1.7495289111146677,1.3451864108577873,3.400646373223023,0.9170988879168303,0.8917497744855812,2.7660158466983873,1.8148619999412974
2020-06-10,1.4136205563157398,1.0159353938426028,1.2174739187432282,1.503622142121243,2.57648046293629,2.784155518468114,0.44107027046273595,0.5427216712759098,0.5184273372167725,1.3228718559841803,1.292010658147817,2.4600340027903354,3.4708256994066344,1.7108200280731234,1.3381433717272648,3.6414172734779293,0.9131447306657096,0.890832532673257,2.674649228484441,1.81503513768678
2020-06-11,3.1605934138117324,2.2357842937366597,1.8036282532598151,1.7451349520608532,2.620770607580756,2.8342472539538073,-0.6593829804869196,0.342903343303611,0.3323583325427261,1.7585637979784943,1.7860531081519246,2.9138935902324934,3.9451379949002643,2.2315705931816314,1.4608501944403867,4.041024163039765,1.4011513608846922,0.9075792932717455,3.265888648482169,1.2263171198269769
2020-06-12,2.8570013288353033,2.2669269502512677,1.8036510324195851,1.7516195061102595,2.525194898086775,2.8361203885403508,-0.9324431897229598,0.34294903483732425,0.4367071291084316,1.7606319178547365,1.790183157349349,2.860062551817664,3.8942417024779874,2.231757461739462,1.467769342856093,4.0561120556976755,1.4176635290541613,0.994144527386525,3.2524232636653863,1.2339863618706257
2020-06-15,2.8076623256389945,2.28301597116248,1.80837146323502,1.7094703974016807,2.525825501638407,2.8371166703310036,-0.9874845357748491,0.3666419934797638,0.4487244723738426,1.7501990096924025,1.7698014062805676,2.6446726125022515,3.8481003635372204,2.22685390251914,1.4734998236936783,4.047496339542017,1.3364467154506416,0.8501252039884326,3.2077593550422288,1.247888214884824
2020-06-16,3.103557001624057,2.3487113419336727,1.7369020873018857,1.7010905446400826,2.453979542866403,2.8424781938866484,-0.45339991760011866,0.3105787854317909,0.5526271167990084,1.7672483357645643,1.8344730737254145,2.590871858684784,3.706183693506593,2.0723623234122375,1.4664266580959975,3.6917132931177274,1.4519877269144184,0.846353601286642,2.79804599770592,1.1946645691384554
2020-06-17,3.103010737680003,2.31858799514675,1.7173810222582861,1.6186067639502255,2.423370320195319,2.842760289806589,-0.42487609267173054,0.34116704757925714,0.5883183022491123,1.7548818174139267,1.8207719216451674,2.6153314269985204,3.7292201018785396,2.0589409707721007,1.2422785787285486,3.7002606334516313,1.4392095808276724,0.7352089090670344,2.755656662194481,1.1926040229645487
2020-06-18,0.9323842641577716,2.316635517217597,1.6881812336794575,1.5903037281284564,2.153676904397413,2.8423700314027736,0.7358139952537915,0.25815370663389237,0.4379546640483623,1.7293042829424785,1.8122908010262082,2.5896888426623583,3.695368345775804,1.9621239001970712,1.2538494742077215,3.6383096192667583,1.4296594098067135,0.7320192954447319,2.5310509937765344,1.1924340939130778
2020-06-19,1.0424979659848346,2.142594126595813,1.684871088815437,1.5954992942162132,2.152992504949742,2.8428741195491702,0.3819923414019758,0.264098869466437,0.40347976045074696,1.723134211459915,1.790917508812139,2.530623856803888,3.6923122987021197,1.9883426568145641,1.1948934049216757,3.6449860782894383,1.4260360689692737,0.843620907343823,2.6153987554566984,1.1862066243318743
2020-06-22,1.0115910500849505,2.106138001749498,1.6868490937853533,1.586386227626,2.0317343000574395,2.8429750740031374,0.32357897024190263,0.2866787153681016,0.31685444627206144,1.7865435737949988,1.8708064738448604,2.531000383066054,3.6984190550240816,1.9931493938650466,1.2216901093118337,3.6485004812362813,1.4132136154437944,0.923722599511616,2.636121666291691,1.1827197899362663
2020-06-23,0.5289974558613608,2.1143295812059892,1.6728546654371546,1.575136496037991,1.9851674786251958,2.8431867437892318,0.030702847983570612,0.24809478533160506,0.3741697553862546,1.7907315566099349,1.8365185490333282,2.3925239186452876,3.361143567850888,1.9247760745505984,1.2110028783793731,3.5954356188255785,1.414744836982444,0.9260596549641713,2.5732413713866857,1.1840689802613222
2020-06-24,1.2915804150124721,2.240769976926815,1.7569668121160735,1.6323520745111575,1.9840528064584453,2.851587376752254,-0.3963918579807909,0.04615601323743277,0.27752954710340727,1.8765146430304402,1.9229147979667496,2.3961571651476508,3.1710910667907917,1.9552316705254436,1.2003949201956703,3.7516159960236957,1.4866756908986192,0.9046857836654246,2.6983882749044104,1.0466664962640204
2020-06-25,1.4514020972012507,1.2492224329055714,1.7706976558957683,1.5909279415168929,1.9728973574317112,2.8524261500102024,-0.18968615636887973,0.10898455932150272,0.32024001643138233,1.8770764771708288,1.9245716901060153,2.4409527962363406,3.2660664043050436,1.95189104296958,1.1578495866286138,3.721401121045986,1.4383732518355663,0.8721341143933565,2.566648923381961,1.0509526290521218
2020-06-26,1.7611159509678584,1.4501646063552869,1.8529042619567795,1.6317477743452597,1.9027080126238944,2.8604934546045673,-0.5504176247366718,-0.032052682951718724,0.35566225462686213,2.05340508636057,2.000011442773486,2.4171198714419018,3.4451758168630158,2.049671416844176,1.2707643401705595,3.7957007849430435,1.4151364483526543,0.8925835286607323,2.5928081782338066,0.8590889489651623
2020-06-29,1.931924827834755,1.5009989747333081,1.8812109952578555,1.5827867200886596,1.8911794205314083,2.8635808037210784,-0.3847659534468014,0.021224818048282114,0.3416981133794069,2.085846716657084,2.0008918847367845,2.4070836473209285,3.430341605717018,2.093128161008044,1.3339499320384653,3.7911974493878415,1.4327103096981189,0.9126590650942135,2.6324720183423143,0.8468555352709813
2020-06-30,2.0527403911375828,1.4194002936545873,1.8941161293909945,1.5918414298386006,1.8802335508604573,2.8655617824877555,-0.22065272150226986,0.043870817329806334,0.38713774661918576,2.0861490139038774,2.0517351490440556,2.497950172137243,3.4420868654792063,2.103737206500605,1.374106467436888,3.7590188435344154,1.4511878137325804,0.9295541182358703,2.632514148342233,0.843721638188549
2020-07-01,1.5936931404849666,1.4351874659215202,1.8767396511281924,1.5897463370702085,1.6875133129420983,2.8656065745963986,0.42961453016734186,0.012354212494388705,0.28686934280117443,2.094096262272728,2.050902449872906,2.486240080782906,3.1814506930209325,2.036977530933964,1.3734730842604839,3.6434544761321046,1.446138020009085,0.9283761451424765,2.5562588209118546,0.848330466182162
2020-07-02,1.5578027326289818,1.445160816870351,1.8792774903802578,1.5836591569512823,1.6876743055719259,2.865902845824069,0.32534334700760315,0.05302205135139846,0.2943484086131994,2.07143806621916,2.005230248744317,2.485644263385117,3.1300679231260844,2.037813470448701,1.2819834339664598,3.6562230413148007,1.4334494009860634,0.9035228173233764,2.529446686838739,0.8549745888741779
2020-07-06,0.4547708959235681,1.4951234294554931,1.8205364886649378,1.5897191926387422,1.647666714845246,2.868656673826026,1.1091199954010338,0.002062880585844118,0.26412936350261945,2.0620287895975675,1.9972091421952862,2.5056176788512494,2.9888393604439196,1.9539322479020524,1.218939767212464,3.0696155016633546,1.4736913423544784,0.9008924701239405,2.571998638179443,0.8058644876863444
2020-07-07,1.0034759193037972,1.5429261380367651,1.8112760774739443,1.5863204685740537,1.647605748879892,2.8702264246927447,0.6088939003916897,-0.10994440464701496,0.22157731433691227,2.072593714961864,2.036247046879241,2.469913710620829,2.954570308863621,1.9045546249891088,1.2167781079524513,2.943983913127416,1.4727903482512057,1.782051912673388,2.510959534440877,0.7539095511721562
2020-07-08,0.9417115596058769,1.553532074409057,1.8148619999412974,1.5885294145208444,1.6422520405983962,2.8709819369606495,0.5056811015701616,-0.034417172387164484,0.2495428288193197,2.026065508768952,2.070190384787682,2.509428203595051,2.960527024820527,1.8805841994931738,1.2072717722504602,2.938616546880529,1.472025428568962,1.850161254471815,2.5555997371053563,0.7494740295909085
2020-07-09,1.0419227197794378,1.272833797486477,1.81503513768678,1.553265549216573,1.6066475285239255,2.870496513627312,0.25172719039393143,-0.03498155752281242,0.19089892704662806,1.9685772282085305,1.9369975319937323,2.4723891254032226,2.878762254009449,1.9436830147933142,1.2053470901181846,2.8544745063110755,1.4403349326903447,1.9316724537861438,2.543288670620102,0.7291994119896426
2020-07-10,1.0955171992276702,1.2696751514278866,1.2263171198269769,1.5224519004615267,1.5809198313073185,2.8718595622391443,0.3457958385056318,0.3043167560995363,0.24333059818456035,1.5406193986721592,1.390918102483051,1.9247868927178102,2.5790697405713243,1.5144044016704155,1.052079761199306,2.324347375281134,0.9725272084055256,1.9611640133694481,1.8566560806785934,0.7111959502884704
2020-07-13,0.9581897973584392,0.9647330453225313,1.2339863618706257,1.5270450955362933,1.5870346103115076,2.872920231837448,-0.13612883378485172,0.2011414695703711,0.22085867664519182,1.5605955004112397,1.6276565980329614,2.2135693571497814,2.5230002519893726,1.4960851299178741,1.0331683303505264,2.250801336864175,1.0498263197099496,1.906166234833589,1.8883662125411345,0.6596993093039046
2020-07-14,0.9796067391302479,0.9464412499264431,1.247888214884824,1.5353812639742783,1.559937214783496,2.8753272688710587,0.32933265831892855,0.2192598938764295,0.19743082633796208,1.5721599361941974,1.6275712329509882,2.2428024854339044,2.505545297886796,1.4874538986201868,1.0308273390288487,2.4041859525395464,1.1038543947046566,1.9317065996632765,1.9217437433480173,0.6652866102174306
2020-07-15,0.9989348161770563,0.9184374684006577,1.1946645691384554,1.473157735161621,1.5411443023854572,2.8764908242884135,0.3601053667844537,0.1689591487089786,0.24210786979617538,1.4991890440577356,1.5664844089970222,2.25616055612498,2.5247777268710863,1.4930000023587289,1.0246600632247131,2.358964100693728,0.9946663467726544,1.9274020059077828,1.949813914657309,0.6993684718331887
2020-07-16,0.9475784412059011,0.94252318651677,1.1926040229645487,1.4618592840214208,1.4820339101676252,2.8754494137034103,0.4080834364125544,0.1732583247482588,0.28722279145783514,1.5442037965362272,1.6525866135676357,2.2617682294245474,2.456086076136957,1.4950572608261259,1.019645586998296,2.261777842734763,0.9958304741155615,1.9143857606079961,1.9652909330492818,0.6937767722106127
2020-07-17,0.8835937021254572,0.9393376086915575,1.1924340939130778,1.443087447168413,1.460168680145344,2.871608667526389,0.2618595985042552,0.1858281569121522,0.2550638980901828,1.5487760006732858,1.6493874818584984,2.256221393006729,2.491330759713334,1.5187535452048113,1.0046289625504259,2.2756106927155435,0.9860915099001979,1.8974446349002771,1.9680830446057884,0.6957966963211231
2020-07-20,0.6302916690173238,0.8566111735995279,1.1862066243318743,1.4382371780801562,1.461479908743942,2.8709884125324363,0.596663966791802,0.25480937591782765,0.2686525734871531,1.5698136932722466,1.876074904273928,2.324147852302559,2.485400070268433,1.4830775411104673,1.004884342484885,2.2898637491279374,0.9859207757856309,1.8894769607336768,1.8073961096607838,0.6829542180301373
2020-07-21,0.5031997593986718,0.7346793917826943,1.1827197899362663,1.4382133448228174,1.4540021913512717,2.8710062217946257,0.3800350588884974,0.23337391603807817,0.2489674844935554,1.5542329289495076,1.8296557493402694,2.3219482206838635,2.5134347586743724,1.5617769973837066,0.966619393335871,2.58005024749433,0.9791249801348207,1.8740461539065891,1.7899603871538483,0.6829558949052231
2020-07-22,0.4283695306776922,0.7250845389306341,1.1840689802613222,1.4305247418259548,1.4462112445178,2.8712927855557044,0.31013173280976447,0.23881636991552707,0.23442339368363357,1.4998333172969098,1.84765210035399,2.3071877477850276,2.510100967621309,1.658012899387937,0.9709312192357227,2.617302849015189,0.9693237935867473,1.8617464682247742,1.7876555121482107,0.6910196001785123
2020-07-23,0.7803572087963103,0.8307070771888746,1.0466664962640204,1.4335292684084215,1.4552491544232233,2.868458381629085,0.1373665137120698,0.30669791767147403,0.22220074994475425,1.8017531525352313,2.06004735567643,2.3558593466047233,2.3746155370642725,1.5632906482150002,0.9091590955004858,2.404349811194578,0.8044314529659267,1.866144407473284,1.5398093554857175,0.6136833689660063
2020-07-24,0.8438980218203542,0.8309195063401599,1.0509526290521218,1.4383287955481632,1.4248461124685667,2.8684491169501665,-0.04942048597083879,0.22089457451166244,0.1678360602085249,1.7828380905850407,2.0487597649043296,2.2954905746195564,2.260775968773713,1.5624319863082161,0.8967662085762002,2.3781628840221387,0.8536012140973994,1.8615689044153076,1.5341982464375175,0.5780994540453588
2020-07-27,0.824373973084004,0.7747815712728183,0.8590889489651623,1.4404458393861996,1.4192540389567783,2.865913154146436,-0.06519348206926309,0.3761154115846798,0.19550848923519198,1.6872380420729565,2.006942128706619,2.1341899443139765,1.8844885147020423,1.3456181461689145,0.6521564569936411,2.2747269109548727,0.7958455877091524,1.8259070429274138,1.473556380110494,0.5929217649278451
2020-07-28,0.8398569348261298,0.7286758381500761,0.8468555352709813,1.4455033559976764,1.373983558764126,2.864690597315177,-0.23459901715868722,0.27091565011010676,0.2290593640596289,1.679110853944463,2.0105335730450524,2.2149548192556505,1.884450631980658,1.334731238406881,0.5612047685432101,2.2614097163801032,0.7941110113671112,1.8259442859586454,1.407093063536404,0.5508313926344254
2020-07-29,1.028677395233561,0.7740446122873258,0.843721638188549,1.451747543628058,1.3800411067610605,2.866680653597619,-0.10246734774635965,0.2683627133545047,0.24496064778400922,1.7187434841545617,1.940037380501378,2.171103735494691,1.936071208754834,1.343068914059332,0.4887416452642849,2.2663358358163084,0.7733430621139116,1.8499546349873102,1.4152142092453217,0.533737117496174
2020-07-30,0.8613533134131084,0.7757938233834824,0.848330466182162,1.4412173499787109,1.379265625905508,2.866436398061572,0.06482165253662223,0.21549969826379406,0.22361571404222735,1.7296316402522758,1.9357449301103866,2.180092015320007,2.0358554829880986,1.3637563355229243,0.6677840395453695,2.470066920735014,0.7679900862853952,1.8571191758214525,1.3889930544194729,0.5093949129614951
2020-07-31,0.8031247391523301,0.8049053170205728,0.8549745888741779,1.4437751046776772,1.3760202298973196,2.8665310325948483,0.3516581860269977,0.22747328426651112,0.2480828426408534,2.855042439531706,1.931831837082409,2.182298166414068,2.0410609127923407,1.3924557242949516,0.6833901717788128,2.463678303378639,0.7957405959470709,1.8610353763035343,1.3900394136899101,0.5040442014092826
2020-08-03,0.7992614544914957,0.7954031610917583,0.8058644876863444,1.3927144051084297,1.3715582522276475,2.8671475578893144,0.34485549916901703,0.18504928752667565,0.23955894779902362,2.8499229858951636,2.2640086231623293,2.2627368849958573,1.9739197936462771,1.4739771111552697,0.6854229951775586,2.4587878156210152,0.7710582600174032,1.857764853565734,1.3321686283715872,0.5218777452007065
2020-08-04,0.5895030386781285,0.7990539714365111,0.7539095511721562,1.3818564181764197,1.3590968943707344,2.866782408470958,0.5489547408110343,0.25593086021494293,0.21841971444260722,2.8381230305908116,2.275643082651912,2.2826820186902452,1.8610400864899863,1.4818593876401165,0.7620507629425691,2.485528439615285,0.7710135426283127,1.1696861451161698,1.327702564145837,0.5409021588201416
2020-08-05,0.4630038313070222,0.8021894585219075,0.7494740295909085,1.3779869022702322,1.3598261114300534,2.8672578230061916,0.4272013869153305,0.24874278469079686,0.22842963986799358,2.8183667712117675,2.224082305609717,2.184247202381781,1.8837316492771596,1.4923450042992825,0.7799650477412418,2.4910948860668127,0.7841195899463077,1.1187551828473319,2.292689551376295,0.5930628418629281
2020-08-06,0.1507165885693148,0.6551930464150556,0.7291994119896426,1.3764509250580599,1.3291935812048996,2.8678160930750654,0.6322443416300775,0.31062898607283057,0.272789699941976,2.8819833688381307,2.2474704739548703,2.113353749072661,1.7993753312874945,1.337362623397061,0.7925688470087658,2.28995918670782,0.7855222536741296,0.9648152750116737,2.3355099127580177,1.033771123870886
2020-08-07,0.2630571478170775,0.5680079258934116,0.7111959502884704,0.9896949359850248,1.3022499221030417,2.8676848397570716,0.4885718760294292,0.26316729364746044,0.30346246435020263,2.9656313911797683,2.284727549147606,2.138724810461302,1.4162616908695038,1.2129075299640923,0.7762736164467136,2.1953931117378485,0.7916991141340755,0.8186268012700151,2.321292287717981,1.0569420256622202
2020-08-10,0.24425350718838695,0.5582011726774931,0.6596993093039046,0.978554938336922,1.2969596084331863,2.8675037042694105,0.40929880438593835,0.3214061970693732,0.2884989004923562,2.9540869566135064,2.2189220158201888,1.8781628388759024,1.4089403209428288,1.217213299906931,0.7734489999212564,2.256967543918319,0.6816216992549311,0.8565505251460296,2.2313291438552896,1.2331293110182364
2020-08-11,0.606039796542841,0.5985171539275559,0.6652866102174306,0.9870565945013086,1.3046739292017164,2.8683047576527647,0.16695328453510108,0.21533601676898603,0.2670793013750598,3.0695048098393345,2.276923184756617,1.9096270852421955,1.559500172552344,1.1905674913392643,0.8025230093881228,2.1489879108101624,0.5634585124557493,0.7932550362733015,2.209307383197363,1.2952218123827968
2020-08-12,0.8138669952988169,0.6267110241732496,0.6993684718331887,0.9668832547820058,1.2617634250585072,2.8692469187227116,0.32157518748369396,0.23911023986560692,0.23954939133545888,3.1271739666695453,2.3705318015030583,2.1899250922201947,1.549743261047962,1.186211718258667,0.829800139675984,2.1320301920419116,0.6996081687132231,0.8500077157019453,2.1887003001738385,1.3210242879917018
2020-08-13,0.811989500228881,0.6060245136098794,0.6937767722106127,0.963735863204226,1.2520558432466884,2.8524707864519003,0.15173559221656677,0.24654202502383366,0.2536557991171166,3.0973025564058596,2.32334516909444,2.1664088356790305,1.5578144237895397,1.1754797170253892,0.8293905657744896,2.1981752535570847,0.7291456736632713,0.8537036764598711,2.168999275201661,1.3207822840496208
2020-08-14,0.8142641486475862,0.5996490689885198,0.6957966963211231,0.9639144024038688,1.2379416327106199,2.8380295933979505,0.13796646461217846,0.23219401017444125,0.22539195790682864,3.0952261688110823,2.3183504143195903,2.168515861100401,1.4872475419612483,1.1405488271195607,0.854168548686108,2.1634761231029622,0.7301861459769073,0.8580328792065431,2.161247570725954,1.354908928141706
2020-08-17,0.8152346765238578,0.5846235702570017,0.6829542180301373,0.9556707975616155,1.2321290475659388,2.837747598518095,0.1417222315867165,0.2076707632681018,0.2421930028841222,3.0934807129083586,2.110996697296266,2.5069866256877282,1.6032641842285738,1.0839027835475143,0.8382761258160298,2.1137267927431926,0.7389941489041534,0.9862785758354318,2.1664356586241116,1.3576304549812719
2020-08-18,0.6147178822381634,0.5835180511281626,0.6829558949052231,0.9533525869200576,1.2321148552464491,2.805870910412703,0.3500277010805445,0.20783417731699777,0.24262893624105925,3.049887354278638,2.090599970176185,2.458798108161509,1.5627856234799549,0.965539506247748,0.8301283746137534,1.7696714571152192,0.7579272017619528,0.9965965600686624,2.1737500145669686,1.3604132186063034
2020-08-19,0.29703971892952835,0.6037651668783639,0.6910196001785123,0.9577677489053279,1.228050727033885,2.8058644654570037,-0.012097147592075785,0.15855301976514685,0.21515472500409308,3.05182958778215,2.070931241167138,2.494019439058907,1.5554876394629662,0.8932374255579976,0.8547337907043914,1.7102970361732757,0.7581653327060183,1.0755729827014409,2.194059562778733,1.3719737616228853
2020-08-20,0.3084964653405847,0.5801037582387633,0.6136833689660063,0.847672669063095,1.2167241426697366,2.7794774595811695,0.08632836794737733,0.23378248858266054,0.19554547316385582,2.7755387111374192,1.8634084426872861,2.3428252553585143,1.5764816612435795,0.8905088837983715,0.8575987009178957,1.738566526252053,0.7693064426675996,1.1079071871887,2.177857543889387,1.3926777627936893
2020-08-21,0.3244372828090228,0.5844293461650799,0.5780994540453588,0.8378051269733156,1.2158605893613497,2.7659191598225403,0.15668895305317934,0.2837213699304458,0.20453350125453706,2.881632212857136,1.866594490000798,2.4703580017776043,1.5693388523557155,0.8818002339954112,0.8470632940446157,1.7406212306303395,0.7477099436754836,1.1205807295847887,2.1800268617455956,1.4068948852197647
2020-08-24,0.5079792443346323,0.6454945587740591,0.5929217649278451,0.7296530375887388,1.2199706468843463,2.741853625169422,0.2958222857534557,0.2979247052237815,0.21399581128558096,2.875614882312076,1.853047281362464,2.462929124241709,1.657116543402066,0.9502535674501255,0.8494905806436743,1.8425574767621153,0.7242728369610736,1.1221352042304826,2.1982486895989286,1.4071189806529247
2020-08-25,0.5062480464118901,0.5310934318139982,0.5508313926344254,0.70618333186692,1.2198473186086378,2.7234918516083337,0.32259441555352353,0.34713253549505046,0.21309100121781316,2.8342947764844393,1.8456961845201127,2.3687402749359245,1.6571695312734314,0.9410261969053624,0.8299631148292981,1.9545843507211564,0.719649412554165,1.124993710768228,2.211912415743317,1.4810490530139895
2020-08-26,0.3669705081232113,0.4531245385217931,0.533737117496174,0.6976796806924023,1.221545383255887,2.7194762195011646,0.6063838409208214,0.33576581693194213,0.21599978253875107,2.832869572782763,1.8841613293692014,2.3571316223577705,1.6036792630878653,0.9456650890932808,0.8542734525807161,1.9746565977700323,0.7133968142072733,1.1093147187368775,2.2140994967102494,1.4561426738081211
2020-08-27,0.38737798482179564,0.4229153080071186,0.5093949129614951,0.6947777743593431,1.2127485212304054,2.6182562568733925,0.5878417299676068,0.3645375079404067,0.19746380623286316,2.8956023896455076,1.932619164639744,2.4034227139385616,1.6383446067661442,0.9311570481469849,0.712084468911239,1.6644676262917004,0.7150177488180484,1.491616077109987,2.211021778419717,1.5160932613701557
2020-08-28,0.364809238888655,0.41528054764245853,0.5040442014092826,0.6958561298402164,1.2125783317041279,2.5789105663294802,0.6460722687606516,0.35732489061385925,0.2126067420772563,1.961968285989879,1.935462419189536,2.4967825627392037,1.6308278544555137,1.1508882979326513,0.7035111411440633,1.7545327763764504,0.6778122559873638,1.5706773473004911,2.2137998277248685,1.5641803455329013
2020-08-31,0.5088391507612429,0.4809662315102212,0.5218777452007065,0.6728484239682441,1.1746927612648774,2.5367767792378344,0.37096446189885757,0.3044519459062417,0.16385470467292051,2.0104365877435333,1.5807484349337204,2.4252656586662216,1.74089216721176,1.0441150271406254,0.7157295397580744,1.795038311344648,0.6580134741098331,1.6014127785384864,2.3318628125700194,1.565661032031212
2020-09-01,0.568124099780052,0.5148603329550917,0.5409021588201416,0.6487929555828518,1.1711688583080346,2.371267900495316,0.48935430649718537,0.3322324269165883,0.15940629416150545,2.1255523856750607,1.5308591043592754,2.474184672700136,1.7322269087665734,1.0685675948334947,0.6060578503676751,1.6582884381439655,0.7331821620397972,2.059277280777264,2.3358190215858143,1.5590333373917553
2020-09-02,0.6899633009055067,0.5212019942213245,0.5930628418629281,0.6700726297060015,1.1766340490940201,2.2499381978769697,0.5781220128960366,0.3734959734271187,0.19594052857691704,2.2336011005469283,1.5655614045279447,2.5434303782019168,1.7225846320709781,1.3782783192488084,0.6854849051984162,1.6323770962568844,0.7816676832408153,2.0099269774180923,1.3655297920138838,1.5235984636270006
2020-09-03,1.9527308428332721,1.3835673836948281,1.033771123870886,0.885948742584806,1.2636185829957969,2.0291636726069924,-0.15389961479074196,0.1680015188352018,0.14788298246174003,2.913814914097728,2.1310909885267777,3.465009507048624,1.7264979806417606,1.435052396870935,0.7842863508438651,1.6332801128693586,1.0190819864391403,2.09544368706805,1.3235796563599183,1.3412274518769363
2020-09-04,1.9120786823593066,1.4197070414457074,1.0569420256622202,0.8919931311666125,1.006485214195947,1.9774309308529194,-0.44637270990494937,0.12358874413026462,0.23035759795908717,2.8492867009388645,2.115222100851782,3.542027838145806,1.7241352598433026,1.444038555405029,0.7830705090886803,1.635242363797627,1.021651657787306,2.1330205086398246,1.3328029067010179,1.396503482094966
2020-09-08,2.1632852558881464,1.6304029480304842,1.2331293110182364,0.992033181027981,1.0684400288596245,1.9354917719728184,-0.920397987261989,-0.027972252005740206,0.16485847154466807,3.258037963378369,2.408743800692118,3.8078701856051276,1.890587663759466,1.5671947647893485,0.8605402394783652,1.537731610906622,1.039007198575028,2.263335300270782,1.3575243240044363,1.2887141737218173
2020-09-09,2.419699595481784,1.7741945808583046,1.2952218123827968,1.0176721993802875,1.089386882634227,1.9414925486789822,-0.7138170356183978,0.11203984687821351,0.18221191917454302,3.2891277717376126,2.5338859798432605,3.9784787702619853,1.7547538439834967,1.571174399880106,0.9092342072498469,1.485775386801158,1.0858952926783938,2.2383091375540016,1.3438023184396597,1.27129409574009
2020-09-10,2.107900289783145,1.7942761506389395,1.3210242879917018,1.0531332375923466,1.0926579900499669,1.9038288744447782,-1.3503665340969937,-0.04448945696805322,0.12119331053551081,3.3111494530396697,2.541532684941998,3.9239447214945344,1.7591787351959352,1.5651828200638818,0.8779879726283215,1.5259471819394013,1.0957460540296862,2.3006271522532176,1.3283704381899712,1.212093358939334
2020-09-11,1.7975439677448908,1.7887698484688643,1.3207822840496208,1.0508965263428751,1.0904329453747483,1.8853135579793536,-0.6518915404315236,-0.03290526432682077,0.12896502848175728,3.2997988386691772,2.5448571543882155,3.9402488491679644,1.7825468549342665,1.6225715318219025,0.9057255472328198,1.4838122619992986,1.0753541260322603,2.301332992750345,1.3454702812425712,1.2222122112068134
2020-09-14,1.991492614451291,1.8442302850643175,1.354908928141706,1.0678985281601445,1.1010771823663799,1.7092772185690348,-0.22517848272157268,0.032802507296826836,0.15027489146114015,3.3708726488666447,2.550151834884925,4.122763709603621,1.8112197431142607,1.6226998263101569,0.8965038619010997,1.4574019921644332,1.077944941040696,2.3005190671206783,1.3462535743462818,1.2376940008160082
2020-09-15,1.4155807102755404,1.8631509736634928,1.3576304549812719,1.0640515736630898,1.0978838900726036,1.7058062864863104,0.4223300676143763,0.04217970700117475,0.16821994872903476,3.3699764524874847,2.573644191665576,3.870305522300086,1.850697020149618,1.614257232733192,0.8961116682740409,1.4542238042766549,1.075193759671619,2.2487367512826473,1.328699837642581,1.2511358031777522
2020-09-16,1.134853217158496,1.8155625104721707,1.3604132186063034,1.067122083239543,1.0984805583766684,1.628443868164692,-0.051985263214122314,0.011536605804546806,0.15091489971987432,3.4320527391985345,2.6003041326701415,3.968571575323241,1.823335270974166,1.6250803425872626,0.8998786381598572,1.8408083125348618,1.0649074972457422,2.2514792597875717,1.3304674295971401,1.257728710832249
2020-09-17,0.8444598209359725,1.700516403381167,1.3719737616228853,1.0756771470787825,1.1056793388871016,1.6047486572763963,0.1193790575131474,-0.011620405691747427,0.12858299466297557,3.447822682095215,2.6065268047403736,3.9615541777569767,1.843336775508264,1.5314816435660967,0.8903488921895936,1.839714564467035,1.0785860827727467,2.2120074387476123,1.356536633279741,1.2360067232384324
2020-09-18,1.0214319353460115,1.4064294349294355,1.3926777627936893,1.0744308613270719,1.062098642703727,1.5858620131063987,-0.12106435919809719,-0.0847534461131894,0.15190898671364841,3.4611211258292176,2.5509106965555404,3.998061570915496,1.8222345623943934,1.534114325622447,0.8742717351476955,1.8424041596709513,1.1138269740178082,2.1998181865891557,1.3874994734277866,1.1967741243428416
2020-09-21,0.6905919795162311,1.4195635942058107,1.4068948852197647,1.084977684691834,1.0674593633525835,1.5828212725750352,-0.6070720383655989,-0.15813774055786772,0.11549273462808023,3.30961338121124,2.567128513877035,3.914691797711319,1.954492760537298,1.6783243275916409,0.8756101087268032,1.8737352370551694,1.2430119399697321,2.210049521869453,1.4953029759466996,1.224388070625679
2020-09-22,0.9027864207336868,1.2212363579747771,1.4071189806529247,1.090481705040958,1.022200652097061,1.5236447385129883,-0.5044268375758195,-0.15788257383114407,0.17205251432577248,3.3211158929109557,2.632009359848886,3.9201096890017415,1.8411759244406092,1.6682302951138008,0.8826489210884577,1.7231217972094939,1.2406559276828615,2.212332588341767,1.4108901646746086,1.2112312076771945
2020-09-23,1.204427720158309,1.1881436040022764,1.4810490530139895,1.1493354134432252,1.0571103205914334,1.5300196371348265,-0.8888879297795711,-0.29133398052872683,0.10890473502547682,3.4205019100494973,2.7014294720587255,4.025598207906601,1.8563668073435966,1.8102684350846057,0.9146939434733701,1.7256046892251842,1.2434808502970767,2.2490251768629896,1.5560001463795554,1.0624600124371348
2020-09-24,1.3109972524299263,1.1177646515064923,1.4561426738081211,1.1334870375913144,1.046102601451487,1.5222720083518384,-0.659665384146226,-0.3281327119585093,0.09199860610931253,3.410717231652849,2.6658437294983712,4.050504081942901,1.841637775773749,1.8198751330399452,0.9176572086065954,1.7039121495193958,1.2435066934094985,2.2495878176448625,1.4778143791326361,1.0637537907788488
2020-09-25,1.6033211181809572,1.2673861571894451,1.5160932613701557,1.1600269538075478,1.0617054298318993,1.4067303776347608,-0.10607347236519091,-0.25823224669638883,0.10726831983593736,3.551068198436192,2.656199905576673,4.155368460382926,1.663066821324675,1.819923214284949,0.9258552317785828,1.7450710495944632,1.2516191662140532,2.012306046787761,1.4811722051142049,1.0193464932563843
2020-09-28,1.6471459887918019,1.314309288019002,1.5641803455329013,1.1821724927443158,1.0790978657501893,1.413029531433534,0.4487028200009061,-0.2074801027478041,0.12577269071085548,3.6081622072013637,2.649746401910625,4.0610244026661775,1.8140985306019755,1.6776045140261633,0.9233275419785694,1.7054750764174262,1.273642647933303,1.9137594055789686,1.4975158233181185,1.066082058750356
2020-09-29,1.6602568671251021,1.304333458881812,1.565661032031212,1.1817449019483879,1.0661891398999361,1.3846149974336925,0.13609395129482707,-0.2166002014821517,0.09096701065025524,3.49954489317809,2.642294160018156,4.055726005739068,1.7449256612873343,1.6802735886784388,0.9284895143024259,1.7596244196999387,1.2741895696288228,1.9009277523769479,1.3922859447664724,1.0608166931368201
2020-09-30,0.9341778277797159,1.3342075564742466,1.5590333373917553,1.1859633831107461,1.0592684855418972,1.3801331488282238,0.751557234896543,-0.22578324842888745,0.12079334623421459,3.3720434928547585,2.6633658185837477,4.016272719545375,1.765154351958888,1.6808580922458976,0.9721923534894106,1.7658039685775537,1.288842175665276,1.2940384323547,1.3556706074850455,1.305657656551378
2020-10-01,0.8999092734486612,1.3181215072924592,1.5235984636270006,1.1862245259097617,1.058120411698001,1.3771644876388502,0.8266450526888018,-0.266001952010318,0.11874560203586589,3.371707374066274,2.629807356459654,3.918389621785472,1.73416959747813,1.3715155355477242,0.8925156618540895,1.8746892116200746,1.2480121504606172,1.4113203952624949,1.2931903437463013,1.3197080812331377
2020-10-02,1.0550883956929575,1.2985170242780626,1.3412274518769363,1.192296041785448,1.0634359683108643,1.357225760041561,0.3134108005871442,-0.14140464285191728,0.11240862068537176,2.9582161652356644,2.337263116278544,3.4236730386381353,1.7534828437088668,1.3440972914713663,0.8351613003114302,1.871210226017472,1.1010608376809405,1.3891827103371406,1.2664901011422556,1.323028360868991
2020-10-05,1.0915432904254878,1.3186712026097418,1.396503482094966,1.2243599197257873,1.078657115834821,1.348906035239747,0.3358896784492219,-0.011914505659261266,0.12494717737282131,3.052708280903518,2.3729122861056844,3.475099260377871,1.750204444155189,1.3159704778643178,0.8580926625748404,1.9935735259339176,1.1401313135722633,1.385252120280332,1.2820837219693264,1.2817459533379472
2020-10-06,1.3158257687340134,1.4123616534504204,1.2887141737218173,1.2456388061436166,1.0896393510182967,1.3565447268345612,0.16048810824244733,0.05362132239395741,0.11568508915253016,2.717902816751095,2.07892655477043,3.1680900458062733,1.5836888388239656,1.2167283146415149,0.7800444608054256,1.960257749649672,1.1618647811048408,1.2053733181360482,1.2411124977719057,1.3111238702502057
2020-10-07,1.4893212311964628,1.1903443872082706,1.27129409574009,1.26725169268878,1.0992748200777613,1.3442454601963227,0.35698705508403294,0.04191777424672023,0.1230978792979733,2.5883317772442167,1.8890549832257297,2.852154944802024,1.6193131578740028,1.2392536894979496,0.7153151669038287,1.972478656517603,1.1258857878920918,1.1846997344666446,1.3301484798808376,1.349276670235703
2020-10-08,1.5049285261756178,1.1898317995704075,1.212093358939334,1.2562097767572682,1.0988839659539973,1.334123610348854,0.40583102056690057,0.17304743665565553,0.12255607318440312,2.476708296037712,1.7724782046448815,2.7408376717603735,1.6622064746552403,1.3010215025860858,0.6729122748069485,2.31253522321066,1.0521639349244678,1.0611583758753862,1.3342518507409133,1.4038830469207055
2020-10-09,1.3019889484373797,1.143322761212928,1.2222122112068134,1.2622977648169085,1.1016912471159996,1.302303557886707,0.7743383213329261,0.21515282258919516,0.14292986109540273,2.4794966556571008,1.8362221975091149,2.7220177719810397,1.649232551828621,1.220743057596347,0.6630430135151597,2.329664426602988,1.0878813467874282,1.0753721832022594,1.3889485435682805,1.3916243752921351
2020-10-12,1.2721560034422421,1.137762439548588,1.2376940008160082,1.2847573252561282,1.1177140209731318,1.2955809944204923,0.7414212859769357,0.22973543651536582,0.164910651328878,2.771503746772008,1.9055881065870868,2.525266466641426,1.642875377346309,1.2263420369449416,0.6939525794350575,2.3280325746092747,1.0912305050843625,1.0894897280334062,1.3896685069476322,1.3730559643046596
2020-10-13,0.9512967122208229,1.149639226931825,1.2511358031777522,1.29029565571318,1.119373698909253,1.2978279624649989,0.8952211524203761,0.17184409359545733,0.140564854621578,2.8551764678954816,1.8842840992461471,2.524828569647054,1.5206052924390778,1.276397323388381,0.6983717068299486,2.330368464022927,1.2148368245706032,1.1161007687563704,1.587490784340131,1.3642729848673911
2020-10-14,1.0129010688997748,1.2012290629987301,1.257728710832249,1.2953636649491869,1.1237127769743191,1.2953826382254328,0.42141107498977737,0.16026685879769514,0.12654588063974664,2.753647853398048,1.8413773631950365,2.361082352178371,1.5264913545563,1.2727108901705109,0.6725560646559104,2.075526634692832,1.2132012595028991,1.1684037734179058,1.6247394280387852,1.362077832563888
2020-10-15,0.997610552085057,1.207706460247055,1.2360067232384324,1.293277939394455,1.122645992802041,1.290520264156527,0.21944720475860527,0.19806447346702002,0.11499902918013986,2.720150395719936,1.8242183092188626,2.374563380236842,1.528982847547509,1.269950486981687,0.6729881894596561,2.0958790102882556,1.2064486586653107,1.1687402126538715,1.6079710837314307,1.3834541460180763
2020-10-16,0.9251610284129047,1.1350046172952173,1.1967741243428416,1.2930058691471908,1.1097232952299734,1.289384385237351,0.028757546327303006,0.25260829897054526,0.1338791138133388,2.621844222708197,1.7856387625314638,2.3197877177458746,1.5288864069109434,1.2697451318820674,0.6691147395520006,2.0825146783196136,1.1732789877835925,1.1285094107877984,1.588546492257327,1.4125667536433264
2020-10-19,0.5849417967712075,1.1700419191701577,1.224388070625679,1.3167076584476778,1.1257849380662017,1.2788777258096051,-0.5970601853512832,0.2322383997689447,0.11927400971384097,2.6436118180231953,1.896094739706853,2.3553763013985844,1.3952940685116721,1.12363636700726,0.7871331776708206,2.0805189250902516,1.1516418296733704,1.1553763419469207,1.5536635665988918,1.374065586462066
2020-10-20,0.7312608171031756,1.0469721307271538,1.2112312076771945,1.3085975919522883,1.123563870766015,1.2752468835974726,-0.3864222478160847,0.20134524103539103,0.11379579080934286,2.637792093776993,1.8298020372204713,2.3572139649856907,1.3579570102577931,1.1294760729790843,0.770467675055802,2.03916522560796,1.143641173843174,1.149076748637136,1.5224904462474576,1.3864646269345566
2020-10-21,0.7212368135641113,0.9116956436001279,1.0624600124371348,1.3079074879521395,1.1200057588698178,1.2493403855648835,-0.2986156057829744,0.30783493979684434,0.12121116492105603,2.4298639102194817,1.6375801484182013,2.1361398119415798,1.316156780020783,0.899661213413375,0.704108985549183,1.9457621874884894,1.1473722947132496,1.0602975220184638,1.3768544800857143,1.4216461218373182
2020-10-22,0.8181436117069646,0.8835709941892522,1.0637537907788488,1.3010096666668491,1.1120001133738038,1.2497731033234056,-0.16418604923273258,0.32193430719539334,0.10985580405627544,2.446164611845209,1.623620732560754,2.1492194943940093,1.4837780838815562,0.9207741792695365,0.733923481829425,2.2769193583488314,1.161215320767345,1.0773223373517613,1.3699677299209685,1.4203030565397015
2020-10-23,0.8497642569658175,0.8395757753257964,1.0193464932563843,1.30167805084566,1.1106803174586586,1.2479770229696014,-0.0841998951851882,0.25807669326554594,0.12146065150318797,2.319557335919655,1.5579267173837748,1.978471986269544,1.4841030187345194,0.9275131786156591,0.737975955195901,2.3151154191755707,1.1509963865925188,1.0766336753176478,1.3526672729608105,1.4333133806358607
2020-10-26,0.9893778167962723,0.8016890768244163,1.066082058750356,1.329374847804758,1.1356967568180827,1.2591985406555606,-0.1497361850193176,0.0826286485138888,0.07749114545998137,2.2588341717734504,1.6930714445607866,2.119052520521513,1.5304458120685034,0.964652534200869,0.7679817453379679,2.3216014793075845,1.141087904772216,1.121391784368213,1.520555286751183,1.3565218317661765
2020-10-27,0.9406863483240706,0.7956637595065147,1.0608166931368201,1.329276724086075,1.1340436583101308,1.2563517220470888,-0.2987989415241651,0.09262201783064301,0.0601579207515777,2.2693378531916926,1.704241535395391,2.138439104517278,1.5887194814739272,0.9469534381079505,0.7610925066803449,2.2597851483825706,1.1456934350128225,1.1217520726619454,1.5227553067513695,1.3802905432143429
2020-10-28,1.671199688333751,1.2603051778241534,1.305657656551378,1.4204669997451702,1.2186864543378506,1.2901767578594843,-0.9445129701206032,-0.11618261145744217,-0.0032444776565804245,2.4790936394088816,2.019645618335941,2.4359265610620295,1.7196642446756951,1.2803540178180919,1.056824169042032,2.3973511345718803,1.305386179043289,1.1387542349689932,1.7399759509624033,1.0666480600904777
2020-10-29,1.7849195116968428,1.3581148571618036,1.3197080812331377,1.4094980442634994,1.2231789405539728,1.2928122078847468,-0.8509457325982446,-0.09746338912636825,0.00334354409681085,2.6194523168434736,2.0194570828786276,2.549714251460911,1.7182559238299835,1.2802370434685981,1.0558663603338911,2.510050076766802,1.3005314469381664,1.0075050115923907,1.8457358950787959,1.0616695861198557
2020-10-30,1.6568975677972866,1.3576962029441784,1.323028360868991,1.3151196188047465,1.2273472939015235,1.2826525898871735,-1.1273519349271584,-0.10211399061302977,-0.025172371543248362,2.818184674932885,1.9252786039938645,2.5269849642084234,1.7168592379445518,1.2762444760767073,1.0429332626978625,2.519567947659795,1.2987518972391292,0.9429231834573595,1.841629439100934,1.0238206236077738
2020-11-02,1.8542819140666547,1.4156770045285727,1.2817459533379472,1.324518884065251,1.2361920509104605,1.2739205847841024,-0.5335866275336306,-0.13474042798182434,-0.007688729836940282,2.714299151806593,1.860591663143463,2.2880961162476896,1.7259340300381198,1.308317842848219,1.047909644217337,2.644361419382269,1.2853806561299763,0.9591096304047575,1.8439216834449377,1.023004957029947
2020-11-03,2.127985857341223,1.5542251240240637,1.3111238702502057,1.2832768681622435,1.2566888880142608,1.2789051938470464,-0.11152036244095073,0.024619900159793495,0.016756323516003608,2.6740425701376824,1.863561995941752,2.4375034251952683,1.8349355907988258,1.338275129906076,1.1362361680149347,2.663277810594782,1.2637887548927011,1.0151768179227267,1.9335347462866075,0.9817141369837847
2020-11-04,1.2546094238825547,1.7354727783667796,1.349276670235703,1.2939557515496227,1.283742808219228,1.2926807839865648,1.0190530777567979,0.04933389421074903,0.06776383844522764,2.807794352666759,2.1156267994933033,2.7786490513882227,1.944513086651162,1.3096368059082646,1.1293983179187037,2.665319538153608,1.2415799367532359,1.0252205539144459,1.9093301341426283,0.8905259877319647
2020-11-05,1.3218235165998595,1.8351013416565627,1.4038830469207055,1.2950677717213197,1.2954341928582631,1.2759375270434794,1.2058237847038349,0.1025348019078653,0.07703092719848925,2.915330234802431,2.2205698936719926,2.832744894157868,2.102091134534772,1.2446243268225077,1.1529985677839627,2.3602967057141404,1.2276650097677146,1.0488453884742912,1.935116656443107,0.8165015158876033
2020-11-06,0.8993831367039559,1.8351229819000718,1.3916243752921351,1.2952471872611824,1.295061956407216,1.2713822873990253,1.4097557822374434,0.05674037461309951,0.07966264429182468,2.8936600779440917,2.161214773034251,2.8893041471706495,2.122556354863531,1.231209500124217,1.1434599598105073,2.3532569852720924,1.258412199202762,1.0845711880962645,1.909471383359886,0.8210277492391279
2020-11-09,0.8904853954848726,1.7202201353331412,1.3730559643046596,1.2938663364760308,1.3038860886791137,1.2675391522229265,1.4369070365438912,0.03913100965991452,0.10055631782403578,2.526399323957176,2.158077627393459,3.1598550843674356,3.679090364857433,1.8935456452554027,1.382497273270123,3.7263456109263213,1.4143352442108994,1.1206650667302311,3.2475010182253294,0.7874729482005361
2020-11-10,1.100020075321408,1.711147342021252,1.3642729848673911,1.2931816311570534,1.303953601717498,1.2654330419060034,1.0544565042832992,0.06442873812552426,0.09281751290738548,2.4649236514871204,2.2743899501782594,3.4437375638375176,3.646921504251679,1.920218638259893,1.4422934429793302,3.728623689418767,1.3706571463243935,1.1229744854017776,3.2010231046115343,0.8228613766411706
2020-11-11,0.8801114763763535,1.0310465024219435,1.362077832563888,1.294099564389221,1.306568424868425,1.266521572579105,0.756033730915702,0.13298955819223018,0.10159767426482409,2.567687886115848,2.3564008219355994,3.6566473096375325,3.671049747906587,1.9325849048999735,1.475433136485144,3.7420314558480072,1.3720932314807381,1.1206309380092094,3.2574556570755187,0.8132118555406049
2020-11-12,0.8582044008172233,1.1835476757796832,1.3834541460180763,1.296018039495224,1.3122318584894668,1.26698837436249,0.1719694241447204,0.09066535675439409,0.0923698081765556,2.5667300826503965,2.356087436817879,3.6541415536840054,3.6920421686831086,1.9542287394629774,1.4752955909629528,3.842403831163307,1.366205413381243,1.1189227580437673,3.2921290503628726,0.7731877367192073
2020-11-13,0.9977537241396787,1.0276208669884346,1.4125667536433264,1.2930297693952528,1.3225388042546742,1.266107330755285,0.453422841480389,0.162906698401371,0.11025385041957565,2.546167005862844,2.3594847895424955,3.6549323334781096,3.687102624672419,1.956747497881596,1.5119039081380194,3.857129726444881,1.3801616690504321,1.1634463397793797,3.3085939766579564,0.7309794832288322
2020-11-16,0.9960847863514439,1.0310129681846274,1.374065586462066,1.2850641977087782,1.330345960184949,1.2696495157936485,0.4517587024553674,0.3013357316115772,0.12514546360755144,2.4760438040501374,2.289742954692304,3.638720081390067,3.6748490371285936,1.9387877820517376,1.488294148843778,3.9843729850554856,1.2381747161649808,1.1358536217429749,3.372138660746931,0.7399145779688038
2020-11-17,1.0676288219950238,1.0831371160423464,1.3864646269345566,1.2852826003762878,1.3278628743419838,1.270995268348144,0.373524132111556,0.25441533310743447,0.09929266677056052,2.4710833782644905,2.309841995566127,3.6341345325136154,3.6987050088026217,1.934947602930173,1.4891074344406074,3.9858020075712446,1.2680989045084718,1.2465996140196716,3.3783113713198403,0.7246168521610036
2020-11-18,1.240179364794154,1.0923800888934518,1.4216461218373182,1.2398976733999971,1.3379982474381713,1.2768235308319453,-0.01573930739429317,0.2037086327894005,0.07340319735250604,2.4830117592332166,2.3290740691143568,3.6284218723326345,3.692634979432844,1.996857740190544,1.522739830254358,4.085493707882215,1.3057305936874548,1.2488716083466413,3.3857838584344235,0.6575696532555023
2020-11-19,1.123068589832453,0.9434963935232208,1.4203030565397015,1.2401725132895396,1.333251417439485,1.2755291371315374,0.262473782317996,0.19733031464207623,0.06371063662632015,2.472195792887523,2.334052880221866,3.6167031072212135,3.637485307082617,1.9873413691816697,1.515770289771329,3.954967625357699,1.297269776221959,1.3017615217442604,3.4215227804012076,0.6699297979435231
2020-11-20,0.9781780803233312,0.9845352772301027,1.4333133806358607,1.228935194464718,1.3365690457051174,1.2729826866177354,-0.15136075801835477,0.14611648269307936,0.04865364308741219,2.4824825127671395,2.3378875587460053,3.644228971656828,3.6520924266219623,1.9994258369035374,1.5064873979055549,3.9323158207754867,1.304329557590427,1.346319496304931,3.429369401511524,0.6514291883627005
2020-11-23,0.7661409169701862,0.9225221786717785,1.3565218317661765,1.2079056358338658,1.3362304433035088,1.273220225370377,-0.28112527369508167,0.26848845944263616,0.047879001736240344,2.5783649885455406,2.2470988204134037,3.5674807019947417,3.614402036224251,1.9623314516536874,1.5002035340885285,4.082878835132136,1.3100572336221314,1.3058014454780313,3.3628955692834492,0.6490736781554766
2020-11-24,1.1112725599164819,1.0341598310800726,1.3802905432143429,1.2229547067096078,1.3501827310145185,1.2608453056786766,0.1487157781164087,0.36629401301757786,0.0807719431220231,2.5734932163656743,2.2574245569858307,3.5526304247305234,3.6506107651213715,1.9687948628001783,1.488105311014833,4.218718694411454,1.3022911342163008,1.3050267132757492,3.4042558288732,0.5516620467300727
2020-11-25,0.8635492790367327,1.0266082595678738,1.0666480600904777,1.221347715856448,1.345742380827542,1.2571094690537017,0.35857169205543193,0.5294797983334092,0.06250464614902658,2.336533773381363,1.9264379368470956,3.3238770386990573,3.5704625900166596,1.7166499399753667,1.2888795280455947,4.1575510358942855,1.0283370394350793,1.190050444980919,3.2600489612713,0.5527800813228844
2020-11-27,0.8633254587301467,0.9450385736890237,1.0616695861198557,1.219376112399004,1.3337798424924527,1.2547191587486217,0.33007712898769614,0.4925860300385615,0.04304022963395845,2.192209367781611,1.921055752304693,3.2552234208842634,3.5938342091111024,1.7277477634519003,1.2888167016614485,4.148883453257164,0.9968710721676747,1.191587890895422,3.289447988125901,0.5768467599211616
2020-11-30,0.7963844538818385,0.8860705496921458,1.0238206236077738,1.2097469590040626,1.2548454369968634,1.2542401083287504,0.3784871259811998,0.522576247920169,0.09301920481840735,1.7781601980605075,1.9038813839502295,3.1269140455385007,3.6996566822872574,1.772578743684469,1.2858771241824352,4.3593465255939,0.9943953178326108,1.1571102113500449,3.278045995622064,0.5661404479732438
2020-12-01,0.8588956493051416,0.865183992178785,1.023004957029947,1.1918708177395412,1.2556117062485266,1.1343333358881527,0.47734568783135456,0.5212215382838825,0.12485553488093235,1.8649471505050303,1.9077009262663651,3.1286689870109963,3.690547165107718,1.7669377142522154,1.2685773713634405,4.293531492878173,1.0419081459769894,1.1519410918024497,3.245207016510933,0.5209292052066921
2020-12-02,0.5795500336617415,0.8359347985189531,0.9817141369837847,1.162751275972432,1.1982794343815708,1.1304467655675228,0.19714349997844974,0.4434599786224281,0.17390040039205967,1.8538661996020565,1.8729562028008502,3.048374279328738,3.6620986801869426,1.7481844978523533,1.1941369537420792,4.296952508144357,1.0358930180680725,1.1790749048778126,3.2315255661832145,0.5283451562988442
2020-12-03,0.5628554242203067,0.6909225714037633,0.8905259877319647,1.137335905677723,1.1749296426825153,1.1283895597882123,0.22252515078287996,0.3303478165899298,0.1405331616824664,1.6626630066263859,1.535605520640015,2.745504793963401,3.5639310148669963,1.7528234176825936,1.2008861642521496,4.281105149476084,1.0350471511877117,1.1891335791431938,3.2455378922407885,0.6233777011278856
2020-12-04,0.6333835789603228,0.7138494646357026,0.8165015158876033,1.1369586647304697,1.1522421230152768,1.1185598565494819,0.33917878363912946,0.2759247797723851,0.18383567277863536,1.4928236892673472,1.3374732635870776,2.6876090890997077,3.48954674289596,1.7898432548713732,1.159811354643015,4.3036641082122475,1.0400822006234471,1.1788101914327849,3.2454817208201607,0.612650776861983
2020-12-07,0.5654120438583453,0.6511392887787417,0.8210277492391279,1.1327820850116326,1.153218540211415,1.1178282712752308,0.3866222258031685,0.26679285881160025,0.17956201867129837,1.5102286894687291,1.335096916200629,2.596603136091827,3.4644996509193993,1.8474279714585333,1.1485713086869815,4.327927743775717,1.0237004401706884,1.1405751781117033,3.256211584749512,0.6217670051206446
2020-12-08,0.40596570886174377,0.6469994770906924,0.7874729482005361,1.1085287306010945,1.1436346666777168,1.1178478557483826,0.2263992094474702,0.21859458150977726,0.1624870092283526,1.4177752634594694,1.2473369420711724,2.206488764443947,1.7759839253351026,1.2177261428459398,0.8105449785199446,3.4542388107088584,0.9215395750846557,1.0877531328049905,2.012246226486253,0.6957538053935522
2020-12-09,0.6472169702328215,0.5879738331247671,0.8228613766411706,1.1136055233446178,1.1508153117490267,1.1200209209353,0.004948948904435558,0.1810830897777121,0.13911864049956463,1.5138941160422765,1.0744857518898079,1.8133963670289321,1.7862931723575497,1.0580463754298304,0.7545184175480557,3.441372763668121,0.8919818338776397,1.0710189000949222,2.0048627799028487,0.6565869042375198
2020-12-10,0.6472889724547484,0.5833512120849191,0.8132118555406049,1.1072684017061079,1.1488996922543957,1.1192440294853236,0.0038649028860996636,0.1423056095825292,0.14518734219081822,1.3867830307263387,0.892279886968751,1.3852589256965446,1.7535764175931003,1.0513434139355893,0.6830471535670584,3.4411489162608024,0.9005741317003183,1.0114718231760664,1.8353522395657913,0.6844535539432695
2020-12-11,0.43671423298562456,0.5843137343386622,0.7731877367192073,1.107230524080915,1.1415672556956338,1.1191316568397747,-0.19194325268626375,0.18494661056463907,0.15789214692868442,1.3968597159484806,0.9415745927339974,1.3857282145235155,1.7309554450049986,1.02787137573189,0.714570665331147,3.301930429098198,0.9020574063636112,1.0106080083215816,3.3735297030788596,0.6819417534713901
2020-12-14,0.4517707787233622,0.5848095189061012,0.7309794832288322,1.110696681245307,1.1314604114266242,1.0927435345654033,-0.24039263757259474,0.09333898904835432,0.16961799547342354,1.4044771091819892,0.9400002133477168,1.4639619109473578,1.753894695567266,1.0132876229387089,0.5939112514132147,3.4513732651128963,1.0631215118892057,0.9575509314773071,3.547813237831699,0.6652359944033424
2020-12-15,0.843119777962763,0.6381487632826376,0.7399145779688038,1.0941147425228448,1.1288490519846548,1.0950013946055086,-0.028526763853202387,0.09852321493263479,0.21069911543771894,1.7771849102433075,0.9359956436948558,1.416762320017137,1.6822659116414824,1.027788955279776,0.5780206907045922,3.265386094385994,1.0777431163851061,0.8994677813564886,3.4762079909141006,0.6211465303257604
2020-12-16,0.6894979013912037,0.6373354910938076,0.7246168521610036,1.0936471848449427,1.1238688737490579,1.0697845829030082,0.18223978741488214,0.13326200360354362,0.19634085924878972,1.7616594302429363,1.0394543823515163,1.4220677893844982,1.6602773946307425,1.0785797744107297,0.5944681793610228,3.2678514277759225,1.0614079136903427,0.7926741465629953,3.4829805329630976,0.650905348897843
2020-12-17,0.6941651362098253,0.6517965835146277,0.6575696532555023,1.0933266502944474,1.0750468606342083,1.063802169389097,0.3006180499759584,0.2213949489250921,0.24431284050377902,1.7271456589425744,0.9825201448059961,1.433262666521342,1.6630286468771727,0.9750970741898561,0.5304083956672863,3.112100460205537,1.1567839079248623,0.8026275136486715,3.472315215446586,0.6612233091644756
2020-12-18,0.7461206754566904,0.6205057030345784,0.6699297979435231,1.0961253429704687,1.0782451312482448,1.0601962556698894,0.2442147062879733,0.18038184155713338,0.23321548779820103,1.785676999642814,0.9849539680909348,1.4372476150683946,1.670112281247258,0.9703111434018858,0.547888235435979,3.1637973334231533,1.154919219610119,0.6304051962561977,3.438251022249641,0.7077015293012587
2020-12-21,0.7260257011632341,0.6286211786475604,0.6514291883627005,1.0992051701044394,1.0653574926008673,1.0600848631556745,0.26225660600264467,0.19674333005360417,0.20031216867074317,1.7628825212885926,1.017120102893286,1.3062367335990628,1.8322521157685807,1.0328994843056771,0.5981640800714849,3.18578765948833,1.174969229169515,0.5809244491607526,3.4618043009134554,0.6961851885490998
2020-12-22,0.4013219527326515,0.6225471616303887,0.6490736781554766,1.0511146161537133,1.048897670072493,1.0598552211833523,-0.04184798208806315,0.1583425378343894,0.1698198819303048,1.6425551918036831,1.01447944736404,1.3089938047004688,1.7815274343912706,1.0334336525878536,0.6113272577062916,2.908122476547528,1.14165830329717,0.611999488236061,3.4202979062167254,0.7028365490423711
2020-12-23,0.3940703952583086,0.5440401174974357,0.5516620467300727,1.0474369416601073,1.044763129589083,1.0520447656309642,-0.05526517274565288,0.08226676588802824,0.18039426557874974,1.6704693879515728,1.0155182873237387,1.353277759849269,1.576147793489647,1.0167904002819204,0.608903068131993,2.508152468968208,1.1544827193368314,0.6091238610066892,3.359093565829256,0.7033702393205075
2020-12-24,0.32986571273630394,0.5520446036568676,0.5527800813228844,0.8650952014406197,1.04238718296016,1.0467810936468445,-0.08929101673947856,0.10942927172636448,0.1742421528674439,1.6705473737817325,1.0237350654111943,1.2591021040194708,1.5590420970575027,1.0171212017017774,0.6518685291754789,2.4237577296775066,1.1504594116443618,0.604014937400828,3.3187927106906527,0.7072835138231077
2020-12-28,0.48007235294436545,0.5930527384349664,0.5768467599211616,0.8621984897486501,1.044413011981822,1.0472832372009329,0.1623810959187492,0.13845783328989664,0.1778601580673633,1.7922033655665282,1.03460124593375,1.2650360778018626,1.5524115631375324,1.0461992400395463,0.6719211942078578,2.392865450166848,1.1508892875196557,0.6867551147425616,3.311732622038919,0.9034931522965178
2020-12-29,0.43896466426633113,0.5666940791879302,0.5661404479732438,0.8379775445282927,1.035083721334568,1.045672711122884,0.1957241069243091,0.15105257528938149,0.1905049441988403,1.8260609017159906,1.0283916469787246,1.2394373174530233,1.3967403168939216,0.9873149808070805,0.6717816260184348,2.067969757220484,1.1524195588744008,0.6527019705343138,3.3380407521988404,0.9201388709711991
2020-12-30,0.3941723755732461,0.40694750565599735,0.5209292052066921,0.8287330311108914,1.014012360466201,1.0426042142098326,0.2579731416481471,0.10349940128858755,0.16332683719688193,1.7599846128272014,1.0532506842018015,1.298522981635537,1.3641731775322552,0.9801969627491915,0.6730730527116375,2.065913404657089,1.1125482071468205,0.6529147222054016,3.3492933105365243,1.0314669002282335
2020-12-31,0.3939540120181999,0.42632304205864735,0.5283451562988442,0.7953719235502055,0.9932807987849395,1.038957045837465,0.3416212420857637,0.11838620141485674,0.19548869339902614,1.7807432842688424,1.0468904516716797,1.2712787977736828,1.3333673756314754,0.9862811415067422,0.6926004874249724,1.9283809366390265,1.1190900654853435,0.5983019997440723,3.3295299553992965,1.0932378699466319
2021-01-04,0.8523524036962806,0.6107911829246438,0.6233777011278856,0.7717387774857949,0.9922213942701433,1.0427599063195383,-0.008473226264546696,0.051679677464507814,0.14378712942172894,1.8906408144608646,1.1579420946404544,1.2604097920572972,1.3447571109440468,1.3092468865111733,0.7064128313852744,1.9284272403773075,1.1334562650738575,0.708323792071365,3.3805147213671534,1.0824800032563016
2021-01-05,0.811428386503138,0.6377500267157872,0.612650776861983,0.7221887908455077,0.9900419855658457,1.0415150247017633,-0.042542213878422254,0.04302758391050872,0.14049572186358641,1.891598280466079,1.1579218250711245,1.3337596910231029,1.3370769950663521,1.2400770172119289,0.7197869647262638,2.05249726280166,1.1447215919325764,0.7146847587370729,3.3812151721357613,1.0758406099148017
2021-01-06,0.8510869703573665,0.6398237039814448,0.6217670051206446,0.7248344787324176,0.9869677735555994,1.0415063942021305,0.11519257460839408,0.08319516249068788,0.13557613197179594,2.0531631209837498,1.3042709917666198,1.8619072530031124,1.6667782298598532,1.3800839624926093,0.7540565003805639,2.052015605472822,1.1216245661817696,0.7232775336523896,3.3731541766249475,1.0943524306770687
2021-01-07,1.0505095568600722,0.7509515408713318,0.6957538053935522,0.7344442087679053,0.983978475228479,1.0486563979704808,0.38380666302593436,0.14285126468320358,0.13352561861763182,2.179826159941142,1.446023023858336,2.2751356265932685,1.781524762889391,1.3861655201336764,0.7865238905360321,1.9445365424470915,1.0740885622727674,0.689292811651,3.378000884958735,1.0517801131182556
2021-01-08,1.0526930532425356,0.7498800036866763,0.6565869042375198,0.734990973114848,0.9800724418749339,1.047623008856984,0.396139010349155,0.2161837167760366,0.15389851489309103,2.1097856698513975,1.369877830121448,2.1555023812488705,1.7564697196216126,1.4946927669177212,0.7329090231106236,1.9393594052634784,1.064989918236249,0.6684097071636128,3.3813127811081833,1.0557734335384479
2021-01-11,0.7737147889648134,0.8188870603879084,0.6844535539432695,0.7421986398121007,0.9807082857307671,1.050281442691069,0.5336069818368631,0.18411519720219865,0.15313678832565272,2.187598843032483,1.3834075642339616,2.223765390477696,1.7394491601438202,1.5317435012720366,0.7338609463548557,1.954036189782907,1.0601377537592616,0.6686949973117212,3.380804729935995,1.0401905252476715
2021-01-12,0.7974938041561463,0.793545780285902,0.6819417534713901,0.7195936044082756,0.9801940282454183,1.0495900547187944,0.4000793275422935,0.19103322896764802,0.15554839876222712,2.178971128306353,1.3879159072583533,2.2417810366782547,1.7193559946983614,1.5195083740248192,0.731626694331964,1.9881784207920736,1.082174173790252,0.7146201337228679,1.5842108102806394,1.0407308793048788
2021-01-13,0.7906291690347231,0.783004998652627,0.6652359944033424,0.6931695434334331,0.9798869924584321,1.0425015648739728,0.3343704887080782,0.2268859440608561,0.16104387717019383,2.1904797719429943,1.3919498172406128,2.188970499198227,1.6709646289079152,1.521843465906741,0.7222521286867816,1.7447696121349097,0.880561199565014,0.7223517870072474,1.3278507077363204,1.04037253347936
2021-01-14,0.49224541971646507,0.8039794024040015,0.6211465303257604,0.6746574675241206,0.9572393264437395,1.0409710200998408,-0.032819013698152856,0.14177820222196597,0.1805457162553927,1.9364350604493692,1.4369410684788817,2.2605348398573306,1.6615112430773105,1.5248519893169747,0.7517748795978935,1.868846774554767,0.9266708584381721,0.7272637151559062,1.2390463003932648,1.036254688677031
2021-01-15,0.434074512747853,0.8414488972777433,0.650905348897843,0.6801020355818526,0.9639274595801858,1.0426632447089483,-0.29262592276519694,0.09746728923101684,0.16171487531399836,1.962728775575038,1.3191104444406814,2.3250170408442465,1.7608122477477428,1.514065671712758,0.7593360941094506,2.239351054951557,0.9104343875027059,0.8140448789369795,1.2613889098636406,1.0160409510297046
2021-01-19,0.5796563593880232,0.7033607921657195,0.6612233091644756,0.6533840390630768,0.9661200396596524,1.0418827975782556,-0.0007724178546727245,0.10876758024454088,0.17795705398634454,1.9601247746390187,1.3876233414230414,2.3388179633173394,1.744313576225566,1.5020160957955235,0.7540574398531831,2.250741519419167,0.7906266944731117,0.8263307597847563,1.2652100034425104,1.008041632471251
2021-01-20,0.8499132827219521,0.7799246731235544,0.7077015293012587,0.6802408803785145,0.9775030846695343,1.0433187689607653,0.2717880363903905,0.19792656149325233,0.19187957256415403,2.0551570280833813,1.6129328042539988,2.412595480885852,1.7963233832386425,1.481643729182704,0.7698517811929388,2.188112917918722,0.7964007797405022,0.8976407064177103,1.2755184686251828,0.9752778496251854
2021-01-21,0.8537702676775605,0.7774739457606535,0.6961851885490998,0.665586674147972,0.977393206401988,1.042288099503783,0.23614826019549043,0.22035885760906754,0.1877395567852504,2.185494854035013,1.5640777685369838,2.5497400489868136,1.6772109728791342,1.4683961245626225,0.7448708280525427,2.2640541648743113,0.7602371504282415,0.9030196086774189,1.2803102108752618,0.977137377086038
2021-01-22,0.8544083040814864,0.6724035589315618,0.7028365490423711,0.6682941571674897,0.9430792747102835,1.0416579261203938,0.23540663855285562,0.21109185738219569,0.21264095155307378,2.1277730688343937,1.5614266629653535,2.56399444341089,1.6378458272810585,1.4722544559949322,0.7473060944739419,2.249282806134119,0.7739868924851373,0.8876934523452656,1.2934926998333343,0.9911386852453946
2021-01-25,0.6637371550305574,0.6610182121896313,0.7033702393205075,0.6281772873637688,0.9404989774425819,1.0406841464792695,0.4601382945767799,0.22631815606162503,0.22495964498907708,2.1837514749921034,1.5625764168359186,2.5157454062879245,1.5917731823743952,1.4719455447015357,0.8638603434643128,2.2817566952950963,0.7863281277389889,0.8708600759382268,1.2317812233441918,0.9881465317784098
2021-01-26,0.6817346441579052,0.6136325651127155,0.7072835138231077,0.6282012931109885,0.811832105039166,1.0407945801893042,0.27188109457834597,0.199060608073997,0.27932322604459026,2.183399541447883,1.574161584962484,2.5492958387331397,1.5910081674544454,1.488455315340473,0.8420846690522636,2.3573631811139744,0.9344669494366337,0.8885347129030737,1.26552220995517,1.0143692256573962
2021-01-27,1.1256279505470175,1.0232053727063637,0.9034931522965178,0.7500650606140634,0.8787434873804498,1.0661434904118898,-0.4937130094135097,0.033903035160187625,0.22164896616288196,2.0669229545062255,1.5637678324316049,2.700398143896111,1.7366837067147076,1.450407978230027,1.1109394378962143,2.386002856803309,1.0449710761981736,1.02900703292819,1.3114328940015947,1.0098239109779414
2021-01-28,1.2689043176458472,1.0638421738164006,0.9201388709711991,0.754779342363862,0.8665957585282188,1.067125949943722,-0.33993304929888357,0.08644456855326939,0.2533577972542733,2.204382530668304,1.6465103000196135,2.708859910006547,1.7699619825092117,1.5033765049043848,1.1887963273254083,2.3687119522080895,1.0465731535819636,1.0196293590384486,1.8513256426692188,1.0028350359581966
2021-01-29,1.4713314260513222,1.2304744153776601,1.0314669002282335,0.809003784630862,0.9064692380065655,1.0844664085562206,-0.6695324136739008,-0.020784531448316313,0.20131213604138462,2.3596402383032644,1.7747831412187696,2.688146331066487,1.7957343100279113,1.521089844036723,1.2282114662185681,2.4747908338152116,1.3641130093661364,1.1375945974735298,1.818994251348768,1.0165828753161281
2021-02-01,1.7785165361253634,1.3470771631280472,1.0932378699466319,0.8485011367700374,0.9036023079638158,1.0937305604059424,-0.41550538405796555,0.037036499525692726,0.19962755985432584,2.3822258293290557,1.903458552194389,2.716799635158082,1.7794231666486693,1.5188486856956491,1.20869200961558,2.4561476228999597,1.3600736212736013,1.1493038927834152,1.873391609430364,0.9855924830627073
2021-02-02,1.964643213388973,1.400271652722042,1.0824800032563016,0.8741438161576606,0.8781165138140457,1.096767489590927,-0.10148520754900767,0.17580761275288176,0.18594503560243983,2.3070621059099246,1.8135436031433403,2.7651018406743018,1.8740209723944612,1.3582847200907866,1.2008275313773409,2.4686334574093625,1.3717392504384553,1.1079667155226114,2.009412200421217,0.9894894476034906
2021-02-03,1.475740663475613,1.3245493876412264,1.0758406099148017,0.8656894004458225,0.8470748797584025,1.090550187037184,0.40305553757159307,0.14530247302269145,0.15475161223519512,2.3050839458133736,1.8233295069039124,2.7247583717719905,1.8820748001622065,1.3472937451655291,1.1850423148370182,2.393138632404574,1.356691959322637,1.110354236799565,2.007818741218793,1.0272364305462869
2021-02-04,1.5020975081401098,1.3767462076891277,1.0943524306770687,0.879672353351813,0.8561309765889197,1.094163319182929,0.4583678258788252,0.17223838137087716,0.1740754675577218,2.210946024772189,1.6844821588760033,2.337157271578677,1.6557519998924068,1.1776329467320175,1.1443417250939583,2.3680786275487993,1.3562701618337474,1.1242351999544318,2.0655795929694025,1.081066804720023
2021-02-05,0.6761586189524551,1.3721074912782358,1.0517801131182556,0.8803021318260219,0.8448105525687398,1.094372597272436,0.9374628116478471,0.11762950570716187,0.1596917839667143,2.100872025699008,1.6084393012262208,1.9736965184187645,1.4966385250042027,1.1972483323487315,1.1496050714987023,2.4563632501336077,1.3934639404903668,1.1682720886757232,2.0663265033532134,1.0811606856013134
2021-02-08,0.5405793732254746,1.3828935588636349,1.0557734335384479,0.8690136161189228,0.8469141457762788,1.0955774916100134,0.7489967145586277,0.1252509255780609,0.17417257737726993,2.095991318928196,1.6110508881002066,2.3941220880997367,1.5327308975807785,1.0828243952402534,1.1479066639933115,2.5942156610903186,1.39147221005572,1.1743975436848988,2.3270258719576566,1.1192861764925432
2021-02-09,0.4882055963118773,1.3808599924009495,1.0401905252476715,0.8692334309394381,0.8441442496085353,1.0957023086129534,0.4528786537478128,0.1556255307306192,0.16068211250511574,2.02173024027551,1.5730708439373497,2.3655654945438376,1.5043179103445343,1.018297674842429,1.1450124007191647,2.566640856722243,1.3919171427671209,1.1768801203400416,2.3444368480307207,1.1288912456293123
2021-02-10,0.513997866719681,1.0418801592812268,1.0407308793048788,0.8686870680451917,0.831488076970707,1.0946647234161768,0.42844171825139143,0.15239307069996594,0.17612430341075105,2.026519841716779,1.5361042224394466,2.452861809885278,1.4620406402182113,1.018461689444994,1.1432826086211496,2.5377154583130124,1.3719404813787763,1.1677506370268833,2.2979514040178035,1.1514096882348699
2021-02-11,0.33030880471638224,1.0321551529349442,1.04037253347936,0.8628690678361974,0.8162158791705234,1.0945464292611207,0.23342781980071817,0.14700271414403715,0.1557425490844159,2.003582801185859,1.536156495242406,2.531638971472402,1.4630326357351675,1.0693090436711004,1.1419858775219227,2.61488831195857,1.378433725393596,1.150026673854465,2.297410659258635,1.151288918310649
2021-02-12,0.3451910513699155,0.621368265435709,1.036254688677031,0.843615345152568,0.8048327220766042,1.0948570995483649,0.2535045287395391,0.18921039131658485,0.1431706028237286,1.9633988056206308,1.4545493595888508,2.4991295014327584,1.4931666385908975,0.9851680364664297,1.1296504445011175,2.4872957896105943,1.3336084908533405,1.1526170987716575,2.3053169418676243,1.153596962788129
2021-02-16,0.2458699927218045,0.5260595955062651,1.0160409510297046,0.844556914433881,0.8004576487223316,1.0920354830251209,0.09174917096286297,0.22134469901007586,0.15069133061487883,1.9745405367914208,1.4679315219245255,2.4080365551623264,1.5208944712032437,0.9703674599673331,1.1292537490484327,2.274600460039511,1.3534324661575856,1.1121145163402135,2.2915203237636694,1.1538844640549757
2021-02-17,0.23445023914815283,0.40383508589379646,1.008041632471251,0.8423010529411087,0.7807072142058741,1.0918774534668043,0.10965947376953925,0.18323350363667218,0.1711320109354351,2.023853494551016,1.446104646109366,2.5415251606260765,1.5130803988667547,0.9673356411565521,1.127173668037594,2.2621573704081395,1.3146384805414173,1.1127945366687146,2.293182989827181,1.1556508900734777
2021-02-18,0.3367904312288503,0.45958100216485714,0.9752778496251854,0.8427482932942507,0.7837593649508516,1.089983647986585,0.03324765366079543,0.09275797501756718,0.157022126022651,1.89323931453897,1.2668838964333264,2.5141571702191063,1.4552617926165055,0.9981752568698803,1.1173356206474174,2.2971717676432144,1.312258255836055,1.8116450045407835,2.3458313251828455,1.2008280621202194
2021-02-19,0.33854084055608724,0.34547188306693477,0.977137377086038,0.8404627949256955,0.7772274903899178,1.090250886986712,-0.034379699972841495,0.07937072410195418,0.1654909705882087,1.6795747129485512,1.3159624571414748,2.3991761936091964,1.4552837517584198,1.0497857282120169,1.1881178860134107,2.1686472816186373,1.3675062583350153,1.8187142850385327,2.3135496686211448,1.2009009433189173
2021-02-22,0.31626719654070506,0.4225690825737724,0.9911386852453946,0.8515878941707802,0.7843260099374323,1.0920249113803915,-0.2869968902080907,0.05860950912634828,0.1426813014476445,1.7264074592353094,1.4811601694540686,2.5598942908557074,1.428010624497332,1.0375299862219618,1.1810035030805837,2.2268300377874617,1.3438185263661044,1.795834571960741,2.4831498626619126,1.19810468441558
2021-02-23,0.3598880915285189,0.34059675625731345,0.9881465317784098,0.8515597588838442,0.7602550654333904,1.0912144549676512,-0.24539731730416756,0.044960796039839004,0.11784857266316413,1.5534848176035867,1.4529113387480688,2.5857218893731684,1.3632557460866552,1.0372049813140036,1.1189105145236644,2.1840522585000044,1.3088140783232014,1.8191049240599473,2.51771677976998,1.2141454306780488
2021-02-24,0.7121460890774083,0.5051906084922804,1.0143692256573962,0.8643638838354208,0.7698720388637026,1.0923506516081796,-0.02959869063010343,0.10786355733455984,0.13878447904497382,1.5435455210545364,1.4333611870525815,2.5985374105127637,1.3595078386816883,1.0180927997761677,1.1046497734552772,2.102297100220598,1.181898777068799,1.8159623702751155,2.4738346951548307,1.193874681904071
2021-02-25,1.2989346036566431,0.9268115574328173,1.0098239109779414,0.9465473128587562,0.8369005924699826,1.1090186399514086,-0.4263962825958486,0.10958715672198246,0.09398267505735562,1.6689600632625947,1.5323339226870496,3.1089313265076104,1.1827948649558078,0.9813459901957983,0.7981172265531128,2.1355574304801266,1.1411328578307518,1.758614830827902,2.4224374940062736,1.0597120456395415
2021-02-26,1.291462592063051,0.9224581951320662,1.0028350359581966,0.9502382082980856,0.8377414504740498,1.0623836467156136,-0.49412745089998344,0.04082212370167922,0.0927730891814434,1.5532146737848551,1.4491751429246242,3.170075692989735,1.395998455264743,1.094944551001593,0.8649674877520228,2.2813590802300863,1.2515424237192363,1.7739327930344562,2.195395680966459,1.0988879630680517
2021-03-01,1.807779214488816,1.24444768359437,1.0165828753161281,1.0209381660024377,0.8811604651725954,1.0801113137215534,0.1445064460703919,0.26211922406242144,0.11494469796756428,1.8846509939835239,1.3610818015113888,3.1676996627229532,1.3789419944936516,1.061651130983405,0.8213583862085181,2.1974662470769397,0.9965294252183956,1.7566543197477393,2.1774980267171795,0.9698141564052154
2021-03-02,1.8550198700986962,1.2645711601477967,0.9855924830627073,1.0286963850911033,0.8885924935522495,1.0511042628178309,-0.035836496387675255,0.13987801795741156,0.09843357296598707,1.8834882233615056,1.1695866162526385,3.239158559428309,1.401605332644053,1.0564710349631115,0.802907185643181,2.223751132908526,0.9960096886872901,1.758261810854312,2.1851285880862252,0.9518873268804671
2021-03-03,1.7995162990555738,1.3159575003461046,0.9894894476034906,1.0273815319840285,0.9072900941695164,1.0457447859419933,-0.5211486610034185,0.0029476939709571328,0.07681166139611562,1.9265094165448227,1.3052435695103541,3.346935337414299,1.322311064458236,1.0419022846491313,0.8076847306004896,2.223974281355702,1.0505701691358293,1.7609716213910902,2.1021755932140387,0.8897502640264804
2021-03-04,1.5512264842530301,1.3508394538489228,1.0272364305462869,1.0435838145552079,0.9169324499260937,1.0393203090570444,-0.2867306381799747,-0.06285938721590949,0.041823556572430275,1.9414231269481161,1.2429486377488839,3.4207235529847395,1.4065272948930443,1.0364421501021899,0.8140749307470041,2.22087096142176,1.1313926325136656,1.754499419084701,2.1787497884166815,0.840578466422687
2021-03-05,1.8017676979374284,1.5205082153881566,1.081066804720023,1.0784569916925253,0.9451624562212242,1.0511848936292962,0.18426395277499266,-0.027703844574278925,0.07590989976242876,1.841981401237927,1.3600735468377345,3.415859521553809,1.3457984934954454,1.0928618820783857,1.1142618914243065,2.291329150895365,1.2083476903282293,1.768878455753961,2.1439775233178127,0.8064704473019483
2021-03-08,1.2967949925806133,1.5107212392547142,1.0811606856013134,1.0571913278734322,0.9475967708863626,1.0469767090582065,-0.40011679990358007,-0.07227567882543533,0.06273503052164342,2.0055199591039408,1.4050422565466978,3.718273547419292,1.3505062598002413,1.115580947572748,1.1391113734118752,2.2563533973310124,1.1676330603153318,1.7218070730784463,2.528638899091584,0.7891848541983759
2021-03-09,1.495669424940349,1.5891105857489234,1.1192861764925432,1.077092127993168,0.9551884018236221,1.0532518187751871,0.041491622700416196,-0.03699825500714131,0.10147879578231876,2.2752999872114157,1.5663634738535257,3.911842569488877,1.3538066378634446,1.1754730433712608,1.1524558882743041,2.197793473675194,1.1658207104828948,1.7337991767985512,2.484247183995961,0.7464766159669187
2021-03-10,1.2904704756678997,1.5592127773065765,1.1288912456293123,1.0744303951087388,0.9573708943448122,1.053156504785984,0.4309035492657779,-0.002546082149551587,0.1123982152610888,2.2764561902370106,1.5601787900323565,3.90968918208831,1.3944615397449072,1.190279751829561,1.1728139616180828,2.201188086923704,1.1706063683695376,1.855595749261391,2.47106667089276,0.7434673384415288
2021-03-11,0.8949580099276464,1.3432593721592914,1.1514096882348699,1.0845371096762566,0.9638875356255161,1.052106074399962,0.8811902303924615,0.05032774081935805,0.13125134682899073,2.3315564286533634,1.6375734571240297,3.9513076261041227,1.4109142273282604,1.2213287266670827,1.1726524185951017,2.236443504353012,1.1654079115445843,1.8505783727916234,2.4724976322328427,0.7307444094367295
2021-03-12,0.7518225240524816,1.3150039080281815,1.151288918310649,1.084211348458853,0.960885916546313,1.045323325175606,0.5401862606744404,0.04898576564415165,0.140958141283015,2.331140279396934,1.630255759037404,3.846225655027469,1.4058142713799935,1.1852685187868832,1.1942690898096122,2.0847141995217684,1.1686996550705717,1.8991018193568268,2.470110021410153,0.7318348063382294
2021-03-15,0.4865900880377662,1.107190068133977,1.153596962788129,1.0845076783457588,0.9496310993655674,1.0395265338676838,0.7590277047266006,0.05410511517133006,0.12836456956996034,2.4205119506725135,1.6287807663660123,3.908645913984246,1.4111199215988774,1.2092939629110664,1.1890487855957654,2.2381938354220585,1.173832732492957,1.8931898507988039,2.432342147763885,0.7271503595171042
2021-03-16,0.4473530637327447,1.0626097568261186,1.1538844640549757,1.0765367320569235,0.9501896432492576,1.0369196723319645,0.4482585281334387,0.05212908428550263,0.12364702417553183,2.4311717297343622,1.6568898828580023,3.8575278917420066,1.3828639512691443,1.1913907558042798,1.1896391573737048,2.279657283669131,1.1708715374539813,1.8741719489233382,2.4478101861393404,0.7341464220420739
2021-03-17,0.4375539784271535,0.9086536223382394,1.1556508900734777,1.0719570529566074,0.9489109327137282,1.0116001291681824,0.39195477231976505,0.06802774248800487,0.12000960878973935,2.407637508378151,1.6524418990814769,3.830159848177965,1.3922740689035076,1.1876017728504737,1.1902382001540968,2.270289541927616,1.1680244531375006,1.843048196761835,2.448153725749923,0.7588411445444816
2021-03-18,0.8016960991248192,0.9539633527172703,1.2008280621202194,1.080455763883258,0.9682909985463687,1.022540336861138,-0.10181512165928738,0.01656204698933734,0.10241552783338567,2.5079389371355125,1.746741936724963,3.9414303929993864,1.4226506787709183,1.199976179685673,1.1755793315162195,2.4816399508445746,1.1675075699222928,1.2193370905326062,2.43433728959041,0.6443013451380881
2021-03-19,0.7907946890374586,0.8170596111958526,1.2009009433189173,1.0810990464986536,0.967157801652659,1.0142818116242975,-0.16576112623137593,0.016140409079518036,0.10528999693017996,2.5056769397163556,1.7340026163708162,3.947630310079168,1.457023364395604,1.1615714171056752,1.101756432149889,2.4917072227587465,1.110847170795521,1.2601557816272064,2.4419213291471027,0.6608068012709339
2021-03-22,0.842948408630358,0.7989261274449619,1.19810468441558,1.0854669430143937,0.9705686169482126,1.0065312258725196,-0.12532943590648457,0.09452197874673159,0.12140778175175855,2.5235272958357258,1.728763007789346,3.941025387688388,1.5861194569714332,1.1432325034986837,1.155299611151415,2.3861305107340947,1.1134606305307486,1.2679088990070642,2.2430039233048813,0.6907296365974175
2021-03-23,0.8934148146376454,0.7629300672075938,1.2141454306780488,1.0926472493185502,0.9776285493264188,1.0081703334978551,-0.2575180394753992,0.049098903742694724,0.10679261861471963,2.5272722520416133,1.7286449444869876,3.9340612761393428,1.5931270073086503,1.1512693947472026,1.2112268002525546,2.3881043392345327,1.0957079821121043,1.2545026523168468,2.1975258341592276,0.662461889129907
2021-03-24,0.8296462199440534,0.7599226248818142,1.193874681904071,1.095741696570761,0.9800986723365991,1.0083117939034587,-0.42738062299671775,-0.0314177406036487,0.09183547493496942,2.562193271941603,1.7392114123592985,3.9272556400718814,1.5496987177934112,1.1506389014574492,1.212194276791029,2.3342270042982878,1.0750044204645226,1.2032363513391904,2.2365695763527236,0.6949098431996383
2021-03-25,0.6825240718508669,0.7031205308906381,1.0597120456395415,1.0217195552828806,0.976906744002895,1.0080008600689812,-0.02388347825758217,0.11719024807390395,0.08689347998535804,2.4438349909024164,1.6777765918747978,3.4978729001842592,1.5471485483276906,1.1294899205897049,1.191283186367869,2.3030687461777646,1.0747141592232052,1.1889997441322437,2.1435392091332397,0.7143158056770363
2021-03-26,0.9831446881909028,0.8816454537717301,1.0988879630680517,1.0424975059401111,0.9957501244138491,1.0120055427600454,0.3354252594161514,0.22352858665855174,0.11693175963783349,2.4460252933899653,1.6922565205903477,3.469196291162918,1.4472609660409468,1.016924089044518,1.0378346262941083,2.293779958811005,0.9590115886255198,1.1335059236416607,2.1351818409996386,0.6485769572280183
2021-03-29,0.9561174572672152,0.8634895476610281,0.9698141564052154,0.9840926315175453,0.9959777600706353,1.0011137564100692,0.1656257795233155,0.09980181210996249,0.11371216824135594,2.097664467916034,1.6388147984722914,3.4678119571523345,1.4224204760278054,0.9952100132488149,1.0663360049102915,2.1541266006916064,0.9618645939006533,1.1344930577209962,1.9990530170051903,0.6478596841368848
2021-03-30,0.8485725059892474,0.867223145631298,0.9518873268804671,0.9564117085420084,0.9957918301526674,0.9914895492069636,0.2699751047941449,0.12555180403814975,0.10082210717375141,2.066196309819479,1.645067005458858,3.4029154557340444,1.439435207403665,1.0676637431229925,1.1486307456925067,2.1700660755592223,0.9760532829472626,1.1208097996164161,2.0024309325448084,0.6396853463635795
2021-03-31,0.7290132710201004,0.8702206781237256,0.8897502640264804,0.9348164956347416,0.9777794237109947,0.9809028613893195,0.4527247023692208,0.21205060023951114,0.13026863565445004,2.044053151212245,1.5610822896407304,3.3453824301879034,1.4186692510988217,1.0923769126846221,1.127799514195652,2.1911449592653915,0.875160521169708,0.9990474437048671,1.9981057583680841,0.644134226062611
2021-04-01,0.7831961951169364,0.7570521897268997,0.840578466422687,0.9473449647512061,0.9828567766295195,0.9823041703441197,0.5561891402745148,0.3279201926875263,0.1367877594981028,2.013145686739985,1.658603205700236,3.302423441106994,1.3873895957430649,1.10007543295654,1.1295789490566592,2.101058087915052,0.7511217679905714,1.0015215919083997,2.019496645034541,0.6495471103786451
2021-04-05,0.725695230589846,0.8204927902044371,0.8064704473019483,0.9565946093654417,0.9953813123577406,0.9870394315130981,0.5209489360959955,0.30769983248880245,0.15074478976180028,2.064395833908989,1.6996981089997252,3.305707232385202,1.390333346505635,1.052149493037152,0.9832318990688736,1.9135315104589647,0.6412535805032582,1.1292971785780461,2.0064976715054748,0.5818128139933337
2021-04-06,0.7273891290271346,0.8223018615345999,0.7891848541983759,0.9561952505094875,0.980126941590973,0.9779289849029417,0.5192363081435495,0.32964008912174486,0.12499797200115718,1.7905152564587485,1.6339602261191897,2.8133088846550107,1.3722341078925213,1.004379939839283,0.9740740472528858,1.9126518993084454,0.6274599393920477,1.0821406344012097,1.3716334073627583,0.6050377393311912
2021-04-07,0.6392639768849472,0.7287557715611629,0.7464766159669187,0.9513390422497757,0.978386086866295,0.9752784321770802,0.5954469782327191,0.2640406429212255,0.11743110449738173,1.5913116346310499,1.5402749257273314,2.287571687868873,1.40218040927568,0.9211066463727134,0.9308205688375544,1.8999488460780787,0.6275760117240866,1.0904487276345052,1.1430558519221594,0.605344581365824
2021-04-08,0.6348487492629227,0.6497237908557334,0.7434673384415288,0.9525603626224949,0.9738643460404011,0.9732128918069302,0.609308104528217,0.25665173905512095,0.13657706254539623,1.6050011830325357,1.5393654548504414,2.277290799572014,1.3181027062791215,0.9063566899041876,0.9229683958053351,1.7348985443104203,0.6152611384695622,0.973538455143644,1.1380667143041912,0.6196847971965734
2021-04-09,0.5872877746399593,0.6526846314353402,0.7307444094367295,0.9568036135667704,0.9767052876653933,0.974338118818249,0.5387281911780665,0.24230468288392756,0.14834183146775054,1.6221234751932578,1.5009287043242578,2.123617851390507,1.3203192206133811,0.8543455183943239,0.9381693954071163,1.7344866723479695,0.66901270486833,0.9721174947180535,1.1171946835397304,0.6197257776108311
2021-04-12,0.3304329788530595,0.5492284118229922,0.7318348063382294,0.9569569512618107,0.9766790550830539,0.9742008097685007,0.2589653104058124,0.23739459492164547,0.14446102490327814,1.648750651950751,1.4863008561487692,2.370100943640737,1.2966392659033723,0.8473469102004831,0.9274379435334675,1.697163564612891,0.6682754041023791,0.9316758223155632,1.1181082849010617,0.6684405146895308
2021-04-13,0.27916406094297325,0.5288963212872515,0.7271503595171042,0.9556091028411049,0.9746936741753033,0.9620224374062187,0.3300572435039454,0.22239747381608108,0.15523766010133203,1.647781976644748,1.4787080503254857,2.3912227046990426,1.3206091496642183,0.8273900049064771,0.9988262258409999,1.6396406428725574,0.728324574485932,0.9240532367460936,1.119509201089548,0.7001188119471776
2021-04-14,0.41079760717183555,0.5403702752420988,0.7341464220420739,0.9579944269711745,0.9700039255973144,0.962898993036267,0.23860085762399433,0.2116262252938644,0.16170000286314767,1.7051219151277193,1.5099573654004323,2.5136805276086367,1.360507345646877,0.8277549239252869,0.999087538131513,1.7409833923211402,0.7175302007343605,0.9241470628697858,1.1327169438848284,0.8465887596395559
2021-04-15,0.5580537650239078,0.5787989147878234,0.7588411445444816,0.9692841339240352,0.9738631010902585,0.9659321482305878,0.3585126520622376,0.24829120899073906,0.16651748503847205,1.7271103666931422,1.5228220607112386,2.7393458611466612,1.3470258675985185,0.8294674566112917,1.008042202485748,1.7382235829232764,0.7169014844681517,0.891441220786497,1.1293735235914326,0.8560505036752715
2021-04-16,0.5195336579750293,0.5402352712497173,0.6443013451380881,0.9649863112615614,0.9609660417562652,0.965428512091244,0.2799628714935135,0.33774918117212777,0.14902306772634413,1.4920720522924793,1.3330684605406655,2.4713388846177993,1.300954140408544,0.7539849159725687,1.0104547459828945,1.448374474113743,0.7607454562877622,0.8059514595235853,1.106447556921081,0.924852536977659
2021-04-19,0.6243987437966938,0.473064764690853,0.6608068012709339,0.9692175756011187,0.9644958403731058,0.9671832840129895,0.17441126791481612,0.3224376934581935,0.1393162755465553,1.4736987027809034,1.358463454319533,2.678585406765907,1.255995599742682,0.7559371956110865,1.0074295855468827,1.4444141995163966,0.7582299476746844,0.8060913405468332,1.1018272315468853,0.9197885014860446
2021-04-20,0.7339784590224643,0.5570829873549226,0.6907296365974175,0.9683166959141214,0.9689998913420375,0.9529406994732129,-0.03129869641020875,0.24590515869015003,0.1330122155210767,1.4315137945121743,1.295165554472657,2.6884552577355834,1.207034348972907,0.7557802964923551,0.9634870390660718,1.5041461879406217,0.9093854759876234,0.8122452826183981,1.1963394646536414,0.9257031232777048
2021-04-21,0.8189208671830928,0.6108214366446834,0.662461889129907,0.9760023765843003,0.9741280512771303,0.9543346087755087,0.22625251169081242,0.3325688630854173,0.1422095209559837,1.4092472667915892,1.298088151065133,2.663183814198756,1.1988799851034866,0.7573766919709977,0.9100980687769208,1.5047744851360783,0.9074943760506974,0.7857814390393126,1.1139993619694233,0.8998568416871715
2021-04-22,0.7861200686042515,0.7007359873136133,0.6949098431996383,0.979770526059397,0.9829234737904247,0.9007932720972713,-0.17125833527806797,0.3123217809204014,0.12958919921710424,1.3443403010369075,1.3241768646356664,2.667157311294333,1.2802508964391415,0.7699008818302974,0.9455459652817239,1.4616339342263176,0.9165447342536273,0.8194688268165188,1.012432556460392,0.9103419311100696
2021-04-23,0.9591852072976338,0.7443600473689544,0.7143158056770363,0.8990144866060492,0.9304847710073557,0.9013281811245293,-0.021261952451742873,0.3384045626235876,0.1883939891398247,1.3762946753097238,1.276413037724906,2.669939749383837,1.3225296940580604,0.7536591759176829,0.9450633455854442,1.4674144935341795,0.9166727493100529,0.813233558475692,0.97155283968954,0.87668475739873
2021-04-26,0.9238659600832112,0.743965007504683,0.6485769572280183,0.8909221004602409,0.9263064789787349,0.8939823803403941,0.11874448176102206,0.2682674990444111,0.17753940313488076,1.3774377698340645,1.2482754398731226,2.6513363628552993,1.2629580343457756,0.7316621908935513,0.9883913476725117,1.3177267225056866,0.84557297445755,0.8772341704299174,0.9811604396849715,0.9059713812855982
2021-04-27,0.8075836958104028,0.7436446454735467,0.6478596841368848,0.8185928950501831,0.881532257883869,0.8903351656224601,0.2608677030832055,0.2697156395801225,0.21054555858416887,1.3860872366435086,1.2275586414956954,2.6752199308066205,1.2214445664611595,0.6458076046835015,0.9058640500851621,1.3549578197319965,0.8375895578908935,0.8452751673028182,0.9741890078885497,0.9075905550862405
2021-04-28,0.7128858410288187,0.7287472171710115,0.6396853463635795,0.8043756148783582,0.8610625549401657,0.8789155235617649,0.06587530305874259,0.2815439126515667,0.18232457821570938,1.351259118098606,1.3760354651046578,2.677966237179871,1.1998105368064411,0.5716641385443431,0.8518749386990314,1.490255042423183,0.841855122360988,0.8331818663302947,0.981344854581238,0.9084683333667566
2021-04-29,0.4794977530452389,0.67825892583678,0.644134226062611,0.7677886420197604,0.8479702075908471,0.8595807855983079,0.37599118899560835,0.29313840257699836,0.16937889892915556,1.3205571129428568,1.3733797015948668,2.596896647585304,1.2287127909828206,0.5935302328728997,0.8785322999884214,1.4637828814451161,0.8986380311509685,0.873914419131637,1.0042840056944033,0.8970262342360807
2021-04-30,0.46873815950823566,0.7121960403793152,0.6495471103786451,0.7440210345794565,0.85459769860865,0.8472629165578729,0.02773561106675739,0.20629118032164823,0.15711732859775507,1.3897368904062242,1.2502272821571927,2.5832612094152236,1.2322852466719592,0.6006481330163829,0.8742735012799284,1.5009968232234263,0.8970650634643482,0.8711819720004599,0.8393836044361741,0.8844482270010442
2021-05-03,0.46942130211083694,0.6924686429304237,0.5818128139933337,0.6989517645270656,0.8449235259559832,0.8471197610189244,0.02913040100652111,0.1453128652720425,0.14176961772885538,1.3128035770646957,1.0955045257881666,2.599337506817753,1.2287863040842533,0.619027371011846,0.8368890072745443,1.574681599332328,0.9571944361209693,0.7011106361033016,0.8396790319051939,0.8838158629377577
2021-05-04,0.5534855588988872,0.6783836486628163,0.6050377393311912,0.7023616909225763,0.8498763547297044,0.8439599694456321,-0.08995339911234987,0.11741821276614768,0.1249275410208191,1.5643974267457295,1.152865703557317,2.7100186639696164,1.2543175822366333,0.6276733652973276,0.8398383057779694,1.5727583691253775,1.0130914775816344,0.7348009625410864,0.8315856597841078,0.8712566378458565
2021-05-05,0.5557923180198695,0.6073764460676613,0.605344581365824,0.6751497311314614,0.8463199854579626,0.8436041952310162,-0.07794407352615237,0.11319614971184884,0.11341284587531104,1.5364604054461577,1.1420369941605728,2.679502072300138,1.2398762765912836,0.6321230705691985,0.8551474225958042,1.6888051504881845,1.0206529124867396,0.7331625452973229,0.8565044120907194,0.8765848069543719
2021-05-06,0.6097352170155659,0.5628617010665301,0.6196847971965734,0.6786159468233425,0.8505604034272374,0.8439517555109689,-0.04569074354120648,0.12938869055964247,0.12783144915507064,1.5008261550304347,1.1408902859646666,2.6685541750988184,1.312365962560647,0.6584600466405577,0.901657460734888,1.658554605961736,1.0155534444971122,0.748330594629399,0.8593854671391026,0.8822357968994522
2021-05-07,0.5762066583353209,0.5066769412021349,0.6197257776108311,0.6712084454393635,0.8537494189166672,0.8393326821239443,0.23127961471929118,0.1294290362069544,0.14068715330341336,1.429558937167614,1.144329044455104,2.7002686252746853,1.306328082658104,0.6598133917688612,0.8903008184536774,1.6622751668828688,0.9766493551910564,0.7633257171438161,0.9476270044423556,0.8678309033057898
2021-05-10,0.7951491924022557,0.6159261278554097,0.6684405146895308,0.6964980282489796,0.8661314720096033,0.8381769305758986,-0.009910944058650539,0.07809380165592679,0.12149138740724134,1.5120107616518186,1.2306330148967555,2.5081480049293616,1.304073668380478,0.6725928434496248,0.9812561012490797,1.6391644914754797,0.9939800489586422,0.7686246902288615,0.9361751405250767,0.8356931171751172
2021-05-11,0.855031486011917,0.6791542776901274,0.7001188119471776,0.7120663180606738,0.8744804828571202,0.8371420620545811,-0.06501850614740476,0.018649275353310135,0.09838395478024047,1.3883085758557274,1.199699376788739,2.3842820421450233,1.3338674259996877,0.7132740895669837,0.9361389875541434,1.8462063988789352,0.9559607213116912,0.7945894044077892,0.980425318369712,0.8073876020023814
2021-05-12,1.2476960094504335,0.936892030555122,0.8465887596395559,0.7950799016967007,0.9201694661784647,0.8598539112270122,-0.49617767389118017,-0.07049848316694478,0.06441894213747412,1.4361742729466582,1.3315819608676693,2.4593396404865127,1.2640367088831568,0.7267705849350925,0.9689281272533016,1.754336956713663,0.9684887764075716,0.9870004680798748,1.0368759781008545,0.6188169016040231
2021-05-13,1.3601019304392847,1.0126294701241574,0.8560505036752715,0.8139925378208324,0.9317700375604194,0.857060213443907,-0.41563604201697546,-0.06414848296016078,0.08405682283952776,1.4298694963289529,1.3434665638252248,1.9928939584566774,1.368245075513147,0.7429926173292178,0.9980626508947188,1.7775034926409887,0.9844779838525147,1.0554127294803222,1.0346589323407454,0.5742543663300842
2021-05-14,1.5627373412018113,1.1394741104197033,0.924852536977659,0.8055505422862017,0.9478468916242958,0.86625597343376,-0.2540914977566363,-0.004084556105583048,0.1167422240186274,1.5222826403512737,1.4401869973874732,2.281676275906805,1.39364775796897,0.7353611803406881,0.9985964911450307,1.8303187835033945,0.9637518735218855,1.0749121858958177,1.1401799319236887,0.47668700437445044
2021-05-17,1.5098353103548676,1.1387612337069206,0.9197885014860446,0.8064021630298831,0.9483083430213011,0.8637131280997268,-0.10693612894216517,0.007756952441681464,0.11544501832646437,1.5191574718089842,1.451669900019777,2.175058969656105,1.3817711481822026,0.7279556746571751,0.9929519508315604,1.8683889194860686,0.9642527730132855,1.0699542289683786,1.1963554350487848,0.4741309940724755
2021-05-18,1.5058686045314529,1.154607570815553,0.9257031232777048,0.8156328423480033,0.9498432788725026,0.8674779721556192,-0.10074747769994916,0.0012870800308750318,0.11390473915591892,1.514210464982684,1.4576300412176553,2.1716424686822813,1.3118844589855088,0.7376943290828959,1.0052492108543274,1.9289729562446052,0.8290505851080321,1.165208790466229,1.1004801116440022,0.4454866810363425
2021-05-19,1.0377168374359764,1.155112358071027,0.8998568416871715,0.8047560963841683,0.9510819704903586,0.8573622904007205,0.27171679050590514,-0.05913241346317159,0.10751178445498019,1.508441794724881,1.4367639000562398,2.145669093079915,1.3340581460487582,0.7165534245600637,0.9948558012144129,2.027124703522623,0.8324502611238943,1.1640465308133783,1.093627296494705,0.43794598025956344
2021-05-20,1.0107896316299936,1.1824065369933578,0.9103419311100696,0.8111507622812275,0.9506239379095167,0.8614874015857457,0.24662529798116709,0.04032242535464799,0.10707548855713364,1.5869446402560796,1.4654784052708913,2.2357006231102194,1.211307051195219,0.7420990283866021,0.9882363492949752,1.9950690264302802,0.8072432043316498,1.1342552355778441,1.1519467769941605,0.4954827493390215
2021-05-21,0.7089182616781711,1.1478183917832199,0.87668475739873,0.8096812081279134,0.891858109169879,0.8615686616805577,-0.07685589486228625,-0.017983041708218895,0.1458705896630909,1.5424124724576955,1.4083339148980267,2.222789146665899,1.1736374634134146,0.7422474513555991,0.9773268416156604,1.9956627495019943,0.8090187642816803,1.1419049301437874,1.1662568780164695,0.5872722508168386
2021-05-24,0.8449844154602106,1.1631979008261086,0.9059713812855982,0.7875807435435848,0.8945784194573712,0.8638806966811721,0.1779209589573764,0.022551071740770045,0.1714490524812443,1.5811068774952668,1.5204905215342237,2.3955637967159125,1.1733753772607347,0.6545608869721617,0.8380363887107928,2.0027210386130583,0.7741276085069522,1.0855144343514502,1.188607535545666,0.556012833331719
2021-05-25,0.6807137609567582,1.1223667306860237,0.9075905550862405,0.7891383640567068,0.8455251451773786,0.8599132888356916,0.3058568948688082,0.0125343779772757,0.12735060988912028,1.581301924942961,1.5238226684690925,2.3901738636240624,1.217449466855138,0.6525154873740362,0.8349355815780217,2.0784154412395544,0.7607204461672,1.0862116231999395,1.2220051971751333,0.5537211390644331
2021-05-26,0.6123563572516992,0.8060332092977738,0.9084683333667566,0.7864160447111233,0.8371167117497555,0.8599036113743111,0.3979857709551541,0.023895203510931284,0.14366364006688265,1.5800036897519107,1.3901791491594273,2.3831694852630045,1.217791639167234,0.6560294868947444,0.842089378296424,1.9884670264871875,0.7517588157040033,1.081544730883241,1.2202843762637103,0.5653882709079893
2021-05-27,0.48745007204961904,0.748651690233181,0.8970262342360807,0.7854877005763221,0.8147582801774808,0.8598188040513847,0.19332925312351348,-0.0053430586133757394,0.16661531473437796,1.595018620466051,1.3920275884728817,2.4065810496786595,1.1933311472379273,0.6247383098624857,1.0005208542843478,1.9729596069595738,0.7079865652888689,1.0560149623908552,1.2446576852132265,0.5683940312261005
2021-05-28,0.4640307271499514,0.5898497998762954,0.8844482270010442,0.7707388134044174,0.793631381691731,0.8571351226392591,0.24547722959543253,0.03645236292394989,0.19022124531104154,1.5705273811574922,1.3925013270785378,2.5766097351809862,1.1642350025975403,0.6174121100100942,0.9915128468300358,1.8512837245343563,0.6619521152789903,1.0562527297948294,1.2382254689125447,0.5685734225313017
2021-06-01,0.17905671459643663,0.5815195715057597,0.8838158629377577,0.7412217745550239,0.7641983877350221,0.8568319617219012,0.02397911182339598,0.021263249444988763,0.1580919824019446,1.5502844562664546,1.4064384559996141,2.5511595217867757,1.166431299435644,0.5880650245085196,1.0096219080791726,1.9191442284621385,0.789800325669511,0.999205706474569,1.2398610117100648,0.5669128636120471
2021-06-02,0.11918060023434639,0.4733385545256605,0.8712566378458565,0.7409456107440439,0.7593318982200663,0.8566879040279108,0.09980493492500112,0.05997396148661345,0.16901075445816868,1.3607170168985443,1.358498125078447,2.4553472454581677,1.1461416966273499,0.5682385460540497,1.0137719143601267,1.9213138292502132,0.7126375692676841,0.9734791409547476,1.2497609871959088,0.5668459650195318
2021-06-03,0.22582154900538512,0.4863101082954395,0.8765848069543719,0.7444807344345339,0.7441519381446956,0.8528004977011946,-0.01411857108750878,0.03985157912059219,0.1390294572512222,1.3813897013703582,1.3610385705766215,2.4563759614149134,1.1239397954388695,0.5614937933616082,1.074513307108847,1.808459477128754,0.7066553589418546,0.9733770043781749,1.213986569206528,0.5633239263268035
2021-06-04,0.47785217209961656,0.4554448343766566,0.8822357968994522,0.753704572139311,0.7483120729548155,0.8557518484190572,0.15829275810697743,0.04565281679867024,0.14389774880447792,1.4220019808611288,1.4083554955771105,2.529595652972945,1.046782720385901,0.5679714260754462,1.0390045851898566,1.7994708735407854,0.7004259267671911,0.9617085309774801,1.2217606064999944,0.5535841585640539
2021-06-07,0.4906389030358193,0.45641930615992826,0.8678309033057898,0.7470096017926344,0.7401190601063753,0.8557050377421552,0.10312126495219989,0.004412775482177067,0.12538216485768638,1.4139006850886027,1.4129281947460606,2.5234965060563788,1.0558766312256427,0.5777170213250498,1.0412825235812586,1.7773153367205696,0.7060175711939167,0.9641576239796498,1.1462931368160318,0.5558875366923293
2021-06-08,0.48235098728431053,0.3471164570724503,0.8356931171751172,0.7470292578646871,0.7402395765988041,0.8541213820159238,0.1250006640389171,0.054991151469380675,0.1234931826823177,1.3032896360561212,1.3281191181768253,2.3265878236116526,1.0623289528656732,0.5887448559113595,0.9820177613260387,1.8216181337958808,0.6751387711765755,0.974456452627139,1.1467380141936063,0.5570046419913474
2021-06-09,0.4964925831868124,0.340929017871676,0.8073876020023814,0.7468362661280665,0.7384230714661633,0.847070976331609,0.06370643348372154,0.09215519639439503,0.11106731518792877,1.2928021740422748,1.3238085941148712,2.34797611703681,1.0292799893762865,0.5326116562390446,0.977657062229002,1.660882714275872,0.7370167237351992,0.9605812660811379,1.1106621180774685,0.595045343644641
2021-06-10,0.45223279268080624,0.36088299959386466,0.6188169016040231,0.746730199640059,0.7391466626282359,0.847650803827025,0.23090336383153867,0.2216218385512719,0.12091652689273055,1.1663484922197058,1.131510732222068,2.063835875232084,1.0832595390806798,0.5313955967773349,0.9652733033058746,1.6596402345463575,0.7626781415519235,0.7521771763824283,1.0142612308106,0.6274412979040742
2021-06-11,0.24631082235160345,0.360704143219958,0.5742543663300842,0.7291835962745674,0.7386079997370265,0.846706784003305,0.08103880785663967,0.169821529267074,0.11798808509921746,1.1191608367737027,1.0894367636080944,2.027563689891043,0.9135000990900315,0.5101583523400288,0.8998602932350145,1.6466892001641307,0.7712279857100678,0.6699588181017722,1.0179971892517161,0.6290565765474545
2021-06-14,0.22956046486877818,0.36180560305310433,0.47668700437445044,0.7283000398126562,0.7092269561298192,0.8454114211865391,0.14522346819110724,0.10424151696911295,0.14596871401188594,1.1651523743062295,1.0120862543012752,1.9118798953303218,0.9052986323573547,0.5178219370331655,0.8975306503616142,1.562216426533319,0.7732719027428198,0.6418745979079736,0.8205485930165903,0.6389479202578691
2021-06-15,0.27159626954073135,0.3692006197206586,0.4741309940724755,0.7240464076382661,0.7092139301035993,0.844726836726105,0.10427537350884233,0.10779402708213255,0.1459962243273359,1.1534245333232567,0.9748515396072802,1.9536590450600835,0.9395783935784925,0.5206550463975316,0.8974780387193826,1.6823444871243007,0.7771268871160498,0.63983360835058,0.7222037057406115,0.6344446621137013
2021-06-16,0.39886888315160757,0.42513531011579353,0.4454866810363425,0.7196925681629762,0.7096876272858318,0.8466148862186332,0.022450147945858666,0.12295460280584698,0.1233822805089574,1.1152818434492227,0.9511700269091716,1.90014125959097,0.9260155790334116,0.5970647276818442,0.9204730410559754,1.5335612360073325,0.7764311198794168,0.592022264475964,0.7420494268400959,0.6233722314282801
2021-06-17,0.3139141768190834,0.4013129482719791,0.43794598025956344,0.7053605933881213,0.6999015778530763,0.8467290887624311,-0.07715007654618819,0.13440512178824854,0.1359471904701648,1.135874412337714,0.9803181230235408,2.0437149107448294,1.1007503395610096,0.5977505510577594,0.9470569977077244,1.6265838124485785,0.7886251608748557,0.6053026198847461,0.7374016758413164,0.6576804009141347
2021-06-18,0.611252204717564,0.5020628221872032,0.4954827493390215,0.7235535949455961,0.7211121493502123,0.856916266805953,-0.380008079513818,0.01316318489332775,0.12193579705612577,1.0857106957214666,0.9698318651131607,1.9864083655683515,1.2082262251970215,0.754846468338703,0.9559516050046509,1.7432376477129037,0.8716648366192239,0.7021960957500009,0.7581612615426666,0.6732201024344578
2021-06-21,1.0148809094741322,0.7096117607282663,0.5872722508168386,0.7385004913321416,0.7386264407740936,0.8627132139074591,-0.13847678834157237,0.08883629359929142,0.13641927150488672,1.0525723005575822,0.9742345699554319,2.0275119791579637,1.2516191080430974,0.796523687553993,0.9812339230499431,1.909025188799042,0.9249211286764899,0.7467086576093974,0.7724612299966406,0.6733705131047518
2021-06-22,1.0568650635080197,0.7293443596843258,0.556012833331719,0.7422493780452403,0.7148780447609755,0.8631174586246796,0.005127865902794593,0.0645957538184871,0.11847144153455615,1.0493901005183017,0.8814128223455816,1.9269503461260342,1.234242882253772,0.7973621067046428,0.9818751518361744,1.9336718009478422,0.9156253548565714,0.759819817367957,0.7334335611406769,0.684949775456475
2021-06-23,1.0158488451823666,0.7285081943925144,0.5537211390644331,0.7426367669218794,0.7152154767713842,0.8633877721296251,0.09269729693775189,0.0696647033230829,0.11730490696016042,1.0505559303031928,0.8851727100625255,1.9190893340986805,1.2455278717194647,0.8184680955407814,0.9744661971760962,1.833348596071083,0.9199513038483619,0.7589374051756999,0.7324812693006925,0.6824226773491856
2021-06-24,1.0347439394957476,0.7374287291681623,0.5653882709079893,0.747601254961184,0.7160007195235073,0.8637403460155936,0.2176458884863023,0.0893201511710356,0.13158642244451124,1.0540197641452578,0.8829379790845088,1.9134373633714585,1.2753198208859298,0.8203660925665777,0.9762383735134591,1.8268189223866942,0.927368066391074,0.786534396017198,0.8057045494161383,0.7039040178786794
2021-06-25,0.5626484682336733,0.7425757302392179,0.5683940312261005,0.743301417116686,0.7157046303575815,0.8532137190096922,0.558492471354817,0.10445398945115365,0.13074977780492547,1.0014099947109125,0.8677482010606927,1.8868780562161322,1.2389814542994642,0.795514483957138,0.9076377898599032,1.809250323337424,0.9398217143868107,0.8425822436431957,0.7363644645137926,0.7028449047967309
2021-06-28,0.28671800555774024,0.7421593181512274,0.5685734225313017,0.7347206919151669,0.7048626962619867,0.8516929169256583,0.3124964619357543,0.10559110168437187,0.11611154830999003,1.0020552357216168,0.8998117664083073,1.900780146117957,1.242850846810179,0.7925991244720172,0.9096532935969669,1.92810363484229,0.9352654885655036,0.8395585580094912,0.7675830170982526,0.7164583557223568
2021-06-29,0.2739449064989339,0.736323860238758,0.5669128636120471,0.7343490044593214,0.6832737024612362,0.8506097741230102,0.2163312251282216,0.1126837821446935,0.09308663228724164,1.002756497295326,0.8565730504628671,1.8986478761858159,1.1993705435117585,0.8070867955469926,0.8579724085037852,1.7871051890035838,0.8019368803828485,0.8450396366946143,0.8307253353430594,0.7173417293887545
2021-06-30,0.22125606612723162,0.6985158674497082,0.5668459650195318,0.7259249099041087,0.682983249761124,0.8412971745159508,0.2572661414807834,0.10903000496202848,0.09547405973826324,1.002057261201588,0.8616484097006656,1.8491547989146666,1.2306055216949203,0.8093234108059765,0.8570520512868227,1.7860985838441277,0.8027842517137311,1.0594503655976983,0.8436043925907413,0.720010244184614
2021-07-01,0.2071328369424876,0.7037172809103891,0.5633239263268035,0.7296324349443927,0.6855386932804345,0.8412246048557017,0.24968319933039976,0.15527059377551272,0.10277277420265128,0.9239850234614068,0.8236426056525181,1.8486261426847017,1.2627634009852282,0.8063294377502366,0.7560985139749014,1.7856048751517801,0.8213461900614656,1.091471835624356,0.8600738233394145,0.7266293304180017
2021-07-02,0.31300086002757277,0.44559186134776335,0.5535841585640539,0.7288095414315131,0.6892121304532768,0.8402044167482076,0.3315143989692396,0.1477593996667192,0.10760030234167735,0.9285491874752028,0.840230566112765,1.7420892286033551,1.2593870216981968,0.7671823893287768,0.7644247193797726,1.7859208662648538,0.9162600034638503,1.0996820738558857,0.8521928142235753,0.7119392948215192
2021-07-06,0.39031437981118394,0.3243011502424334,0.5558875366923293,0.722782169646226,0.6853468312474621,0.8406144157012321,0.2547695003192233,0.14350316052612772,0.09244832407175312,0.9423910737868284,0.8311144544037867,1.7379302222159656,1.2971405783026475,0.7713001003916117,0.7602957228643981,1.9019158645882859,0.9127435076354725,1.0903697972293422,0.9557240487868347,0.72967619872658
2021-07-07,0.3744206476036147,0.3136052832519782,0.5570046419913474,0.7030081788169136,0.6861290260313316,0.840774641839409,0.3146936784479596,0.16010703574695412,0.09773066295742057,0.9791560326781115,0.8040852621171984,1.7785343204390274,1.3011782859242422,0.7895124749829373,0.7281341030279066,1.8887395672418221,0.8973204324774051,1.0774195659361954,0.9581453648015783,0.7384463603624711
2021-07-08,0.6367512005022785,0.45400246758523083,0.595045343644641,0.7002772559093692,0.695607657930169,0.8440268303023236,0.13489161373136307,0.12682630002393885,0.07921025725721471,1.0393521241321966,0.8641960546170213,1.8881208730208843,1.3232550172059214,0.7902369692272565,0.7279580178619592,1.8761587178517067,0.8576156131617511,1.07027834897981,0.9581811457869057,0.7194870457566854
2021-07-09,0.7522304634766838,0.5201901502398989,0.6274412979040742,0.6159739788578624,0.7048854287046821,0.8448208198524589,0.23765984919975205,0.15695971511756607,0.10269435683396445,0.9952291368637749,0.8338456878232142,1.886637906870814,1.5083673443116652,0.7816045034409335,0.7112614519907253,1.9279477147294009,0.8403564134871171,1.068583647145058,1.1126888741332919,0.6848485728392588
2021-07-12,0.7013453815509125,0.5202624536794118,0.6290565765474545,0.5945096700627969,0.6941371152879667,0.8429444237333444,0.15642852749617112,0.16660682957660206,0.09075995862783846,1.0239336668874874,0.8447146139877205,1.8870133408673235,1.5471685260778854,0.7720645043946573,0.6900373676174416,1.9182935559940524,0.7809570065024977,1.0598173518341287,1.4451530726777255,0.6825556791915915
2021-07-13,0.7237384065326613,0.55245700554758,0.6389479202578691,0.556681090218685,0.6955936803404531,0.8360372807088848,0.12467983570857025,0.13836725240549347,0.07950807108967449,0.9317402762043355,0.8670342704000683,1.936451672405108,1.5359716394329397,0.8078603525114072,0.6915778431440351,1.9204070520089171,0.7826244089388067,1.0630868136618372,1.4499213440660497,0.6760837072684203
2021-07-14,0.71329086646699,0.5506692858699993,0.6344446621137013,0.5533433846843732,0.691588649237106,0.8360405872811252,0.08384200705976488,0.15499869413468476,0.09018322455283298,0.9741667958849677,0.8358697916082284,1.9808205671719745,1.4977384433681857,0.9549446176785756,0.7035792961346247,1.7634623478526272,0.7763895658611615,1.0691382489911792,1.4107640520180331,0.6769597925058863
2021-07-15,0.5838905285960302,0.5764135770120551,0.6233722314282801,0.5352297366910255,0.6855287567702965,0.835983245364304,0.17849226956910416,0.16583683042975023,0.0966928377554908,1.0061761964421339,0.8440128069211739,2.2722077508805074,1.4903267240615468,0.8956489286745087,0.623961844701548,1.7685782055022026,0.8351088544583812,0.9486997965093104,1.3949879100860747,0.6707055195527094
2021-07-16,0.45126651981492294,0.6270949954621894,0.6576804009141347,0.5515209551545768,0.68558620730522,0.8395885416707504,-0.19188159543665115,0.12827683539495033,0.06784984790667581,1.096058062940069,0.8230010158127644,2.2427381282004255,1.433642125307693,0.8931800775445647,0.6274342509073244,1.7267257563349094,0.8329137844925442,0.94820335831465,1.538538708090779,0.6360417944735901
2021-07-19,0.6102376101937622,0.7254315656122119,0.6732201024344578,0.5860352382735746,0.7028953229534138,0.8516104910185845,-0.5588776914082324,0.12188942660299847,0.05845834561699145,1.271149560495325,0.8845599128556542,2.376718718429056,1.5089316934781551,0.7832057391141892,0.4901700352519134,1.7945718900248124,0.7095063708955808,0.8309459368728046,1.7216401671676873,0.5046158886585874
2021-07-20,1.0932089164341505,0.8910570086064454,0.6733705131047518,0.6238628224898851,0.712894696633148,0.8277204319329214,-0.20409441452032126,0.12196284586080626,0.06427203258395964,1.3440552629272586,0.8674776007992023,2.3708994017995138,1.519227802322332,0.7530794215228797,0.5110849198004332,1.5697487741224256,0.6955466326893094,0.8172208444354963,1.7796483650523918,0.4620664496180079
2021-07-21,1.182795553930215,0.9244747137173631,0.684949775456475,0.6168239820622893,0.7191520207054947,0.8273578870617784,-0.0720101490320065,0.13571419040098448,0.07428700532008059,1.3499600493990256,0.8541930794804296,2.4976775700361915,1.5883531356845677,0.7950397784702095,0.5264945388190992,1.6986663797706143,0.7001738649374415,0.828937779289025,1.7775959267797181,0.5123196076371515
2021-07-22,1.177054852394309,0.8790625484710285,0.6824226773491856,0.6148167255029142,0.7192484792400176,0.8038593872171483,0.03818749074380436,0.15220937888126335,0.07813615339387403,1.3467212506646087,0.9029037217259566,2.498395246187751,1.613531095737983,0.7648615369012037,0.5379491534988133,1.679294127119571,0.675606777203129,0.7998518916562959,1.7794543681942583,0.5115946746596106
2021-07-23,1.1389756313704433,0.8744440237683954,0.7039040178786794,0.6316355905965947,0.72947046190328,0.7958114558813274,0.40082180873520146,0.17407081545717512,0.09576205671304737,1.3455358000667756,0.9223884099434886,2.495306321056387,1.6005379951372138,0.7804661327136158,0.6025691315444689,1.6672093987409384,0.6999250484660873,0.804376559551234,1.7512703733254285,0.4903733356310267
2021-07-26,0.5230973914768905,0.871531700570961,0.7028449047967309,0.6317521289767758,0.7262874832149476,0.7871818598098653,0.7452732597383752,0.168584623698888,0.089231851512222,1.3348612103648345,0.902209706476436,2.5068091374973522,1.5908059204498919,0.7765987753960172,0.5395164253556446,1.8012565513690304,0.6985813539449781,0.7704134898549306,1.7830706721173726,0.5237354723129142
2021-07-27,0.5810472017197038,0.8786178269690856,0.7164583557223568,0.6385932777326414,0.7232402433305176,0.7889804746847536,0.3675128738941561,0.1357169488504067,0.09258680448624286,1.4006259144733153,0.9177017008375824,2.224893970451847,1.590074385685055,0.7721932777825108,0.5408112531931814,1.742120836999435,0.6954121544701484,0.7636961663508811,1.7683917335286574,0.508988207874888
2021-07-28,0.5424819620093488,0.8790527460728101,0.7173417293887545,0.638242065106209,0.7232588053820488,0.7835959352503835,0.19738589206224325,0.1309778571344899,0.08830829624139076,1.436834771536755,0.9084309484158666,2.256491926642717,1.590715691142233,0.7847978605558404,0.6340978667955692,1.758027328458556,0.7037107296510156,0.7557691084841353,1.7305744628959931,0.5083614945233506
2021-07-29,0.5513208444442488,0.8729209849120084,0.720010244184614,0.6399049904686656,0.7184555028879694,0.7836616181310161,0.2384555279770221,0.147506725505323,0.10550356398465502,1.4367994487290974,0.9031810693269569,2.2658982171104336,1.5891472557753068,0.7861184204647637,0.6367842331558631,1.7769952644583609,0.7042888817629526,0.46393682191870417,1.7217627805401186,0.5265065786646232
2021-07-30,0.40521094786845613,0.842418303756564,0.7266293304180017,0.642447923417297,0.7224492718432335,0.7835570174466719,-0.06444017424830326,0.09553997206249938,0.09688738165286814,1.4371497229626444,0.9225106026298945,2.2564091249649016,1.578299248707619,0.7791158914906438,0.7501923839936,1.8241212326705503,0.6949201538635712,0.3596075086352179,1.7389578987947731,0.5408091108889321
2021-08-02,0.3675658174924354,0.6379985201163695,0.7119392948215192,0.6315387606069669,0.7175621146456739,0.7839297446223382,-0.15549018543489632,0.046833477597854015,0.08008189802108119,1.3877701340354793,0.7964983006404283,2.2538600389563332,1.5794247752017871,0.7877076765860032,0.7577288459382393,1.8259066442580913,0.579134093047214,0.3510288690650224,1.7397883970017756,0.5386035786127956
2021-08-03,0.5164861338253991,0.537338492739538,0.72967619872658,0.6406989697144028,0.7189577391891543,0.7864747703320277,0.09836697013505794,0.09661631630436536,0.0815107507708901,1.3785439073223635,0.8099259167272261,2.239736997246162,1.5610242309664475,0.7664128092991549,0.8025206112777702,1.76395525151525,0.6071540824538179,0.41844416438295623,1.7156451725817188,0.5203776925802507
2021-08-04,0.5820915581069505,0.539748231543759,0.7384463603624711,0.6478252828813995,0.7091781854943671,0.7883821648425499,0.008193570239008264,0.05435283008225207,0.08981700576619568,1.3288122072080535,0.7993124043023422,2.2819305575860898,1.5789006329876134,0.8450357959979042,0.8516422496971205,1.802285693949969,0.6096560982060092,0.45266799937286,1.7126531189264587,0.5006586050807825
2021-08-05,0.6267370934473816,0.5650985665099648,0.7194870457566854,0.6516856029191717,0.7006617584219581,0.7890610745859855,0.05189585649534569,0.12675778619631867,0.11524642753821755,1.3074629143649115,0.7875588030803753,2.2477960386966678,1.5547357374800517,0.8444000785535968,0.8508002480529339,1.8134483467045701,0.6053543684382017,0.5940510485265738,1.793771497283942,0.4891147176393702
2021-08-06,0.5500758188317328,0.47364330580634945,0.6848485728392588,0.6494184323842742,0.6359747954616736,0.7888772226757426,0.1820751845213068,0.08164380589288807,0.15340845318724206,1.2843642116073686,0.7893384772190714,2.268870897979845,1.51845938537178,0.8394275302009867,0.878929833073771,1.7799795800536022,0.610846731912582,0.595671337133112,1.7089313397261445,0.49020940890212283
2021-08-09,0.5298270145316232,0.47059885798377626,0.6825556791915915,0.6501411015201382,0.6215493180469361,0.7890301822775104,0.2077642070535605,0.05966739748720136,0.13203191877695922,1.279804767445375,0.7949933070989801,2.210098212879177,1.484238931773016,0.8396327792283608,0.8819363032338371,1.7899895929479228,0.610031669691552,0.5899538624440835,1.4055961448908012,0.49995836356071627
2021-08-10,0.4086222408880999,0.4393101923445501,0.6760837072684203,0.6498966637015152,0.5936127276189834,0.7875001922974757,0.06993630253012509,0.08293043300975407,0.10851306746145353,1.271225493886616,0.7705987314374555,2.2272839455987916,1.4660892157701657,0.8190063589294172,0.8791298988867401,1.8460048021620914,0.6076526660927054,0.7315009484730324,1.4075677931991848,0.502497507684344
2021-08-11,0.26197847528936746,0.43968502482445015,0.6769597925058863,0.6484721265921971,0.5919490467293379,0.7871441518146921,0.21800593913732494,0.08789381310164208,0.1168955114394865,1.1411118084834704,0.7637778357666072,2.1963472571865026,1.480497676183419,0.6557723449122629,0.8708861439867639,1.786731497758549,0.5942078919793322,0.7388771617710512,1.4175137259990798,0.514140062530146
2021-08-12,0.14706366089013645,0.43235894863461466,0.6707055195527094,0.6395388225933278,0.5782410283231966,0.7830789837890257,0.15129389581389133,0.11995819275751547,0.1362498753310376,1.2360674865593972,0.776005536384347,1.9459115764650434,1.4811027459726476,0.6535777266433358,0.8572679185540901,1.7749224600994493,0.5285167719085128,0.748151768228467,1.424326919640991,0.5440892028564924
2021-08-13,0.14764942779502627,0.3799731855155121,0.6360417944735901,0.6389245561100003,0.5758922499228959,0.7830961116106251,0.15464122431836627,0.1682745108316424,0.14365215600494716,1.1889740946090126,0.7982156707299587,1.6445786859653093,1.3984793942725373,0.6687174391418514,0.840061271499542,1.6740464877897918,0.5285284776466789,0.7437047455731258,1.3154123316947053,0.5456038690785294
2021-08-16,0.06703202649794424,0.356074588983124,0.5046158886585874,0.5910361164506223,0.5629106790825348,0.7779956361995419,0.21800500116420576,0.25388807063031094,0.1296468940422124,1.020196581775837,0.7136049935963015,1.5406991998440276,1.153588358132938,0.6026142161062408,0.8474897284482907,1.5081715979187515,0.4966371331632876,0.741464366049609,1.0493586497198295,0.5560857024228679
2021-08-17,0.4032950588242678,0.38277242936247796,0.4620664496180079,0.5701842484552522,0.5713717602061986,0.7459169667380376,0.06202597412387858,0.14946053017080402,0.12008655654363394,0.8847254873270006,0.7252576482423447,1.6423641108869127,1.1526457038793503,0.6130043432950425,0.8306370467457932,1.5008832917905193,0.4950676146886172,0.7457874804859109,1.0271421038758901,0.567614904309291
2021-08-18,0.6310074387846197,0.5074867940027344,0.5123196076371515,0.598444221831999,0.5800854876542345,0.7519966357032811,-0.2065753499081909,0.054252512882595985,0.0848541523673559,1.0638982301414184,0.7391933659935506,1.4223617951627339,1.092227064092156,0.6353375944462905,0.8726712730154264,1.3765731428326433,0.6032266268346514,0.788169909682752,1.0354121086826185,0.5037452863442319
2021-08-19,0.6047287608222369,0.46229071393077,0.5115946746596106,0.5974849262826343,0.57874649113163,0.7216991382004534,-0.23554765293688237,0.051524406837343786,0.09113282968056338,1.0430906643743678,0.7852267028035539,1.6773236290818367,1.0682269720173347,0.6500590659699035,0.8893601216877811,1.504967024394181,0.6158096076137461,0.7907569973761543,1.0290933640411362,0.5567257249049697
2021-08-20,0.754423410385924,0.5315210399240861,0.4903733356310267,0.6026244189596826,0.5857178562884531,0.7197124882255568,-0.1127995356804897,0.03986917472771963,0.10108671378531016,1.03284264658691,0.921381416969436,2.0228870720935936,1.0663288900540757,0.6186420688595643,0.8449095431996877,1.5062391189350333,0.5884574675907729,0.7932739262466656,1.0510798858393564,0.6450156080650058
2021-08-23,0.8742503945449229,0.5941578117953356,0.5237354723129142,0.6137653842122054,0.5942268832775213,0.7105423593740183,0.016031371099800927,0.07157759847066732,0.11487207054023638,1.056546741961421,0.9155607714301425,2.2844422684254124,1.090734150136932,0.6220444368879089,0.8580954781354151,1.6937467024775237,0.6053369758495516,0.8229261431001726,1.0491695367440996,0.6035305897628231
2021-08-24,0.7896287469748892,0.5943044961672682,0.508988207874888,0.61365685735746,0.5941958627837548,0.6991236606459793,0.1788825655460994,0.10230295308378985,0.11453700120618952,0.9943269094973407,0.9032931700064627,2.2933240635919696,1.0927335360981545,0.6337129623153199,0.881527539502271,1.6956512750284638,0.6819714507105067,0.8728122869348021,1.0498848310411417,0.650397462880006
2021-08-25,0.3650988413104664,0.5935046166247913,0.5083614945233506,0.6137276489862173,0.5937187013668985,0.6816825353803636,0.43975563733706513,0.11484494920130146,0.11950219616016167,0.9711040831894047,0.9056015917778564,2.302851850859149,1.1685331174161695,0.6063489638979233,0.8089236846632798,1.686905202737556,0.6986441363144422,0.8611151394881,1.0489762587228748,0.7112689474759961
2021-08-26,0.592027114058737,0.6286830861964784,0.5265065786646232,0.6239987493612427,0.6007155930106121,0.6824597476120489,0.29072599984869363,0.06459202480526167,0.10704291842420442,0.9793100589733436,0.9473479018813802,2.321549386421123,1.162478187031124,0.6197286557133656,0.8067969712681892,1.6746714320262805,0.7123708718252085,0.9117580818087695,1.0676991370445785,0.7008091740831861
2021-08-27,0.6142172330388772,0.6858413970238714,0.5408091108889321,0.6325223810653264,0.605829590187702,0.6756899280325468,0.31039584749094107,0.1335781801625307,0.12812958200018099,0.9897376026693266,0.9292936593187795,2.3356652543402596,1.1389217333738175,0.6238325499394601,0.677317284301889,1.6735321474496887,0.7150227859745834,0.9274993489456748,1.1194103643503346,0.6698533315349792
2021-08-30,0.5392288373986668,0.6933672841908161,0.5386035786127956,0.6260215910563893,0.5984390637188063,0.67478437236044,0.2224268664948629,0.1660568614531071,0.12021657957256017,1.1828571576142282,0.9536503365420713,2.3354130986835036,1.2106891094260173,0.6669297288098399,0.6811629814089927,1.688841886329686,0.7197409244293543,0.9334312674936485,1.1168597578066792,0.7868057721308905
2021-08-31,0.5651378242926262,0.6474199221699833,0.5203776925802507,0.6256431803291203,0.598790244690742,0.6703462010805177,0.1610418635181258,0.11797167642955682,0.11936371775335,1.1833589658311259,0.966954623432046,2.3786157272292803,1.2014122771466755,0.6695497656865839,0.5984550846517789,1.6790417434181133,0.6698496952925668,0.9086518632463673,1.0587678826842783,0.7908599197070125
2021-09-01,0.5660988335279692,0.47788814113123673,0.5006586050807825,0.6244146247984945,0.5987160460902894,0.6703749432172041,0.12970179303700072,0.14522200490079956,0.11989395691000197,1.1802233867489273,0.9628479490205784,2.346583561422358,1.1653116382121347,0.6023037516296101,0.595184836738699,1.6288106170835182,0.659527845983053,0.8915204133342707,1.0734444754303232,0.8223714279675737
2021-09-02,0.3980792800597708,0.47571180513291994,0.4891147176393702,0.6072436522647207,0.5981406716792677,0.6691743494408523,0.30930153118531567,0.12894344347775416,0.12750917656600394,1.186040627539551,0.9509330753956076,2.3327351324744128,1.1433078001113786,0.5826271994328455,0.5952119158385788,1.7238795892947485,0.6744598864664282,0.8065718867893468,0.9855410293372786,0.8750133946759406
2021-09-03,0.24214905174792567,0.4507943985697902,0.49020940890212283,0.5881618475884413,0.5967969320042666,0.6689250791291123,0.12563176273433765,0.11946732471578843,0.11935694857541423,1.1746918201060892,0.950717707319652,2.3194506753090818,0.9784754721735448,0.5805756051240707,0.5633004581973456,1.6991329528672405,0.6678373998685274,0.80660996406795,0.994916041523398,0.9072660026769557
2021-09-07,0.24605286517975702,0.41758775057619174,0.49995836356071627,0.5910035365573264,0.5999238600648051,0.6700256655456384,-0.033836091187122365,0.10565678689293641,0.11064367131891333,1.2054405036878786,0.9484640018147147,2.3311055498447075,0.9792298681971071,0.716486157150281,0.5621120860401343,1.6870148309057866,0.7581014442263136,0.871678167332243,1.0631318309357118,0.9518725396503028
2021-09-08,0.24325680162692215,0.42217613689841366,0.502497507684344,0.5879854905157141,0.6004775495049077,0.6546641867642163,-0.02856371357553087,0.09334667240314283,0.10488145260613016,1.2348403247067845,0.9277481889029889,2.314119231325852,0.9455464019083778,0.7821566454390704,0.5842257932896392,1.635986776448741,0.7598353614113871,0.7268235688414812,1.0642784593909802,0.9613507519569475
2021-09-09,0.2929552249252663,0.4456071152844402,0.514140062530146,0.5935060376550798,0.6032920816369371,0.6560069407867678,-0.12480062203861628,0.05952036460681427,0.10080429061438041,1.2545451742227687,0.9680480617366997,2.297543656854027,0.9088680827802118,0.8111882035961029,0.5934227513594865,1.6326967142744377,0.9056522537162949,0.7086574507184499,1.0620770890874467,0.9855432609439585
2021-09-10,0.29848144315195535,0.47811458981081717,0.5440892028564924,0.6056062058700548,0.6082643420410178,0.6582751205088656,-0.3440311278587457,0.0051121875595949275,0.09696907024895358,1.4166107222918651,0.9608828818099219,2.3016343982402603,0.9337951136789202,0.8127110341064744,0.592014639677441,1.6327523180024277,0.8845327841718293,0.7101413465679822,1.0880400148778426,0.9723472968246815
2021-09-13,0.3867760706411264,0.37425878519707856,0.5456038690785294,0.5904520181441101,0.6083610576934575,0.6531948972906997,-0.2879860204147341,0.008810513532513341,0.10178728658636874,1.41888624184307,0.9389795479003559,2.3392883114438177,0.978774555346757,0.8205244398618916,0.6288835269458823,1.7425832610917025,0.8698077343746825,0.7101206264897436,1.0723162530980286,0.979966988203821
2021-09-14,0.40319145477417345,0.3501591349019536,0.5560857024228679,0.543472293324234,0.5841365608327491,0.6534537022444581,-0.32440885738065994,-0.029946677743280015,0.11527693983000982,1.398820682075221,0.9520010585285568,2.3063240033308885,1.04527858698227,0.8119872475865568,0.613321869940682,1.7411678937961894,0.8269289489914312,0.6766995915399818,1.0917628642008428,0.9754486224633113
2021-09-15,0.6653689064348508,0.475490571157394,0.567614904309291,0.5136127211264319,0.5661577786094011,0.6554817051975824,-0.13299155772481494,0.04459228944096945,0.10533855515752662,1.4015767988803018,1.0022128340812897,2.193668628244096,1.0209647088388558,0.8162973014757693,0.6147237569853965,1.8996630327720894,0.7915354147745759,0.6811998874237162,1.0144317522505992,0.9570841549305514
2021-09-16,0.646129926140998,0.47357392515734265,0.5037452863442319,0.5018472666573485,0.5643187421471677,0.6414214145623535,-0.07908943200102456,0.09139184408360586,0.09378618245572884,1.2711765726700959,0.9837074447536959,2.107957232274656,0.9965246450273247,0.7869192868215539,0.5830589304009144,1.849775411477618,0.7643087476330783,0.6600068518959461,1.0126936798019528,1.0385518466956174
2021-09-17,0.7001551951791599,0.5214278309814034,0.5567257249049697,0.5278045722864643,0.5803444651564638,0.6488152159619307,-0.11621631769211013,0.03494502137078799,0.07955960236313177,1.3411151555080023,0.9816411380840265,2.029597692201433,0.9766478613656498,0.8434997015204719,0.5182216430338598,1.7225278157313664,0.7197732696672824,0.6316463861035619,0.9805314104717402,1.0280947014554755
2021-09-20,0.9339090203507361,0.6831660939841521,0.6450156080650058,0.5692495582675143,0.6185808141510017,0.6677688539008012,-0.5008860526120037,-0.08821111570036515,0.041909624828176575,1.3978161264763593,0.8808672371175382,1.9209953532477002,1.1966881540055674,0.8504273025261226,0.562127502369843,1.8410679651670765,0.6917960123604531,0.632404387475342,1.1607206748672576,0.945336338338651
2021-09-21,0.9503662359288657,0.6897785045081424,0.6035305897628231,0.5676561314489413,0.6174438009364088,0.6673233642289532,-0.4118437271924643,-0.13691545231634633,0.03441558995106971,1.3752064341757795,0.882181636600216,1.4528129630367839,1.155394582523134,0.8503796916803782,0.5546301124604026,1.580825157264035,0.7181401810373671,0.6352791809976144,1.4590886931642981,0.9531758658873274
2021-09-22,0.9972635207386528,0.8100942182603571,0.650397462880006,0.5851405893298532,0.628969923032261,0.6660786855925229,-0.38380825281862896,-0.09608041515021264,0.047313162261328014,1.4389292911320934,0.9296963718275253,1.6329823876973966,1.2324519123013469,0.8416299695669127,0.5298785506308045,1.7106057913568775,0.6883160627546207,0.6082286342184067,1.498084938896393,0.9368924178400939
2021-09-23,1.2355446975125446,0.9296636220801126,0.7112689474759961,0.6156194134915374,0.6467858529479725,0.6626115812310877,-0.10910094943592483,-0.04582230260964164,0.06666683457538329,1.438636845891026,0.9330838158783357,1.6696740077292016,1.3779891121073635,0.8398016776497697,0.5292800590816592,1.8711458656355096,0.7120777745699333,0.6085780422327072,1.5415066510977058,0.9044916660511726
2021-09-24,1.1372859867630563,0.8989170573050058,0.7008091740831861,0.6129230055013325,0.6469063978029866,0.6625321670809509,0.11866240090900906,-0.008070878364133161,0.06800929064881722,1.4337054527467326,0.9072151639697612,1.7141524806304902,1.3973974053477334,0.8192671811154609,0.5387342985599491,1.8427458465960715,0.7095056083276661,0.5815839912132835,1.5260663395917948,0.9057835456859017
2021-09-27,0.6644209676809087,0.8981935002263417,0.6698533315349792,0.609434642871608,0.6453032453716163,0.6633738567821663,0.39492619385346683,-0.0670785291097337,0.05401320770509884,1.4410221037683928,0.9849216035097679,1.6542415957133325,1.4869225558816728,0.8207847962247008,0.6184270095895029,1.905185318594924,0.7168116183373147,0.584862350776094,1.482385194712125,0.9056828452728602
2021-09-28,1.284240485929356,1.0881385080838717,0.7868057721308905,0.6894910296530492,0.6915566125239678,0.6893063470631497,0.01078153594283462,-0.1898267849543534,0.007687851365535958,1.3241526989743262,1.2094561435914042,1.9002763745852538,1.4401084956158097,0.8577778007002964,0.6293728798920148,1.8812711313886608,0.6974678827645486,0.5876773435169179,1.5521799799996463,0.7500328149945974
2021-09-29,1.1790928804110763,1.0368269952659188,0.7908599197070125,0.6771221254642276,0.6914061682605944,0.6866290363639921,-0.15064413784294314,-0.17400191549047989,0.013528692414480811,1.338102446226014,1.213246783606125,1.8921164885874855,1.4369489628041416,0.8736695927666385,0.6706445620378555,1.8481762767851222,0.7369000213498026,0.5772067156400719,1.5505667048833884,0.7659544878256108
2021-09-30,0.956074014270442,1.078176218636811,0.8223714279675737,0.6994312639733381,0.708001828494786,0.696427852956327,-0.6380934804409174,-0.23777112097912118,-0.01273209533202313,1.3332505107168644,1.2150727773198362,1.9122170984177465,1.477268848289912,0.8561478726620919,0.7094400011692165,1.871053579446159,0.7734304885778062,0.587351422158178,1.561786015040985,0.7023257052635836
2021-10-01,1.2387869631193709,1.1582484013923666,0.8750133946759406,0.7185091904364198,0.7167164305055177,0.7038815227351215,-0.43335354495610956,-0.19373464739948948,0.02065552742486117,1.3361941720207107,1.3755822720091557,1.9152363946888185,1.5405997862491654,0.9058344593640902,0.7076095983735333,1.9508224890579733,0.7348080975310047,0.630422306797605,1.8435683986538716,0.6730219645247681
2021-10-04,1.289229939425387,1.1086170690414265,0.9072660026769557,0.7445972944209162,0.7229360752430074,0.7135665447071897,-0.6340558304620055,-0.25700042740881945,-0.018629765600047626,1.401009329745008,1.436827285732367,2.0780465373506303,1.5306636077149998,0.9060237074001405,0.7114162344126019,1.9459246207224856,0.7293063205126856,0.607738620746892,1.8654281277967986,0.5638213002534646
2021-10-05,1.1913916406745368,1.1679797488720847,0.9518725396503028,0.7649606542300339,0.7342419130792661,0.7131627911062405,-0.02292054293034438,-0.1870978978901589,-0.007257904503340333,1.3910195136937986,1.5255589971022907,2.294132720027769,1.55800742582952,0.8317850428874646,0.7210415280574634,1.9346045158884793,0.6980066205415961,0.6224789101526977,1.815396025448841,0.5406164595307741
2021-10-06,1.2063535804047112,1.1284541001398218,0.9613507519569475,0.7679522771570386,0.7349107318066853,0.7134818116986497,0.026535972481139057,-0.1602269939763124,0.005350037145528212,1.4084702827810107,1.5715096613326511,2.3132613274474623,1.5476576433641573,0.8167341492700583,0.7689367623991432,1.9834098744529949,0.7098381026212152,0.6614204648614829,1.8166284276257085,0.5441042308975448
2021-10-07,1.0115644511389994,1.089143377312268,0.9855432609439585,0.779837110135014,0.7430415035997843,0.7156909289821487,0.4438934009589216,-0.09559761522973668,0.0172721874929066,1.4382817340755532,1.5647321970522232,2.3609406158222277,1.5487725572718711,0.802646632416478,0.7916196514979336,1.9811545651269946,0.6138668870344196,0.7367474448099468,1.843138327530541,0.5308485029661492
2021-10-08,0.9427503553788855,1.0853965024545804,0.9723472968246815,0.7785246374687168,0.7420218746512116,0.7123698074162114,0.16973338662831497,-0.06529351877772431,0.01992562051312874,1.2586348655034598,1.560488835218413,2.338949937476329,1.5090833767781422,0.8094240625009387,0.7946955701461582,2.0161250273642,0.6048086699205846,0.7462572727578234,1.8365104984753746,0.5178406080055858
2021-10-11,0.7348681241252649,1.1010314819662077,0.979966988203821,0.7853447917783442,0.7409523978712823,0.7111910527746202,0.28286356234454224,-0.11428803171900041,0.020932330881718492,1.2515261588398343,1.5576604127822857,2.326025277583933,1.584388370908898,0.7836290758454454,0.7569935156926759,2.0021271709358586,0.595385745563284,0.7419626119329424,1.864627877613905,0.45851813666324315
2021-10-12,0.6194494286907658,0.8955691368400386,0.9754486224633113,0.7845042068331454,0.7153820572447592,0.706231872324365,0.0255363040408211,-0.09961160753478863,0.04144326178408079,1.2501519889299644,1.5428084606830743,2.3204429291098827,1.5338867361432684,0.7828360302453831,0.7569161530968957,1.9649172274334037,0.6703874352714964,0.737974096027385,1.8468320950642243,0.4649352993009982
2021-10-13,0.6111026858075262,0.9015611295174887,0.9570841549305514,0.7813189523827713,0.6930659303186264,0.700388435586657,0.014363576068241813,-0.1233882105280482,0.023554869694575136,1.2351264538232,1.5159121657891037,2.343291569211324,1.664006091105886,0.775913086489336,0.7603487128691432,1.8602363906744457,0.7090020335191664,0.7432383760084581,1.8200912796250612,0.5347890705839259
2021-10-14,0.9244611917271244,0.9242709816384239,1.0385518466956174,0.8080573917131126,0.7185213301739277,0.71604067069464,0.17786551353418148,-0.031358878845935176,0.03809515937342226,1.3377410638141352,1.6008678534928473,2.5196008309705897,1.692383918445679,0.7728185414477186,0.7927674713270376,1.8419943096829279,0.7291333726160285,0.7899492284282568,1.836338152154852,0.43042926436264783
2021-10-15,0.9288779485290485,0.8884016238255019,1.0280947014554755,0.8161152022546743,0.7242659156909027,0.718889313894578,0.36665682720367776,0.05542476744622267,0.04729806521811819,1.2918632248484687,1.551400989548901,2.4991299255955015,1.730271368681225,0.6799284681084627,0.7940896137098049,1.7981092397185914,0.7552325328210792,0.8036933968587624,1.8623905347615988,0.4299870879557533
2021-10-18,0.7174106583412455,0.7012611055820375,0.945336338338651,0.8081179747389171,0.7135334899541036,0.7191534692447469,0.5706602917154305,0.15359855436285813,0.035085537796737586,1.2186204385032104,1.4941030626671736,2.3716218379856224,1.5490737792574982,0.6988085489124273,0.8284945098658483,1.6317895216658387,0.7613104395480942,0.775134380802733,1.889540845613544,0.43202823919591926
2021-10-19,0.5533470539274314,0.6799383267878459,0.9531758658873274,0.8053885782324313,0.7193702224173922,0.7201541145565529,0.774189208111529,0.1968966262912097,0.043852924148510275,1.2564998210225222,1.494139743155404,2.3702335536611323,1.5537509439218633,0.7044379013826075,0.8669136050670642,1.6258500866484165,0.9331837797359845,0.9129780390748239,1.6424256783850684,0.4147193211053013
2021-10-20,0.5473296541199427,0.6799179504118148,0.9368924178400939,0.8071956555621699,0.7177204445931957,0.7176621962113912,0.7807918641967818,0.16776181872580448,0.05799478555312728,1.2071199921061848,1.4769629475691388,2.272213782631826,1.532078204184812,0.7308167898477524,0.8682343521404059,1.551982012697933,0.929655409004418,0.929010486076779,1.6087301449974203,0.4237271956474642
2021-10-21,0.25118172484819656,0.660368789119111,0.9044916660511726,0.8075177868675583,0.7180726145803793,0.717748228255299,0.4965499487706463,0.12005384570570761,0.06302549743245585,1.2002345381540065,1.4913764487619148,2.283697632618684,1.397019519950318,0.7402128784929748,0.8713714702857661,1.5208915293959433,0.9211029243807953,0.9339158544147885,1.571637583886872,0.42496173124096226
2021-10-22,0.31329565280497423,0.6539221807490027,0.9057835456859017,0.801465755485591,0.7168864680570425,0.7151103642948772,0.32350903949741416,0.10663642709332395,0.05438585784481753,1.2083590160900277,1.4988238573020278,2.2415682309705605,1.4038698660340534,0.7372709226880654,0.9087019488984969,1.5186356646943564,0.9203682031951822,0.9550853838802038,1.5872043206209674,0.42788717144623606
2021-10-25,0.3261869563842233,0.5357667354260188,0.9056828452728602,0.7937555636030099,0.7159774524372788,0.716306489367993,0.37155226050182877,0.14775507102494861,0.07141824069258192,1.1796915486851585,1.436758197769468,2.21891983346025,1.3213163238746355,0.7329724245571821,0.8592834698221746,1.4456312556346922,0.9062162376689815,0.9582124201561276,1.5999593248120156,0.43031725061967857
2021-10-26,0.2510035790348062,0.4947414451547584,0.7500328149945974,0.7911646004288568,0.7150272023062987,0.713282160914327,0.23524993774026762,0.253013726740568,0.07641460107977394,1.02377376855336,1.1134474254775848,2.3449138224326807,1.3112735632406198,0.5896526314426331,0.8948143001976369,1.5014033089465477,0.930063251829867,0.9316847276137749,1.5340864032815724,0.4302080705966635
2021-10-27,0.3699838688422815,0.5788563263041706,0.7659544878256108,0.7942498995841101,0.7114646486864349,0.7123295237569996,0.06809541700731928,0.2224467074383701,0.05547215612581572,1.0271822137289175,1.3910764754606633,2.3532462495373996,1.4064996752935783,0.703742749620339,0.8865994549937384,1.6494781393398736,0.960493131259347,0.9620253699268958,1.5499222447485028,0.40891413175951946
2021-10-28,0.5512480560776427,0.4313697958244773,0.7023257052635836,0.8080637277384217,0.7173022297980662,0.71026657707906,0.20890266904168656,0.3318028830763586,0.07975125566601239,1.109419396527255,1.3545413267434068,2.3660276561936957,1.3962932051609738,0.6636873625546406,0.8109817057626216,1.5722663881499777,0.9009431238777416,0.935185342824566,1.480260666469166,0.6402501002251983
2021-10-29,0.5241824337918755,0.40808324633900006,0.6730219645247681,0.8073665421267622,0.7138167753899135,0.7046176147614978,0.27021039548647907,0.2825274122039711,0.07257873609407864,1.2072185562869022,1.3343357519209043,2.3818699278974966,1.3289852468017844,0.6452854342173102,0.8081691085957181,1.3892290195697818,0.8865852865448295,0.810810540610173,1.1394382749346583,0.6951332822373023
2021-11-01,0.5028379156491048,0.40999112544983,0.5638213002534646,0.8075349181876172,0.7138322401966648,0.6743977036504145,0.1973582229338348,0.3556085843739087,0.07269182722695924,1.0466274447749755,1.213016486251079,1.9289242433291944,1.3285467218981977,0.6574999297117337,0.7961918041859236,1.4127103026205032,0.8633584468986217,0.743222836267929,1.1146692348788698,0.8261568510450257
2021-11-02,0.5056998099539909,0.37660758534346694,0.5406164595307741,0.8066770055632865,0.7148088435413475,0.6674800405287609,0.2602225799007133,0.32379950744833236,0.08078613215037,1.020279124269693,1.182105500361095,1.8659974082107997,1.2825304791379442,0.6636908089691145,0.8162324557900336,1.4516551861909732,0.9227300240941638,0.7518592348251838,1.100676475066084,0.8517895364418422
2021-11-03,0.3275274933883618,0.39190992039735373,0.5441042308975448,0.8105515891324907,0.7180591628325533,0.6560812534557825,0.4709309580599278,0.3335454538330673,0.08888837741996596,1.0289787832162984,1.1714579917685068,1.8700788839162505,1.2820361780778986,0.6288302152090808,0.7809664676245549,1.4199315713829301,0.9296911255534596,0.7498176908222698,1.0928536705051588,0.9159354525983089
2021-11-04,0.18464211806173764,0.39700783125239303,0.5308485029661492,0.8083782633310732,0.7194728695134891,0.6561432686611955,0.372204155029943,0.3138805715941139,0.0926011069903972,1.0301481293900938,1.171440410548305,3.0504907532874315,1.3092314319532137,0.6325630933535314,0.7667725439181138,1.4237156860802065,0.9180393388965101,0.733226144393288,1.0432120752902185,0.9228899216565771
2021-11-05,0.1613992911227341,0.37208759902153593,0.5178406080055858,0.7958899969177355,0.7197293022963405,0.6504369338510337,0.4010153064449232,0.34034789215812317,0.09338885364666465,1.0224256006115833,1.175097674800473,3.0077684779619096,1.309078138677871,0.6322335927762588,0.7592122420862727,1.3372266013770016,0.93297780064825,0.7742130981434665,1.279516158570859,0.9643231590240066
2021-11-08,0.19357985980408965,0.37239026667852654,0.45851813666324315,0.7956962571223317,0.71963584202499,0.649517309097363,0.3836848933896778,0.38081391713519264,0.09177879964956853,1.037379694593132,1.161016550750044,2.970729780563057,1.223350068640607,0.6821930024807327,0.7845435018718986,1.3171530740211919,0.9308756743754008,0.8005043429222347,1.2158085866806116,1.0795224459763344
2021-11-09,0.3713408643650343,0.4184477826624971,0.4649352993009982,0.7918389880705982,0.72142783952736,0.644755118732996,0.2367144536704683,0.37659404485574416,0.08234525319255855,0.9994909914240179,1.153674575262418,2.9856426253812365,1.2229516210750395,0.6809326843709768,0.7827637525478609,1.3084058319756307,0.8470283478717505,0.7935272432557966,1.2387128529187428,1.0781758603353928
2021-11-10,0.5233229316479121,0.49366447885560844,0.5347890705839259,0.7972678226903088,0.7242608154112299,0.6498783637728881,-0.04628348887630827,0.31838368759692975,0.07986258883661705,1.1085537983239726,1.2493684442318713,3.26653055890314,1.0449150417118593,0.6808293734346739,0.8047362880911157,1.4063063563760954,0.8537330407919894,0.8071406739746455,1.2421979539680135,1.0732947711982628
2021-11-11,0.4458921068321138,0.4179873978839971,0.43042926436264783,0.7962667466310265,0.7077128732836869,0.644366334874486,-0.1340650430529263,0.23589793244733698,0.09864363256166928,1.0285789702039725,1.1902139011760788,3.2468564633695562,0.9976290884932502,0.67333685217509,0.7791383656869,1.3779005073338049,0.8705109267631599,0.7911019730997962,2.0041613252425403,1.0922628849764708
2021-11-12,0.5745604696806268,0.46415141968723683,0.4299870879557533,0.7831550718258614,0.712738821642288,0.6465350391109673,-0.05252675581661057,0.23555199640305108,0.10864059507335395,1.0602931148422716,1.2041020298383789,3.2594135215906386,0.9106211102788951,0.6730380966823306,0.7784204936962401,1.385819981919896,0.8938245726887393,0.8095087253412876,1.9873397615235049,1.10052126978135
2021-11-15,0.5719430091753042,0.4662643435393259,0.43202823919591926,0.7263060110473345,0.7070541846336852,0.646498404348546,-0.06274721613674225,0.2224620401721494,0.09594982627821416,1.0346044733202406,1.2080938071401535,3.323824960554533,0.911583187797903,0.6148090704379718,0.6932761206148178,1.3930894099342208,0.9031670776711599,0.8188421766083012,1.8978655256064696,1.1110777937391016
2021-11-16,0.5791167573783675,0.46577582477209745,0.4147193211053013,0.7255528421567043,0.7006951771361306,0.6470523203882583,0.082515821271714,0.2036756981457904,0.08788562404021798,0.9917925449097832,1.2140605091853423,3.3187189994424395,0.8785827599581645,0.6490956585334124,0.6187249969041851,1.3734063927874975,0.7433171091555704,0.8985717960585843,1.901037190498991,1.1643927070719078
2021-11-17,0.38652647418239594,0.45196000704304745,0.4237271956474642,0.7177082687710868,0.7019244337893981,0.6477731083025742,0.1948241282307354,0.17189175360541814,0.08119105239367004,1.0508566815769538,1.2053610964539065,3.4430263409310826,0.8148817239973262,0.6474993279863608,0.6219374666240636,1.3998231890390156,0.7488790947740254,0.886473714524431,1.9055916507396333,1.180651934024599
2021-11-18,0.37858029927053405,0.44089437380065877,0.42496173124096226,0.6980993435952647,0.7025272307792368,0.6479180561585405,0.2562780798110834,0.17582996520744626,0.0833538361011708,1.2120528407961304,1.1980705177008526,3.7574615251370216,0.8181195918308424,0.6722171706976849,0.5829450340753886,1.3557884049046347,0.7567133808280033,0.9014839215226431,1.901248084037624,1.200250849543144
2021-11-19,0.29152088791182595,0.43431835928751034,0.42788717144623606,0.6999983379847252,0.6978323600119972,0.6484008963970747,0.06958022890392304,0.1720697937546783,0.0902117808279564,1.2351481774703963,1.1747168375901882,3.7740254523420083,0.7695479078763451,0.6851708973792322,0.5600216833283125,1.716548136406642,0.7587283901026141,0.8624788879878189,1.899482782116704,1.2201509874128318
2021-11-22,0.3324132404361298,0.4425223270558724,0.43031725061967857,0.6999267236585427,0.6913532348642153,0.6479064576697107,0.0064325983749594865,0.13118212464043205,0.07061955551854902,1.231281881965843,1.2068396172383205,3.9403068499078406,0.943300070579336,0.6864671909342952,0.5670105454399459,1.6851666464760173,0.8089631464846618,0.9119733911004886,1.8470268126813687,1.2910112969595646
2021-11-23,0.27039708239179855,0.43145599101522636,0.4302080705966635,0.6065502178173131,0.6897084727406494,0.6435564118027429,-0.04620907340967504,0.13331094535830473,0.06549929571483981,1.2318344848587324,1.2327023332115807,3.7890728785162,1.103646172999535,0.6970283719755014,0.5365195944778988,1.710932567502806,0.7845630571878657,0.9169582360320833,1.8717027298213025,1.310924449620488
2021-11-24,0.2737910356955133,0.32417342686586464,0.40891413175951946,0.6066471926168907,0.6896109477827432,0.6435117896428245,0.055772036855701666,0.16881090856751374,0.07241856683846803,1.2204110213126338,0.8569642228292509,3.7611269101770266,1.0146010946102488,0.5849700563337965,0.520249051691029,1.6140528215104697,0.7427680379541519,0.9095636276900231,1.8702937659859546,1.3168350298660174
2021-11-26,1.0154393008186064,0.8147246552262533,0.6402501002251983,0.6831700194474815,0.750970136839667,0.677626113435207,-0.45820811541763506,0.009052269092615872,0.034361343729951144,1.365584178982426,1.043302133084783,3.9275198809654945,1.1505109126564717,0.8637938805751457,0.5614272654264231,1.795538165637992,0.7466525427939141,0.9269960791901092,1.8965007140955834,1.2361502760156664
2021-11-29,1.2737769266341905,0.8807898841992805,0.6951332822373023,0.6846547759718692,0.7658619821949969,0.6853596825972563,-0.17711718357707315,0.06023789898879024,0.04967688793109067,1.3551237367970002,1.0292068832299461,4.058684957434299,1.151247875393253,0.9373603486432984,0.595309760429388,1.8005193550019616,0.7524346362236074,0.9621363301274204,1.8981327926005584,1.2145270349957495
2021-11-30,1.504425540716236,1.0625886560323234,0.8261568510450257,0.7270989329242851,0.808018880152164,0.7091533320791952,-0.5099675516835164,-0.04564931901390572,0.01765294598372787,1.473047242985674,1.1007617632479156,4.133884447517485,1.1823244466813887,1.153140986810242,0.9267019204017113,1.8353140297928419,0.9135012801149978,0.9895705054029753,1.8934058351859815,1.1097465044868358
2021-12-01,1.474118150363176,1.0673653854568292,0.8517895364418422,0.739377227848555,0.8197129644110199,0.7172111426301656,-0.7586314708841587,-0.12140256733791326,0.005099680740086783,1.4847326218884116,1.0698021049299868,4.276244655531353,1.1711745457999154,1.1524343317962442,0.9422561517129262,1.8250691916931512,0.8943054089996177,1.0991481894757715,1.9041063016998698,1.0705500715938925
2021-12-02,1.7724095085410232,1.2316973746713225,0.9159354525983089,0.7718887659073462,0.8428414530554731,0.7295839391393938,-0.5056966857548524,-0.07534600238618132,0.03265748582352457,1.4995971662996332,1.0679912336141657,4.284723815212853,1.2941710028960571,1.21209596630484,0.939160041204855,1.9104041064210202,0.8991596214606106,1.0980558809311707,2.137602640574092,1.0363270679984942
2021-12-03,1.529244826114869,1.2294927394943165,0.9228899216565771,0.7782139032198251,0.8488484753372014,0.7342570470612467,-0.23366883525577106,-0.14241597847881265,0.025288992628521578,1.532402676267264,1.132159907201259,3.5850274748967377,1.3197757063585052,1.2259518929496986,1.013278638997294,1.9020129654325553,0.9730452858630445,1.1561310526300603,2.1290378325051775,1.0069888848774062
2021-12-06,1.5192289376009962,1.3221541220931614,0.9643231590240066,0.7959413000495288,0.8549793589658661,0.7390813165033202,-0.24213043893946926,-0.10054853735730788,0.05816861200769704,1.5834049144488835,1.1621977400787311,3.622765586005768,1.3605354893001151,1.3704751016777033,1.0557918668967077,1.9083488168965328,1.0947220462570522,1.2052616880295888,2.1008124971683033,0.9862670435135165
2021-12-07,1.4531138424360297,1.5042622308513574,1.0795224459763344,0.8412042265280235,0.893250904361153,0.761011131942654,0.5607143891260095,-0.0013919450798228095,0.08837798011212317,1.7061418797530252,1.3199267143885363,3.9618465643521827,1.4039502102031527,1.3656694722101517,1.0381212550319596,1.90990442938133,1.0923874747136024,1.2037679469679141,2.0877050059476563,0.99661803161412
2021-12-08,1.1577485038300885,1.5058892831341055,1.0781758603353928,0.8382904357973424,0.8896945562392304,0.749447999257513,0.8358213029689512,0.028374144986707494,0.10178552743588772,1.740263515489451,1.318099754039245,3.9884796727418874,1.4148560336048972,1.365124803778316,1.0391294787983343,1.8941064433534183,1.096949318970036,1.1997304087132403,2.1571076271358938,0.9952707105616784
2021-12-09,1.243620339480313,1.5194232988777547,1.0732947711982628,0.8492111984914252,0.8899573466364493,0.7428410164070132,0.39446249830320557,0.034840494408697145,0.07661199049252627,1.6440497356564305,1.2756650509177048,4.0049315586538095,1.4146734416324946,1.360551487572728,1.0278999249654794,1.8507325181795287,1.09099505647699,1.260589982003348,2.1580059271644574,0.987135394445258
2021-12-10,1.0283374482913803,1.3348600812211926,1.0922628849764708,0.8232203504116475,0.8963367550027721,0.7458043890605014,0.7567638671346003,0.08029124906806902,0.09494343422315699,1.686050638556367,1.4177942964746901,3.9528075700810197,1.4144396158581118,1.4894778152292392,1.0526514860839493,1.857271455897549,1.0769297853472548,1.347625009779189,1.536242115836482,0.9632212634002036
2021-12-13,1.213274498356151,1.3323131538105593,1.10052126978135,0.8334009647800766,0.8946235768455761,0.7509122401477221,0.34273151589344664,-0.0017339694297935804,0.09641426480649343,1.8140182395240871,1.411758260817313,4.234301774558311,1.4301171366627659,1.5986466015540663,1.0802818413584434,1.9113180230394022,1.1157755532692721,1.4195925634241613,1.5346969563920796,0.9633679730579162
2021-12-14,0.783046141585035,1.1727599888840379,1.1110777937391016,0.842452342894193,0.8705049689791798,0.7527838823314802,-0.20856827102541517,-0.037847208801991036,0.11273779524433888,1.8417020838920448,1.595012222400773,4.2334419031555885,1.448615991510345,1.598461266603413,1.0792405449719447,1.8962686753245546,1.1066083182405373,1.4345639383528985,1.5370980805682197,0.9481315603108822
2021-12-15,1.1212100455463676,1.151324672432323,1.1643927070719078,0.867708770635992,0.8898873992055446,0.7645053096399116,0.05097424659601204,0.020488751317782005,0.14035369191826075,1.8990929539451158,1.6401749726354165,4.569258399399583,1.4491278505182226,1.5865678784572625,1.0727066450388734,1.8748798463493719,1.093081754988009,1.3118167506075957,1.5547816647165085,0.937958834563753
2021-12-16,1.1578910983647555,1.1508187735144255,1.180651934024599,0.8804480617636785,0.8926453912806109,0.7695265165157479,0.009629408513081384,-0.011458185520716358,0.10939846227016879,2.1700929261770243,1.7599916784466196,4.777079049664694,1.5001130011270185,1.5855990068399237,1.0908871161288571,1.8672499338949593,1.107616912718584,1.3552125594338487,1.558684950558534,0.9169938802332588
2021-12-17,1.100393706621221,1.1723490554801905,1.200250849543144,0.8982271166287368,0.8932956440465851,0.7765627177365404,-0.3914946233539781,-0.08165192672319636,0.0714106280633192,2.119500753489586,1.7491610348203113,4.374374279307627,1.5688749512730618,1.6189327208996853,1.2478909251231247,1.9097145482313662,1.2950544278988272,1.5255564830883441,1.5468428848193774,0.9722344058897374
2021-12-20,1.1229614115069002,1.1744270031026272,1.2201509874128318,0.9150170223768286,0.905112374608306,0.7834099111898191,-0.426995633210698,-0.12587793495844884,0.050942761963184514,2.1145270289187805,1.7512397643824307,4.234017922560122,1.5911225074629294,1.615035999303526,1.2414233968129005,1.6424004387772981,1.299683361198536,1.5254611574450723,1.5654757625795015,0.9708542076779824
2021-12-21,1.4675330609814652,1.1183038691101075,1.2910112969595646,0.9530454382248742,0.9308778408580995,0.7977037610932605,0.06578457718327249,-0.02300921409991279,0.08530932718848934,2.144882608259955,1.8400636433352962,4.377668435155069,1.5419482195044873,1.613277828433432,1.2429770996194496,1.6956071488153428,1.2574551460217112,1.4719514621486263,1.736862697607165,0.8998490099322793
2021-12-22,1.340115562650813,1.1659978428840407,1.310924449620488,0.9647110137117002,0.8963043083142886,0.7997144644892399,-0.04674366684943996,0.020355102957840775,0.13555992501890454,2.1598233255536727,1.88806985300625,4.389740988059914,1.4220804506888653,1.612824000610408,1.2392997326187376,1.5882329923458114,1.2551371725055323,1.4597042140738996,1.6798491237786026,0.9392392479751885
2021-12-23,1.2729161732707512,1.1543872853378598,1.3168350298660174,0.9646953743512418,0.8984982537822211,0.8009396221295961,0.2540720574606262,0.03811681963051479,0.14312481187879958,2.1597357022475427,1.8912161524565365,4.333459504507393,1.426473090608316,1.5943709576593765,1.2233287775903368,1.5802667578411689,1.2495089474828713,1.4508877755774527,1.6979589295699054,0.9297636840620792
2021-12-27,1.1024910449795555,1.2001270110658817,1.2361502760156664,0.9775480789910178,0.8950778567203206,0.8098199821409358,0.7499662526961329,0.22039166530524562,0.18708227249140677,2.0194469686445293,1.8717325832264793,4.391911539955131,1.2843899495585085,1.3851823428794081,1.2024874070157914,1.409596751414544,1.237408027540006,1.4553691741408403,1.6239196255377244,0.8524863082519649
2021-12-28,0.7198607497005522,1.1465786057594465,1.2145270349957495,0.977925446554782,0.8859675000869074,0.8057129322128758,0.946294601211091,0.1549750112385922,0.16591344081045126,2.0083341076671255,1.8203214886020904,4.1805367277011225,1.2852061343363115,1.3610138935610696,1.195042537581951,1.4070882168488204,1.2375149702883348,1.4525406504127456,1.6507859299352885,0.8493153075960757
2021-12-29,0.614639223403921,1.0997226895672279,1.1097465044868358,0.9778758368579791,0.8651518189450086,0.8007158433814097,0.616700652628586,0.2586578369781128,0.1895390341127053,1.9167200779278442,1.765831888653927,4.164707609591579,1.2413269925920356,1.07365116184885,0.8820434601569742,1.257581559768055,1.0602689246733417,1.4130221226455735,1.5709379916715804,0.837436530096917
2021-12-30,0.6775396580317393,1.0239581395806814,1.0705500715938925,0.9784836434770948,0.859886466490319,0.8009951388956839,0.36143943258671685,0.3003728288255597,0.16758992297865963,1.925109008968594,1.77734308247213,4.094239634419497,1.2336474555876051,1.073761922494423,0.9303452478021049,1.266838084188691,1.0391299201961213,1.2754791939535168,1.4804180588831495,1.0716655917144646
2021-12-31,0.7056430759781045,0.9709317257006709,1.0363270679984942,0.9762085018441866,0.8609418139626076,0.8006437061548368,0.18658930603909143,0.2111883175790008,0.1564625896752956,1.9187127515453837,1.7912192810982435,4.054722132070905,1.1326655019490703,1.0543723197369745,0.9302978226331327,1.1442993117019409,1.0443503014636233,1.2393800251160232,1.3093787667834393,1.176437292833374
2022-01-03,0.3522678668449933,0.8623493504952446,1.0069888848774062,0.9774979424164488,0.8577446789535783,0.8019121814562624,0.019349799662180887,0.2836463240347336,0.1517036390500117,1.933670651585004,1.7296931776442543,3.979772740466803,1.157447619119506,1.0549908504989063,0.904409162237516,1.4185256694743917,1.0163480044785171,1.2117082096973184,1.3064337138829103,1.1802758390354744
2022-01-04,0.349460519677574,0.7199483463370996,0.9862670435135165,0.9765906086494889,0.8569769857352676,0.8010293675976864,0.028985061862270366,0.22275388643902713,0.15418441374661418,1.9411656071486594,1.769520826665195,3.9995538054813777,1.4048648513564932,0.9805302810353766,0.8670351068221328,1.6153692404808984,0.9251826597518059,1.2832843951858486,1.185157418263831,1.2113676401930524
2022-01-05,0.9272308122375759,0.9090205388183253,0.99661803161412,1.0255681938690284,0.890992661400078,0.8179449155492166,-0.38063813504687316,0.023319705934892142,0.13424722599675404,1.9137781208101463,1.8595209096586307,3.7202735190191842,1.4444943176795317,0.9836787433805558,0.8545169058418585,1.618684264164903,0.9299063302406284,1.3062693535230157,1.1906251721897796,1.2466693903909671
2022-01-06,0.9359095129133108,0.8553452598261049,0.9952707105616784,1.0242295194670303,0.8901075706680961,0.8055084017114165,-0.34413641827369024,0.005383398514899285,0.1367838627857837,1.8833951003680696,1.8617906223731053,3.7618143970747475,1.4305320679691067,0.9909686089819453,0.8980680935064465,1.678526556110407,0.9360918219817164,1.2799876842174145,1.1582669576276703,1.25626602233658
2022-01-07,0.9345775071735523,0.8345171223079163,0.987135394445258,1.0178402712391381,0.8922374852380305,0.7971226301097886,-0.37280335621655747,0.019371853949060002,0.12419867865156234,1.8829840763774928,1.8624658343893297,3.721157212355593,1.4390182163000278,0.9900835662636963,0.9000917189998197,1.6795944449527203,0.9566637943944303,1.2632130191203212,1.1591763622571516,1.2557738502998992
2022-01-10,0.7985184016939552,0.6460724560644224,0.9632212634002036,1.018121309916452,0.868952847330021,0.7944335269311502,-0.5134876670927909,-0.033916559522114184,0.09409087399776397,1.7597835898379774,1.7162752422458134,3.7267103361763727,1.4316126686543273,0.8580706811553654,0.9345569784324343,1.6964866911498033,0.9648771523518727,1.2086917452281651,1.1765510563331227,1.2764064836946185
2022-01-11,1.021087914509847,0.7432329966734662,0.9633679730579162,1.0212926660116326,0.8711069248513024,0.7980689476387642,-0.32461632400186924,0.05591692646519815,0.0965783178128186,1.7489225510177024,1.717737324870684,3.435115350013891,1.3909416544168114,0.6730519446844493,0.9299712494882926,1.7775385912536108,0.9324668965770577,1.1454628291822075,1.1208271698037189,1.30624868893775
2022-01-12,0.5047070589866116,0.7504332856337167,0.9481315603108822,1.0220170531064106,0.8710134296232638,0.7934169093161821,0.11348989187272265,0.1038342466594266,0.09614969267652836,1.739497003688277,1.6008777702005395,3.4354017264816727,1.3883949854991828,0.6722854416071529,0.9277805892886162,1.7817698706856435,0.9234340085165084,1.1302156158401948,1.091728438209453,1.3543276293805397
2022-01-13,0.8471047323286302,0.8481937974407768,0.937958834563753,1.0441105679806795,0.8868227985909773,0.8040918726283901,-0.1432958978875339,-0.0431841376059872,0.060326770619195114,1.6593797843304199,1.7659579011230901,3.1290027496724613,1.369953286908291,0.6755060160147429,0.9297181333702255,1.7925310344761176,0.924409977919348,1.1695045930380423,1.1519559476572194,1.3870174907574346
2022-01-14,0.8370582337989895,0.8529200873387137,0.9169938802332588,1.0434606599863308,0.8857500250904679,0.8027329533786806,-0.05603993425535823,0.0029545182569501007,0.054462695447217345,1.4115015348019677,1.7325522755216582,2.7971858485672123,1.9667292117746518,0.6642917516014775,0.8978394020424548,1.8014456166428778,0.888202989086822,1.1050757481289792,1.2441073125172186,1.385303531353791
2022-01-18,1.1398175614257517,0.9302514605541613,0.9722344058897374,1.0784042276172134,0.9160473974529039,0.8198457313057561,-0.3853515300277951,-0.03238078619056843,0.020599084097893867,1.4690909331956452,1.8022528548156027,2.8865481712134105,2.1224774815924903,0.5701184875917366,0.8558461942234926,1.6659030863154984,0.6475378867152983,0.9095828044762929,1.2440470608542054,1.3995246325762025
2022-01-19,0.8920755246382901,0.9345950171409665,0.9708542076779824,1.0894008047241155,0.9260888871772942,0.8250059935118699,-0.7751864212412093,-0.031130770542429676,0.005020362751266642,1.5322662165713197,1.7938055483079192,2.959130329394551,2.112746889833356,0.5533046681067896,1.1424335944834718,1.5817071169523895,0.6480969746261657,0.929031439391134,1.235810007355942,1.382717339300131
2022-01-20,0.6746724228741123,0.8318324000477374,0.8998490099322793,1.1010967838100536,0.9343694725669632,0.8301988555710992,-1.0506162719477103,-0.17526596562331914,-0.022364351694266576,1.4699146553819094,1.6903176256625034,2.7559548461083856,2.087828171516136,0.5743701609973482,1.1448653430509752,1.566843956990698,0.6677389779020356,1.0359438711301854,1.0782722976764263,1.442074389880988
2022-01-21,0.787039803806216,0.9411202071009207,0.9392392479751885,1.1389934261319414,0.9672012557240512,0.8495596113736997,-1.1676577239407557,-0.3234126518788161,-0.05658220118755682,1.4251281778701959,1.636589866716193,2.7602577646373265,2.109193575379217,0.5869537991026239,1.1298583677484186,1.6618965371995515,0.6586342056920156,1.0507022410940041,1.8562685482576982,1.3813294236431477
2022-01-24,0.9385144581333077,1.0001799195121959,0.9297636840620792,1.140751024206492,0.9678121903367373,0.8472071201290465,-1.0908994112811428,-0.3332883489284922,-0.0421202069101545,1.4143615983171298,1.627306034725829,2.7361066504432965,2.1038526311661263,0.6282452947237382,1.1457522330515353,1.6509826419295088,0.695944055330136,1.0491852470830882,1.8213204830708825,1.3956879418773178
2022-01-25,0.8684954676452042,1.0055697843640632,0.8524863082519649,1.1040731257565,0.9703994514893935,0.8534036551040629,-0.9808887726633216,-0.4650945425304321,-0.07855020271085682,1.2674795852978757,1.5366118335843497,2.499095845447815,2.1189971165909505,0.617772268261043,1.143215977402948,1.7100874978613358,0.9485680848313501,1.1362907375784013,1.8216416186457574,1.4240643714411976
2022-01-26,0.925030942502473,0.8571097623183664,0.8493153075960757,1.0822852724013756,0.9699368508049527,0.8517105761449923,-0.8233957853539838,-0.47355336718369845,-0.08611348565210528,1.2732149467697822,1.7432035569869364,2.6218645354839683,2.1340014984212368,0.6222494423870015,1.1489964562621244,1.7443181903462095,0.9498075782177837,1.090752061744264,1.7829495369502006,1.4700184733847215
2022-01-27,0.9186802843992893,0.7819187414791248,0.837436530096917,1.044523210937876,0.9707418411069596,0.8527162435965856,-0.7007895194180055,-0.504638508634967,-0.09720999689025327,1.2667012905708999,1.7760205281443648,2.6677477227417836,2.157844060761147,0.622132156792201,1.140889252049338,1.6920897282590683,0.9844597577176373,1.0921532979100357,1.8408774898432525,1.5488645872364633
2022-01-28,1.4113763371950656,1.292876918548366,1.0716655917144646,1.1099249966762144,1.024568160318431,0.8825917612720479,0.18853065040231912,-0.3666398474249155,-0.06255652864575634,2.112464463046294,1.935302043950606,2.9475558522040024,2.1757849074910354,0.750845826123932,1.147105345636633,1.6604882260832021,0.9926434040303402,1.1352466167558275,1.9411738414753765,1.4432434138372607
2022-01-31,1.5916700429640092,1.4794784854691128,1.176437292833374,1.1204333701374478,1.049061164812755,0.8975771795990268,0.4638118346441903,-0.26398271677721746,-0.04271346719479929,2.2036333562081247,1.9551793087467886,3.5020143085707978,2.208188233981962,0.7399422093236812,1.1402040627516914,1.658052188500466,0.9802928074262063,1.177646697222608,2.1094148164565727,1.4097904838560207
2022-02-01,1.2865480432953114,1.41246828811796,1.1802758390354744,1.1172395061632714,1.0510888626144939,0.8993241952876216,0.8431330478575919,-0.25914873048157927,-0.039306128308552735,2.1199571952379843,1.956585752752875,3.436285098818566,2.1872326361036323,0.7662403140208027,1.1406548213933103,1.9547894470375533,0.9968521614433612,1.196572056862443,2.1039535163120697,1.4712571553629816
2022-02-02,1.1337568015214579,1.4021413435020744,1.2113676401930524,1.1120069881910377,1.058046614579603,0.9031203203040896,1.0875889038664903,-0.2089024066826434,-0.028899019200308018,2.112831026572269,1.9745941467475578,3.488545261388424,1.9668893129547902,0.7084079495067453,1.2115021719668269,1.8861439401098332,1.0254043552307543,1.1270249198019526,2.113091003721448,1.4483659985154627
2022-02-03,1.8555245895636148,1.5694209199452647,1.2466693903909671,1.1214120874841824,1.0995082969429506,0.9288157922158629,0.7162437682615778,-0.23041803280785428,-0.06949675731759493,2.060427033721369,1.9800662692625388,3.4428734935475105,1.9442783719245622,0.7018708015665119,1.2260281944998226,1.947559792308216,1.0152456142033401,1.0797280380869834,2.1359354926196485,1.3686033895348308
2022-02-04,1.5730906812776446,1.4104958524634552,1.25626602233658,1.123610720882274,1.101144815312962,0.9295392218207101,0.3135860325060461,-0.20220923472998145,-0.056150563742791516,2.024923607074463,2.0141232562132134,3.422713516317067,2.035696527649824,0.734685045085144,1.264944642734384,1.9409067801092772,1.0234642996583843,1.1060592528347155,2.149612560777102,1.49406719130435
2022-02-07,1.3404994920530757,1.4199736097319775,1.2557738502998992,1.1203400280851756,1.097338183019251,0.9280174688353774,-0.11082398587629347,-0.19848787419215147,-0.04809184194479806,2.027445892871306,2.042034420776109,3.4029036481201445,2.017526895819319,0.764752991798068,1.2758443914789364,1.941993440787322,0.9749503164677272,1.0896909969405117,2.1438439095989117,1.4971832347499245
2022-02-08,1.3634935924888714,1.341400781210222,1.2764064836946185,1.117696238150524,1.1030502351732636,0.925240016848922,-0.08140400918705124,-0.1511278160051444,-0.03491770881972981,2.068603714710524,2.065154856443587,3.424759142351935,2.080079466189884,0.774294359452746,1.238508572755473,2.070293148076518,0.9726841343706674,1.0912276366194817,2.1451054450851785,1.6258023830073571
2022-02-09,1.47196298412464,1.3611068774699098,1.30624868893775,1.1365125362883028,1.1153798535994366,0.9343705193002131,0.01703963539799771,-0.12348841683267668,-0.023101819932423995,2.043110917485968,2.128640327770312,3.7240330078485724,2.0847123150516413,0.8607571348410126,1.2091194359526496,1.926759813100602,0.9425070197019024,1.0911518395161401,2.2919005519286,1.5748492447536986
2022-02-10,1.2539124920292088,1.5248551741517966,1.3543276293805397,1.1660077359176784,1.1385854292292041,0.9467011887763823,0.12782977839755053,-0.22683306117664728,-0.05361534110640387,2.1124366277765394,2.2004563159160906,3.7841843745578814,2.074392158233216,0.8679827135599755,1.2589891660239314,1.9484321271619691,0.9627232172324494,1.1097914976070824,2.4347916302799835,1.5537144111939154
2022-02-11,1.5319876812147537,1.5063826576556447,1.3870174907574346,1.1736780019416442,1.1635028226172288,0.9606565406257401,-0.36059382892739544,-0.25653371748994686,-0.09307636792605063,2.11802954766187,2.0603439675929884,3.955246892509508,2.0839325860011146,0.950824665148643,1.2611363538396834,1.9718656721628616,0.9799875343924319,1.038663600005238,2.4434379354187974,1.508587555050285
2022-02-14,1.5319513234541522,1.363521365577307,1.385303531353791,1.1680698693658522,1.1637366961561264,0.9609941040236353,-0.36178983770676043,-0.274925350055002,-0.09447633910625604,2.1142422155087712,2.0111422470975935,3.9539677663833745,1.6000764139286545,0.9440265172535977,1.2421939042642671,2.01685970008497,1.0122805988922694,1.0489651598556835,2.4036733563663364,1.605530901916768
2022-02-15,1.714498153215687,1.461807636042158,1.3995246325762025,1.190002045491302,1.1832277261230018,0.9721179880622021,-0.2038120261921291,-0.1057429400462279,-0.07325855098666419,2.1354069047105324,1.9924885576121367,4.4106801528790065,1.3265071711897805,0.9318006707618862,1.162094245823977,2.0365909565196545,1.0366078716150287,1.0090479614678347,2.4716505127657413,1.6453993602574875
2022-02-16,1.4758165185837944,1.4135037934003236,1.382717339300131,1.1792844280066181,1.1833837916818388,0.9706166023945413,-0.4741218748946926,-0.04822228024604751,-0.06841032858230862,2.0723028210499272,1.9917694519953177,4.3366923031643045,1.2670884394939674,0.9310503323950898,0.8819257681157554,2.0348572667396256,1.0340111601105546,0.964482117864108,2.45296537354621,1.6728276209540405
2022-02-17,1.5574422933591934,1.3789486192856997,1.442074389880988,1.1870449100426685,1.21289782834954,0.9867301507031585,-0.5420363313366946,-0.09968807602389333,-0.0993210852490417,2.120740072262997,2.092408664749776,4.606661282608577,1.3684291357876963,1.0270986923765228,0.914625078503777,2.038501431670225,1.0269570328205402,1.31354173220221,2.4765006008145414,1.6157115347713258
2022-02-18,1.3526251116523014,1.3631550880075134,1.3813294236431477,1.175090887903501,1.2145497890018029,0.9875167303703477,-0.27716157285701837,-0.03390967971901253,-0.11232240954666259,2.1099394887899434,2.06387392086039,4.619442406079368,1.2957909923338022,1.0238162703867573,0.9090870184017784,2.0211547217924095,1.0551885267685057,1.3113654382339532,1.8540036430119444,1.6062910535930617
2022-02-22,1.3998379187662053,1.3838804246417569,1.3956879418773178,1.1760389026299545,1.2197680264644508,0.9920984851318904,-0.42641504135207253,-0.10880425757273442,-0.13465859562357055,2.150787583467121,2.0632339674217244,4.627493599063047,1.2971359901157526,1.0074882627383432,0.9314690371926443,2.0485572973698685,1.0679073339710863,1.3317345431973089,1.9460432616808399,1.5951475624995763
2022-02-23,0.8947238880968913,1.3737508736080932,1.4240643714411976,1.1703519155115607,1.2078416038759678,1.0047326319546483,-1.1037196106487275,-0.1364506495425794,-0.12705117558925524,2.2183545246704615,2.058780401268268,4.617459087609328,1.3802306538843168,1.045307107240744,0.9408104871556934,1.9542530122289583,0.8269333378537143,1.2616369629028483,1.9778161744412341,1.566040702275033
2022-02-24,1.4266254406853123,1.380870254468594,1.4700184733847215,1.204360339930245,1.2136485910974122,1.0141776764747767,-0.8251465230003149,-0.04865996465763027,-0.12241277353424544,2.2477956368981524,2.280111543958694,4.791781221791858,1.5037742109911485,1.1244536887215832,1.0941663426507295,1.9631413732967173,0.9006367107068548,1.2443116292439331,1.9386317013682546,1.5661437746632216
2022-02-25,1.7205410807909642,1.5776302675959033,1.5488645872364633,1.2648907330741643,1.226232123996612,1.0346374967209517,0.04335342592919158,0.08634766031290593,-0.05321100378131604,2.2603052936675487,2.2770919907838585,4.708090144981727,1.54680290181928,1.407443249385316,1.475964109180061,2.02892775255657,1.4464837668038317,1.283868932433713,1.9324496925247083,1.5006743694987263
2022-02-28,1.6898666937582338,1.4582590238739244,1.4432434138372607,1.264866819831603,1.2186792195520144,1.0343984543566396,0.12168570869551401,-0.050620915145713805,-0.038962644581689854,1.6037353258335854,2.183412544814467,4.637177075111697,1.803476269117401,1.372029141233068,1.4955479928663564,2.031870779153325,1.4433662250630717,1.2665630279081472,1.8993798534962654,1.5009925130435866
2022-03-01,1.7790074023020748,1.528338652743085,1.4097904838560207,1.2818356281962653,1.2157557265482437,1.0434614219999245,0.031719084061870094,-0.21682744521831446,-0.08987394813884368,1.4805695662609677,2.1846791917371546,4.43617319284139,1.9374913117339292,1.3769987348166477,1.533213098764181,2.0327654501910635,1.4396177048334555,1.210961838532086,1.8431891901981772,1.4563428401636829
2022-03-02,1.5856008915433197,1.5595685351482405,1.4712571553629816,1.317499220256592,1.2364343601808778,1.0566178246951514,0.7544130056780277,-0.15863066008747045,-0.04471102217810534,1.573628028265846,2.2263063172968884,4.495165948386519,1.9596724844124473,1.3700964497503587,1.5366501547505602,1.484991934849694,1.466946251954303,1.1934592663264951,1.8449365155060924,1.4301804622714003
2022-03-03,1.6014960288027726,1.5590356068467983,1.4483659985154627,1.3179599111447466,1.2271302480031197,1.0551499558029545,0.3538580567395958,-0.23209267643935388,-0.07274706556099002,1.5586656910125638,2.2102135177328206,4.4800713922907685,1.9587847294039147,1.3550106221837674,1.472354319601976,1.488705702599284,1.4848371529900533,1.3147154380380461,1.8413170989496366,1.4773100204152863
2022-03-04,1.2614456056665075,1.4306579358364502,1.3686033895348308,1.2927264636121156,1.1979433384894815,1.0574154381118903,-0.24991277216924032,-0.1551914747947986,-0.12076326722258687,1.5671342054597681,2.0850940836568257,4.391729986528784,2.0313534922229444,1.3479922180022494,1.456690228960677,1.66694191627412,1.492514794756902,1.4361827307692927,1.9529293450336633,1.4577553998929882
2022-03-07,1.7460531774717278,1.6894354502078548,1.49406719130435,1.3639297503821832,1.2510420000992102,1.0897919261962186,-0.7883307084841592,-0.32610010039326515,-0.17430864553611572,1.6354843973718298,2.1921373942667115,4.623121439731076,2.029168095284445,1.4367746084482835,1.4517575894431352,1.7769592064430049,1.529997164301171,1.4214505984600472,2.238215063969261,1.2505647375098945
2022-03-08,1.6984506076828658,1.6769976310305748,1.4971832347499245,1.3660293294726618,1.2516511146879312,1.0887906556399836,-0.6353588045250987,-0.34796114988051585,-0.17569239004120238,1.6449299967272548,2.179937192345628,4.604275865993489,2.0116256309599145,1.666343138921592,1.6690397972875692,1.7692484285613692,1.598239456891434,1.4840036867677064,2.244304016574404,1.2809824747484866
2022-03-09,2.016842582213413,1.8274804546324195,1.6258023830073571,1.4436819136953796,1.2972864233868227,1.1168970652818828,-0.46706586090998725,-0.25504612301820445,-0.1466968328484876,1.7990488134310847,2.4282153376725697,4.888219254534641,2.2102802574193765,1.6627883639404177,1.7155018253213314,2.140176007687955,1.599552509917751,1.4878676175911598,2.2797655021723315,1.2018225550212223
2022-03-10,2.0167722291674526,1.7693581115583636,1.5748492447536986,1.4327578655306952,1.2943006711859217,1.11418453085132,-0.4578103790118889,-0.35080518004182554,-0.13945889013643464,1.8522393187708237,2.365153758389356,4.632470201843079,2.194614683895344,1.6756997131016855,1.7856431290272807,2.2257581323514177,1.6001557114992193,1.5653307436499855,2.116450990672737,1.1917780493490786
2022-03-11,2.0471702291531955,1.6108366766002873,1.5537144111939154,1.4394790192321494,1.300668345122983,1.1098474043891065,-0.5496121784950733,-0.32455196401795455,-0.14918359284505836,1.8538800060170906,2.324230581155238,4.6116550853096046,2.21455679939617,1.6668261320716042,1.7767352548337358,2.213457652218873,1.576022407619526,1.5393149618213187,1.9244157581496204,1.1427161680985582
2022-03-14,1.5859844341318559,1.6131226939530263,1.508587555050285,1.4303825967303971,1.2830930894837829,1.111733470740701,-0.10618992059768537,-0.26249912331083763,-0.18740565946892385,1.8861677011576288,2.2843532076553226,4.400243392324089,2.253123785629955,1.6917974203925736,1.8177244768869256,2.3282810110238152,1.5827847272998568,1.5489859854492454,1.9342024013184809,1.2099079405680395
2022-03-15,1.8166839297651243,1.7600413545919724,1.605530901916768,1.4817830181028104,1.3160544670420198,1.126486135726378,0.4852500048718448,-0.1362011892358645,-0.13605734034463873,2.0400149571481894,2.467232491069063,4.755087593882937,2.3255618823924054,1.7399943189072233,2.019128439450173,2.6481728796209723,1.6343721225214476,1.5270321521414696,2.1790384655416863,1.1303791599493929
2022-03-16,1.6835225132784122,1.8090757127030428,1.6453993602574875,1.5077080353961063,1.3447051838065256,1.139314743172245,0.3925122197901335,-0.1059650615226388,-0.081362929253145,2.0848836438842273,2.49928521601517,4.519440109914678,2.5566530848293154,1.7378965447519146,2.018550241290656,2.6349188202786182,1.6499112933545799,1.5356178464995671,2.2083870166028414,1.0503631961378357
2022-03-17,1.6417903214027043,1.8438106362462567,1.6728276209540405,1.5148405734556993,1.3492472080986269,1.1449768157497406,0.7330475009793406,-0.04901283607331723,-0.04278862895393143,2.0969185331558022,2.50041944155353,4.529736270553955,2.583728778659444,1.7561362371523113,2.0097342689016404,2.701973147445759,1.6643669612271887,1.5179225022319653,2.205027169236538,1.0557179499230949
2022-03-18,1.2015239389236543,1.8332485885200809,1.6157115347713258,1.5154116250754641,1.3364984631123336,1.1489719909481686,1.2063992786482982,0.11255693847829369,-0.054132367722972884,2.119437446941049,2.4347066789518785,4.4470320231858045,2.548589974206481,1.6909984864488452,1.98416998691325,2.703567647161502,1.6827305018218888,1.2652572507534847,2.184266899727369,1.0231007408018247
2022-03-21,0.9287323599982908,1.444871980892211,1.6062910535930617,1.4814340972552038,1.3293271765898258,1.1336762186254126,1.3467152632653883,0.143470085719764,-0.07128408195935483,2.1212223830855903,2.4241876698399993,4.3467224533485105,2.541224999646585,1.6942311916473656,1.988532189779749,2.860784240963504,1.6520585320070411,1.273106965682802,2.1869537632181384,1.090278931610493
2022-03-22,0.7973681668235312,1.3670472507566953,1.5951475624995763,1.4908657461491848,1.336037312718831,1.1383666202383418,1.1409382526517358,0.25563713426508755,-0.06215182407871297,2.1297557730580605,2.443447767441024,4.341157740633176,2.6031681042027426,1.6957195492967492,1.9882804517841866,2.8452320800727775,1.61435982848626,1.239669875814585,2.1707152257085296,1.0557248212432286
2022-03-23,1.0984156220834236,1.340342851967649,1.566040702275033,1.4923926478718048,1.3309402533970296,1.1389938271444788,0.43988698597816434,0.27993658763408424,-0.10720286814630905,2.0328860047271493,2.387154802965301,4.289244791882418,2.599508263004098,1.6841516650855026,1.9764650907182997,2.857811671253136,1.6223923314842275,1.2554889132825262,2.1794627488801215,1.0694671842610415
2022-03-24,1.1504888862918863,1.3425798064580523,1.5661437746632216,1.5084550686019145,1.3471692317152688,1.1420650552039573,0.4911514219290972,0.28006165015903584,-0.0807172272274309,2.057976131597905,2.1332125723605246,4.602667503802234,2.5378368061263394,1.6482609156072794,1.8840339486022393,2.8300660401099096,1.5281730677448575,1.2477139755569444,2.1079685955333773,1.160248124351965
2022-03-25,1.1018029401940825,1.1728590995863044,1.5006743694987263,1.5062717952792668,1.3489179111369582,1.136154464805595,0.36977075223193967,0.1941612700539807,-0.0747098594226934,2.046117601782299,2.126953397776429,4.634041694568387,2.4827285388838245,1.4061865591181584,1.6227420091681493,2.811722038891825,1.1238681050888697,1.2235991822741406,2.108443053546916,1.1635754803137563
2022-03-28,1.0843916340116022,1.047283664098777,1.5009925130435866,1.4609618831550162,1.3524367476598607,1.1341564121679821,0.5178771347736414,0.24251794223929588,-0.058247606777111126,2.0462417263941983,2.1815520414884197,4.640719438708003,2.304643597927804,1.3971483088786494,1.6020292501468698,2.9053286922069588,1.088988598800439,1.2344951032764093,2.106574032886018,1.2778293096023026
2022-03-29,1.0948255356673695,0.9584125614726953,1.4563428401636829,1.446735760775301,1.3624471922635553,1.1388231563937763,0.531270817455585,0.3805250676135163,-0.03342836479400516,2.0438983617326767,2.169845666085404,4.516291087916925,2.127447151893547,1.3951259886923721,1.5728173076804415,2.9070411497982955,1.0803799988265295,1.2375034836513275,2.1723784915823776,1.2284031549555159
2022-03-30,0.8238767907298076,0.9230528853393684,1.4301804622714003,1.4475737817723429,1.3620874033135841,1.1380771303223942,0.6653467665507055,0.2576700278522536,-0.05336978757226533,2.023938155231079,2.150998289287287,4.594136347604808,2.084397079254186,1.3859823796512851,1.5809742181123534,2.9068847704453287,1.0730447512361267,1.2719929693262608,2.1615602280879265,1.4009874468608414
2022-03-31,1.1190896424532906,1.0942918554952428,1.4773100204152863,1.4609424383385612,1.3755184446378383,1.1471005596150945,0.056029938331854455,0.2056046205571004,-0.07846348752163225,2.0764047556700524,2.1664444752322956,4.575618524217461,2.1896679312995615,1.3883682723527389,1.596099849066739,2.928399046502708,1.1068071702541582,1.2227823964704465,2.222998879160763,1.5709161582509625
2022-04-01,1.1029311782584184,1.0560038076852853,1.4577553998929882,1.4114145334484454,1.3547723098275823,1.145162981204384,0.015037745798503277,0.2603988995459166,-0.041736869352245375,2.0200190152415116,2.099208681767113,4.527683494586281,2.0991584426458108,1.4228628872361495,1.6290336986462284,2.8054761355479414,1.1060422924295108,1.1403676186962322,2.1032332115297474,1.5802916935901679
2022-04-04,1.1275160808782183,1.0723765255393445,1.2505647375098945,1.4156624579968382,1.359700906090938,1.147219958277873,0.04411272136233526,0.45062879970091946,-0.025893511807442333,1.9611157154734307,1.8812808474410787,4.1503171538874195,1.8863891530842225,1.3105216823142392,1.5992506585002677,2.6733191210039924,1.089925355557654,1.112690729038447,1.7546351271508376,1.5656600935989737
2022-04-05,1.0149590536421793,1.123071063340059,1.2809824747484866,1.4299683211052876,1.368285611500794,1.1531529741562303,-0.4559390251468539,0.42538001245807744,-0.0403563372048632,2.0016445122702935,1.8915047750731582,4.401363350498822,1.9016154004673012,0.8867025848708302,1.291004352782861,2.664520013960139,0.9689948510324526,0.9575697637981856,1.8011523033640144,1.7351799086958262
2022-04-06,1.0441674857500378,1.0884702153770776,1.2018225550212223,1.4333794478016975,1.3738542882326925,1.147071920766191,-0.5324298185375428,0.24132903844536474,-0.054948300192661316,1.943156848265547,1.8794382170950952,4.425717735874742,1.71357734900172,0.8981509409098546,1.2946705951402366,2.351516191756089,1.101520762236786,1.0442004552612574,1.851287377971279,1.8822235532656388
2022-04-07,0.9469439408407231,0.9818986879522807,1.1917780493490786,1.4160619111472037,1.3700047613734894,1.1459117363161215,-0.12382275790270034,0.2891015258343976,-0.0617306903467015,1.811055887588596,1.8593461054999647,4.411913384303166,1.6933715905022757,0.7316163797552752,1.1248720164641006,2.2751440316196185,1.1098481691054496,0.9700563520239557,1.8546935711691164,1.8716129777587682
2022-04-08,0.9193627292885874,0.9661934863615823,1.1427161680985582,1.3875252021435003,1.369554402380104,1.145914811404053,-0.23398324116465438,0.3393061338785214,-0.0706929637720268,1.7308360451953382,1.8324649593151707,4.5044972611228795,1.6504363923110652,0.72482336810805,1.056740395115171,2.3185179145447528,1.1034613317211486,0.9475452959646741,1.8267093661294949,1.971549062786554
2022-04-11,0.8733558063831142,1.0382389150300042,1.2099079405680395,1.3785106834025833,1.3755698182991536,1.1544560663719874,-0.747161919559762,0.2903857999604003,-0.076215680280128,1.7209563808424555,2.038530050273304,4.59611807823565,1.6451493930238201,0.6643627028638339,1.0628403039300516,2.3071397216655574,1.133112377957467,1.0786187012905721,1.7753089011495962,1.9599581702066433
2022-04-12,0.8317565131170254,0.8768373729594598,1.1303791599493929,1.3788041967629137,1.3760014265772176,1.1543324584521066,-0.5686348934560389,0.16190878787610657,-0.08307258380491993,1.6290240435990255,1.859904163942314,4.26415996942637,1.621746836802392,0.603604291862059,0.7811339972535857,1.8894229095200405,0.9886110312610625,1.0845647830721898,1.5165787091073217,1.9756495532635885
2022-04-13,1.0722099165594299,1.019013876751737,1.0503631961378357,1.3668282119901014,1.3668451586081567,1.1589189130248005,-0.1395816772667132,0.10830556418115307,-0.03446747912923783,1.5494234394077742,1.8232256137843692,4.038457664253996,1.4075969407462463,0.5839803329091583,0.76718035115588,1.8864761257777953,0.9601585173116256,1.1927814609726537,1.3734545195623193,1.9393563742702444
2022-04-14,1.0948681673416387,0.9840875061515721,1.0557179499230949,1.380779471257352,1.36967737881028,1.1643913174520346,-0.48938941615301845,-0.01650770344869217,-0.03791427325601893,1.716813752997453,1.9107428743342283,4.109694392652236,1.3580189992943863,0.5648145408462745,0.7917562318460061,1.8301759434381983,0.9304798230748906,1.1968362273566333,1.3701994274524123,2.042470062666468
2022-04-18,1.1189328344696994,0.9708393558850621,1.0231007408018247,1.3379886851594958,1.3624920990341558,1.1632929778025412,-0.42769171302961617,-0.06921661404095729,-0.018782583862185603,1.6558696533213217,1.8558627580016849,3.7956629898836023,1.453117820835702,0.6297854108438732,0.8355911429597751,1.8174066042204422,0.940199676158167,1.225156748194559,1.405217571795658,2.0397288557353423
2022-04-19,1.1539265244076393,1.095377712704421,1.090278931610493,1.3566458761666875,1.354215057980533,1.172793680363536,0.2370095793788977,0.012959378988777703,0.0408399283298431,1.6747761864485995,1.910148899341488,3.8231684231761665,1.5536717808819522,0.6376960001186927,0.8822230226372837,1.5980809963039777,1.1483373416888956,1.2036875937506948,1.6157524061170048,2.065341720207475
2022-04-20,1.1220929584940091,1.0367597702877192,1.0557248212432286,1.3440425071856927,1.3533494931503638,1.172126782000067,0.29627929260541064,-0.049255952135474665,0.032525641518959536,1.6069164652526167,1.8658162101095705,3.8595345899009663,1.4574705974968603,0.6763479629350515,1.026402698045465,1.5879238602663408,1.1379743231352812,1.202832387273087,1.9735527192981872,2.2156130600919415
2022-04-21,1.2380167707206124,1.0929351701506624,1.0694671842610415,1.3347590358014907,1.3581128352927523,1.1765312526682967,-0.23185747334563542,-0.059630550649796873,0.027951795813902686,1.5967246215571194,1.8832492185778809,3.9914166027407387,1.4102144730198671,0.6281811537259366,1.001225384350285,1.5921050513341193,1.1355504950684372,1.1292547281170857,1.995860162587382,2.205757897641908
2022-04-22,1.655677187049142,1.3234831424325086,1.160248124351965,1.3888803466899189,1.404143790301788,1.202201035424942,-0.531606230032908,-0.2721971164391935,-0.013598476979262605,1.6018015273264632,1.8870280202149952,3.073442287933471,1.5029280968961198,0.7474422615465652,1.0385329847577256,1.6816181471138416,1.1672120044446481,1.2584576208270832,2.0178716423802006,2.148010672840184
2022-04-25,1.718584863277923,1.3671631149065846,1.1635754803137563,1.3458883081321462,1.4047608758258856,1.2034089034750834,-0.4238778708583931,-0.2676287698135405,0.004293386851115429,1.6103526995233168,1.9981004285830548,3.1861899293341915,1.4736365138478686,0.7543526991271807,1.027199015521341,1.77839889344339,1.26418869475061,1.2620574006631442,2.068619560598516,2.198567840251445
2022-04-26,1.557499076506473,1.5324818868007763,1.2778293096023026,1.419631713708581,1.4154780690742368,1.2304312830228297,-1.3259501017584416,-0.44799743014424304,-0.08536680101688694,1.7650336556544903,2.028130875444787,3.1949237898551743,1.5716096548856295,0.8404708282674912,1.1193239003236677,1.6659325996931362,1.2808634139100945,1.264531880024403,2.1554723758917573,2.119331417473414
2022-04-27,1.6350730821739483,1.554401549966626,1.2284031549555159,1.4018999874391977,1.3945912038043573,1.2292584479606432,-1.2548817229750338,-0.4957940872431294,-0.11069882161597581,1.6713466118120113,2.3273042573651006,3.0862971390428413,1.565258533147962,0.8485133280423116,1.107768437294876,1.77932075207899,1.329033808945797,1.2770816039846213,1.9944491211502913,2.1315562405396666
2022-04-28,2.3289762215766525,1.7621612406352922,1.4009874468608414,1.4296414697112694,1.432223633465971,1.2510715720375418,-0.4506240895887534,-0.3386232646846616,-0.07986129897329275,2.031886337341523,2.408622062073791,3.7354760450595585,1.6463334692328262,0.8609152545872674,1.2087458552562507,1.8622059931283619,1.3200215292154422,1.248969083370329,2.009686564737578,2.098755196045455
2022-04-29,2.5877532980150586,2.04887041072283,1.5709161582509625,1.5409445585843327,1.4993201350057874,1.2937316358881203,-0.6409558034365711,-0.4464435518812998,-0.15764386925451773,2.140116783453506,2.539067485337512,3.8764321678775544,1.6642153273174367,1.0448814349787605,1.2606757677304068,1.908321770651183,1.3401174311873114,1.3376561133114788,2.0339003027950553,2.0160895712169693
2022-05-02,2.5903889340533315,2.0754553037089143,1.5802916935901679,1.5408849504345086,1.4743728392593263,1.2951896178917979,-0.6365159779093285,-0.4305172007404984,-0.10843659199646008,2.1445605535415306,2.6209776774103255,4.192133971807275,1.6982379732812536,1.09778511622619,1.277045672250927,1.9242635032370818,1.3578678274446463,1.314736651212368,2.1130013868891186,2.0163734508382185
2022-05-03,2.2739354964370526,1.9723816871787385,1.5656600935989737,1.4711580970325309,1.4742949281552151,1.2959552316344818,0.03438244848988949,-0.4504299983623545,-0.10863376635156667,2.0682586904486744,2.572156061554131,4.115689434727142,1.7894686203642842,1.099002285040355,1.310194787728651,1.9673510147089908,1.3392201677087996,1.3165247861273988,2.0699717128305215,2.0211394928728206
2022-05-04,2.653292972121893,2.2933952261571333,1.7351799086958262,1.542098589845896,1.5291110013297196,1.3252497838355524,0.5872088991603855,-0.23500710616631953,-0.052529414529585886,2.2847283252818404,2.675512962237541,4.184372855506842,1.9655943812923176,1.2909922911527962,1.316822824531308,2.1187153763119198,1.352332007373052,1.3490666043285953,2.1754338222609633,1.9434047463377357
2022-05-05,2.9223033876998654,2.4929980321090364,1.8822235532656388,1.5884562939636075,1.5898491027919988,1.3632700156208797,-0.6288412281244545,-0.3627261170813895,-0.12548106721807634,2.558118323109303,2.7253177850579755,4.282480795641381,2.015572716553243,1.2953540115231885,1.3490012212662128,2.1622431521744288,1.2842971911263787,1.259012511245177,2.2133004809377823,1.8078035408508901
2022-05-06,2.389317233100284,2.3715748944883694,1.8716129777587682,1.5895388641031731,1.577145040845224,1.3618969704250128,-0.009104101089693816,-0.4177638876780482,-0.15982251396182534,2.5625988426687263,2.7184266429579247,4.2821364084637406,2.015723085770249,1.29288159726732,1.3350938785459192,2.1579926731944434,1.284151009532081,1.3115738070961753,2.2302421999671305,1.8040029938461597
2022-05-09,2.7276944153498253,2.5087881722784604,1.971549062786554,1.6550747002754385,1.6119112410587129,1.3911108445130462,-0.7698369852450445,-0.5644806367605959,-0.183242155633343,2.63967393686165,2.8075952272861686,4.593887149797958,1.9702366535073306,1.2889574145280118,1.3209832725363853,2.802316951356847,1.2913004529468073,1.33718435593123,2.2695480159207566,1.645769585464004
2022-05-10,2.7038916049291863,2.3975030264552535,1.9599581702066433,1.652848010783979,1.595484812869173,1.3906803660713285,-0.8153085645512645,-0.4674666596102301,-0.14652666098688907,2.6350107788237804,2.7361271111043317,4.646888363610587,2.0201568305901714,1.308096026863616,1.3229851440383238,2.6928395540921732,1.2638703828510458,1.3019457632861582,2.300140244486098,1.6718775372287766
2022-05-11,1.631183862751092,2.412168159292892,1.9756495532635885,1.6267229986221396,1.6061810264975012,1.3970922606916387,-1.7420913818952184,-0.5283712282761144,-0.16755454321195742,2.8240825211877167,2.816107490681103,4.751953956769795,2.0160616313711164,1.2846893518723845,1.354062209544268,2.6926432081890357,1.2679492070976643,1.312273453063305,2.304404573274772,1.7239406283044054
2022-05-12,1.3838830839025857,2.167124562724198,1.9393563742702444,1.5796078001002107,1.5891306515379444,1.3964231602884767,-1.0521150943471231,-0.590859471351492,-0.19617298956432588,2.8073327253386853,2.782923288705375,4.646307405132551,1.9138305137015315,1.2852689104507333,1.3507308455786502,2.6765855959754155,1.2863399501425918,1.140621917434148,2.2459089666605836,1.8519521089947937
2022-05-13,2.0929380256070034,2.1305461582005396,2.042470062666468,1.6170506604424826,1.623480113280515,1.415314924895844,-0.4545866315309818,-0.40906319152253906,-0.15819457701484946,2.896965710199093,2.8023778643684865,5.193681133931513,1.9285269071392457,1.3500168468827378,1.377123437408789,2.7450917447452685,1.2889829265696258,1.1500530319713866,2.420057080897706,1.9432915707743716
2022-05-16,1.450313237720654,2.1104647241714813,2.0397288557353423,1.6032751137436474,1.6029884331214654,1.4154844502321906,0.10461162355857515,-0.4314048026135481,-0.1293548260587372,2.8977016202666164,2.801416394373695,5.1485674607509475,1.86394287508983,1.3324037493581833,1.3834027181437256,2.7859646642664377,1.2693624887388126,1.1469193468405734,2.4184780094626275,1.9432048369010309
2022-05-17,1.698731029396976,2.2339720904995657,2.065341720207475,1.6440670146501566,1.6260310274907552,1.429141395163521,0.46980839890515413,-0.4092669547286659,-0.08427916334004136,2.9491802684938073,2.8148795954675103,5.303305537686313,1.9684323522110119,1.3195725430377565,1.3368487500202224,2.7824799430317397,1.0571812738029702,2.7105234136397387,2.423694283172118,1.9073468434754592
2022-05-18,2.5676378677365226,2.2220934204445046,2.2156130600919415,1.7361799067916401,1.6996938165814295,1.4730943491338402,-0.01870025195303855,-0.6071161144157268,-0.13357831076203788,3.1601101473821713,2.9647560839122877,5.446418040429185,1.984587202842291,2.016532272923475,1.773192316062112,2.8153488860002356,1.116981972083745,2.9661685034809184,2.2883392382529797,1.8397148111386812
2022-05-19,2.581891914462262,2.013726095187068,2.205757897641908,1.7298804519667927,1.687265329521319,1.4611033290932118,-0.12031209232856029,-0.5629731260972232,-0.11422236303764526,3.1806219427380715,2.9465920387541686,5.333923417390414,1.9971834969020412,2.039513754658767,1.8108343312714308,2.7992166151871394,1.1267384216093999,2.9645841116396467,2.2629906175718557,1.8420014530238058
2022-05-20,2.195689948434987,2.023512837253922,2.148010672840184,1.7057339148322042,1.673991808694344,1.4559184792360114,-0.5897341184069191,-0.4235951636160419,-0.13857687663206644,3.157147146780115,2.9107719538411385,5.316184517986189,1.9185673580994491,2.077794161426242,1.8176494857607044,2.737545417506727,1.1970446188642982,2.9809376168184065,2.2140550300649378,1.9446689843331906
2022-05-23,2.463178347083878,1.9097823322858052,2.198567840251445,1.7368413937711136,1.6665732136147346,1.4576191089539046,-0.13438024425012268,-0.3590303959614805,-0.14416596524034672,3.3204930231529017,2.953959308561717,5.299099218467631,2.4157808287844165,2.194407926684392,1.9079252284156931,2.606848963283583,1.1521197881270515,3.1107739914180716,2.3471298546940247,1.8856260864942878
2022-05-24,2.1372530363252586,1.9214088860568288,2.119331417473414,1.7301730669619557,1.6684367338915214,1.4559363408212853,-0.698465260935359,-0.25239574452289526,-0.15262507747594742,3.254158351124072,2.842523314048449,5.247248536461245,2.336088960178416,2.2235968348786903,1.9556456340795236,2.6020277587049887,1.1753984711269394,3.157167129593154,2.383515088881986,1.901045695663017
2022-05-25,1.0996041343786993,1.8689669357192558,2.1315562405396666,1.7227416546184289,1.6638538796625892,1.4510419678112254,0.28445830233659464,-0.2222811080878196,-0.11251670923914417,3.2561456371482156,2.614066586078124,5.386685690535456,2.312957571214748,2.215153184605519,1.9755837073847806,2.573185093448613,1.1538194795753858,3.157631634812499,2.436991426345677,2.0325306778256107
2022-05-26,1.1838109462922313,1.9555655906803122,2.098755196045455,1.761876607640053,1.6671285739210702,1.4618526258590316,0.806582541805885,-0.24867146824856362,-0.10987490169365713,3.112666951751983,2.5717974091855176,5.238329405231463,2.317634834529641,2.204167113419753,1.875596988403922,2.51657483087691,1.1392373506477218,3.196215060840874,2.513705629943942,1.9750865328085188
2022-05-27,1.282360562575221,1.9631204040222308,2.0160895712169693,1.8021976877147916,1.6987639324713524,1.4756043812668056,1.288835937541928,0.058852771628583,-0.060662053231872085,3.190863071408707,2.49965225596877,5.198258516167492,2.177512423833982,2.1427730893106403,1.9062562390874653,2.427159493955645,1.0967224051765236,3.252282070983205,2.5703934644142277,1.9156259690216422
2022-05-31,1.455850520699487,1.9703623516632538,2.0163734508382185,1.8014103515264837,1.69718746959743,1.4631016324431358,0.802413636817079,0.000702007720121367,-0.05647209782482009,3.1902174827882708,2.428209806961531,5.059038577944534,2.176069707686222,2.152192549708138,1.8928804821732865,2.479625566876968,1.0896851639658087,3.258653823163355,2.5511465640620345,1.916442420901987
2022-06-01,1.4681685450884576,1.8990354842028063,2.0211394928728206,1.795244949859523,1.6574206603233397,1.4642047320919689,0.7933181362209265,-0.06266182259013602,-0.020821007083856955,3.17799443111778,2.422880741324421,5.073158748456382,2.194710261399143,2.1511426955860102,1.897353945169703,2.4754178967721048,1.1149474520357388,3.269200862524921,2.5610478919224744,1.916485471009281
2022-06-02,1.5524098106576978,1.3227693454578913,1.9434047463377357,1.819401770368048,1.6729149054622545,1.4745521752801216,0.9974931629912701,-0.11971004213009846,0.023554288053886565,3.0451904742198117,2.3274820981825806,5.252216736209974,2.1028862522124974,2.043465182084132,1.9089885708428118,2.3480341539764193,1.0890504791383633,3.2792091461377484,2.5266224759235016,1.8724123071776562
2022-06-03,1.799455486525443,1.463578974937762,1.8078035408508901,1.8296312185353416,1.6494342531952708,1.4784187508779374,0.2696366880263049,-0.02405198921087375,-0.04848302261563278,2.913553111688794,2.1474182905894366,5.079107251313057,2.0413711328067894,2.052610882701381,1.8806483987270506,2.314562337523881,1.0023853447423074,3.2844309001298417,2.4721939889125024,1.8538975969498523
2022-06-06,1.346567616497984,1.4560935326662343,1.8040029938461597,1.8279535181837063,1.6491905961239064,1.4770781687595673,-0.16045403342383988,0.021015288545046484,-0.03588235776620133,2.914297760343794,2.1402077314860053,5.074020126879169,2.043578406776862,2.0498074683571637,1.8569762940473624,2.3088927348163093,1.000753111259359,3.2752227207628595,2.436309348348367,1.8545040216872295
2022-06-07,1.4039144579558167,1.3923188509089826,1.645769585464004,1.8370323288282897,1.6460046499167986,1.4791049521101973,0.14360869820310632,0.22906342858215906,0.0012963085666948704,2.8605116830845505,1.98427331588816,4.567535893012642,2.0012282519131057,2.0561572715847873,1.8852116792229288,1.4695766446920744,1.0230137518376596,3.2412074938847306,2.3377080773247325,1.8778255373929145
2022-06-08,1.455690927652955,1.4275901997683573,1.6718775372287766,1.8262499776838967,1.6493311942929876,1.4742401902877111,0.08793761714799767,0.1631497228346795,-0.004643712271716701,2.833980570147139,1.9538129723162785,4.5274565086073775,1.9475580043713543,2.0499621805638526,1.8971910513682027,1.4664580295908187,1.0328564876455408,3.2395565517514107,2.335740066032063,1.8688975378962414
2022-06-09,1.3775772138357307,1.667613725604895,1.7239406283044054,1.8596911616944276,1.6515331259918369,1.4872151600565342,-0.7685916638740738,0.12366488737518773,-0.08093251767493999,2.705649657664552,1.8585153486205581,4.39927403955015,2.0146440794593743,2.0785591758692448,1.911377441032942,1.6165585468660109,1.1250074089353868,3.239558142019657,2.4331436407758575,1.8142243297217695
2022-06-10,1.6623712046482182,1.7690479988621512,1.8519521089947937,1.89418361612876,1.662916478131636,1.5064395966811366,-1.0202788317475204,-0.016092923560973072,-0.1662156102437706,2.7765779613682575,2.0741088247969173,4.578838058744237,2.294768446569155,2.0775735463095213,1.9113259622136294,1.7257966839120031,1.106847950704276,3.251835838798303,2.5670890434376417,1.7082008671838655
2022-06-13,1.8468839360822575,1.7623713437673203,1.9432915707743716,1.968229264220109,1.716815293360454,1.5410349706845605,-1.8405345437984106,-0.32547168952181077,-0.25034752816434724,2.7746856185618882,2.204326552457779,4.393342964328582,2.384878002230737,2.0184876278600568,1.9506887772008372,2.02260098132553,1.1205414753586715,3.244039231194625,2.5716854455912315,1.4742558479801398
2022-06-14,1.4014814828044089,1.7714584594267249,1.9432048369010309,1.9671519832110258,1.7077055171002091,1.5308919479639627,-2.09264540664872,-0.3202508289696649,-0.2736240818747234,2.7833842243289384,2.220050575192004,4.383870119951624,2.407209536706502,2.081224470586543,2.0007098319818737,1.9696770634567082,1.1441442086321307,3.2428576707537444,2.560230783703816,1.4735117504684654
2022-06-15,2.119019015812413,1.9286281323610461,1.9073468434754592,1.9624785400973372,1.721507113650371,1.5341016022856546,-1.5900787822363878,-0.35182207245070596,-0.2493765493968647,2.756017121895677,2.281127034660763,4.325882908691724,2.289923651388745,2.0988533346700935,1.9989393355635507,1.9847036242684113,1.173102670484823,2.1407558381135647,2.4615625663160254,1.500461450621361
2022-06-16,2.2429306404175335,1.8334155225998006,1.8397148111386812,2.015486945641552,1.7557027229986037,1.559032567463828,-1.776338647074984,-0.3157447114052986,-0.32403892598549994,2.611409421750129,2.1297447808349554,4.238546602564975,2.290093707964731,1.4431280276701919,1.5456538555332469,2.132677368263773,1.1083307735548662,1.5574057536406367,2.3445926289919994,1.2906606785260748
2022-06-17,2.2851772881066843,1.8852142567829526,1.8420014530238058,2.0111323973011754,1.7524394629261868,1.5524653515638127,-1.1533083101509063,-0.2743419780165596,-0.2989818849211932,2.583429851256232,2.1472599671760246,4.25350561016222,2.272227873671703,1.384876408302165,1.4828305118580127,2.493946846719984,1.0952838109827647,1.4930346924614097,2.3425807050875997,1.4035878903411987
2022-06-21,2.2022845971921066,2.1743709774332323,1.9446689843331906,2.0271428339645627,1.7747920609762249,1.5721782928438743,0.10952714199335115,-0.1506563744217432,-0.28214955149232607,2.696645385262197,2.2208068427896848,4.339097867678087,2.343647775711596,1.4203277319764762,1.6617720322777538,2.879701516062566,1.1282394263461186,1.6660538361746071,2.3470193634387515,1.3113064123090816
2022-06-22,2.1973355922754734,2.0965417718526833,1.8856260864942878,2.0223639729391008,1.7719677968754992,1.5719203727620856,0.13353072323964357,-0.2532730870972233,-0.2933107509574147,2.5236091329329136,2.093037447470315,4.3391400357167695,1.8294890597157796,1.2397899801276435,1.6112639064216043,2.961735541811412,1.0864487801145004,1.561926441014516,2.1814642114128064,1.3172692912843087
2022-06-23,2.1401506582792464,2.1848281939723657,1.901045695663017,1.9876526199850628,1.7748903621622782,1.5754816558474736,0.04446365117527309,-0.16608984442304803,-0.28882767303006207,2.545953316778065,2.158408382515697,4.223344420987434,1.7858351228971325,1.1938537059169585,1.686880375982667,3.015507719491359,1.1780635813066649,1.6347752333885388,2.048078624749486,1.33622510332239
2022-06-24,1.4558124728258426,2.4247470027695504,2.0325306778256107,2.057580775325628,1.8203226016019272,1.6049100564135366,1.3422553304682943,-0.051295454372373726,-0.2564568832344409,2.606530243246801,2.278397234646685,4.253752184722763,1.9337800964840428,1.2749288904678648,1.6862920674221755,3.014243929351109,1.202045671025256,1.628625116524942,2.198611813957726,1.1416423636669553
2022-06-27,1.5897870501990468,2.238847093729267,1.9750865328085188,2.0119545474699394,1.8197847954961404,1.6036643836764986,1.2227467708321242,-0.17030092075999984,-0.25253188456440834,2.5523281088016767,2.2754378864709817,4.0971652131414436,1.8697536472354532,1.2719420699588404,1.680490935107257,3.080150617125864,1.202077054382112,1.5541031823743454,2.12457284577119,1.1722038924298035
2022-06-28,1.932651525519054,1.9562405092251103,1.9156259690216422,1.9546938616567944,1.8269752983738752,1.612874558308472,0.3106190661644973,-0.39521059226610095,-0.2609337908396059,2.4380771034407416,2.284285515101127,4.02444353150458,1.8141303630181038,1.2785100594774321,1.667761590398503,3.146711796163958,1.3498461029028592,1.5044195689297513,1.9120543025308256,1.1978969381609996
2022-06-29,1.9268032205760737,1.951082410923612,1.916442420901987,1.9507728451348774,1.825739616563107,1.6048187789223998,0.33059492021907644,-0.37122776624672393,-0.26701431975570034,2.467004426422252,2.3171749097029344,4.049716993467152,1.787252224115348,1.2130927303192935,1.6858269869895932,3.2263560958263175,1.338291785955276,1.5023951829452116,1.8743530160976787,1.2145069898216667
2022-06-30,1.9424190698185206,1.9271756837787786,1.916485471009281,1.9503697052846558,1.8210380373356134,1.6059313567063809,-0.027947159131005074,-0.3714061682610309,-0.2948326630711738,2.4888008304253595,2.328456896422589,4.059691208132905,1.810306093641285,1.2093164746886973,1.6790779446866368,3.2226994413904713,1.3212141044416894,1.4093372856323683,1.8768827850041612,1.2077152275525314
2022-07-01,1.1273018380531632,1.5496172255873493,1.8724123071776562,1.8894904864090485,1.8247653637388506,1.6096179491248055,-0.45229468021183517,-0.41374241517315,-0.2561531878231893,2.486008415289182,2.3359381979991367,3.6785723534771324,1.789570705411877,1.2975744113357903,1.7021290063288703,3.2842431053308463,1.3423651058412724,1.3674330114382907,1.8971968349399775,1.2097011150582926
2022-07-05,1.1644954490615327,1.5500795871918764,1.8538975969498523,1.8136652456245927,1.8230056689410419,1.6099109558069238,-0.33812868559586173,-0.32224226416554147,-0.2363401234859349,2.395265562863364,2.334682961118071,3.734459880923302,1.7836103908604029,1.3292604628402651,1.7040409661354452,3.3010199911739178,1.3515144469824942,1.3570873602178808,1.9111866965348023,1.2314676965830487
2022-07-06,0.678172485115109,1.3684814270075847,1.8545040216872295,1.814086609441349,1.8219880595159978,1.6075989590610846,0.13806949073843536,-0.3205797112255321,-0.2391094367861779,2.403300190189092,2.353084151247884,3.7531502175887645,1.781912921331725,1.3284707723607136,1.7148475015506746,3.3075946196098953,1.3514336674551077,1.3646055264909238,1.9151730607675717,1.2616968165627513
2022-07-07,0.8862030213558805,1.4153804457663748,1.8778255373929145,1.7628159561432009,1.835722132465369,1.6141895920193505,0.4539001882169672,-0.2936548937432587,-0.20969070064056516,2.4332718006969896,2.338380095350398,3.9576868812409853,1.9122152091211835,1.336416568331935,1.6960550934996748,3.2014726809196277,1.3293921517137435,1.3341098968165028,1.9623741620925403,1.2383256880281912
2022-07-08,0.6554839979797921,1.4061847772521063,1.8688975378962414,1.7623118257206671,1.825182452110151,1.6101695736757913,0.5999369678769287,-0.24340633057879812,-0.18257442245144953,2.433498654356432,2.3330216200923313,3.9574139688681274,1.897391348884828,1.3311518690970898,1.6789683138993365,3.1751469699673764,1.3222198861102934,1.3151758966262561,1.9782881573115585,1.2399645263883299
2022-07-11,0.9456198811327776,1.0326394503679406,1.8142243297217695,1.7536494571649823,1.8292451114330954,1.61273900164425,0.15993813021881778,-0.18160996664992715,-0.1954387691836179,2.3119017886307756,2.2997357550855746,4.001718911234186,1.8703448751140606,1.266614849411372,1.629143219745011,3.1626544189930055,1.2312348564239834,1.2859855130235813,1.8782788434579494,1.1968799205885137
2022-07-12,1.0532110162300834,1.0573492652821348,1.7082008671838655,1.7588445107173238,1.8227892108049457,1.6072243764478569,-0.05480919331869636,-0.08087485455833546,-0.2292757498236001,2.116683700816622,2.264158393615989,3.8132274538522424,1.5989509013577397,1.2609686553141666,1.6413886735194547,3.156430097685444,1.2669709441856571,1.2872831604592794,1.710839722497776,1.1747642986451452
2022-07-13,1.0434628787679268,0.8517195485267981,1.4742558479801398,1.7150355179492085,1.8183527085268187,1.6054739898425459,-0.2273918113710934,0.08270597188129722,-0.21727630305435083,1.8852826381977847,2.0327923726625134,3.4077726634982506,1.4744409952295598,1.2671390371418612,1.5071906054156334,3.0373326273972943,1.2428261568047554,1.1956831214270967,1.5148065802810726,1.2128777693011155
2022-07-14,0.439757522108215,0.8540198784309518,1.4735117504684654,1.7145362960337405,1.8180383462485548,1.6029811043007658,-0.5755034608056927,0.08563059271749826,-0.22200834628857152,1.916405155202636,2.027761072254128,3.4112729233107513,1.624173588957635,1.0804243396838047,1.2886159653411022,3.047142889603217,1.1788135791037508,1.2531955056082482,1.498589667636504,1.2059935429889168
2022-07-15,1.216161317132847,1.0079536027150788,1.500461450621361,1.7099213669553217,1.8235032268127038,1.6045634318971915,-0.17695522630330104,0.10987455840447355,-0.21707148959163275,1.8919546512437604,1.9330354506042655,3.3086504572364746,1.9279018808673076,1.0761343545483146,1.2529664555423328,3.088367450473158,1.196164327685347,1.2568410700708168,1.673555506713372,1.1938643186785827
2022-07-18,1.1602744516681378,1.0082336027807766,1.2906606785260748,1.593091858843645,1.8250852555217203,1.6052650124729897,-0.11361619991501834,0.2340706451400642,-0.22959672689365365,1.6910757848634177,1.8367094166507572,3.0872020375867755,1.902497850788188,1.100339566040408,1.3067308626887657,3.0380271094516766,1.3194054064444014,1.254893698633386,1.631333920201008,1.1514787831083346
2022-07-19,1.5925061586735694,1.319324109536833,1.4035878903411987,1.647850271648638,1.855926244554414,1.6220714434779613,0.6037430714439321,0.3583879908403742,-0.1596423710911362,1.748929326259749,1.8745763114137595,3.295071547845855,1.9795236482444758,1.1303744909779028,1.2814252059186046,2.8025906678012245,1.36285870823405,1.1364032932673735,1.8601299581031345,1.0402155142080522
2022-07-20,1.4663447811683183,1.3243122989316536,1.3113064123090816,1.650536597770971,1.8272397590876022,1.6232460504141888,0.8362435395664505,0.26438507127457206,-0.10328882225440425,1.6502250237586653,1.8128333368381335,3.3265306774335333,1.9008600840319876,1.1163752071266415,1.2135722607417185,2.428329590576275,1.2828449619866427,0.9300584639776424,1.9815984214385236,1.071401275986071
2022-07-21,1.3370980409954776,1.2843888998592208,1.3172692912843087,1.6319059311504156,1.8308919199148932,1.6257053300856839,1.088470363122505,0.3243655026882136,-0.09597932679016337,1.6445614313070287,1.8184257323084554,3.3092039999879943,1.9016791086331992,1.1067584480931585,1.170066746634142,2.2866208136884216,1.2286428126292213,0.8864696932369065,1.9811058068775587,1.0614103583926537
2022-07-22,1.4941390263506993,1.3359639231041343,1.33622510332239,1.6341753159011077,1.7971942144863264,1.6108622933393657,0.5208118744127458,0.2289616142138417,-0.06317465824403382,1.6404671923476721,1.8020137432655967,3.4548236312961604,1.886936474192023,1.075872588096343,1.0575266817975737,2.1823676957697256,1.108631878256514,0.7706607800261158,2.0271721298529735,1.0915839981940034
2022-07-25,1.3319927683765882,1.255150835988295,1.1416423636669553,1.6284194869736908,1.7967937988502054,1.601701253988452,0.7102445739864719,0.07606795601960867,-0.0658362021468615,1.6011035294518654,1.6211688150865924,3.2587839953308357,1.763280027891664,1.0092948503498282,1.0182631761761356,2.26186639456873,1.0422825923983143,0.7762360521262944,1.8792602963128815,1.218374732207781
2022-07-26,0.9612639600452482,1.289458959564508,1.1722038924298035,1.6064868357596152,1.7697134389430051,1.603238277063979,-0.06675602935496813,0.03601229079360111,-0.12765336607165406,1.6245968469830392,1.706997256131823,3.307115255123001,1.7887912493962326,1.0776338758812876,1.001689281653046,2.201353866723673,1.0646303399297952,1.9362853670754372,1.979133472366034,1.178566649547431
2022-07-27,1.5432352097291828,1.4445342641352832,1.1978969381609996,1.6123370745296757,1.7409001313158423,1.6191827338969107,0.3251093328777602,0.26800763795288784,-0.022783394228209995,1.5632854266537441,2.173884872044929,3.4863799711931707,1.82399572569721,1.053766201974654,0.9351214582127907,2.1656603992172165,0.8699962827083603,2.0887334792528267,2.117919979125072,1.0447971038407569
2022-07-28,1.5730473875825122,1.4271769861548207,1.2145069898216667,1.6234847978341538,1.7468939111936013,1.6103105650955576,0.37229431520318357,0.3347903514342404,-0.011911802364120698,1.5575118477854235,2.2356165011489715,3.3969263517663473,1.8230166056509942,1.1047235966690043,0.979222729786485,1.9920226918905237,0.8829288535739076,2.1457957356737265,2.1216780965565794,1.0540311830848803
2022-07-29,1.4359506447857606,1.39234382350625,1.2077152275525314,1.634700827803481,1.7561949931902245,1.61555949153433,0.8494266448688407,0.4483050652138031,0.0047456914542121165,1.5551286931301413,2.21701724268792,3.3096128356559706,1.73689523271797,1.1040565262189468,1.7165805636321798,2.079196267465073,0.880844707962018,2.163904812515753,2.0832410465467985,1.2752197480610354
2022-08-01,1.4996036236638157,1.337485626115931,1.2097011150582926,1.6070908459442377,1.7105276148817912,1.6155262970105637,0.7659119725173639,0.3806196192019084,-0.050944279367113314,1.5793241676886565,2.2348382053199756,3.0799096622222586,1.7355971129583323,0.9790677884924579,1.804539829700206,2.158526230647654,0.8344978917992633,2.161596354116149,2.0650196322064662,1.2811680592993517
2022-08-02,1.3392511336404864,1.204942826375427,1.2314676965830487,1.5890428607243394,1.6497859424247632,1.614450656192737,0.8705799689179642,0.3381894544220576,-0.0027015996514525133,1.5994025317615976,2.249001985419169,3.054833895196513,1.771150371663059,0.9497234703457842,1.7978760771282085,2.0049994866008434,0.8279474665196264,2.1517610974650787,2.104653809922576,1.295050154835748
2022-08-03,1.0566626446895322,1.2596431204721648,1.2616968165627513,1.6074889588006323,1.6601790768500342,1.6152911539565242,0.6644402567000588,0.3996003294432937,0.03334530225426939,1.7518482076382362,2.309715854824314,3.060930017981322,1.778796222438081,0.9534120087396456,1.8474619395518375,2.1161427469431824,0.8634475527122875,2.1950441803583134,2.227853368635422,1.2395052610934694
2022-08-04,1.037389727405368,1.2562975576654283,1.2383256880281912,1.600609097233971,1.6050568285472555,1.6073921407444016,0.40007819642839315,0.3213348534870969,0.0855811294419991,1.7205034661468903,2.306868195420598,2.942423240859132,1.7003934063087398,0.939175885644223,1.8478241672986107,2.2566108607574744,0.9242114592514279,2.371550527076202,2.2442108425329645,1.2450637211411277
2022-08-05,0.8631825581601886,1.1892402158332223,1.2399645263883299,1.5909683830854695,1.6052732090696515,1.597662835637107,0.07470680216306072,0.3169975237853362,0.07891363868040588,1.7290439603670604,2.3066753052196116,2.9728955517399966,1.8358787826805227,0.9432492167549559,1.8410092080875269,2.276724096823629,0.9252261751691937,2.3777575260095194,2.2329897510534606,1.2591406887374221
2022-08-08,0.8474649822013071,1.199133397969045,1.1968799205885137,1.5423825953736499,1.5905362406190577,1.597453708379412,0.1107001110646503,0.3683101144133666,0.10345501171287573,1.6732108718774223,2.2985807117433437,3.182097909613031,1.8322717629480427,0.9523535862281002,1.8362763483319189,2.2727300751987873,0.9262337982262818,2.3834534442426025,2.158639132971362,1.2589721331262762
2022-08-09,0.7942360583707598,1.1029489394050915,1.1747642986451452,1.4667698452892466,1.5916328979057994,1.5905857306421485,0.16323303708919915,0.39270001202403143,0.09857741130157435,1.6792729024478,2.0507341740240905,3.350923083649906,1.8414242571934107,0.9470710690362804,1.8251279035073251,2.269978996570713,0.8848693039862592,2.3890559492408756,2.1843126260495866,1.3401349620069491
2022-08-10,1.0309114172367733,1.0058701141442414,1.2128777693011155,1.3510942611575947,1.5849724923124553,1.6025866714529695,0.2701231258160578,0.5239790637400815,0.09373778203318936,1.7215067007645461,2.0794691579100184,3.5490681123726104,1.903731259056115,0.9606945586369368,1.8312746902547885,2.2736431693160166,0.8902571744571105,2.3890237777672074,2.2697532071559463,1.2476088289871128
2022-08-11,1.0258073391016527,0.9745499055983167,1.2059935429889168,1.3484739765046212,1.5836703585952079,1.5908415354213272,0.28363921224977806,0.5361205217509646,0.10050009516626603,1.7150224036183424,2.104070895314273,3.5699710883183187,1.6956309387556445,0.9721837965094595,1.8379760226026707,2.2647499068982664,0.986325286589191,2.360328428725576,2.3525590920993547,1.3095933421001618
2022-08-12,1.1507566248715477,1.0067617664355746,1.1938643186785827,1.3547876957826572,1.5767284075661934,1.5973482200626863,0.6560237675503026,0.5252422722487371,0.09443158606750159,1.7442717547302877,2.116053296432646,3.6341148185346372,1.4352879929625078,0.9793539992052638,1.8487478218596252,2.2523780395619246,0.9181349625295825,2.384767891989812,2.33458273818987,1.270426725012286
2022-08-15,1.084490621526876,0.9796055627064264,1.1514787831083346,1.2204346081120419,1.4811229272706954,1.5946750610328677,0.7616613416827848,0.5871294998128174,0.16848514451586102,1.618617528970207,2.081658938397182,3.627810502320774,1.3961237411007004,0.9483316128804491,1.8395586082036839,2.2931486443739706,0.8227597976026052,2.382979490462851,2.3372876585491564,1.5646208112767128
2022-08-16,0.9502125745419614,0.9079976884295397,1.0402155142080522,1.220519366784745,1.4775708825002647,1.5861967496279155,0.8802487431388565,0.4618264299477626,0.18195748092385908,1.5712670321864652,2.068197675544105,3.4754899576701503,1.3200943226284347,0.9172686677698304,1.8451791207896113,2.25658692426098,0.8066142628647054,2.6239063554396718,2.2506072360053797,1.5690290583051891
2022-08-17,0.8763121430342109,0.9023786870234415,1.071401275986071,1.1837608484894897,1.4819615205493988,1.5818150901034629,0.31820790209354166,0.39447015437185423,0.16939961707489445,1.5645302457215418,2.074708645540107,3.4092517153720903,1.346073517150217,0.8162368728478779,1.7947208410656554,2.2517769150761504,0.7998658733337792,2.6229154932386254,2.251877117230884,1.5761295218589744
2022-08-18,0.8594036464364135,0.8934890716478614,1.0614103583926537,1.1808882818658117,1.4651541006707005,1.5691334371871177,0.37633914220770703,0.35808771652226506,0.14306004403775183,1.5642122507718643,2.082726758288011,3.4352489925510836,1.3663745695582297,0.8093458129432982,1.7939971019273133,2.252792624104104,0.7974253190941838,2.614672775788487,2.2630533492054954,1.5682004976970179
2022-08-19,0.7641165607183001,1.0327701191017267,1.0915839981940034,1.2055571533624208,1.473134859176476,1.5737572512175273,-0.23100889430287505,0.3372870800698318,0.1333862832868752,1.6044917318177256,2.066921143113181,3.4976737985188326,1.4913748945606893,0.813685142437629,1.7699787359216106,2.2424697148688297,0.8705216896820871,2.6422300614960132,2.30206632674612,1.5788421249261555
2022-08-22,1.0130024178420642,1.263630442703663,1.218374732207781,1.1679042024451225,1.4971002965239064,1.5790952822183997,-0.729872343436366,0.2271002704571079,0.08395759070144765,1.7058208275721747,2.194894855422606,3.6359187984934334,1.5448221996308027,0.8870911436008411,1.770417114049333,2.1399773540269442,0.8700002381430979,2.679930732216268,2.491400802344372,1.539187396218478
2022-08-23,0.928371033266281,1.2589399832281134,1.178566649547431,1.1664726725663994,1.47634302182957,1.5699655519229305,-0.8174275609228474,0.2741585470557928,0.046623305696464716,1.68390982772603,2.0855292601724518,3.5718883594687663,1.5178221322453707,0.8161282933215017,1.8331448382972706,2.3069327935027606,0.8638968394433256,1.97406387176023,2.385973867969738,1.5707675391041727
2022-08-24,1.0627545091011543,1.0408380205699934,1.0447971038407569,1.1107925319706635,1.4426590466643898,1.5697000382764252,-0.6114401153841539,0.16033279230637573,0.011043279331054253,1.5386900455816128,1.4953188895658107,3.126086761535147,1.4768850505982214,0.8106396136012112,1.825089780718589,2.274548065807164,0.8642880020579166,1.8200602179811771,2.2860029008793115,1.5638026980691244
2022-08-25,1.3734989575012957,1.1526705790050118,1.0540311830848803,1.125595702324871,1.4518513753634519,1.573448621990202,-0.3872180902961838,0.16820961514742325,0.043924066778313266,1.559761811253794,1.3754026831959747,3.251174372782172,1.5623054959172586,0.7301617826128665,1.7838437909678064,2.2682615005993827,0.8844951126008104,1.7516543032326737,2.2805534978295072,1.5202811144520678
2022-08-26,1.9224899638290087,1.4109025528315917,1.2752197480610354,1.2540984076239232,1.5142460932195938,1.5808022528382726,-0.7954367478790633,-0.07392876811714413,0.000990042945209413,1.6690958301184478,1.5827487433635195,3.841586555081101,1.7387757187628552,0.9131367783043669,1.2032235486745555,2.063669911315244,0.9441215287881688,1.8700879268726245,2.403880331714645,1.3789472080403864
2022-08-29,1.7848076120564451,1.3730077662934466,1.2811680592993517,1.2529560733737923,1.4956977553658541,1.580441446181253,-0.5112361211078361,-0.09218675294919212,-0.04176984964014454,1.6933412516745994,1.5852876603755308,3.844980305919254,1.7245091427922181,0.9078582261663352,1.019024179249172,2.0198850818963563,0.9508553507767313,1.88081515748447,2.4110040123529495,1.3794720775826506
2022-08-30,1.7935410494735344,1.348259150749459,1.295050154835748,1.268203228575615,1.4874721469499212,1.5639495842573887,-0.6824082260127914,-0.11408850167689613,-0.032713770473459976,1.7162178222559665,1.5774756990124144,3.847123895641276,1.6840171387977365,0.8815285871628146,1.0358186026805831,2.2202300277955946,0.9486746540116535,1.882392763211273,2.395467775238045,1.4744779939222055
2022-08-31,1.7054701116754534,1.3481870772738784,1.2395052610934694,1.275068488579437,1.489735955573458,1.5648873335802342,-0.8986151590228394,-0.23043106162434884,-0.050470147802195706,1.4714420874452787,1.4136252352761918,3.80366982328498,1.6753691246365918,0.880885002178785,0.9620660135738375,2.083119459224517,0.9056538396394991,1.8407482151740813,2.2313072989575753,1.524034613942699
2022-09-01,1.3716324400810729,1.3502001953506821,1.2450637211411277,1.2550074868631118,1.4846430344675405,1.5611177710419344,-1.1182079287934639,-0.21136191615804104,-0.06122731880473426,1.4804413684115383,1.4015559226249494,4.018011704502583,1.6601260131779179,0.8906001916212148,1.0170285729778439,1.8662590808851967,1.0572316137657494,1.6164652535785857,2.2195645192423115,1.5352131110165075
2022-09-02,0.5712697372287084,1.3391797457108001,1.2591406887374221,1.2670889650799524,1.4842649488871542,1.5626174403326312,-0.6521127413595137,-0.25563365399778776,-0.060680820263749866,1.501779186066499,1.4288413512459606,4.019090098412092,1.5184156377257019,0.9308760616073127,1.0763859217105118,1.879253226831612,1.1032322039821665,1.6458442095118793,2.2125344249230734,1.6790270143616264
2022-09-06,0.5841002704433422,1.2527536732940927,1.2589721331262762,1.254641325840159,1.4534687460357663,1.5493399039711264,-0.5953325933769135,-0.26869492905958303,-0.027331593765381176,1.5065510491913974,1.4323532316188192,3.8612505187293786,1.4945619929385494,0.9252924251056189,1.081347973147999,1.8956234690928004,1.1055454824347273,1.649643189392133,2.171530497278203,1.842880231940265
2022-09-07,1.13554281141399,1.4580683514826789,1.3401349620069491,1.274890773860577,1.4222850854372884,1.5446237339159516,-0.016470701148354118,-0.15901443623628442,0.05093690707647056,1.5303761652821515,1.5084567856817879,3.870717084333996,1.542691999008345,1.0258814898984676,1.15784395705904,1.8828269406549634,1.1167386779992567,1.724737201248852,2.217144567359882,1.786244333292218
2022-09-08,1.0784801105047024,1.4787503607691945,1.2476088289871128,1.2732925810671138,1.3313610061452694,1.5413289426238677,0.2664312886324075,-0.23135402092026142,0.12511033823370582,1.376559345843356,1.360567677017852,3.590792141059632,1.5192491277067868,0.9991836981946854,1.1275191467865555,1.880512851067007,1.1330912262647341,1.7252454369421397,2.0357300472988618,1.782057865495983
2022-09-09,1.2246920696679213,1.4977140265071933,1.3095933421001618,1.2907745391249374,1.3427774011417668,1.5447857207922684,0.5143778584785722,-0.15367725460084253,0.1560246199558735,1.4719333691974474,1.4994198674226549,3.703419928121282,1.484835443583744,0.994712790666221,1.1924892406569743,1.8088367520607,1.0369290006260055,1.7183813161151307,1.8227309404519312,1.8067755154880503
2022-09-12,0.858143096813179,1.0847338597256826,1.270426725012286,1.268808993977644,1.3379101474548045,1.548246840136223,0.940218024378894,-0.1845850897906398,0.1501772469541903,1.6604729270420149,1.4470254806357894,3.518937549516778,1.4601143738241398,0.9795907128121062,1.1850523462983054,1.8154675089036565,1.0045241471604303,1.6854779135041489,1.6653445458814817,1.7670301787105074
2022-09-13,2.550681189549435,1.787694486126208,1.5646208112767128,1.449141629207932,1.3891712605927629,1.593020270386645,0.14603736957582,-0.42260092208632416,0.13286640762218582,2.0662584155542363,1.816673601130434,3.8988541317723953,1.6448451684346805,1.155683073568653,1.202780697212484,1.850935871102011,1.1593864183895457,1.7615816308287178,1.76482305970937,1.5350032094026906
2022-09-14,2.395559617924164,1.7685193187653805,1.5690290583051891,1.3866843483780649,1.3895040004320398,1.5898069804834347,-0.13695603516975502,-0.41331563081343725,0.1356329299915665,2.092134665925145,1.823155480337078,3.9128478784862337,1.620642495950596,1.1423087183352074,1.1739613651826772,1.8984761667018084,1.2393666957142297,1.3123147836726594,1.7681325035983793,1.523193708522517
2022-09-15,2.3815174912893484,1.7884638434440634,1.5761295218589744,1.394890215806589,1.3631517779188276,1.5859083551546729,-0.4947379786071869,-0.43459049109544357,0.07475491151699432,2.0865690288191194,1.872770040145803,3.9034786510052735,1.6638818715040586,1.1647636948981823,1.1770342629794526,2.028251409416679,1.2411749356476576,1.3264670546768964,1.7620053172198438,1.6642642184231302
2022-09-16,2.0910414482802566,1.7922430739254358,1.5682004976970179,1.3893118868817835,1.3670656181346643,1.5860963220119673,-0.9580238677591322,-0.48726800709255225,0.06506173737264216,2.086233347438999,1.874675460636036,3.887266053450402,1.6620850272030017,1.1493073452575,1.187078209424983,1.9995536923605863,1.2835523877643886,1.326216710151006,1.802891172169679,1.7207168624349862
2022-09-19,2.021431717335415,1.79120510106617,1.5788421249261555,1.3882785363999604,1.3649960314125578,1.5863878916860874,-1.0178788452308283,-0.3813025775226281,0.06164870558701519,2.1947430012234195,1.8768832650966647,3.865714324578423,1.5868842206784066,1.176837342288982,1.1848208093783057,1.9985134696172218,1.249041958003828,1.3113313565740095,1.796817503601076,1.8266156470161696
2022-09-20,0.8974704669792734,1.82366330431811,1.539187396218478,1.3993775800144224,1.3107141197856984,1.5842620631679125,-0.3778021281190022,-0.33458336825698326,-0.010471713926755529,2.1978727857184275,1.8066022907923471,3.7919060276640115,1.60581731710529,1.1476075472418736,1.1844621865422784,2.006273675581154,1.2583780240257152,1.25569288482386,1.6692247715035446,1.8417497019897686
2022-09-21,0.949838290723072,1.753491502996731,1.5707675391041727,1.4137327823007908,1.3289333839104795,1.590482822225839,-0.8029882907024664,-0.40970581325834204,-0.033178325136316016,2.230993241436534,1.8142811682382225,3.785966391899731,1.7178157958966378,1.1491558062181502,1.1492036204710945,1.7559610256879916,1.2639618855302073,1.2691847775716176,1.7575429311061048,1.8089908206556606
2022-09-22,0.9330412135071156,1.7102307338700484,1.5638026980691244,1.3506780767173256,1.3069835308320963,1.5866007475488189,-0.743925938174663,-0.46771194679307077,-0.01312383884460236,2.2273714536389257,1.8451759229864686,3.874510303168956,1.730229127277888,1.1437699321768693,1.160462109692479,1.74167757666446,1.3280359139325157,1.2794802225151165,1.7460866478481283,1.8089601679348228
2022-09-23,1.0226381443921775,1.5518972392499488,1.5202811144520678,1.3518077994475843,1.3244801313853014,1.592305713847213,-0.9264459035616653,-0.6220749604089226,-0.03969166460908631,2.191417749618055,1.8015433483378118,3.665447978253292,1.6578055950854664,1.1369054849340663,1.1592376569045435,2.0418758251969478,1.3129461081580744,1.3778054017572365,1.7594662575339175,1.8535966088117433
2022-09-26,0.40855292543623084,1.3817612904836993,1.3789472080403864,1.3287827358134106,1.32642367058553,1.5913823545598358,-1.2793911026753153,-0.5022911662216911,-0.042638289708344004,2.0644794358183893,1.6514479777587652,3.2174624297969716,1.5723748483104938,1.0580982837604558,1.0634353567903114,2.061673560714876,1.2596407018523772,1.213769802075389,1.697266635148169,1.851092179365463
2022-09-27,0.6204481116536341,0.8211592560311897,1.3794720775826506,1.3287921193520422,1.3187724836344192,1.5882143074815867,-1.1008751038201179,-0.4819931139350537,-0.06452008256077908,2.063490398997816,1.647910966978812,3.2596565527524586,1.576687100708637,1.165339559047018,1.2034498806645153,2.046340434246099,1.2507466715807407,1.1928130449862635,1.7317751339733258,1.8726703997209373
2022-09-28,1.3951482088765375,1.149324088730613,1.4744779939222055,1.3740660129144044,1.3443116863252644,1.5981043241291923,-0.35847168340521013,-0.3287216776064467,-0.03487357495376172,2.0559082822115853,1.7399582399224873,3.355218223103894,1.6642371035114598,1.210254801020595,1.19352384923243,2.1367843313666137,1.258808931556505,1.2509396879186134,2.0054151685393915,1.844142541913076
2022-09-29,1.5997165760967722,1.2366914492271561,1.524034613942699,1.3736837341144204,1.3691849881233618,1.6068890701293568,-0.6082564197738825,-0.3951222619808315,-0.07531766472062884,2.2994455099736992,1.7559596263326007,3.4132260777712093,1.693278655986404,1.210415182430694,1.2592195488283244,2.1353229814204937,1.2766502407520008,1.2600352632549516,2.0269759959083933,1.7754432360639905
2022-09-30,1.5790879096601587,1.2672410334954043,1.5352131110165075,1.386752371506476,1.3663040879106891,1.611859812753215,-0.5824290844568101,-0.4881302493247592,-0.12605243733190108,2.355559991574988,1.7863789110399433,3.0303017026996666,1.6969494787503219,1.1993608080997318,1.2485196674603294,2.12699483291918,1.1582923613591718,1.2807200591548833,2.085316218410473,1.783751292593287
2022-10-03,2.0951724289077545,1.6085810644931384,1.6790270143616264,1.4650596474604591,1.4122150411854726,1.6257496624312222,0.1434434443416091,-0.30340211979641046,-0.08067941666962063,2.489109470044129,1.9650331213046615,3.1192972024727914,1.8696443163321075,1.2293541216255093,1.309162765122586,2.4303910971761242,1.1021009572155753,1.363249739703556,2.2512390249143426,1.723190355085216
2022-10-04,2.4435392886333642,1.9605115053693847,1.842880231940265,1.559393519119399,1.4633834917870279,1.6520976772920233,0.8142319748336149,-0.12960197188242153,-0.009995595509545978,2.573761935039242,2.117401634880843,3.3511667821024465,2.1712843633605945,1.2329999862378975,1.3390014021453491,2.5708728197434585,1.1489570408454282,1.3882875913429713,2.5191543216831347,1.5948327618473295
2022-10-05,2.3812311680269604,1.8799708411793143,1.786244333292218,1.559075149787958,1.4591912921971522,1.648134240078309,0.37414326918652013,-0.23106818502272813,0.0008724635883396707,2.5614871769400733,2.0667274943021154,3.3217738216012545,2.1382870877905042,1.1273123566956935,1.2801802835274037,2.7097603950968834,1.1466247683300839,1.276149259497835,2.4353202378214625,1.6976351200271715
2022-10-06,2.142825584644923,1.8905169616145998,1.782057865495983,1.518969090295887,1.4637428150774947,1.6470175821735946,0.5856130871961354,-0.31532681233989945,-0.007567256506693091,2.558193587722269,2.0729898861137106,3.284086358235238,2.0913260001194973,1.1871976380776064,1.3361229959595575,2.773491872945376,1.2122376694773116,1.2808363712615478,2.4353012239453697,1.6975760231733121
2022-10-07,2.4951621190156335,2.027334994276972,1.8067755154880503,1.5692955513601772,1.5069630904123117,1.6649712131586787,0.3369998915404285,-0.5324747410592952,-0.05001049130305764,2.6131247373608373,2.2522869155043637,3.624961209045657,2.1100030335730566,1.171283555088727,1.2847543866451745,2.7734982664952135,1.22844892069641,1.3656440857730594,2.3743455466656767,1.5941245564846085
2022-10-10,2.1501818755947055,2.0178498464482058,1.7670301787105074,1.5352732098614181,1.4874144640537181,1.6581008868733547,-0.3437294634990537,-0.6243889917658973,-0.09457726976926667,2.410037536082133,2.2520538636467005,3.646672079972788,2.0728681142690726,1.1558209190759943,1.243054463580518,2.8167177995501342,1.2299472754844216,1.353067092286374,2.3470219703495974,1.5860314956506463
2022-10-11,0.9926479423613244,2.0246090970129984,1.5350032094026906,1.5299049991190012,1.486018622471152,1.6586550496643524,-1.0901252596257358,-0.4386426291828106,-0.09137135048543908,2.0882195443212668,1.9705899830466571,3.05576618072213,2.034083841886383,0.9924649117100262,1.215797374081463,2.7682633527099942,1.1351703146625822,1.4347652113389444,2.258294821560887,1.5720408344426013
2022-10-12,0.9724378553572214,1.884640557426638,1.523193708522517,1.526639835054069,1.4402686026376268,1.6541792238340811,-1.1095334130886259,-0.4742125295024458,-0.14190057678937346,2.0606023858294455,1.9716350061793826,3.0531116426003515,2.09273421843276,1.0395727691774017,1.2133490033981473,2.7170978762560845,1.0313888882797302,1.4535883595278547,2.247598890394614,1.656227379974637
2022-10-13,1.9451261915261917,1.9947073185002908,1.6642642184231302,1.6016621107667226,1.4812279879711643,1.6562549489429919,-0.3753959719968722,-0.28549131068732087,-0.10853721580363664,2.210722279726227,2.1209500408878648,3.212363646111708,2.4613305034094886,1.0874505796369192,1.2938458280466083,2.724507868816553,1.0880277586066287,1.451400909159447,2.44234275292042,1.9667677251169635
2022-10-14,1.7942694650200133,2.073967401485235,1.7207168624349862,1.6262350066567872,1.499759989550107,1.666834167409341,-0.27328508737213014,-0.3612900459625446,-0.16349011217761056,2.3007352793680176,2.1780733380115254,3.405584828544649,2.497965763445515,1.1209588897569005,1.2762127721831127,2.769399241470174,1.030521412506444,1.482939165569098,2.4420363320975125,1.8657069218593194
2022-10-17,2.150453235918386,2.0642237567042363,1.8266156470161696,1.6861157642518085,1.5370554247967811,1.6652839827827421,0.3933601070819462,-0.27157925368770386,-0.10519825038016666,2.3292093246572483,2.3762487987475223,3.6907692476963136,2.675577011000513,1.1556754284372313,1.375534612931368,2.7785347626178827,1.0610412904797046,1.47868012710293,2.5598830077842556,1.8280749620611039
2022-10-18,2.0857045402890892,1.8212758890347336,1.8417497019897686,1.677777727154026,1.5456814660983775,1.6689266228631336,0.7550153104541393,-0.15543826953952514,-0.08764045577980012,2.305774793274112,2.3725675240770174,3.6917812565331785,2.6939865210300273,1.217146376874333,1.4015441778170241,2.764117676464538,1.0480161299202087,1.553154282417213,2.5779589352475165,1.8221860667924126
2022-10-19,2.1411083752204054,1.8293684921719289,1.8089908206556606,1.6793779112765654,1.5411895403550746,1.6525783026642933,0.6792516375510373,-0.10365254743906985,-0.07973327121387298,2.275988928137659,2.357900689097735,3.692661240850374,2.6457385184676663,1.2175225465032617,1.4096792180441466,2.7721863794863926,1.0369933916412812,1.5404695545968394,2.5187400089196292,1.8239177478679613
2022-10-20,1.8961282711301324,1.8207957960010608,1.8089601679348228,1.6791665627558805,1.5034243322334577,1.6206683268451227,-0.016284462598547832,-0.10358094179329205,-0.13698669875999564,2.2746682552414543,2.3489361483684896,3.5232760923175506,2.629451841701795,1.250589315916211,1.4220854894681676,2.7632109852091227,0.9562209281731372,1.5232707330545432,2.475542340484532,1.8091860556671822
2022-10-21,1.6440855524787754,1.7410897512424293,1.8535966088117433,1.7129444197536638,1.529310196030543,1.6356557728493457,0.9255244603113046,0.10170254500569795,-0.11738760008526711,2.3497461761891607,2.400218888699971,3.5602013820925364,2.798343398531769,1.3098668981577781,1.4631742925999076,2.375198264113995,1.0748967961950617,1.4614841308756605,2.5324973199795413,1.7450558140496908
2022-10-24,1.3995723342916957,1.716128093749852,1.851092179365463,1.6512603559435102,1.5255151358605432,1.6391998997221104,0.6563075180001234,0.21234540148115597,-0.12129151095255976,2.3749382349854926,2.4399051851984046,3.5230521482755095,2.723655042726759,1.4565050928177363,1.4736088075823666,2.2599136437760685,1.0988839754780537,1.5001087664467578,2.509337740024726,1.7367664859968663
2022-10-25,1.4504529381123894,1.6936620999701328,1.8726703997209373,1.6716317095779913,1.5413309782969074,1.6213903861856247,0.7406882782170301,0.3049525759697619,-0.08974243030482792,2.410898630521105,2.4475161829538936,3.691204218760377,2.6992511345494976,1.4206106563797913,1.3722456388560824,2.288405213203578,1.0919685213478862,1.494077299527576,2.489508217928553,1.7271495093907825
2022-10-26,1.4617285453812445,1.7285468617797934,1.844142541913076,1.6671814259523743,1.541965398582071,1.5906848456504128,0.7317363821300041,0.1688994689447337,-0.09130357011286966,2.435793324303141,2.999991581145906,3.7169007895610715,2.6858270252489773,1.4125762944430353,1.3811736418682403,2.208689153971001,1.092561385652902,1.4663376680948899,2.3692023438499388,1.7144017925852684
2022-10-27,1.3842179989986372,1.6221179348046677,1.7754432360639905,1.6651895687618952,1.5274758867259794,1.5905125019648199,0.7926535554008198,0.2466465520003835,-0.1263022572015989,2.2672104355098046,3.0134427620671294,3.607410340483699,2.624577431334906,1.3952995063331368,1.2472682622235856,2.196281456311748,1.0511339140940017,1.4563376328584978,2.3131959096418004,1.7055021923145877
2022-10-28,1.3692042186141344,1.428368984135433,1.783751292593287,1.7089717785341014,1.5613517268417423,1.5790271768164739,0.7824278370104645,0.4429167753725166,-0.08552513003676117,2.6943031385626655,3.123938303834434,3.7358900685445686,2.5610214092403343,1.418752292037784,1.2544789525791953,2.1516782061431,1.0616274823528695,1.3691836127926191,2.163901430712456,1.6818794421242762
2022-10-31,1.484176483804186,1.367046177429865,1.723190355085216,1.7046312535056924,1.5634856117247165,1.5802529029112862,0.3932432330335958,0.2747953486541526,-0.09474680838001513,2.6717270217859004,3.0476131204479477,3.756526296054426,2.5254677606692297,1.4701000357019705,1.2208606307075898,1.9378359674168804,1.0748126435119818,1.3144531682422784,2.091225185317657,1.6721715703486675
2022-11-01,1.3439595628174599,1.3769016544598336,1.5948327618473295,1.7049868753503346,1.5641108065580076,1.574058979010035,-0.013648348447423419,0.09798249514950227,-0.10010480193083407,2.6623975946874086,2.949206966652131,3.5837059191551495,2.373727691757441,1.4769721372297735,1.1998536446168346,1.8320786320075841,1.0538953167619967,1.307279307002473,1.8809609731567132,1.7960804565947524
2022-11-02,1.752904136171774,1.627669319766781,1.6976351200271715,1.7234669375821183,1.5943933403006962,1.5906472765157365,-0.3648900313087264,-0.015858856179077917,-0.1353138258126968,2.8027021642784495,3.028019321636799,3.6300540393682814,2.361182463443047,1.4990485638290583,1.2407219715565976,1.7748891666092292,1.1203881734824208,1.2925241275695514,2.09504555299505,1.6733563412412629
2022-11-03,1.7786873503464828,1.6420618696552878,1.6975760231733121,1.7245569506610894,1.5710384194336415,1.5777076424229366,-0.46403288406528603,-0.015764940814971838,-0.18748192469171085,2.9565008189007935,3.0629495558138653,3.640670638199647,2.274896943322429,1.3929313397102776,1.1391775821481305,1.6927690971584537,1.0054124070835628,1.2626959200793464,2.1678628981177543,1.6436112933687386
2022-11-04,1.4157881115681639,1.5151292151478297,1.5941245564846085,1.7217291942546429,1.5848769183333464,1.5831617518665866,-0.6519841220635667,0.1956707719715178,-0.1634937412295399,2.840894148304111,3.000478998600461,3.2734176537924955,2.209538394629901,1.3628154887348052,1.0873471981082672,1.6630600004467195,0.9560164409244893,1.0919220949850166,2.0610623725613375,1.7021231756216864
2022-11-07,1.5840313034703168,1.4946587725450913,1.5860314956506463,1.719641218416409,1.5730651354702094,1.5741236898543496,-0.3162082720910983,0.2816756465061415,-0.17576614501679852,2.8418234688931876,3.0454183080126285,3.119863003562049,2.16324354990984,1.3543667493657143,1.0945811068295406,1.5397698337325039,0.9617001128141404,1.0994511330826369,1.99926579265115,1.738517930010018
2022-11-08,1.6250591310126443,1.4070010894389324,1.5720408344426013,1.583498428865512,1.573958515484518,1.5314755749258118,-0.12077565222561067,0.3403198969995335,-0.17364121808986704,2.8329239896350753,3.0202770522993228,3.0985465762107625,1.9652486398445557,1.3541507774841481,1.0962311811568208,1.4990751277951264,0.9293081035427523,0.9825656574421917,1.9256794372555681,1.7383286706869887
2022-11-09,1.4643870132727244,1.5328728109827257,1.656227379974637,1.613254324520904,1.5918286574609206,1.5419868829965762,-0.03089449190665867,0.25380087411641383,-0.21124242873315638,2.9312166436542824,3.0539725124060553,3.437761099978831,2.0467847816771103,1.4023021803879772,1.1068936001497245,1.9039255908937958,0.960714803565928,1.1071452977764715,3.5873660583713436,1.661946600019157
2022-11-10,2.7205071399531118,2.3525992653993577,1.9667677251169635,1.8311671203561986,1.7523667807807806,1.62195679866248,1.27412229620427,0.3966146262353137,-0.10782239184915016,3.482669418439743,3.4761868488221417,4.522798410585915,1.9035788233872075,1.5686682940716932,1.271519850689901,1.7879168950381286,0.9408359503427862,1.170347126971597,3.6368885422146677,1.1387757965415968
2022-11-11,2.7215206914170365,2.2615985287361013,1.8657069218593194,1.831779940608398,1.7571512555448916,1.615428107568043,1.1798376753781594,0.5589514626590901,-0.09653553013200217,3.405863477277131,3.4317971776673315,4.172207675008376,1.9088492532759695,1.4942667346733445,1.2304511253480386,1.7327313845225787,1.1854522056479344,1.0956705285670763,3.7881681373277325,1.1648611061815013
2022-11-14,2.874306080017366,2.268172327165795,1.8280749620611039,1.8344204846787324,1.75236489162984,1.6158047964050737,0.8183910234298855,0.3879333755931263,-0.08831615187240181,3.368531981364014,3.3798124898917843,4.092494671896221,1.8030175935241275,1.520756896954136,1.2063878613977272,1.7262528666699495,1.20101841364617,1.3291361406143958,3.72751978801183,1.1576505895226348
2022-11-15,2.870120036093031,2.2613362520420948,1.8221860667924126,1.8279579945171027,1.736657061620044,1.6156701913732794,0.8810526763252093,0.37182923846730104,-0.03939746644306906,3.371584817382283,3.3792322904375918,4.087622676417007,1.77737760502031,1.5111135023581062,1.221077532696929,1.7226440413632875,1.1951119690533725,1.8990311368781363,3.7298298229497115,1.1541331541061235
2022-11-16,2.581916535614054,2.072932001769931,1.8239177478679613,1.8089412722281757,1.7389874832788856,1.6069318507335881,1.1405208007339755,0.3691181649121483,-0.04808006526175448,3.3805316946357857,3.37145703894321,4.319260545381522,1.678949556917003,1.4899365883570919,1.2204101912877219,1.67615432540779,1.1751051332397466,1.89074418991372,3.7425831749346874,1.2696500745715662
2022-11-17,0.874848090536671,2.023510829356764,1.8091860556671822,1.8035407910197347,1.738619036290444,1.5911645939673962,-0.019754292734717006,0.39574716870127136,-0.05851523996169707,3.3859576637716016,3.370972713863295,4.369272525782635,1.6825838588775348,1.416178445440203,1.1771743048246401,1.6761761475581247,1.181293174411996,1.8999986175142132,3.783161891132398,1.2931792284571675
2022-11-18,0.7512873879354195,2.003462333546363,1.7450558140496908,1.779663927218116,1.729263015923072,1.590982260936535,-0.12251733691671411,0.29694101335208545,-0.07447713401704634,3.3389856661998567,3.325978111991732,4.416111059808403,1.2982957457470004,1.3935867475649981,1.175748029818622,1.6686657852978632,1.102111136523017,1.881891923930951,3.681086424138016,1.2960477048930674
2022-11-21,0.6592087223227752,2.0155917141298407,1.7367664859968663,1.7716816259236332,1.6743486464685224,1.5896345204003655,-0.02510723922987772,0.21757968628562602,-0.024122026151636337,3.3646083002044516,3.291314144432547,4.433488311786168,1.3177607070988722,1.2999764913554435,1.1874604985510884,1.692096735349502,1.0728442542670216,1.852432176191831,3.979490018084489,1.2970512950470465
2022-11-22,0.8363446868739077,2.0379394842953893,1.7271495093907825,1.778855293061446,1.6814365402054674,1.5847869791506295,0.07345618116885629,0.2050212142052576,0.009326892079988654,3.3521537579071126,3.2881176195364645,4.407950362479491,1.3383391855359577,1.2112130102869858,1.1815315052244793,1.774910791579519,1.0717399485058408,1.85244164711746,3.935639140089315,1.306526248386474
2022-11-23,0.7106773065616999,1.8330175078521487,1.7144017925852684,1.7582884430859949,1.676944811702374,1.5787689819469855,0.3520646553266606,0.27420023321131237,0.03812600818319987,3.3224230616137356,2.7528632525716827,4.334260507107155,1.3363134504606897,1.2071019069058269,1.180953843427617,1.7772005744360766,1.0603676235302,1.8507170143242335,3.995184197490343,1.3233210786511305
2022-11-25,0.6540911983272254,0.7624445589190779,1.7055021923145877,1.718571438853994,1.6736877343451062,1.5785259101360327,0.40878622569904505,0.29978033627582773,0.050434875431793307,3.2765215741821287,2.698790969999199,4.374613062359732,1.3378154651712528,1.2077335832274432,1.1789787029731056,1.7840470839550266,1.0600713634063665,1.8435432501290443,3.995416468704707,1.3353205366006629
2022-11-28,1.1053308737785195,0.8932817287581295,1.6818794421242762,1.7199287362883813,1.6866992189574832,1.5827039144010422,-0.0011684132248944046,0.10104195079324578,0.018609492280334462,2.8292613057860496,2.6330688370289717,4.357760962777765,1.4142744506691114,1.1314857771933453,1.087971677326781,1.818895304473456,1.014539432454728,1.8333702049018874,4.030534285391574,1.2964317642803067
2022-11-29,1.0928619134124045,0.8514902854940206,1.6721715703486675,1.6775984665929016,1.681021243146748,1.5797263598340752,0.03720857295595144,0.12857102126621495,0.03332141670798577,2.8449660178188676,2.607448807569141,4.318316055967049,1.4389284951385,1.0702912151982042,1.1048952227248352,1.8246518860093373,1.0213106079878789,1.8373883401297844,4.025856706145453,1.319054448309264
2022-11-30,1.7395305404223498,1.2980842879050507,1.7960804565947524,1.6798917127223918,1.7274555380402445,1.5907605208211142,0.39807880592361194,0.30795300279801646,0.09211117535503245,3.0520389098073295,2.8809136511790365,4.622196272482188,1.41405227721843,1.1778462292893557,1.2014073253158164,1.8182693937677687,1.0336852805154482,1.835364298249186,4.1176260892514165,1.1634683758397297
2022-12-01,1.7445206641338638,1.256807892855054,1.6733563412412629,1.6790211042179426,1.7129921411895008,1.567742001436105,0.25733052361565106,0.42975537194240676,0.06094277691353365,2.9255486233505543,2.7196425071099632,4.543502638695492,1.4414284202650591,1.1036003097124953,1.1171967557265403,1.75631971494846,0.9522799027612027,1.819301199076161,4.03262645873621,1.1624976187337355
2022-12-02,1.748739571270668,1.2479316438825083,1.6436112933687386,1.6679048045646965,1.7113587175365403,1.5272119175797065,0.2387286415675695,0.4754707176840416,0.04812632150972349,2.7409203017178507,2.6030714988054537,4.589630706710253,1.4641547643747272,1.1010146445106404,1.0779668227259278,1.7429172861538456,0.9530325517098555,1.820415674813666,3.9954404646636457,1.1621421980262965
2022-12-05,1.8035278118316485,1.4141010958099252,1.7021231756216864,1.6288241204731864,1.7160959076949938,1.5364993047305295,0.19809176666528278,0.31356092297545823,-0.007747682037439644,2.750597788575183,2.610281258666266,4.518109985532703,1.5053263865202593,1.1733555378845946,1.1035539928876592,1.825170156787695,0.9547794289502742,1.8492182454574269,4.075130004975033,1.129524782784388
2022-12-06,1.951913165476215,1.4921611546766742,1.738517930010018,1.643154731882133,1.7199349082428939,1.5375986691569874,-0.05586244153765722,0.19365747890457524,-0.049685288785060164,2.8238395626061634,2.618943362219073,4.63563334849594,1.501291676701975,1.1773417006063933,1.0804812451319064,1.882075263968808,1.017868907792133,1.8730869036871385,4.149490734990088,1.1136648512000367
2022-12-07,0.8322228194123018,1.4141707677497952,1.7383286706869887,1.638484718233748,1.6249033146873573,1.5063419140489565,-0.7198953179937548,0.15817308635598043,0.019950118057567877,2.8443206075419774,2.6238206345504187,4.623438319536993,1.5013800485026578,1.1775754337504623,1.0798885646065393,1.8752564346407834,1.0202822934509879,1.8814502144845375,4.14943112356295,1.2411680337893356
2022-12-08,1.056597703385162,1.4244856135422934,1.661946600019157,1.6378505906155438,1.6272452435682507,1.507673918222852,-0.5485054773536266,0.30035262558066483,0.026646990064877682,2.7370552229119958,2.5738165926565193,4.557434875870276,1.4850590782758284,1.1027525069041786,1.0676533485548327,1.6279492818979933,0.9971102966284393,1.7831226188314728,2.841930036189852,1.2261461987486142
2022-12-09,1.0292731950558889,1.4359064215557442,1.1387757965415968,1.5996993629120817,1.6233131338580915,1.4927228996733228,-0.6748296040700972,-0.011767257384550155,0.03311868605448097,1.847441123387361,1.8402190792606166,3.366545010691939,1.1558059976547073,0.8720581441432665,0.8289998564183393,1.5879784291548669,0.9917597914182373,1.8315005480608093,2.6935126174765625,1.2272471047929399
2022-12-12,1.156885684463575,1.4333612561223605,1.1648611061815013,1.5599957511759892,1.6299273077232639,1.4979174504354902,-0.026703424658866926,0.011925647966201592,0.06986235488758247,1.8314855435604256,1.9130862967259439,3.342147448992157,1.2128840043125315,0.8995744120662528,0.8343830040392298,1.5191329964547167,0.7136019391217283,1.8718575110102431,2.4620113652979914,1.2168697838722806
2022-12-13,0.8659397002208621,1.4448690454570594,1.1576505895226348,1.517692215160907,1.629793145533484,1.4969123026019229,0.41298838623944806,0.09230681960696589,0.06955364717079622,1.8307999959903125,1.858320529219738,3.390087396087633,1.1903889266716055,0.8554101128690094,0.8389941350419138,1.5460643387511122,0.6577207661686708,1.725707606570558,2.455184245389122,1.2069117840122916
2022-12-14,0.9647206622160641,1.010617887855863,1.1541331541061235,1.516147482629233,1.6246691014995749,1.4705190361994414,0.319145302628885,0.017696242931899354,0.07802907061989182,1.8335567265059083,1.8586315738974677,3.419472080320665,1.1841078890080363,0.8514753419447099,0.820955217657007,1.5331851422249851,0.657831334344332,0.934646821914499,2.4406529000227932,1.2015918948964068
2022-12-15,1.50568141855986,1.2318378355153374,1.2696500745715662,1.566741057528966,1.640461773072343,1.487399785994495,-0.32676769249663656,-0.06646949772698814,0.0663320399153635,2.0865869356347924,2.019513343552937,3.386896271242401,1.3091284976603794,0.9262132652457348,0.8828907533824987,1.530594215367667,0.7317145049698177,0.9385961685613121,2.5667143965294676,1.0548785893606931
2022-12-16,1.5478349295056497,1.246841748157745,1.2931792284571675,1.5732027475860828,1.64423652697136,1.4794240353779797,-0.413491517822868,-0.11020156365658791,0.06065488775046388,2.058748798228349,2.063811701902007,3.4136405856103353,1.3122666747638694,0.9439025193345135,0.8741450930991096,1.528672006084056,0.759272330216756,1.0130105775699334,2.4999316293100833,1.0842951397563874
2022-12-19,1.149083461339111,1.174686441693124,1.2960477048930674,1.535931659595867,1.6328576853974435,1.481535288981404,-0.8714246744258423,-0.17530118641108045,0.07444745731556773,2.0592483318556916,2.1029666219301593,3.4203531255309154,1.2980734923581534,0.936471837124233,0.8524774677837917,1.5345676401047887,0.7413039299199693,0.9363498786033522,2.7104221849656,1.0790261906887157
2022-12-20,0.9446661327853872,1.1317755585931006,1.2970512950470465,1.5244040507181322,1.626885156352372,1.4796003160808704,-0.9954519664709502,-0.15027936220330224,0.09321524185449333,2.031071906360424,2.105373004603957,3.4280513095487835,1.300482959203222,0.8809702871791184,0.8204177513801663,1.5735846268464813,0.7324054912193064,0.9505501810050174,2.2699886102439244,1.1474894170060181
2022-12-21,1.4777560756874082,1.2661287578783587,1.306526248386474,1.521814676160184,1.6361992725363057,1.4827022113578243,-0.5685353567050665,-0.14280164153658131,0.12239071621281278,2.088128418708609,2.101253699060114,3.315539260115325,1.2792831041609114,0.9417356042904376,0.8229503877411042,1.443774141254613,0.7696156349564611,0.9687625495827124,2.26264242902636,1.1317892338120916
2022-12-22,1.1976915009421696,1.2827811794972237,1.3233210786511305,1.534384023227364,1.6299847931814013,1.4885603258905755,-0.3646207121837162,-0.24564083960458233,0.06581962085048801,2.112236687340326,2.161128287305031,3.615200579508556,1.2683099629476544,0.9586726086936316,0.818680644472456,1.4957109853421555,0.7742776550189948,0.9783877293258245,2.1303842306261855,1.069379398556478
2022-12-23,1.1552843847625807,1.304777017491216,1.3353205366006629,1.5342447687829788,1.6064092807308952,1.489150207124769,-0.013447683392919619,-0.21576004092957907,0.11022228244887747,2.090407162280801,2.1627927217484464,3.606837228796446,1.2746027138024132,0.9700241946600173,0.8189039239619279,1.637874277393292,0.7758438891729308,0.9711426755393731,2.18220288787456,1.0676685952083935
2022-12-27,1.0892976776495973,1.1679952125338937,1.2964317642803067,1.4878890525133577,1.5931032620806993,1.483350601509097,0.07727262648640894,-0.1556909264832546,0.12942259989416935,2.043749174923374,2.1081165681357565,3.8884018944076066,1.2255398306900827,0.9754838180791906,0.8292838378381918,1.5320411354891132,0.775824208219948,0.9647370876235173,2.115380377056348,1.074029519856615
2022-12-28,1.2353820121887,1.1186032880711638,1.319054448309264,1.4963749875518333,1.5680540422113556,1.487679539463077,-0.1986562408628621,-0.20924556565800562,0.06470693475412073,2.0940018562290064,2.1158849709636405,3.8851157224607107,1.1668630342496895,1.0035380220135073,0.8706315075910961,1.5680524915619198,0.7653343414878031,1.0178695393794135,2.1622921053460455,1.0111128615532292
2022-12-29,1.3427229696119085,1.350338637857945,1.1634683758397297,1.5227373218299745,1.5340610300177984,1.4930643370694734,-0.1376952645081107,-0.276745159144512,0.04306344626766899,1.8540014500438473,1.67735500922167,3.482550749930576,1.1377410540373711,0.8395174040266626,0.684006448917252,1.5689611433709778,0.7333125902625212,1.0412846486932439,2.183522928986473,1.0154874778617942
2022-12-30,1.150595287660637,1.1333995417058642,1.1624976187337355,1.467645570831812,1.5341593650466872,1.4909877335616444,0.0949499137652567,-0.2862359920671809,0.04255350789871606,1.8554121437069737,1.677913007811923,3.458095135939952,1.1139112383427303,0.8463346684869285,0.706548124198501,1.5843622160525155,0.7343359455978437,1.0174734656177455,2.1632207486555015,1.0452630657359636
2023-01-03,1.1327516535943754,1.0797051179993697,1.1621421980262965,1.4590629069530918,1.5289299783898103,1.4906969094787224,-0.1042992170470212,-0.3015170055832268,0.05272959042861442,1.9779175860235054,1.6756968212545513,3.466460487743584,1.1152552825337194,0.8488637923811977,0.6788932099104794,1.7530546492697527,0.7628660097731175,1.0811148090335843,2.244755174861955,1.0432595695040232
2023-01-04,1.1773071862861706,1.0696399965359844,1.129524782784388,1.4469692793628024,1.4852272677461757,1.4920565401729255,0.1289676322420587,-0.17297196008906063,0.11208657828597185,2.0204946500466594,1.8795599406180605,3.5613245528082538,0.914990652945987,0.7952921210257088,0.6376538198119237,1.6441036184738906,0.8017039654503815,1.070800545884064,2.2910570936787824,1.0675364360965092
2023-01-05,1.1482576663742754,1.1392631439180068,1.1136648512000367,1.4520326718282652,1.4897960918020794,1.4857478894018252,0.14926734965828875,-0.15796311785901912,0.10579000251723261,1.977181929750976,1.9324267718685626,3.540486781927931,0.9162317053773358,0.8327336650483296,0.7051515554458149,1.577212773625194,0.740520930575746,1.0492807161487725,2.127763415737702,1.0616329462626064
2023-01-06,1.3319873371869426,1.2771535184350769,1.2411680337893356,1.4940547181234984,1.5129153374122317,1.4983106294625446,0.24789987480818415,-0.03479636094402723,0.154565540803829,2.190738878265418,1.9672290927079106,3.682432241210475,0.9918086693324634,0.9473953977312989,0.8712349043562383,1.5865179828575773,0.7495077017208535,1.2010151807507161,2.181904398375565,0.9884474836036797
2023-01-09,1.3152545323142149,1.1694930531320755,1.2261461987486142,1.4541449183548543,1.511843639647907,1.478021070173444,0.28923836826322064,-0.0768000306629691,0.15911782301136992,2.166916685569247,1.9564495865748386,3.562161042947567,0.9860713488959417,0.9804254774907771,0.9087997540835342,1.6566603188506674,0.9599679579126823,1.2288094632778301,2.1880271646345513,1.0109916525296043
2023-01-10,1.2582723374046527,1.1747471303486896,1.2272471047929399,1.1685682045230275,1.4782921788707428,1.4782611127586527,0.5136894712534181,-0.004387236752347934,0.12682004403280528,2.175839310564062,1.9711059583146833,3.5927250181984176,0.9809235788961972,0.9677957880849547,0.9067506710217387,1.6613599899817357,0.9436502398632645,1.11344114440855,2.186925589825846,1.0564197544047456
2023-01-11,1.3021045918245624,1.1976844535958306,1.2168697838722806,1.175848030692409,1.4510892576880596,1.4798457848258224,0.6122555951543431,-0.013232205135758134,0.18588163516317793,2.2014895676111306,1.9828923903699696,3.5094305695317254,0.9416516467617034,0.9108077572010692,0.8940150659872098,1.597320344577658,0.9000482130047337,1.0457277622029688,2.1737749825354666,1.0568342028354976
2023-01-12,0.9103950243262386,1.0566578909147613,1.2069117840122916,1.1689984804240097,1.4172185003077458,1.4776547275119716,0.9133286066451787,-0.03287806275758649,0.14912071081416864,2.1891069030275156,1.954895749559798,3.5160272479209627,0.9417157669281334,0.944161197757909,0.9010771943972157,1.6179064833035772,0.8815793769813106,1.060926814997529,2.3102325211564883,1.0558418425525042
2023-01-13,0.4902041678952728,0.9580153559031873,1.2015918948964068,1.1628996497687383,1.4111923717752226,1.4780057518570975,0.532279359809418,0.018487153351106,0.13600421158343554,2.1936632063869093,1.9576722577355816,3.5398777729249926,1.0529505272101896,0.9519117020299035,0.9126470794705316,1.602471186248317,0.8759096879015871,1.0588025414841393,2.3071771100050738,1.0797915784245256
2023-01-17,0.5298563272252147,0.9522546550527835,1.0548785893606931,1.1565120745265192,1.4074872406401056,1.4739553807157468,0.5069827170144172,0.13163757171479434,0.14476207963331822,1.9442167256152683,1.8452405539551877,3.5759994847401035,0.9325570423953963,0.918924045128785,0.8794707637282196,1.579408816722758,0.8450726231006889,1.0485430884639388,2.0863787558516576,1.077781437150307
2023-01-18,1.048330661766151,1.1187418548867019,1.0842951397563874,1.1832668073057309,1.4194459472793364,1.4621529484006794,0.05097390636678041,0.11172911929506417,0.1324249081132493,1.9186708315434702,1.8524668923793637,3.5618719140728117,1.1911857211120678,1.1253792326911465,1.059854347485241,1.6542538731928478,0.8778833409181905,1.1172494817548373,2.0986561052160573,0.9942490633781038
2023-01-19,0.8269015676941297,1.1460181377112713,1.0790261906887157,1.1864119761322747,1.3910682901556755,1.4590319599848924,-0.3475876972317769,0.11772703916275822,0.07978895536792117,1.8798069823807675,1.8486811545519137,3.63195046506634,1.2443801566008028,1.1221122928991925,1.148267940077601,1.6558041561630803,0.8778077260688568,1.1577171573949216,1.7007819170767593,1.038619532268234
2023-01-20,1.2908845913739926,1.1685854025736833,1.1474894170060181,1.2219966496258468,1.402379723744572,1.4629399544146902,-0.04782030454720125,0.20402985272335075,0.09044339226855827,1.9213718929989154,2.0252277923690074,3.8700134692502717,1.242868270440455,1.13777770784276,1.1552178412580036,1.6716883669521492,0.8776653653575796,1.1766728072987542,1.8880359268989269,0.9714137972930255
2023-01-23,1.405391813544984,1.0164169498625482,1.1317892338120916,1.2181727678042353,1.3960741364906726,1.4668966689741334,0.1145590512265084,0.18926075533399972,0.08382677600089208,1.9195571989497784,2.0223506397582547,4.156931669961613,1.2668382675670071,1.061199864724315,1.1489110214135996,1.6654065473644204,0.8188956361068888,1.2153515925113303,1.8922580267430873,1.0497614203135375
2023-01-24,1.4017795536522706,1.018644991882245,1.069379398556478,1.2143261329720083,1.3919926686972923,1.4656845032523662,0.1297273672956602,0.25522459158463845,0.09459466173045626,1.825157112698467,1.9338407905821788,3.7251002611731034,1.2313769461895143,1.0708384737377266,1.1591337646499993,1.5848873506584629,0.8206626548308428,1.1897405281075064,1.8758513800599776,1.0499260976540181
2023-01-25,1.0520134137232267,1.012529929333048,1.0676685952083935,1.2143286901355885,1.3895718578974572,1.4586003474385225,0.4529859081509204,0.22833751718102419,0.10411927084242437,1.8293320093591168,1.9396089983268399,3.69986321366556,1.2314356496448395,1.0649599266335235,1.1522296118240667,1.5022461057839154,0.8416134082527664,1.193045260077358,1.8851679021120802,1.057038443028773
2023-01-26,0.833968311355399,0.9953113971933593,1.074029519856615,1.1978103799141375,1.3636372622002972,1.4621041422337488,0.8183841049053389,0.3030049087674907,0.08278531102582738,1.7953872827927104,2.0416752609359357,3.1311559643537548,1.2330706514231724,1.0466978085509426,1.1168530868521556,1.7110068546013886,0.840820273330055,1.1929693541945525,1.7568688763738187,1.0505025966951285
2023-01-27,0.6132057339005244,0.994288138378902,1.0111128615532292,1.1973835384549327,1.3596436241798249,1.4621730948939946,0.49175838952730383,0.37663351032089226,0.09865298864303394,1.5903266285046982,2.0203331549544075,3.089397294068897,1.2323664491890265,1.034634652674434,1.096821338700698,1.7226637064700836,0.8403586081488237,1.1352520838787352,1.5567089641096254,1.052619450128202
2023-01-30,0.8437591496791128,1.0944580384179412,1.0154874778617942,1.1073070671435803,1.3691640065699704,1.4666328359533345,0.0008524608580253279,0.2238976866755337,0.08503517677634614,1.6242460891668873,2.006710220969609,3.503590249659197,1.2584682334882005,1.0225546784483686,1.0933142665932143,1.7821280539327147,1.1228831816735132,1.144270373586659,1.6110708556549282,1.0193174091789825
2023-01-31,1.0603720766097968,1.1758969574156726,1.0452630657359636,1.1322484113034805,1.3373688516994746,1.4723606970480658,0.31638583463079034,0.3105835718010218,0.15136765055874932,1.6253651382638938,2.052774285987066,3.4906652958448676,1.2574837244606825,1.065390172342084,1.1295041857264736,1.827166180689645,1.1612113613051591,1.1732250907135398,1.5778348968778293,0.9561845640685811
2023-02-01,1.0916320686428984,1.0113405106893207,1.0432595695040232,1.1441072146049258,1.3333249502732514,1.4629864749010892,0.5214416552566161,0.38477273525693356,0.18624214911924952,1.275793814396237,2.0905505908098685,3.6037515746324904,1.2568296761518187,1.04651910659089,1.143778304279514,1.6430467373221078,1.1638741657543654,1.1452567295652785,1.5498010506648978,0.939254831275582
2023-02-02,1.1489666213660414,0.9539244674559028,1.0675364360965092,1.1254352006524322,1.3335884163265044,1.4690146700864692,0.592785132331153,0.4189592837897642,0.18651608222538738,1.4354492195101913,2.0071413163890153,3.616045751746187,1.25324796854307,1.104600836530128,1.1365321216871704,1.8216508216778966,1.126868979847353,1.157869454568761,1.5586035295290013,0.9531087979272499
2023-02-03,1.374394637015071,1.0067521460820312,1.0616329462626064,1.113469342852885,1.339296112083955,1.464040814658928,0.3342510672974332,0.4228794397306784,0.15285793359207822,1.3969232613040476,1.9524341967141952,3.5807666894021994,1.2913060205890226,1.090350581572609,1.122013935050964,1.7631844629926687,1.1248951734600678,1.1938249552423978,1.706353618777792,0.929291695092249
2023-02-06,1.2085295926632496,1.0123532806973672,0.9884474836036797,1.1187137493273556,1.3419012635499477,1.4645330629101196,0.4629517438735166,0.2776606539418668,0.13367912645127344,1.3955417886277213,1.9737321566228516,3.573050741186517,1.2322528354743771,0.9889942338830032,0.9454932153399623,1.7459593291822737,1.0896977104790144,1.046204410333526,1.72131665507907,0.9779578742587348
2023-02-07,1.1764340365177337,1.0575693831437285,1.0109916525296043,1.1296913205618941,1.3188189635037797,1.4694202285600402,0.4304613691550487,0.3458893220239789,0.18981397231389163,1.41422008127314,2.1250286400911476,3.5713231447804996,1.2469812581267803,0.9612098238043552,0.9356464602113737,1.7894119394818002,0.9745276334104632,1.0204463794342091,1.7305553853060087,0.9206798023468987
2023-02-08,1.2775633200767682,1.1535997425397528,1.0564197544047456,1.1379222556062805,1.1304104912487776,1.471370270379692,-0.0007908039067781481,0.25615266646688445,0.0799993907766622,1.5311679893203909,2.140670835003148,3.59104836074949,1.2533774493148775,0.9563943661624857,0.9444645201048947,1.7847948199180521,0.9802644614192246,1.024246144800349,1.7376557791064007,0.9730941782203275
2023-02-09,1.0097605765444473,1.1622738448532242,1.0568342028354976,1.1279749579858829,1.1308019753774163,1.4731502077652951,-0.4653191230317176,0.1495656042432491,0.0494196823578976,1.5297166699082223,2.115455355866785,3.5907754224714004,1.3007980348971695,0.9564116498236184,0.9528073016141516,1.7707643569054108,1.0048732590472478,1.0269830883911388,1.798319968454309,1.0009641552304895
2023-02-10,0.9840535550513381,1.1623317304916703,1.0558418425525042,1.1228028700457504,1.1248215601646505,1.4682997821728159,-0.206062691738975,0.14303161513463997,0.06748679066133988,1.524031706958398,2.1176317466579726,3.8559702475867774,1.3034429150307199,0.9213122086792338,0.996560409185525,1.9669294336273344,1.0225588057510282,1.078507670047523,1.7630728223101608,0.9946822287810861
2023-02-13,1.1153864726982918,1.1086471673784026,1.0797915784245256,1.130624112113836,1.1293749848084642,1.45975239413519,0.15094928469025176,0.1823281351620753,0.0728371771483603,1.5473869752800036,2.195446971620543,3.8575598574751155,1.195786119164442,0.9985637476467054,1.0384497848956649,1.9712298221898015,1.035077979681281,1.1313314651959712,1.7620977062105176,1.0364523927065774
2023-02-14,0.9096796527852841,1.0329621853042674,1.077781437150307,1.0530343342732496,1.1241639007259616,1.4595702392971004,-0.11982634996701584,0.18918705527862062,0.08478504308880902,1.5660209966545842,2.1964100717816817,3.89184053796855,1.142757631499776,1.053329837774396,1.0396404794926415,1.995002946688873,1.0330636655094558,1.1241810916891302,1.7643208966068236,1.0383445960527267
2023-02-15,0.734408759013952,0.9862292535894036,0.9942490633781038,1.0305380556534485,1.1233965024226775,1.4595782707487197,0.1638132267022076,0.28436249655074125,0.0952966840630726,1.5503824802260642,2.14308165149582,3.8566088025195926,0.8812220450147438,0.8092065977714159,0.8831496291403425,1.9276717078228558,1.0420469572535778,0.9640087432968154,1.7539014372816306,1.1279471868322144
2023-02-16,0.924216875957858,0.953931627357643,1.038619532268234,1.047556446843399,1.138255045304867,1.4594068105801943,0.06182295423559765,0.2519182671100927,0.06478137328725692,1.5936006520198296,2.2126030068471256,3.844972699648215,0.8854826099400898,0.8201042771225879,0.8076423076849509,1.9302031413675473,1.0448772956941181,0.9770897456983016,1.9315709809523383,1.1175930908411655
2023-02-17,0.9270544130469047,0.9058129553171678,0.9714137972930255,1.0497924918828607,1.137623983359012,1.426070603823156,-0.03482151170534946,0.14628131334510291,0.06667726795505055,1.5944921244313377,2.1524776494857347,3.768728303916519,0.8855115264233127,0.8812159463033593,0.949008668145075,2.0961061307834687,1.1762702643870275,0.9940205518427789,1.6816290404988392,1.1474039688055628
2023-02-21,0.9798126458134991,1.080366883642124,1.0497614203135375,1.0823666770734206,1.155901065556206,1.4367239139544203,-0.6708181305649294,-0.014016160285784184,0.010814317837211481,1.6847533351599115,2.2168083149042084,3.5502784678308634,0.9417973681160843,0.8872116518631058,0.9028476728940324,2.093063395222902,1.2106197790334516,0.9526698437966914,1.742674700700756,1.1029853769377393
2023-02-22,0.9659384098444794,0.9340845046889166,1.0499260976540181,1.0549706315149963,1.153175375799478,1.433171693211787,-0.6891798176413053,-0.015539740955620784,-0.0019853296585214805,1.6760006799806209,2.220032608869009,3.5502745437671566,0.9419991477127245,0.8809896750297196,0.899048246837913,2.0994588428653223,1.2093682577318996,1.0779691345072078,1.740113642495353,1.1686652307681307
2023-02-23,1.0230796192050193,0.9422607943543627,1.057038443028773,1.0545137201868686,1.1552280529148529,1.4321257198172443,-0.6477300219295776,0.009183514030616725,0.0072536634273540216,1.667683425997487,2.2235088692397054,4.67189260209669,0.953034775486533,0.8686951259145566,0.9011837644468589,2.1097306682421166,1.1884772254250626,1.1267081893999003,1.6636873300985415,1.1631914447226617
2023-02-24,0.9763340461913697,0.959098296804906,1.0505025966951285,1.06821596094671,1.144782528417086,1.4353683495743412,-0.5860059960825967,-0.09917925813689117,0.01604490804911505,1.7043656319503555,2.1915187594403345,4.6982599391462605,0.9643979484140641,0.8718112282220982,0.9051796032985342,1.8806872624531052,1.2018568765020892,1.1280805663180082,1.6278876304372347,1.1490389676040873
2023-02-27,1.0593368893252595,0.9658287187146827,1.052619450128202,1.0462182038509236,1.145268809065433,1.432260953861648,-0.4679163769283499,-0.09363737826881054,0.024583522131358778,1.6875898522177828,2.192670155655005,4.676354216839437,0.9815648428254429,0.8653812537370402,0.9015255824164944,1.8438235001462733,1.202203694073337,1.1250334454700217,1.6319768230045346,1.1472768106358606
2023-02-28,0.6318364261681639,0.8259524238679855,1.0193174091789825,1.0137650423539426,1.0701434199326914,1.4322426740704934,-0.14061956507282353,-0.0493841667684964,-0.03407721307915814,1.6183973939621215,2.1293179267872784,4.43245443584291,0.9709019866985699,0.8683527292428238,0.9288322827154084,1.808132296098589,0.9552074921194806,1.117136126360011,1.6039629741858588,1.145208506736962
2023-03-01,0.641058402215746,0.8164607362623668,0.9561845640685811,1.0150087153708836,1.071085482029887,1.4234339165528775,-0.18977951405078058,-0.1420810781260135,-0.039244499464057454,1.6465358159457772,2.1014421099037537,4.486123006576865,0.9775049906130865,0.8465611123914734,0.8943546833974816,1.7456781088315747,0.9192051561480974,1.1210147152866299,1.5849607123444522,1.1843920226932831
2023-03-02,0.7153504166861864,0.8741063958573011,0.939254831275582,1.0174020778648554,1.0762031537581906,1.4239499334630124,-0.14062631736225334,-0.15633347912410062,-0.024359249816797882,1.639827751632777,2.1000484909411434,4.258218176079565,1.007389682590447,0.9241705759255352,0.9703636678162866,1.7370534988096715,0.8755018922030737,1.1132877475282976,1.5688599176331985,1.1794485199221412
2023-03-03,0.836869742537371,1.000791322147982,0.9531087979272499,1.0394519926375625,1.0707465555784639,1.4244142452069664,0.3937762024641202,-0.14893149060364935,0.03235194436568483,1.6170253098551648,1.837189980248986,4.221768528606784,1.0737494636871823,0.8510036200744899,0.9768251270928966,1.606101120932862,0.9154566239463467,1.1059236848878138,1.4198837511163331,1.1671381459476189
2023-03-06,0.84987418291371,1.0004325975245634,0.929291695092249,1.0187551685134928,1.0531188585294498,1.4210652710743314,0.3395154411798053,-0.09232128479821751,0.057531679024480656,1.575780318615951,1.7679450181144791,4.17437677606921,1.0352190013303517,0.9073227532204431,0.9768722874524739,1.6102841548343338,0.9593243681875078,1.0672337254995659,1.3653443471815778,1.168935139751856
2023-03-07,1.185489246318505,0.9050181901967235,0.9779578742587348,0.9931340953844786,1.0726266684768704,1.3709657971206288,0.10685829737441051,-0.13840752839327292,0.03481892153485564,1.5570088498847097,1.7788647138359444,4.190210655822542,1.2249029778803513,0.9089913446438966,1.0544717481384616,1.6747920751569751,0.9654666154754427,1.078065196558649,1.3871887933215936,1.1160676594992747
2023-03-08,1.1537273910423842,0.9055552544869448,0.9206798023468987,0.9930255680818717,1.0682703853799498,1.370636648082741,0.2162262981189002,-0.19563984588505062,0.024483148491986458,1.504952813878383,1.4748407113198023,4.125058569113722,1.1878233974611143,0.9083130031256825,1.0358596124441475,1.5684866714865435,0.9689294397209622,1.0899191460879551,1.3095267768816106,1.1199222753725409
2023-03-09,1.4037362259041322,1.0540454140100919,0.9730941782203275,1.0326784734070285,1.0908750513984746,1.3772028819004505,-0.30831551902627635,-0.2332146579039752,0.0061835906035205244,1.4895967698827708,1.4763284142619675,4.202521007615248,1.6641468174262304,0.9251683767691162,1.0233847855267373,1.5663479216902285,0.9809195345406069,1.093190848343813,1.4202434421510615,1.0191714393976605
2023-03-10,0.9561321368469068,1.0933043473660937,1.0009641552304895,1.0371525422239956,1.0901022007943264,1.3818415812471498,-0.9176613366329665,-0.26201704400396164,-0.04189454829882346,1.5139242370081394,1.4880810799633195,4.234795779700981,1.7678655567095705,0.9290432866093014,0.9997809899335295,1.578493891264345,0.960075518099094,1.065904195061766,1.4810935517399708,0.9400098045772584
2023-03-13,0.9047857263291016,1.0742283340911134,0.9946822287810861,1.034979625753096,1.0851033432522414,1.380130405258956,-0.9600237501444362,-0.2808115493995828,-0.0568859990075097,1.5444240535757454,1.5831720716464048,4.068011398069838,1.7936220230520519,0.957970493613618,0.9919065301838185,1.1882150953300925,0.9858911441931675,0.9941245762664773,1.4519494089618665,0.9363632255878969
2023-03-14,1.3914297120557468,1.2395097783047266,1.0364523927065774,1.0680957820135832,1.1044317250133866,1.3841249088000078,-0.3228461720945595,-0.25685639258947573,-0.018680368025431403,1.5174483103992016,1.5397243897087491,4.1598647715338615,1.8841283653743883,0.8837609827116097,0.9870711117652715,1.2046175305781874,0.9931240375196966,0.9247973385687679,1.492577907970125,0.8956337426811974
2023-03-15,1.3670403015363768,1.247814737683829,1.0383445960527267,1.0719268285273222,1.0607517490209195,1.3758172169529013,-0.48057503964223686,-0.2858270183038559,0.011665869563186434,1.5158552498356193,1.5981700954444618,4.000797320578814,2.120767863849651,0.8090558046318649,1.02636800872246,1.5661928263136953,0.9984861167104531,0.9752640372704322,1.4869982887717772,0.9042485908872492
2023-03-16,1.4157991094644242,1.3601315026239738,1.1279471868322144,1.0794364580034694,1.0724503461583104,1.3822589802883596,0.23932279182063992,-0.2143372666243671,0.060584783073812855,1.5424647495459212,1.8370453611974422,4.144664899139185,2.1829403616858567,0.8157657426213535,1.033292333191845,1.5640088674310269,0.9389113460985525,0.9523409441767663,1.4729179220520914,0.8465388361258935
2023-03-17,1.337626017992515,1.2686136535488646,1.1175930908411655,1.0896408742082158,1.0778525668779484,1.377680769717997,0.2940642608927703,-0.20395671733966844,0.05522952964439425,1.5282289201008432,1.7256058413382596,4.0362799095743425,2.2994420576894377,0.8092034453638185,0.9758971243807616,1.5650120309871056,0.9540320225876365,0.9292890364521912,1.3661425804961274,0.7804638780317459
2023-03-20,1.338665808777286,1.3283650375305562,1.1474039688055628,1.0595416168632037,1.0841509439016868,1.3766473839467004,0.5148768734596423,-0.14338695310833488,0.068974737653373,1.5507787049019004,1.797781759293924,3.944683686059865,2.3207580211268226,0.7667549044194231,0.926331331611308,1.5534394442679473,0.8439055231735937,0.8935128989864027,1.4192866383774712,0.7661614355069634
2023-03-21,1.273456855902531,1.3212918289249942,1.1029853769377393,1.0629702664746743,1.0803371139181952,1.3808653662567592,0.4468895864379287,0.022570536661238805,0.06593837723648485,1.4134398929078942,1.7093071613853608,3.80252669382643,2.405686169987695,0.763950107947332,0.9470339264496529,1.8992546755379947,0.7882572723512933,0.8751284925366714,1.4489865550319436,0.7263134036787195
2023-03-22,1.5598971547338534,1.432725112936857,1.1686652307681307,1.0967379061121618,1.0874207677792591,1.3796886093163838,0.23104226359701235,-0.055771497994276456,0.061304450878247145,1.4418190127503734,1.7117031486665453,3.7985684643419426,2.4575709782932997,0.7710789064155181,0.9459434452693077,1.9426818282564817,0.8768101761358722,0.7638448149238654,1.4838433253097167,0.6029502507643995
2023-03-23,1.3203352411625329,1.3005909295883542,1.1631914447226617,1.0977534777758837,1.0856893513293615,1.3654947567560671,-0.06579477600115773,-0.06885345514226211,0.05622252535645968,1.444539240906282,1.7365818905569927,2.381446748156201,2.4416830074947966,0.7725347414707457,0.9422924158564162,1.9332801412278335,0.8779413387956584,0.7223259022436337,1.5108441362771934,0.604111942484395
2023-03-24,1.1843082975505643,1.1910493287170576,1.1490389676040873,1.0882697972431525,1.0867705985850216,1.3581898982947995,0.2992987735089649,0.017369475058221995,0.07373170856294058,1.3585527965311521,1.6263792170406193,2.377301221729977,2.431066824552596,0.8435656993116327,1.0171592747135725,1.934398668149267,0.8907845719533923,0.7443075528703897,1.5300245567644293,0.5965770926218621
2023-03-27,1.1252115420297688,1.1820726757963218,1.1472768106358606,1.088018052611162,1.0730015989745298,1.3379710339461783,0.1443887359150155,0.009689325102506464,0.09756181905152947,1.4056440953718878,1.6927040661180617,2.405138363900968,2.532217431717496,0.8533356011763419,1.029806196352807,2.014449641912438,0.8980409689928825,0.8115029787192246,1.5884854439435676,0.7195581625446474
2023-03-28,0.9167673869467191,1.0943737535588716,1.145208506736962,1.070630022745809,1.050145466757072,1.3090688878225434,-0.16311565611326612,0.016946513901128158,0.06382001126938858,1.4070744044898078,1.6959417515219644,2.3803468875118097,2.5204657696587995,0.8381507322077896,0.9772892216222338,2.0376395339007862,0.8583979021383609,0.8142024532403779,1.5884931802584084,0.7259528862082673
2023-03-29,0.6332597790400629,1.1293144468514944,1.1843920226932831,1.0700324221436965,1.0643722175413244,1.315007426962331,0.4685053170778099,0.10879970978787117,0.09243406782095992,1.3873846998237191,1.6701836408991684,2.299815229608538,2.525268507208514,0.7874590381719844,0.9756331043433798,2.0671398757342843,0.882078380534662,0.7398183576146901,1.6615580979225344,0.7856970118112869
2023-03-30,0.624224080413235,1.0232743914769142,1.1794485199221412,1.0603046945374308,1.0640748475734345,1.3119321446573662,0.5315496525418075,0.09919053733375309,0.10920993115552874,1.3911096960804645,1.6486567031475892,2.264701793689136,2.5217922458078497,0.7396795590886064,0.9255281893414086,2.0675036617510094,0.8817783400059407,0.762823092769988,1.6859613937375426,0.7959320547969438
2023-03-31,0.7416731940875986,0.9531927981309077,1.1671381459476189,1.0586675677082684,1.0739411490030852,1.290552382615658,0.6821969384442153,0.08947465905324574,0.11983415074645362,1.231864239065732,1.6435233725182559,2.23700861337171,2.496060037131177,0.7219369196126868,0.9288082767003852,2.044640885480055,0.8813849078901591,0.7955474410748347,1.6739726062215514,0.7400713091260658
2023-04-03,0.7138336049586983,0.9389044898654061,1.168935139751856,1.0470895396500512,1.0615526280850607,1.2882253046073362,0.7210123740928334,0.10506355833076346,0.1452072377544082,1.1898586036762333,1.6584829952836349,2.177520951874113,2.4969992504620215,0.6609753207797844,0.9157983157243107,2.4432273505509876,0.8935251983989422,0.8030255387970545,1.672691333191999,0.7827862195029642
2023-04-04,0.829197339039428,0.93006263997808,1.1160676594992747,1.046275298152658,1.0269889648233668,1.2878566813474421,0.6549371424738128,0.15396622517597874,0.09773978357485763,1.1228679583763612,1.6204577672076874,2.2177374375571937,2.4372618393737575,0.6464332455265069,0.7372480752509007,2.4093550700526074,0.8882859539930401,0.8018994180792024,1.6328892211954114,0.7882415764141614
2023-04-05,0.7688726838413867,0.6691668896448535,1.1199222753725409,1.0254933603202148,1.0278528194187042,1.2876692588401482,0.31188305947237555,0.13271390012624001,0.09432112542172283,1.1721211723190534,1.651486163195675,2.193101266650044,2.439069827022995,0.6649179397831747,0.7319216069397216,2.400252555730098,1.2928723973439888,0.8101752418034085,1.6336919758381048,0.8020989613391827
2023-04-06,0.7563477226086917,0.66785360147709,1.0191714393976605,1.0128487238588613,1.0255210641884311,1.2669955065420895,0.27279449661171035,0.24446804124324975,0.08913534993538642,1.0891609441319092,1.684968816021545,2.0197281542847216,2.123556148723415,0.6013965269653767,0.6743838624614931,2.429774243375309,1.2533812986888093,0.7700658933431992,1.4469602323466755,0.9023961611639442
2023-04-10,0.4134201948191605,0.6673993685108344,0.9400098045772584,1.0029855494139663,1.0138476334862243,1.2478006374973798,0.011431490154443402,0.32174786575009817,0.06976547532979532,1.1086133198396573,1.6422235006930144,1.929958152981889,2.037435388278906,0.5909547806170583,0.7411866722361105,2.409880149889546,1.2707849781785345,0.772171076089188,1.2830729579715823,0.9023038652349713
2023-04-11,0.3613076775702843,0.673554140727623,0.9363632255878969,1.0024425179564482,1.0131230365753563,1.2274085989837697,-0.05941571629444624,0.330215566793261,0.06414521084277278,1.1191487866984575,1.7419147631838523,1.9955489428640811,2.0048025205293043,0.5778117491820067,0.754534854359883,2.385407022907431,1.2676425907102609,0.7911121005474254,1.2531682787716594,0.9086911609168453
2023-04-12,0.3136975642633356,0.6925502517736349,0.8956337426811974,0.9870240667624154,1.0140187114051458,1.2243315013332077,-0.029967261222471998,0.22718595289400062,0.0508858984888668,1.1021555824807463,1.66738860871018,1.9041374883481044,1.9084062115928522,0.5776367098295891,0.7311538686840613,2.388337540982219,1.2730299303509833,0.8189703645754162,1.4038335630726861,0.9081488808255495
2023-04-13,0.6478812075891794,0.6704128926263602,0.9042485908872492,1.009571977049512,1.0267989523082022,1.227234299050909,0.2880505860106199,0.3248703065394542,0.07607678117140639,1.3097936557388412,1.6898599060146922,1.9085202701165611,1.5814121431279495,0.58034460954255,0.6906586616533003,2.026210546204845,1.2929044870990594,0.8046602091043292,1.5216907081388795,0.8587224962876272
2023-04-14,0.6840067406025072,0.6823859219149538,0.8465388361258935,1.0091699329446098,1.0045573586662966,1.2245687677990682,0.16117635631262467,0.22493143236624596,0.09831888743087344,1.2692554949437556,1.5021978656120833,1.5236370964590056,2.2745728727335304,0.583335464436656,0.7086025519766437,2.0076898060931625,1.2918811012170885,0.8115538332696628,1.535598304959835,0.8574880011797009
2023-04-17,0.6881087704944349,0.5455503959507588,0.7804638780317459,0.9852480074580353,0.9991895346681581,1.2061253839635353,0.21241642554584733,0.3013359069133674,0.116432485561264,1.2557726355468473,1.4948892116686554,1.5273860528989798,2.056039748200156,0.5670430184589607,0.7085079591687178,2.0069644015442467,1.2522453541148055,0.8087263872099785,1.496847644160558,0.8571825430826933
2023-04-18,0.6857310256528047,0.5373177026591177,0.7661614355069634,0.9840587847240543,0.972530020629243,1.2016690131460497,0.22009221751901692,0.2565194028081046,0.08647125434829096,1.2272969814772734,1.351305630507925,1.60370534508583,2.05687883797527,0.5439270016570582,0.6438664760963724,1.979285849682088,1.437173978666812,0.7909522205191232,1.488718332155972,0.8694974575589165
2023-04-19,0.6149313655495079,0.4916491651292381,0.7263134036787195,0.9256798840575365,0.961543849154932,1.1936495633230884,0.2982297098210253,0.19002098373977477,0.06619178670507654,1.2129077935903283,1.3509879705771204,1.5989837793368704,2.0018047659530094,0.5185859482676177,0.6077443653453262,1.7748634016048994,1.444494404599107,0.7777552984948003,1.5030744728079886,0.9139664971316536
2023-04-20,0.33964977182806433,0.5241722875272915,0.6029502507643995,0.9306711257099175,0.964545445475149,1.1925882897611673,-0.07656492463269586,0.24796850948202714,0.05888575684404338,1.19842651123985,1.3607431432914843,1.749427867550515,1.881041160484039,0.4909427349653028,0.6038991029929647,1.6830547865980519,1.3559642293410066,0.7453305795545357,1.4547965351977554,0.9272521318055522
2023-04-21,0.3302975687467251,0.5145628162880078,0.604111942484395,0.9279837674136342,0.9645442945028201,1.1912625217264072,-0.012175547879642413,0.2383362393966248,0.05955543276165988,1.225895306350702,1.3010523659544782,1.639110296254629,1.8793543730182196,0.47680685276976054,0.9268430492893169,1.639148869600747,1.3706827870239666,0.7395384374888712,1.4758459874261078,0.9287822038423973
2023-04-24,0.2735683906924838,0.5145734390280002,0.5965770926218621,0.9089530709441345,0.9548755073939071,1.172349056686556,-0.06307516395069195,0.21074242254845324,0.04297754648992811,1.216756358005391,1.3269870479449004,1.6019368615231488,1.817834578510943,0.37756268833913986,0.8487349436038333,1.659984393578411,1.3639704073891155,0.7358809498070735,1.3972184254596018,0.9288086294690501
2023-04-25,0.7176777333138803,0.7365605543782605,0.7195581625446474,0.9469565338927053,0.9774028369397965,1.1798538558853422,-0.3935981208910498,0.12202268860658834,0.012691545146761496,1.2011207881634423,1.3826300365842576,1.72770241877878,1.8439970256455163,0.36894787737020196,0.8274298082480226,1.682921633980417,1.3696513877155603,0.7123945375131376,1.4262579260567851,0.8899177950016968
2023-04-26,0.6866894480983031,0.7373502967039902,0.7259528862082673,0.9476309512414914,0.9649472931241102,1.1798052358141131,-0.4749293192488733,0.11206756795587296,0.026543305029501654,1.1944168832535547,2.1251673403844524,1.830766670765987,1.9070825496998642,0.3981076184277061,0.8961914112577446,1.7016537323081267,1.405687935956188,0.714702190167257,1.453320674548601,0.9017283034016712
2023-04-27,1.291729176108931,0.8922738726509125,0.7856970118112869,0.9921623964503522,0.9803631445700006,1.1690515253663973,0.03237367584226343,0.13893559917314052,0.03521807694499947,1.2747798085842958,2.19260759742286,1.7795832272899645,1.9211954838181693,0.37712247658423914,0.9191981827214439,1.6840997940589264,1.398031949710728,0.71360589495618,1.571463373095199,0.8067773355315931
2023-04-28,1.3440698837757847,0.9286907084931996,0.7959320547969438,0.9935144637236186,0.9770120652018468,1.1664871803766985,0.187540793767569,0.15233402470306517,0.03173036097090596,1.2685827149242055,2.1858759898653197,1.8007574918709917,1.9179883266192292,0.3972593005919434,0.9235060269355138,1.6968190226496236,1.3970931537511613,0.6993434258072901,1.6448035638392524,0.8360062053452976
2023-05-01,1.3503685874955935,0.9251499956204617,0.7400713091260658,0.9646312709227914,0.9590607757876408,1.1601832293895689,0.14647930023018468,0.07681301299494563,0.005785393814847417,1.2298888393658989,2.180585388171808,2.0028897301562507,1.9493809619980749,0.39664843019801305,0.9165307406148753,1.8692973962219646,1.3899468333462435,0.6580940400874146,1.5897119097789816,0.8352427426318113
2023-05-02,1.210224623600625,0.9955361401797109,0.7827862195029642,0.9833385174364706,0.9602445208041905,1.162759489816389,0.2391767154544257,0.0015637739469864132,0.004768682493177538,1.2320965308751743,2.176451365814638,2.0838090812519083,2.0007805043652502,0.4078544065829314,0.918249044677877,1.5781766229627145,1.3806915434863425,0.6425907349985291,1.63135753527211,0.8018288438982085
2023-05-03,1.251221001991096,1.0133811385273352,0.7882415764141614,0.9570849425046815,0.9611111258105883,1.1640622310212603,0.18661022197119753,-0.005014162169780856,0.0035148448709750647,1.2397128231726564,2.1802020294938824,2.067109354994666,2.0432103715808414,0.42593875770998224,0.9206767057133959,1.6177520280379913,1.4105489669072024,0.6024384692196962,1.6308982165872872,0.8021797971529677
2023-05-04,0.7666340390830115,1.0218102953736268,0.8020989613391827,0.964901404698736,0.9499147823199476,1.149740134208696,-0.3532159819115897,-0.0273391611728508,-0.030088368977220396,1.2331140626247716,2.158567065150313,2.0171908759336636,2.0787063932632766,0.37821202775182244,0.9265708724909024,1.575214095179368,0.974587783896848,0.4839857253416413,1.8024941890362145,0.8224957869111331
2023-05-05,1.1784913571904878,1.205197841822963,0.9023961611639442,0.9554508551654886,0.9699041435338417,1.0492319518307769,-0.1536650770082913,0.04571913129806475,0.01899083821244653,1.6088873926329925,2.121989944058412,2.1983291320776073,2.1098822213986193,0.38847036334445084,0.9211290765252088,1.6811725135105375,0.9784746426964381,0.4929207269642386,1.9446184247908809,0.7393799156738063
2023-05-08,1.1812970570173118,1.2048222224416933,0.9023038652349713,0.9204329587055294,0.9629056592727628,1.0458214794834038,-0.12813829072407118,0.04192056777531698,0.03388379650715128,1.5500792786525337,2.1190412131835696,2.1851456805105047,2.1100678815318843,0.3851736829590185,0.9042017473265921,1.6870991858239661,0.9740076520841814,0.5053615197883664,2.010645385915394,0.7385953883038765
2023-05-09,1.071526444571043,1.084423804454493,0.9086911609168453,0.9242895522041912,0.9644521582214702,1.0435408125634522,0.008938017516115958,0.018652207399626964,0.022685408264435117,1.5599493931821462,2.0406844446791705,2.209558474556674,2.118262155115956,0.4341998141657725,0.9403398654768453,1.6740470893280937,0.9871277627522962,0.49731581191094093,2.0175282804454886,0.7347579059790101
2023-05-10,1.006610655955582,1.070945207807909,0.9081488808255495,0.89417710054487,0.9544181040248426,1.0416243067122402,0.23966381416990828,0.062393606678314215,0.010907722327613108,1.556185682319182,2.060426792711338,2.117637411962344,2.117758711667434,0.43417003714688995,0.9399595203294765,1.6888446331010236,0.9920901702197097,0.4862147354598265,1.9447822875589562,0.7381348566352757
2023-05-11,0.9039946400630882,0.87200647686424,0.8587224962876272,0.8870309767641575,0.9546917792258797,1.0391861314926572,0.3464472012457677,-0.012740007364063843,0.008767760290511569,1.387803519086565,2.0349637239099825,2.1414437937606308,2.1224587834882644,0.4220743190230469,0.937103818364927,1.709441734966266,0.93761795119391,0.48927255956124854,2.681909904132555,0.7330086364912329
2023-05-12,0.3340700539733889,0.8184428800121151,0.8574880011797009,0.8492023877135257,0.9539481191780187,1.0388097156809766,-0.05001178792388465,-0.007077904761062581,0.001172086993605507,1.3955378715237448,2.0064956225368884,2.1518146899270514,1.292917813538016,0.4252150081690735,0.9452603160747729,1.7051164622770398,0.9376268019823399,0.45260443897271396,2.679056839396756,0.7439814168221456
2023-05-15,0.3795690051845971,0.8305556028584182,0.8571825430826933,0.8241436264305202,0.9375482903352426,1.0384993383370726,0.013653131438769072,-0.007770255751452582,0.02986964460741557,1.3996907125583358,2.003251865827864,2.188121480428013,1.2948973624658109,0.41007968716789794,0.9452692360474347,1.7021145174066519,0.9474910633623382,0.4815450086749523,2.690133005923766,0.7490447625530665
2023-05-16,0.45449476882320167,0.7762579240295053,0.8694974575589165,0.8231169939763322,0.9412129447363802,1.0398838058526825,-0.032291177754541864,-0.04444364141876274,0.022896269427002416,1.3947466084717652,2.0010927165021357,2.1367936410853745,1.2632010402250473,0.48421342686310653,0.9487386514522532,1.667484860996331,0.7177542435808724,0.5829101032411002,2.704759665898282,0.7164864257847391
2023-05-17,0.7103119347099396,0.8238679696599001,0.9139664971316536,0.8195290292995391,0.914996496130585,1.0385668439260305,0.11703648640798887,0.017095300825055105,0.07656227374202297,1.3902255954404206,2.002411464127205,2.237205909590137,1.4660622414826272,0.48185767963913206,0.957899751676961,1.7845102902057954,0.6790871850719246,0.5839358623886559,2.72735362278105,0.7182076962493997
2023-05-18,0.7730736767752039,0.7929835046848159,0.9272521318055522,0.776004264473192,0.9216428125924462,1.0405912404254762,0.34458468918047397,0.09254739608922861,0.09491480252565984,1.4032766114764916,1.9907312103480457,2.3097733296471334,1.4771874091703467,0.48096112644724615,1.0374192781812204,1.8086390254087399,0.6566368997314187,0.6376209687983264,2.7415786500831576,0.7161180090553729
2023-05-19,0.7753247964673616,0.5994903445814683,0.9287822038423973,0.777413396986999,0.9203466758400211,1.04072039027803,0.34168845220985417,0.08138809526131156,0.08362362650522483,1.373847137764589,1.989586066293192,2.352809942703499,1.4774193579159696,0.47905331894510716,0.6710388321901171,1.8118649725446043,0.6565990785320961,0.6699999963725113,2.7596420024668498,0.7318525358169852
2023-05-22,0.7868638973294021,0.5991982977895405,0.9288086294690501,0.7734185453595073,0.9078732423639966,1.0296980029773906,0.28081428894198196,0.0782021074717159,0.10210466835946379,1.3872024912085985,1.9355919631316254,2.352747350087247,1.4870883725450323,0.6565817011539619,0.87279601734024,1.7388843298199324,0.6399345059003554,0.6727626146819392,2.7649937500636956,0.749935107341718
2023-05-23,0.9358584796978721,0.7034147476717435,0.8899177950016968,0.7988591851066994,0.9209092847136328,1.035130302233986,0.19000988795483192,0.10145836079270769,0.07772345816726758,1.4192255174447124,1.9047295234605195,2.2558302786015547,1.4236543754126327,0.6565365942659747,0.8904597307707092,1.7751789917074534,0.5878992276504447,0.6549079889002147,2.7797106984207667,0.6813942910646258
2023-05-24,0.7968524708349803,0.7307273721805821,0.9017283034016712,0.8081141639906979,0.924962062677742,0.9973970169937597,-0.19766642912781834,0.08641102335531885,0.07180836840410673,1.4181287973620262,1.1368944909946173,2.2265098393791645,1.3806862569852882,0.6701680564907935,0.8764074444346974,1.8018104744655934,0.4978747782729507,0.6555685924849894,2.7712835840705186,0.6838808223788103
2023-05-25,0.7618120368904625,0.7817948193639214,0.8067773355315931,0.7879587324734345,0.9285949224935146,1.0003487305912042,-0.21713634448760716,0.030169891006760974,0.0926350666559243,1.2871304265749202,1.2281126559420557,5.755636761767861,1.3462556718254701,0.6737675318096779,0.805564593382351,1.795794487305307,0.5659028480289612,0.6783313266411698,2.624778760853891,0.6860967613752774
2023-05-26,1.0232312771499381,0.8676746267734435,0.8360062053452976,0.8072753044737434,0.9374238846594773,1.0069298334962564,0.0709781455734972,0.05224743321279361,0.1012573317498707,1.311509610708488,1.2887716329120003,5.7579102546632,1.3487522229160347,0.63155279966278,0.8069791917833451,1.7489316187499317,0.5464787806177709,0.6816830993891667,2.5254737252173665,0.6709715704464448
2023-05-30,1.0232505643757435,0.8676528217836322,0.8352427426318113,0.7789619240714144,0.916447154891335,0.9926241605483801,0.07047481981715693,0.059200987368458954,0.07516288647221685,1.324768086153714,1.2868851113172457,5.7385958246059,1.2530366486492097,0.6268288739286786,0.83873785763989,1.6452697392059175,0.5481072998952058,0.669891374887963,2.523858391167172,0.670811438542029
2023-05-31,0.8791560985170955,0.856029314104145,0.8018288438982085,0.783354643259223,0.9200463331746309,0.9846669043781714,0.18402587185111247,0.08767064989187938,0.06476599405654318,1.3111733616658576,1.3145691050015607,5.907977066470201,1.2338686851348462,0.6274523767915756,0.8346140771181267,1.4579986419627653,0.5088827619306644,0.6881887668265478,2.5228946989141106,0.6470136753941937
2023-06-01,0.7570064708631559,0.8243490287333611,0.8021797971529677,0.7899376934353344,0.9026438468211548,0.987761148936328,0.5189453937567536,0.16949481630170787,0.10614895976930198,1.3250302862123178,1.3177790052567993,5.910629524613376,1.1810237759610795,0.6575781917226332,0.896385499881726,1.4390557322719413,0.4473637480456713,0.6940046301297844,2.5335077326286948,0.6618429522042341
2023-06-02,0.8608333990038922,0.888243327531961,0.8224957869111331,0.8165738640451077,0.9190638229497399,0.9936160864180542,0.6349713948455029,0.2772167351960341,0.12753049138314118,1.285150468965162,1.3201298823899896,5.917181667743069,1.213741200303887,0.8221682624051939,1.0202296149485617,1.489808480249145,0.5969146088025126,0.7284387552509234,2.534578311859352,0.6014199634788971
2023-06-05,0.8321064089460326,0.8904043696184647,0.7393799156738063,0.8169102495244809,0.8829987521844154,0.9910404462635947,0.337636116414979,0.1750727315686112,0.15508663470330866,0.839373452975136,1.289487209080478,5.917208441254979,1.1722437772913268,0.8125949527125202,1.0096314754319524,1.3760662432150932,0.6286343280976069,0.7161725824963006,2.405112455719722,0.6000151104587662
2023-06-06,0.8197262458890997,0.8885461353438476,0.7385953883038765,0.8170849129191678,0.8577238323678993,0.9831817778200022,0.37356343321706137,0.1846264183537421,0.18276495062638584,0.8424808674947442,1.2907500873760098,5.956172937727376,1.1719106192790416,0.8187308883603055,1.020227319645271,1.3873242093400724,0.627876694475322,0.697842798154837,2.344491761298121,0.6393159100547373
2023-06-07,0.7640689881229176,0.7860308135032686,0.7347579059790101,0.8202137174877779,0.8594300706419128,0.9818636848968628,0.41531141079009365,0.18926399821037382,0.179377257467754,0.8276266582072143,1.4984438398437583,5.993747557771733,1.179619195317015,0.8090991920443177,1.015073138809675,1.4819448032963392,0.60965924172818,0.6973952507504115,2.3524990966791783,0.6358027705034821
2023-06-08,0.7178626051931841,0.7014341134290445,0.7381348566352757,0.8196444873895143,0.8393877713347855,0.9809723434735462,0.34626502789620445,0.19614511973328191,0.16190822643519898,0.8621420176231689,1.4615943558677278,5.9991540135362955,1.1797424575757929,0.8113720291920057,1.0591926295682315,1.4524565955586297,0.6553231596418676,0.7758594307789641,2.3510884207561253,0.6276416921055158
2023-06-09,0.37368561143744744,0.6877681047381518,0.7330086364912329,0.7963504286417125,0.8329991481807872,0.9532312771627447,0.09292918803416779,0.21383723189313414,0.1753225103561749,0.8618261806843295,1.4458226968534806,5.971046507792924,1.174435171895837,0.7949215907806166,1.0561065742703573,1.3980831335636648,0.6495253221903906,0.7835426528566665,1.3117233922615226,0.6373485215514718
2023-06-12,0.4741208149119324,0.6386028270292154,0.7439814168221456,0.8043380540815905,0.8127084753544184,0.9488239090940336,0.31269102118363773,0.2657484338454918,0.16120065381689178,0.8927071033788131,1.4637993815034736,5.941483258013699,1.1126309667245964,0.7800659593115411,1.0181012284639221,1.4168512727463378,0.6489747099130582,0.7971079780153479,1.3417810699154509,0.6314405154985366
2023-06-13,0.492764529511741,0.6377872626595473,0.7490447625530665,0.8079306080491523,0.7960861433723467,0.9459962839969335,0.4009957697528656,0.2814620779322662,0.19167590969806045,0.8917042952441322,1.464909655694541,5.959407773602284,1.1096442241223976,0.7960443086528849,1.0146100345951974,1.4166839732252954,0.6315510105278194,0.7893910201710777,1.336100159155564,0.6377244839848175
2023-06-14,0.33535294870872806,0.5578250884075725,0.7164864257847391,0.8078530353347956,0.7896811310323569,0.9459955622679286,0.49396861144493726,0.3208289455102436,0.1776349022998619,0.8885082390580374,1.46750919361014,5.988721481749191,1.098475596789406,0.797021437820412,1.054875526799641,1.3264841724991647,0.6366938069178111,0.7296686958325824,1.297065957284124,0.6397154985280256
2023-06-15,0.4777997911879187,0.5928380867208627,0.7182076962493997,0.8259014130573048,0.787950134740606,0.9431654700691987,0.6209543302186573,0.322124580685949,0.17641362175025974,0.9055758156807362,1.5907115711760083,6.015723968110524,0.9060094046748534,0.8703017425608581,1.119616688162749,1.2392738996894825,0.688097953360215,0.726500464183458,1.2252927220783194,0.5893617893179959
2023-06-16,0.6302293867218903,0.5371520556070205,0.7161180090553729,0.8219740997558082,0.7515966150127261,0.9333482006951197,0.5169437695064929,0.25692700197463886,0.1991476358486316,0.8983916823486634,1.6471373674093681,5.983480136723676,0.895330681910679,0.882768753976643,1.085295834892362,1.2339625448669926,0.6779527065687295,0.7739478527264071,1.2591070479591515,0.5952973075161022
2023-06-20,0.7250124698953017,0.5790910626294358,0.7318525358169852,0.8291598476916056,0.7572138682640531,0.9343077490585919,0.2317376647121418,0.23826073697106373,0.18599502387633343,0.8985760693430711,1.6847556579457483,5.945423983887041,0.9035143792198611,0.8929706847001918,1.093386204475851,1.3271264299277823,0.6806466729971697,0.7627750971906132,1.1842247511937525,0.5730314475673038
2023-06-21,0.7414430309916569,0.630468940590478,0.749935107341718,0.8359241249123721,0.7599381022465141,0.9349168895049179,-0.0025887524674937266,0.21061131757989732,0.1665186158666889,0.8995262262057967,1.7175058351564105,5.981851727916657,0.8783830336627763,0.7586088328366904,0.9491764814963467,1.3322409433919062,0.6637886526719243,0.7237690558359043,1.2024294983029515,0.5838599733198826
2023-06-22,0.7590478240182897,0.6015376566978713,0.6813942910646258,0.7878049453836247,0.7603493106526175,0.9266967019004437,0.04578687401597854,0.2847731920255302,0.16941808047494217,0.8445635300990988,1.683831576168881,5.946704506642551,0.9601397458650603,0.7702914514303318,0.9156430640281567,1.2940343466999094,0.6863770864585406,0.7312730238671252,1.1058052751778695,0.5840767275526404
2023-06-23,0.4257919291388515,0.6676353677142038,0.6838808223788103,0.7961861928551625,0.768073453041723,0.917397448098244,-0.35336948217434144,0.28319881742431824,0.1605591362451701,0.8534946877651308,1.7207160692433792,5.984114258987689,0.9418739692052819,0.7843957800243583,0.9250957937855865,1.2684395944943168,0.6860636852790857,0.7198929059858376,1.0948849593726315,0.5433341370048386
2023-06-26,0.4263672575065397,0.6887294757965787,0.6860967613752774,0.7453978132733268,0.752406655711467,0.9179924596647782,-0.3669616880699243,0.21947066607905957,0.12952538541965378,0.890116829927905,1.579592953862225,2.9133676600606164,0.9418804812162981,0.7593316652518323,0.909498731413868,1.2944802421024777,0.6468202173759683,0.6694615959843743,1.0802247230476878,0.521567444487995
2023-06-27,0.7621640288954298,0.7161725570830858,0.6709715704464448,0.752439894357406,0.7604998995452088,0.9210481785298184,-0.043928677003559444,0.20953403132679954,0.1380384964142195,0.8963513654680306,1.5587319780691555,2.935842266582574,0.9228717975191574,0.7584863657529586,0.9278865135875559,1.2883333694737547,0.6524513954690511,0.6852126260672642,1.083032823710157,0.48651570330173266
2023-06-28,0.7158372095121478,0.6880991062761797,0.670811438542029,0.7516240087708618,0.7420043159593764,0.9191330990562612,0.06863120431406707,0.21015041370412485,0.11538813802250988,0.8833317765498637,1.555133730099184,2.909481433613916,0.9272802138080208,0.76762137285112,0.8407432772604096,1.2836889409463532,0.6588939336802054,0.6765658765503816,1.0770068815014138,0.5241682365837981
2023-06-29,0.7193714185580773,0.6973575932606729,0.6470136753941937,0.7242728278363196,0.7420856494721273,0.9121210256701903,0.07527021144156283,0.25758427692314284,0.1156062335873363,0.8801089720545014,1.541769711835895,2.577862179813208,1.1550374320528496,0.792940900889936,0.8378389807855393,1.229856742364818,0.6647936498981468,0.7083930352942097,1.07690509083272,0.5521598848298256
2023-06-30,0.6800561969531926,0.6863059521935476,0.6618429522042341,0.7276273497805053,0.7492846075339603,0.895448562113869,0.4624839233857238,0.26908344983156074,0.14452136798782936,0.9453396910951642,1.5582268681351967,2.4531312378042447,1.1562194259973986,0.7868475685747355,0.8736574128738879,1.2125737201412428,0.6599447119721291,0.796900297654539,1.0685941263870553,0.5029792003497457
2023-07-03,0.5378297303826645,0.6721342021459594,0.6014199634788971,0.7121956318284894,0.7473978238490034,0.8952991833700552,0.5672074706205301,0.20252968502281635,0.15080241968199998,0.9793588635415017,1.5604038425731794,2.4294486630079923,1.0830752830780888,0.6669517214526975,0.801040363367452,1.1043729139714724,0.6920623380429777,0.7869663012453986,0.9609517450042987,0.512869933644026
2023-07-05,0.519513603270062,0.6438593987906726,0.6000151104587662,0.6647937374944507,0.7477107383906564,0.8940437846210607,0.31819879502854603,0.2046747009801913,0.14182218794895582,0.9702724984737683,1.5601852893065131,2.42677965984075,1.0667839296029589,0.6679021321167192,0.7937215122756371,1.1061806562715573,0.6836050008180488,0.7865052188202898,0.9738887041208156,0.6150360331108898
2023-07-06,0.7214160272781442,0.6789388812893965,0.6393159100547373,0.6819975840803669,0.7571810202322439,0.8914621989008503,0.15149509511086529,0.15463332917757583,0.12706010510221172,0.9625371168208573,1.5623748258143808,2.40285703575157,1.1014279025266285,0.6708170554063078,0.7476104205264094,1.3807565371559727,0.7103802003900134,0.810216479896575,0.9503385801700337,0.5877726709992543
2023-07-07,0.724990570438896,0.6814588590730685,0.6358027705034821,0.6783681724962566,0.758664791180808,0.8916949612884316,0.022169065584372215,0.15929869062171248,0.12240496541057115,0.9519638018124474,1.4068845497782834,2.2586025910247365,1.0953429437354856,0.7379361656365324,0.9146592583538148,1.2662609799480087,0.7908246404089638,0.9906741014368395,0.9409238163321803,0.595811691400441
2023-07-10,0.400992784578437,0.6210976606679018,0.6276416921055158,0.6768402532318415,0.7556305948868268,0.8914053722321001,-0.16322340742982205,0.14171134100005417,0.13341668913721685,0.9603300971899495,1.4607446221425742,2.2227456192978545,1.0982430786011077,0.7541342194543812,0.8844029295235927,1.323626264546961,0.7507659664180585,0.9594298451207212,0.9434853283237808,0.6200878922412224
2023-07-11,0.5365270317373259,0.6044630431071888,0.6373485215514718,0.6784416692227131,0.7422538751124474,0.8924196752436108,-0.058857010297648046,0.16458313543986242,0.12189345332297764,0.9669112991598681,1.458458483934011,2.222314796671367,1.1401321997759115,0.7581103975376114,0.8948576500445286,1.3505381621051755,0.7596777284293154,0.9530396888491811,1.0209926922841577,0.6199264903813947
2023-07-12,0.6532856603982922,0.5650534615743125,0.6314405154985366,0.6832290258032407,0.7458262068472591,0.8812171997064728,0.13179860438972363,0.15945159678171278,0.13937404195538072,0.928097603139037,1.4521276565587355,2.307655509656547,1.1394017836309716,0.7626786439850793,0.8777826678117551,1.340544039749548,0.7627573727120832,0.9437440930536242,0.9854439094115134,0.615858673740436
2023-07-13,0.4502641463820639,0.5879577614328638,0.6377244839848175,0.6891162619633407,0.7500954516691599,0.8798762951154567,0.4471526127481919,0.1661725399264074,0.14662145403574042,0.9239797761670173,1.485863555693892,2.376994075462626,1.1358577337960345,0.7813680039111586,0.8738044500226665,1.4024405224764154,0.7603433763808081,0.9364485782035059,0.9694952880413438,0.5870153324615174
2023-07-14,0.37873160929204586,0.5974179901927887,0.6397154985280256,0.6755290696660738,0.7505104020511763,0.8654758170686847,0.4851932371543001,0.1571048470490532,0.14449671704684477,0.9236246132163014,1.4818903345771421,2.1851664518283664,1.1274465465637191,0.7931543772165852,0.8652881338338843,1.5756334126872007,0.7673087264527758,0.9087584784508818,1.0157102662596826,0.5870077782781324
2023-07-17,0.3664515851758432,0.5047948763477907,0.5893617893179959,0.6571059516698636,0.7506554536805743,0.8599810936553525,0.5040195451550857,0.11247764473416126,0.15056584208172188,0.9653376601183106,1.295234030911387,2.207600709927322,1.2089379908769933,0.7292714712771834,0.830706078461829,1.5690283657343334,0.698845683719569,0.8985192480119577,1.231310262754271,0.5958171261905902
2023-07-18,0.37893663566542707,0.535285501550673,0.5952973075161022,0.6515928185773465,0.7488305464612911,0.8616905437737586,0.5252519504266908,0.1666601806699119,0.17204485957792653,0.9507897629916906,1.5161185096970935,2.2405276999467696,1.2082714366838416,0.7112394518172704,0.8148639497187358,1.5655993705294007,0.6917843689188367,0.8450192905769504,1.2034555149579587,0.6180776003591768
2023-07-19,0.3606596067679381,0.5184667841073209,0.5730314475673038,0.6490114951047911,0.748754477960479,0.8617152383688592,0.4088114068803674,0.20372003232376917,0.17445628818538156,0.9553068370196987,1.5148962327500184,2.207702330558537,1.189549606773222,0.8085198291573392,0.7987228100272615,1.4956032852606163,0.6914638745726868,0.8208093895647066,1.2028539416004909,0.6267899305912609
2023-07-20,0.5237476928145174,0.4921672052139931,0.5838599733198826,0.6634156737536746,0.7564936433341722,0.8598548302681177,0.11738952687547562,0.1961671097621497,0.16166017827125442,0.9805039830416562,1.58350914209583,2.3123104443521765,1.1938609771067201,0.8496352684004943,0.7960480459280556,1.5283914066699218,1.55683121061885,0.91730118005128,1.190952722903612,0.6312297703408026
2023-07-21,0.5191274796374752,0.4675476205430517,0.5840767275526404,0.6287387310072566,0.7212229982472966,0.8598244769064245,0.12984377011511244,0.17811907107383668,0.18811687463069163,0.9398568049891529,1.5526582595587808,2.405228362492672,1.0937020932659494,0.8377372385510297,0.862937962832257,1.5264140217724578,1.5572395131816614,0.907860133191323,1.2235534486367396,0.6320305529804656
2023-07-24,0.5313071489401285,0.46905091357935363,0.5433341370048386,0.6100734185285873,0.7174543751058451,0.8512772796802699,0.14974133098114367,0.23825534802303255,0.20262172960088995,0.9390575809639822,1.5155810885862784,2.357013089280332,1.1052348478546978,0.7967713404414652,0.8216412046338918,1.5471553051200084,1.558402840139853,0.9120592480412066,1.2281807547153263,0.6441068777368153
2023-07-25,0.4324800827970283,0.4562704168732666,0.521567444487995,0.6021417231670134,0.6780812389171572,0.8422219533403462,0.05573464239160959,0.2723342632852953,0.17399160679037204,0.9153317705909222,1.4699948623833343,2.1971199672722754,1.1476067515620132,0.8027820294645879,0.8213448777835866,1.4956222160195336,1.532681639034568,0.9088667961627792,1.2355593402858873,0.6361080815115646
2023-07-26,0.42232976063709443,0.4246283363412879,0.48651570330173266,0.578501004562325,0.672455117429158,0.837623309512737,0.01433357403257247,0.21828559508280215,0.1600223532074652,0.8667756226501555,1.6883747574903556,2.131224080553689,1.138055473612155,0.8423022824297391,0.8026348237383341,1.5016148805491394,1.528699653574306,0.9024002698349213,1.2325789580121385,0.6991918271727348
2023-07-27,0.4221577387232858,0.45174013689674003,0.5241682365837981,0.5943677671629586,0.6800242155623282,0.8310225425177452,0.014419330834925147,0.18261414139236423,0.15065518082164944,0.8786409682389681,1.7527227534071284,2.0670112933427576,1.1809683584509876,0.8446866309908149,0.8573875426141936,1.4921518093616182,1.525244566414801,0.9054629558576209,1.2358503604597402,0.7450255090256274
2023-07-28,0.6023798305428054,0.5318283748231338,0.5521598848298256,0.5941498166388294,0.6672931021044044,0.8283615478933788,0.21022680555208967,0.21185821960146836,0.18570438213883028,0.9216731274020857,1.830373656837967,2.0624889557880985,0.9709563108846878,0.8128530676131098,1.0410093389786945,1.4863077506764562,1.5231048565913883,0.8881691856708944,1.2582248088446741,0.7249784745225828
2023-07-31,0.5879548345167094,0.5283228502599497,0.5029792003497457,0.5827284574002529,0.6573983595266265,0.8258454647577298,0.1589632868582404,0.1623751888911617,0.20031781834147686,0.7734621673768658,1.7994670159919415,1.9486704889915225,0.9482824637363829,0.8472731106026666,0.9958844632247918,1.6333560859999083,1.7932835739617807,0.7938303284106235,1.463198934524852,0.7436633477393437
2023-08-01,0.6134666906909914,0.5004116928989998,0.512869933644026,0.5525314204607159,0.6497230224731954,0.8190770044463167,0.04712880491651879,0.14231459685929254,0.2073536723593811,0.7570944619073917,1.792275383270639,1.96067502040683,0.9671596205377472,0.844736425847793,0.9940944255484516,1.637942387685546,1.7695722983589683,0.791576932402324,1.4278083202944873,0.8250579896749981
2023-08-02,0.891234321520622,0.6704075908946356,0.6150360331108898,0.6030353028887444,0.6455005249228655,0.823126843933039,-0.23416018529193156,0.08019585000268274,0.15331442751716182,0.8290941397026383,1.885279011924884,2.2883921467881567,0.9989929999786975,0.8328433784643855,0.9911342876177729,1.6575562654346525,1.767674008480625,0.7913369139960565,1.5716507174478438,0.7706925604237735
2023-08-03,0.86135080593215,0.6459832191251128,0.5877726709992543,0.6066816675775025,0.6478049301337288,0.8191755946102756,-0.15887741529223992,0.10502101379158794,0.14809358710763537,0.8446667281930553,1.8685623393304147,2.282226572154382,0.9477042692280501,0.8210763385946257,0.98798778884106,1.4598095540952134,1.753144564951021,0.7755105306538957,1.5648807505867262,0.7684621059316673
2023-08-04,0.5807757589612813,0.6561176197489114,0.595811691400441,0.6090514163854254,0.6480182752217772,0.8205641514943164,-0.4451403308646283,0.09503087048921825,0.14786451977376824,1.3624346530073348,1.8574041553798983,2.277259538169275,0.9549074196990153,0.8389712331659486,0.8853454901044796,1.459885833613675,1.7297907339960508,0.5646577168781353,1.5849172957470425,0.7610568214110474
2023-08-07,0.8045590899476291,0.708572997717911,0.6200878922412224,0.6158771384697427,0.653499280826773,0.8176630863737182,-0.30865038756070257,0.12601844385844158,0.1546249681972593,1.390942325761074,1.8326338708267351,2.2833665220894797,0.9543049164645951,0.8290364442680458,0.9017562528849381,1.4310832148005734,1.790950423200611,0.603882261555605,1.5887142396000804,0.74265515218176
2023-08-08,0.806267081018432,0.7053130483204395,0.6199264903813947,0.6223371677461218,0.6565800137224549,0.8189473240692347,-0.33839241063169584,0.07243074677578058,0.1502837047029258,1.4019851481285523,1.8518575149667547,2.328513234836015,0.9348125311050423,0.8382311395979103,0.8822414366343417,1.4108939374574685,1.7787436846279883,0.5993144122400882,1.5844351286110647,0.7515834640643646
2023-08-09,0.6116935816504644,0.7209505092731886,0.615858673740436,0.6210030736601292,0.6641068876183851,0.8214638070805551,-0.19388057935147957,-0.0012239459326180535,0.14132536156486222,1.3842446098822756,1.831727131099887,2.4514563051339984,1.0007517494500133,0.8329602049921824,0.8868022939510494,1.4540608686879894,1.7731475560558245,0.5991790702304268,1.5792336739465096,0.7395577808030773
2023-08-10,0.6164583474829455,0.7063174794888896,0.5870153324615174,0.6138514482774315,0.6636989565359768,0.8105870456574129,-0.12938154277744235,-0.03911252508982062,0.13617403092295105,1.3749682448434495,1.7842133913700133,2.168992888577715,1.0010063724793887,0.8167942196854171,0.9033744383285127,1.3782505042524151,1.786886875188406,0.5741463137759395,1.9371933599308857,0.7403563155518655
2023-08-11,0.5894554955228898,0.58955831878346,0.5870077782781324,0.6140805712316668,0.6557929669449013,0.810114505537531,-0.05058840899658339,-0.03891454104850263,0.14633975050359815,1.3742977382967727,1.768489770617379,2.2827254124233867,1.0004373532911965,0.7964259383211422,0.8997917451534732,1.0931552851364421,1.790463436674252,0.5795594016504526,2.002090197048856,0.7546506908089127
2023-08-14,0.4689357519885671,0.6291836813139777,0.5958171261905902,0.589302195500147,0.64297290301283,0.787992161649005,-0.11475900699449575,-0.028676194178953795,0.13530867708038558,1.3221485479921697,1.7891611070892957,2.794242508802935,0.8493365418018022,0.8034658867306305,0.9043063235471697,1.0974617161615718,1.784154580970333,0.6188447738841353,1.8282444693600792,0.7550173548540619
2023-08-15,0.6658276005399576,0.6983026247107318,0.6180776003591768,0.616791337356482,0.6551078483038139,0.7961970612369126,-0.2607599359780964,-0.1240722248254162,0.09983831927304493,1.3311089468727075,1.4775974658699196,2.7384383751341685,1.0271546474691455,0.813198047574494,0.9264880745745141,1.2807489313954696,1.7890436028277514,0.6333922451482092,1.8899937508891669,0.7055914814140299
2023-08-16,0.6763828482479999,0.6094284471413706,0.6267899305912609,0.622528989876443,0.6631952762791794,0.7987717729501906,-0.2738208288397857,-0.1718820048626563,0.09003292147739227,1.3042783244244525,1.469919859097475,2.7402271030047336,1.0235087151010005,0.6986056964845078,0.9591493110659213,1.359463793621426,1.7914179877849676,0.6332042466876697,1.878505817021827,0.7033538023250773
2023-08-17,0.6791584160552183,0.6321196213246894,0.6312297703408026,0.6291762162903434,0.6722415841165019,0.795532909280083,-0.4334004552503477,-0.17681002062127643,0.07665613557359027,1.3174992633003664,1.414830665323579,2.651121709690499,0.9900903583146884,0.6325815277155037,0.9631166801870839,1.37008775922928,1.2152285649559822,0.7165531334488252,1.869367013047279,0.7387561304410201
2023-08-18,0.6953305702748741,0.6368776368321399,0.6320305529804656,0.6266369016557837,0.6535841082428171,0.7952047468464715,-0.4121121764191436,-0.17440352768206663,0.09616291180576683,1.3287611367269117,1.4120253096839892,2.587708147416984,0.9872787759173025,0.650385510993737,0.896968280593645,1.3970794402086806,1.2171079225903554,0.7790800458699728,1.8506503786490387,0.7387204504037725
2023-08-21,0.7300518576729255,0.5966757967634879,0.6441068777368153,0.6224722350881622,0.6484086376082456,0.7957363805863892,-0.39238626822879913,-0.16420809398143948,0.11908202382197051,1.3432961828131704,1.4794924499840263,3.2183294337783024,0.8585793925106234,0.6694341479577365,0.8999922264930917,1.4063184002516675,1.389032264216287,0.7689085389809164,1.845123480929125,0.7299994306771453
2023-08-22,0.5895059825425767,0.5933836577053004,0.6361080815115646,0.6203220814539041,0.6427992840936881,0.7952325092854289,-0.21358918780299146,-0.19140318237406645,0.10013391566342955,1.3572429019836387,1.4071031096710649,3.248878947467114,0.9441261327379274,0.6760056588115056,0.8977967289370273,1.4165825878719362,1.3815990314244269,0.7714501426437189,1.8273091233180072,0.7592070836065719
2023-08-23,0.741390149700383,0.7063475462226523,0.6991918271727348,0.6210900813806898,0.6374920760780676,0.798238274587231,0.15593689759950918,-0.13648117397092213,0.09711281747955992,1.4679227017511076,1.2196767312173562,3.3192548088470217,0.9483029306825207,0.5973109278475199,0.9246291907441418,1.4269550088382357,1.3876803491243348,0.7843186281702643,1.8264259757231773,0.8014343704453913
2023-08-24,0.9559603076192094,0.81921350346635,0.7450255090256274,0.6607774387797587,0.6656130825960338,0.7975390143455761,0.03115603129847617,-0.17262584550538868,0.07337956986370021,1.5532360290239489,1.2249963352725608,3.31456397890795,0.9320284537693485,0.571360745032583,0.8898750678062668,1.4400938371612118,1.3818797994126657,0.7983218341160415,2.02489990375106,0.7443502950973501
2023-08-25,1.0028566999531554,0.8680975224398153,0.7249784745225828,0.6672666372275974,0.6653355199732703,0.7996140545492525,0.16252340403045035,-0.1863293780624765,0.09437103948737832,1.5481097400758448,1.1132582662646187,3.339479820486239,0.9111880605090296,0.5875446683657937,0.6209508272117995,1.4538148405659832,1.4246279290518473,0.8029533559198669,2.0301343961529983,0.7316891147945922
2023-08-28,1.0008737735436604,0.8755682275801145,0.7436633477393437,0.6480856318587442,0.6596742389877047,0.7872670506993695,0.1592227920642088,-0.16414321767994738,0.08910514034759177,1.5678208717410829,1.1106483533484566,3.36368259447541,0.8954855353399716,0.5706397237829082,0.6234052972432464,1.3164604767146397,1.1422140341840512,0.8146739347816685,1.892675318147242,0.7752292407329865
2023-08-29,1.1053541327471708,0.9164692922840078,0.8250579896749981,0.6871498884152251,0.6596514889172679,0.7968087914266614,0.5024955625882324,-0.07756149295613808,0.08909426297532369,1.671574229380296,1.1675214771456708,3.482255724785472,0.9303818286623297,0.5695738049973902,0.6240956840949977,1.3089984235866985,1.1241183688828256,0.8286250764553625,1.8943586940415846,0.6783763425432149
2023-08-30,1.0515713389841654,0.8646204594849225,0.7706925604237735,0.6890759388041748,0.6598997499874162,0.7766983183450722,0.36211188197598404,0.012586842846056757,0.09915246460964368,1.7124966706919387,1.0049511945001923,3.2694490001497796,0.9088763256677586,0.561592609701017,0.6219092597753864,1.273809777740063,1.1131036588615826,0.8420068936022967,1.774578022911825,0.6878886535576675
2023-08-31,0.5742218534845535,0.8036080996585546,0.7684621059316673,0.6766655329595517,0.6604645731630492,0.7635806422895476,0.6100205796968263,0.019598653241877862,0.09308433207034729,1.706744891604954,1.005897685802353,3.2706803619197196,0.9122366397070855,0.5938673167898288,0.6201476640384478,1.228555630929361,1.130942501351973,0.8601776658369822,1.7696811302173385,0.6875679208737631
2023-09-01,0.5990608946988851,0.7995759823223468,0.7610568214110474,0.6749871301979389,0.658040237005172,0.7631557848214059,0.5063336416717548,0.051539115071619276,0.10195622539418342,1.300951059058051,1.0049034991932138,3.310249372646655,0.9239689248223426,0.5305164869032077,0.5734435292860315,1.2972310524577055,1.125310616579182,0.8629553805395449,1.8260256327280018,0.6820112082959541
2023-09-05,0.7198209366736396,0.8249140747996273,0.74265515218176,0.6789909069536942,0.6582265500167573,0.7520904739173455,0.2930691389817343,-0.013713336044338175,0.08467214960471926,1.2187998792252637,1.0468046012084875,3.299220076983059,0.9217861412364291,0.5079047755369279,0.5861925334447171,1.293508467602477,0.9475094519258308,0.8350311982315184,1.8151774163474022,0.7234869920895629
2023-09-06,0.4414327159656567,0.860769164243462,0.7515834640643646,0.6818265416015741,0.6652938319035604,0.7524943410900211,-0.13047507843309863,-0.025582159906488777,0.07047724076971815,1.4946749366467929,1.0040897926285728,3.358981577938785,0.92189861199627,0.5052727990622969,0.5832674490770451,1.2985008732640428,0.9878063811857938,0.8509942743019825,1.7644347466971724,0.7524534237488426
2023-09-07,0.32136522448062005,0.8061371922513618,0.7395577808030773,0.6717508585836877,0.6578361723227253,0.738330683378701,-0.2742537364116269,-0.007506446418980084,0.05024040147670496,1.6289107592277816,0.9869844436497632,3.185249485104531,0.9008235058676921,0.5120259397412746,0.6341067803897669,1.2711759787362387,1.0562583856490417,0.8917444086642902,1.7630285895972233,0.7533568028528815
2023-09-08,0.37403345955592726,0.6306624196608112,0.7403563155518655,0.6597497211749308,0.6531152289002046,0.7289492035041084,-0.21486455766608553,-0.0017721004802829343,0.04176263811876803,1.6304266154082214,1.02220356687627,3.2088344485487013,0.9046708872401538,0.514537408311619,0.632084153602857,1.2988746511134086,1.066131067846605,0.891199536054623,1.3233891364905,0.8130315942605331
2023-09-11,0.5280636021880207,0.6265985675769886,0.7546506908089127,0.6683436216945691,0.6578797158366843,0.7265134602224924,-0.12063729543876116,0.034026893461074834,0.050739066487208544,1.6366419708742046,1.0240421968094584,3.083603944409212,0.8977696762567331,0.5603924453082556,0.6794625486642162,1.3071553857348959,1.0894969232158689,0.886102886355361,1.248428167834102,0.8121149965193926
2023-09-12,0.5474344536777657,0.6453837044740547,0.7550173548540619,0.6713271383691163,0.6434485169676434,0.720549596019257,-0.14390888619449022,-0.02100080584433679,0.020933548236956975,1.6681588833965162,1.11202250140466,2.6785745461481736,0.9631790041782176,0.5851694936084743,0.7630421407000939,1.4455216776893955,1.1062187244538926,0.8635492674505049,1.3102075109361742,0.8205143447512435
2023-09-13,0.4644864539236633,0.4339126921917175,0.7055914814140299,0.6601685641864767,0.6417994032093733,0.7011665217060176,0.013857850023506656,0.043072286593911976,0.02855341414613597,1.6703787099506167,1.123739265045582,2.6918092426423943,0.8026136440147509,0.5831225113268382,0.7734557641892663,1.313576699334516,1.1117937562545515,0.8503463404782009,1.249016963994862,0.8273459347748645
2023-09-14,0.5491732330406356,0.5055888370234064,0.7033538023250773,0.6743029591225039,0.6465830269886029,0.7043513993246607,0.2477091969578395,0.12287606003042621,0.051571362497179765,1.6805470181488043,1.124362900955685,2.6759680353784474,0.9242569540848652,0.6235230631414919,0.7788799635302357,1.254929705190621,1.1116681171153815,0.851619094238746,1.277794565528934,0.8028626700589644
2023-09-15,0.8572316888725252,0.631634337962839,0.7387561304410201,0.692641296176301,0.6627963980078837,0.7128559737045573,-0.023377071970056385,0.10073374533978989,0.04003027816022114,1.6492633036863635,1.2519631568968055,2.817167894181565,0.895948496988357,0.640205817371401,0.78568811699895,1.292736707461195,1.1067710984801142,0.6493568788347783,1.311355307812369,0.769698725768596
2023-09-18,0.7762933448822709,0.62602809941499,0.7387204504037725,0.6927859445311618,0.661463092410288,0.7128255907519967,-0.14318085555940813,0.1012597236760087,0.034991755689259656,1.6896723840900985,1.2561858480614392,2.8167686409307984,0.8956971878056639,0.6440294575561145,0.7874761432030591,1.2695037830267895,1.1191212031557243,0.6275320244377789,1.3190626916212136,0.8135153068962501
2023-09-19,0.7461658299549234,0.6180327043910985,0.7299994306771453,0.6887938374425826,0.6540946474512263,0.7127615730101196,-0.07495062110682164,0.058358105936157575,0.04413511999258362,1.6868241870584368,1.2065719743652519,2.021871800696237,0.8926440953060021,0.6244142214118166,0.7809700367467195,1.2255710715940797,0.917456032270377,0.6209304649188723,1.5427639028455449,0.8131482384580524
2023-09-20,0.8198653011321406,0.6472789721680671,0.7592070836065719,0.7000350848527204,0.6633442094106383,0.7078602471254674,-0.282131000295147,0.0259368334708731,0.03562263812736741,1.74158398771108,1.3301648165703144,2.033365052466595,0.7584386018397259,0.6278935220992496,0.7816581699742321,1.2360715527080424,0.9108396291262497,0.6100887400086489,1.5581871476284634,0.8405680149645319
2023-09-21,0.7058382572031564,0.8073401618627232,0.8014343704453913,0.7424484832374346,0.6834774200284746,0.723807624946916,-0.7851485263960265,-0.11239529596845772,-0.010196958285525826,1.6687812865764386,1.2888122924236014,1.9269999386105638,0.766929664595798,0.6959172625036669,0.7788956470794505,1.2696635279689634,0.9049424759865943,0.6770707895980416,1.5598137159293906,0.7806773642897837
2023-09-22,0.6961586465918509,0.794298185901341,0.7443502950973501,0.7375147889820094,0.6839873359718458,0.7135806698900397,-0.589152417706593,-0.05434336691147741,-0.014785023674833867,1.572788742676729,1.2087409959176192,1.9782208896781737,0.7960044132306989,0.6987070612009637,0.7764162029079272,1.2443664186847185,0.9119446136414521,0.6444423624531835,1.3496328947371976,0.8232921992776395
2023-09-25,0.7924947331014857,0.7653355173216825,0.7316891147945922,0.7214120372512,0.6842631583680509,0.7137435056338969,-0.5167737085200483,-0.06856455446161598,-0.014345237640874609,1.5542279335655502,1.1879212601162383,1.9812742908399332,0.8048684221003647,0.7076157099814234,0.7691438192671051,1.2138030570878537,0.8373903869603667,0.6401767755577549,1.3229969885907873,0.8139931116979126
2023-09-26,0.8667562501311927,0.8456953454831948,0.7752292407329865,0.7498241533438599,0.6913208483955104,0.7250516024196595,-0.7691224109722359,-0.1737281948229536,-0.058498741203913025,1.6170823069923717,1.2390282640462096,1.9138906296246918,0.8310217113199495,0.7073896235206577,0.7867324360357056,1.2092829971936,0.8165886588786844,0.6426140807924733,1.3165498834996803,0.7729426728012795
2023-09-27,0.9291132386568616,0.8406016389288509,0.6783763425432149,0.750289287944192,0.6910691597852402,0.7245085759400864,-0.5772770314981599,-0.24400631505072495,-0.059751070382523426,1.5198756056458749,1.1828231027456115,1.632036136313024,0.8195696735017798,0.7235760476016915,0.8278061743361295,1.3750774738864937,0.8476215297741511,0.632589432539165,1.3108243222443274,0.8344886695015605
2023-09-28,0.8120879193389023,0.7959149020656671,0.6878886535576675,0.731910685440846,0.6958617161032973,0.7254725523714948,-0.13076422166345064,-0.23561432187831638,-0.04761054300985888,1.428290655596602,1.1857818205516122,1.660923295419746,0.8683938726475788,0.7206024730851643,0.8303654668308729,1.3894659506730953,0.8471793406023794,0.6225868631907262,1.316465579341883,0.8530054177450578
2023-09-29,0.8126431091419244,0.752570704242471,0.6875679208737631,0.7316742684403282,0.6896503821252087,0.7259351476907228,-0.1343288265355012,-0.24043071846955927,-0.038603683812031074,1.4329036152290322,1.2024659023712863,1.689891320151616,0.9120790470935597,0.7153494979082662,0.8237350684748517,1.4574381016573503,0.8206839941259799,0.6914670381984175,1.3470068433734652,0.8550364254266277
2023-10-02,0.7583259671611897,0.7470852136623836,0.6820112082959541,0.7296365245979363,0.6890788257511571,0.7259740279971564,-0.22639316482011324,-0.25174625608458295,-0.035058756841248394,1.469925784287344,1.2880693369378644,1.844950160771746,0.9252841269131643,0.7163917109741461,0.8194110262699918,1.454370887127305,0.8117272071139658,0.6797501985150429,1.2474997453625127,0.9098408629517968
2023-10-03,0.7052297373680705,0.8030085617107509,0.7234869920895629,0.7377603286514374,0.7081710512316854,0.7357460095066864,-0.20028386333743803,-0.2970664454027466,-0.06158711252954769,1.4660721583944354,1.3474913547266434,1.9194659630724002,0.9078681773555136,0.7285862213374766,0.7892780806189832,1.4542801748088814,0.8116869733329922,0.6705584327748141,1.3744530921146505,0.8786559212145896
2023-10-04,0.8214324492863222,0.8701320333236334,0.7524534237488426,0.7492917170507933,0.7097935957569662,0.7288957263617382,-0.06262876994797865,-0.227044737929445,-0.060065383686717634,1.2907467010131004,1.42568660167068,1.859630656007678,0.91526828018272,0.739075835082512,0.7991736899255684,1.6759918376379666,0.7327401358838298,0.7050608859566888,1.3745723866681723,0.8972151205816894
2023-10-05,0.7434349299045514,0.7345736102679973,0.7533568028528815,0.7442084465974017,0.7006739715709261,0.7284841553145837,-0.18610449692874714,-0.21357701200759643,-0.07410246811973144,1.142109103431916,1.4179575487736504,1.868477531115482,0.9006919563009262,1.2564094859785908,0.7995001206143085,1.7414581268776734,0.7112947502850542,0.6874306781768327,1.4388895650976368,0.9961109567595591
2023-10-06,0.9597887452439321,0.8474453541271754,0.8130315942605331,0.7717731414945241,0.7107064848613766,0.7354930621772936,0.09988442736329724,-0.16174347221221358,-0.0675426992607723,1.1905231581829252,1.501926553548546,1.9257247329762326,0.9634340769220103,1.3261187112764472,0.8076032294899522,1.7244121766971403,0.7108963640509212,0.7639988500359751,1.5312484223843,0.9817915559150702
2023-10-09,0.9829491786143544,0.8627630775057853,0.8121149965193926,0.7801745973431635,0.7165571727294127,0.7375319981289342,0.23588454839006862,-0.1626157951273755,-0.055834480904934355,1.1966635856441403,1.4903423223128147,1.9312966335453279,0.9620954671190537,1.2869011366180851,0.7287535575351817,1.912588553900783,0.6512554385805369,0.7522989993283807,1.581066328072723,0.973373187551891
2023-10-10,0.44032929007528554,0.6989712533721443,0.8205143447512435,0.7795516977753421,0.7185551462975582,0.7387874881145828,0.6076992683429274,-0.1091644067683923,-0.052947135597227545,1.1314953367935436,1.4376110699919191,1.9395324014683393,0.9265294511436789,1.4107502079171883,0.7140560507613478,1.773629402258362,0.6306669276721915,0.8111163775699161,1.553995246771112,0.9687099122799003
2023-10-11,0.44158268374962784,0.6991224278298744,0.8273459347748645,0.7621519154151063,0.7135670790055085,0.7374733563860902,0.5439891923777675,-0.09451190234087976,-0.05850394685746125,1.102448958283604,1.4344643145625098,1.976236366607396,0.9293956418520788,1.4052927094850234,0.7106904697402688,1.9178146134075944,0.678068315409918,0.821138910109562,1.5532574967568846,0.9647180660290123
2023-10-12,0.6532832825054403,0.7352701038238413,0.8028626700589644,0.759441685057725,0.7160962430711619,0.7399744952903381,0.4295905449162187,-0.16810667501800164,-0.0723708732834105,1.0928558033399678,1.4225776176415228,1.976442646930165,0.8145461483432108,1.4042618545822807,0.6412803381614819,1.8493655575091745,0.6820503203690115,0.8225853057057363,1.5376704588120416,0.9712477229675438
2023-10-13,0.5969824895715983,0.7535446402800734,0.769698725768596,0.7539804671779323,0.714098536709878,0.7416515241147947,0.09251935722148792,-0.1327693649143275,-0.0696152133986046,1.1177681527545553,1.326835442103281,1.9252503959058125,0.8852382663403778,1.4082476845589842,0.6970342754133642,2.0079836062029153,0.6339802673060051,0.837800248555977,1.5070607838643997,1.0226708033080836
2023-10-16,0.7093192545377844,0.8087430302107512,0.8135153068962501,0.772651936421993,0.7286083292613182,0.7318777289694915,0.1749057657072874,-0.08309413981070164,-0.052079314605586444,1.0546122716775288,1.3670633485954924,1.9438336756920132,0.8843532343886311,1.4268928154425418,0.736903851615649,1.993732240123728,0.6226813845849265,0.8543562467794749,1.5448871473266932,0.9989135690709783
2023-10-17,0.6837743394240359,0.6118143010212647,0.8131482384580524,0.7656153182169941,0.7256952405610556,0.7305110389257761,0.06988825075571432,-0.07295468880275831,-0.05960155894934666,1.0634711199949805,1.3674682031196894,2.222566764527455,0.8852403125285253,1.472056357544407,0.7420557497296539,2.026780030086135,0.6455871525352526,0.8554384430270368,1.2821662686342907,1.084115062952017
2023-10-18,0.8823870385912976,0.7878080108249418,0.8405680149645319,0.792900727745144,0.7426251088471254,0.7200570215978173,-0.278534861357793,-0.09361286760654126,-0.08635973883657813,0.9755201270967506,1.2511519663086803,2.3056503825748855,0.9143419084845978,1.462125136751254,0.9742120656779232,2.0544438180230555,0.7623364704605678,0.8513899875288475,1.3528220666166269,1.0264823547620738
2023-10-19,0.9152151186416037,0.8504201658475486,0.7806773642897837,0.7814579091907697,0.7494869727005273,0.7210503951057909,-0.3323383451927507,-0.054904129717182684,-0.10126019988552076,0.9540876892426023,1.2454399330519608,2.2031143027874998,0.902500760675819,1.4495879900486381,0.9640875479308829,2.032471467620733,0.7550345299893286,0.814369404226414,1.4126489700571652,0.9936353557880291
2023-10-20,1.0024751281279016,0.8340308506752565,0.8232921992776395,0.7751136121628093,0.7601574619887512,0.7300575670462739,-0.4784759973733997,-0.10510025983102918,-0.11068982408263167,1.0054905429158738,1.277994607110205,2.2181071296946877,0.9487007389900266,1.4552672621409106,0.9620017052020451,2.0650166737176767,0.7654904699772782,0.8547111273924788,1.358995914376426,0.9297528231173293
2023-10-23,0.6061666112205503,0.7817675401602336,0.8139931116979126,0.7646850250845636,0.7465946235597141,0.7226610471482162,-0.7235723519933532,-0.13479380067902785,-0.12989591106770668,0.9888849753939467,1.2863257497222438,2.359472144420767,0.9824578081410985,1.4515472352997871,0.9544211038501005,2.0622033291829354,0.7864437362561404,0.9135102242828521,1.35929890471248,0.9260286968204474
2023-10-24,0.8690165114370524,0.8110742305411065,0.7729426728012795,0.7678684520675428,0.7541979236234804,0.722658725062913,-0.5718669952410058,-0.023640834869950788,-0.12050408245761718,0.8356143912845893,1.2070126433181014,2.372920105553694,0.9611600933742434,1.6035869473493713,0.9705419708992689,2.0650339532931086,0.7785757903644012,0.9658667976913174,1.3370036797719178,0.9314882913491106
2023-10-25,0.89239359337638,0.8528507166176009,0.8344886695015605,0.7542987013377441,0.7728338229170322,0.7319696051544912,-0.5924114345670926,-0.09739646837377443,-0.13965475879354575,0.8683665211829404,1.3564820093049494,2.5635318496244284,0.9525015136453358,1.599742974409575,0.9175990687254322,1.8907208309419192,0.7515186273843711,0.9617205985148386,1.452716314685918,0.8322566662868867
2023-10-26,0.9286092028616452,0.8858076243493749,0.8530054177450578,0.7652674342785516,0.7679078566705668,0.7211880961597903,-0.6561662415089728,-0.18625463467856324,-0.1364273712369409,1.029519214239824,1.6489770025865305,2.646768663708859,0.9010014206444457,1.6049580728380712,0.9112008109720248,1.8929416786396993,0.824527984773587,0.9653233255170492,1.4703757275673677,0.7454615594032842
2023-10-27,0.8721032301738763,0.8858992921140503,0.8550364254266277,0.7661416924085049,0.7687615355812463,0.7224160930007307,-0.5010706474895341,-0.1967857150695374,-0.13920592676573953,1.0456495841125477,1.6478753725708786,2.6363923119283945,1.1346853001892687,1.61782839173321,1.002832301642117,1.9039683994095866,0.9372369116274569,0.8954860023556284,1.4489868339280072,0.7294654317319
2023-10-30,1.1660507016622934,0.9143421457421691,0.9098408629517968,0.7958594767803057,0.7866153573889388,0.729364016466056,-0.22728806342448876,-0.13501752533012173,-0.11174155544769505,1.027071502468715,1.6689502686074478,2.5658382438158327,1.1776991253776636,1.6479208494128181,1.037479907911541,1.8929742776918321,0.9819674204265454,0.9290559989406426,1.4928031793303294,0.7163550567732111
2023-10-31,1.1406501434640475,0.9706889373946509,0.8786559212145896,0.805301376683302,0.7820430027011791,0.7303432397756695,-0.2524654730879326,-0.036686237307574435,-0.11582200625155302,1.0173386851817052,1.5273530347994781,2.505388372616489,1.2085351296233238,1.6287810330615664,1.0402782281858252,1.8901757188494381,1.0124472086276157,0.9135450975427052,1.3858304653252116,0.7244857992413828
2023-11-01,1.0360216624513832,1.013465657822364,0.8972151205816894,0.8240310999608444,0.7955633152025509,0.736336110715822,0.24787064045225699,-0.01977161577371551,-0.09079950453654968,1.092405756352577,1.560002812917877,2.649253589756141,1.201990796171457,1.6293507325815486,1.0449015835404811,1.722642815706874,1.0149287723737594,0.8971787221695904,1.3938145095679086,0.708365484473854
2023-11-02,0.8731081568328017,1.1702989478352404,0.9961109567595591,0.884128760255694,0.8328645514203491,0.7560372652839517,0.8706428526569401,0.07793220271785854,-0.047717085236239236,1.1766853234769716,1.5591943952980483,2.707965457217639,1.2705787675304692,1.1462607359591965,0.9946414940006795,1.8267226178296154,1.014979130202301,0.8432831416844435,1.4625352052391092,0.6134078722860641
2023-11-03,0.4809308248446998,1.0919519160203472,0.9817915559150702,0.897063751649976,0.8419921353886599,0.759683061425184,1.1437754696463733,0.0641870455012316,-0.03310950906375489,1.1362069198197267,1.4993972413830396,2.7680087168922016,1.2461458153943457,1.1431430156003328,1.030251257322509,1.8074274091518903,1.0306189493896765,0.7408887881265747,1.4218063094434947,0.62455836227119
2023-11-06,0.6266919003083535,1.079021852817156,0.973373187551891,0.8909560502890352,0.8426684217713888,0.7569516850697916,0.9506636372281287,0.04367724687939327,-0.028303884928969056,1.1686673242441716,1.5044636835046135,2.782128668712417,1.258731628707596,1.126591415530752,1.0173675600104495,1.6549506775589589,1.0201685783033554,0.7270350171434656,1.3723257693765014,0.6274468974266281
2023-11-07,0.6868236264359611,1.07023663355817,0.9687099122799003,0.8889659488098092,0.8402509653385909,0.7497569946103609,0.8819806987207948,0.0318841202868924,-0.03276036410861215,1.2078775644297692,1.4992522140214142,2.7722408472752997,1.2501306093253668,1.0444795333904362,1.0100404957785463,1.6819297457622298,1.0221913315731375,0.7011581597332638,1.3791802210544775,0.6433096882052975
2023-11-08,0.7598771685904977,0.8867593870804233,0.9647180660290123,0.8887982484806545,0.8270763434348493,0.7450460945456505,0.6833304477928828,0.015063698080063293,-0.01212530588896808,1.2026547041789448,1.4903881342196903,2.7438657425313515,1.2530489598920653,1.0295877292568134,0.9621999969653064,1.5119055647704838,0.9872052641578998,0.7392411158500198,1.3789069437496801,0.6544294777566756
2023-11-09,0.607469218159224,0.8058879409497991,0.9712477229675438,0.8839793880831198,0.8277781169238144,0.7486426895144712,0.1440751566618272,0.006553355654260673,-0.012892419777771506,1.2010068090015988,1.501164910424887,2.749031064761578,1.2536487324833994,0.9538164589604208,0.9621921087124865,1.5121775013271332,1.0597470208115463,0.7422572505655411,2.0635385999516735,0.6099279382883533
2023-11-10,0.8378544409698611,0.7906229963812049,1.0226708033080836,0.9017703221831476,0.846250286835989,0.7614249843214218,0.2736985968342222,0.10948185540441517,0.0258154119432926,1.27355591122798,1.525696305806872,2.7142781902364805,1.2524301035648697,0.954385755016285,0.9544595749306387,1.3135530837078382,1.0506419758526226,0.7875479800201901,2.146706189416443,0.533703414691922
2023-11-13,0.8545621106364574,0.8075080453822197,0.9989135690709783,0.9017912209722407,0.8463888327171212,0.753858172748015,0.20862680934877104,0.05210750778976418,0.023424363885023832,1.2950362471996404,1.5425293328171574,2.7037965789907226,1.2555684823880005,0.9414709779916102,0.9462872214806886,1.3451154655862163,1.0448240645479387,0.7890536224942989,2.138058174977431,0.5297888315582298
2023-11-14,1.1581341599950488,0.9155976407503371,1.084115062952017,0.9525666699031238,0.8783502750637789,0.769639601745786,0.5397143391608241,0.14934064238816985,0.044914686507189786,1.2983530995376562,1.5375561785607532,2.461383236340573,1.3235468870369018,0.9186417079321867,0.9519221052240833,1.3047277813772744,1.0376708485097816,0.7904356665875902,2.166545160677549,0.44447405957629843
2023-11-15,1.1457778306784494,0.9186023311150103,1.0264823547620738,0.9401205598062904,0.8776186703546793,0.7663494592823473,0.5674139432005856,0.22655089921965793,0.05295828836133,1.2752578562721941,1.5192584095315218,2.2755230441075533,1.307781899362111,0.9159443379924905,0.7859086627854717,1.2448321100413366,0.9620321217426302,0.8254966772075781,2.198357388071634,0.44480389416134075
2023-11-16,0.9315861701928331,0.8068351188584632,0.9936353557880291,0.897825742482415,0.8665702623961502,0.7581131412237506,0.747849818994786,0.27660039670114484,0.03643365700516822,1.2737102140262786,1.540274992223249,2.265323831110537,1.3191809295782175,0.9177182060771718,0.7925159615714561,1.2521240118305668,0.9867031962105083,2.041107490380562,2.134742905165237,0.45346402728311497
2023-11-17,0.8347578964747648,0.7946097186060846,0.9297528231173293,0.8961740334318944,0.846251934698913,0.7581266326184729,0.4606298186349213,0.3442583094064954,0.06160489422132969,1.2002573170323327,1.5608671038834105,2.2059066317123177,1.2541496174240157,0.9171279254816326,0.84309693848677,1.3680737697012735,0.9795354892315071,2.0256730830038925,2.1245245282334873,0.45868626554206177
2023-11-20,0.7784718079881773,0.802550709675836,0.9260286968204474,0.9008699384170722,0.8471277643888581,0.7586345089699655,0.6336490428093635,0.3914128564904434,0.06268483378326659,1.200206755381377,1.592193440768166,2.1218145256013807,1.188450729440569,0.8769090339063371,0.8549599948999195,1.3380551556580411,0.9761683140143845,1.9946719839489284,2.1250591880848306,0.4504141640589934
2023-11-21,0.3574853954129713,0.8274009808644355,0.9314882913491106,0.8649890063932804,0.8445237249992759,0.7548417330207677,0.20204628541868902,0.3428189625530936,0.04848331095339647,1.2175754830671293,1.6449421355017213,2.147947993046855,1.195159064774559,0.6654496039425778,0.8206540897075616,1.3252115813320327,0.9924009508633949,1.9655679393310523,2.1237633320510803,0.5724706017684754
2023-11-22,0.36704191861705765,0.820783695224091,0.8322566662868867,0.8654924924909576,0.8256862314387662,0.744722749891602,0.23691950153696978,0.4338836332456735,0.03082694994039146,1.1394327279579493,1.5514623598777963,1.9511128330802563,1.1749221368473144,0.6569638379304809,0.8417065692355992,1.3246484396185494,0.9927876225819371,1.969387340259895,1.9965310380558876,0.5961884426376329
2023-11-24,0.37274906947266284,0.7235123628108595,0.7454615594032842,0.8630502195761316,0.824183222338192,0.7443626003476335,0.22476183132449384,0.49683241490951147,0.02498781945087737,0.9440467639153068,1.1936650069648032,1.7975869966209659,1.1762510292101311,0.6287782036870931,0.8328558985595526,1.3211081033844159,0.9343437254265397,1.9831498456694963,1.9484195862177998,0.595141571867731
2023-11-27,0.4156475803240947,0.6410496577992943,0.7294654317319,0.862366603547184,0.8243135776744894,0.7445493471656974,0.1638690753709306,0.5104932401216116,0.02442560219417172,0.9582183055658421,1.1968740606254322,1.7947727279842585,0.7186884322187103,0.5710220718276702,0.716587092165994,1.2569759993946343,0.7757833667870146,1.9871170575223054,1.96486320755198,0.5890545104868111
2023-11-28,0.24401207783033108,0.630174303338151,0.7163550567732111,0.8618342294399106,0.8240992501614371,0.743625093297221,0.02971663816399479,0.4556640318875642,0.022966750157619932,0.9490500705721497,1.143300584272489,1.827632202943612,0.7057719374138294,0.47252675504889846,0.6640926420732586,1.2544987348384347,0.7555976657268059,1.98865234797964,2.124000222876734,0.5882354135407254
2023-11-29,0.21358974929671665,0.2876438897587728,0.7244857992413828,0.827938960377238,0.8220334203118073,0.7420393054433583,0.05923800822530652,0.4207448328814033,0.02899738339036082,0.9795684074931552,1.1993269759053367,1.7841105320009354,0.6897774482486986,0.49594239754404446,0.683411905863628,1.2962356997484716,0.7385439856460783,2.014213347240493,2.1272058539461365,0.5855894814152227
2023-11-30,0.21653020009147722,0.2988851028540741,0.708365484473854,0.8240654847252983,0.8181308721549593,0.7425945640738439,0.060771436457636344,0.3871088322470183,0.04676415951461937,0.9276713780908116,1.1299991692192446,1.8249261609843788,0.6871714004435734,0.5405059346234629,0.7601634391809426,1.3009297912343887,0.8120847986208387,1.997430840507354,2.1086168727593058,0.597150312720434
2023-12-01,0.3213734679775531,0.32952738954799715,0.6134078722860641,0.8257365832508298,0.819768236684407,0.740118676492036,0.16678388617156886,0.32086767328816873,0.06174095466614369,0.8487600629360393,1.1860462270094239,1.7470489024765152,0.6265497813130179,0.4951056690353439,0.729381341037612,1.0372580230186872,0.9313707795091714,1.9953940513086605,2.0589267498683865,0.6151827054809621
2023-12-04,0.43230096126603024,0.4013170681594095,0.62455836227119,0.8175531207353078,0.8231595040678998,0.7399022977563485,0.09780736421690435,0.24900121376424442,0.05048159568442088,0.8775696752207769,1.2317401678804576,1.7176450294968288,0.6130425868934298,0.46514674215519985,0.7029058457466721,1.0143800077678908,0.9260348658483324,1.995969031409192,2.0391519861989287,0.6355853456352069
2023-12-05,0.4354657368553781,0.3336011334172855,0.6274468974266281,0.8141949249149067,0.8193269561679092,0.739895747034066,0.07407083772857499,0.23651583201267581,0.03919242792156461,0.9304769730412112,1.2272186025505076,1.7564551042821508,0.6203127945494092,0.46268205297950193,1.0495139732421164,1.0288754562485651,0.9326273306586775,2.012942478337765,2.0431502528327097,0.6434599455209182
2023-12-06,0.48556961622903305,0.3546945852349561,0.6433096882052975,0.8162223043379528,0.8177711732973069,0.7327661503328741,0.007544657328504467,0.2021358225333308,0.041618512017277044,0.9194595493642994,1.238282968095844,1.8327717196870976,0.6992733783529358,0.46493295399352114,1.0493384689462617,1.013302899960332,0.9752681997496568,2.013161201912653,2.044004801897021,0.6307745977097421
2023-12-07,0.5782359370942007,0.4117755838777134,0.6544294777566756,0.8213671623245345,0.8230170689342309,0.7349818480981807,0.08139838296149522,0.2366258160391715,0.05239253725945175,0.9315303440604006,1.2346956369541955,1.8888933724222288,0.6993889055525496,0.45894944073250266,1.0475829287385061,0.9916433463564933,0.9928254053951504,2.0115281120699535,2.043276628211265,0.679560230087107
2023-12-08,0.546205482323033,0.4270221441398257,0.6099279382883533,0.8139112290854661,0.8176818763572319,0.7340170653926772,0.049062409943154875,0.29711448660850065,0.0451870557482533,0.9259180090896569,1.230269869722982,1.930938596163679,0.6956356636454893,0.41515455523084027,1.0593805618454815,1.0343386483794743,0.8792345876877368,2.017622240844347,1.3776190292852364,0.6815600801240428
2023-12-11,0.4506455355868714,0.4222660241821774,0.533703414691922,0.8078105529765083,0.802125255292997,0.732841367170054,0.23184508604790838,0.2385378360676659,0.07175010885258461,0.8748124295942451,1.1229025771059422,1.851754092706565,0.6539155262394358,0.4303405989716014,1.0501497010265775,1.0145014571317952,0.8747980448385602,1.9811630196482366,1.269082650171403,0.685689641094882
2023-12-12,0.4342350311842512,0.43112987874595826,0.5297888315582298,0.7966225165711874,0.8036599505114685,0.7332284450577339,0.32712804074588114,0.26614113986195337,0.07838483594700539,0.8489253192205914,1.1176114231249754,1.9205105038205106,0.6290352077844091,0.4389084633711232,1.0320492997156867,1.0205346797769246,0.8772740354974891,1.960636265582976,1.2825823695942848,0.684112220143652
2023-12-13,0.41609834494256165,0.5555817799706065,0.44447405957629843,0.8190543768608104,0.820028021858159,0.7392214710365645,0.6835261034179443,0.23808876359761083,0.10482490572767421,0.8677734495370932,1.0993067301114532,1.864925599964758,0.5445199766013696,0.45921766470633,1.1267032265575638,1.0437692163174046,0.8757136465590761,2.0226827806295926,1.2905127136876597,0.6202658921412034
2023-12-14,0.44119493051546715,0.5553567295590062,0.44480389416134075,0.7808887727923982,0.8093364296700417,0.7382145476723796,0.5951106802483743,0.24355000030111867,0.12549601063807853,0.8688990527294578,1.216213828173416,1.8405783407298992,0.6222822400437933,0.6062661292870962,1.2596028817961769,1.2296418327489345,0.8737094213254674,1.9919416805710062,1.1118365795507898,0.6256857911693012
2023-12-15,0.5607674112492832,0.5683619754795547,0.45346402728311497,0.7627269251515154,0.776031656900154,0.7325872023050293,0.47619983175656316,0.22920198979894496,0.1502994189276358,0.8632026904388937,1.1850866021864606,1.8373309256192112,0.6057021921730675,0.6391881105586222,1.230925402853588,1.2121354860396405,0.9161073764027957,0.8900685328651117,1.1086941680292408,0.6388231534815171
2023-12-18,0.5593861225520186,0.5009626678714972,0.45868626554206177,0.7251631802209477,0.7762373693186343,0.7339620704639276,0.510911687428919,0.2511083032661653,0.1634221176138773,0.8941933524284945,1.1280832642708092,1.9160328892864942,0.5972053173376498,0.6509333425781064,1.277810394703679,1.0793382199707806,0.9109220871603902,0.9494885668134283,1.1145184510421393,0.6569877461054389
2023-12-19,0.5598160667105065,0.4856110104756097,0.4504141640589934,0.7226701164799517,0.777666473060421,0.7350044821496036,0.5411804810844136,0.24302399943071587,0.16654768508071055,0.8807856960001627,1.0255001662189445,1.8591308217086062,0.6300615596334426,0.6608301053064363,1.2751656134134992,1.125517969435386,0.9037923511248769,0.9526291087583739,1.1256101984279983,0.6996790030768251
2023-12-20,0.8270166029618641,0.7177867271990288,0.5724706017684754,0.7673244916631725,0.7747621469437083,0.7399232218597149,-0.011767473349140013,0.18463532390565357,0.16793781719626555,0.914097516906928,1.0046375654337099,1.9654463270500473,0.710864893018118,0.7926240691009213,1.3127440939922883,1.1811162273598408,1.0224006531278194,0.9856212564580175,1.2837880007130367,0.6086045553634942
2023-12-21,0.9311241312204985,0.7322728878297815,0.5961884426376329,0.7232899523016811,0.7810660418323545,0.7443893985357453,0.11368289441105368,0.21274084851963965,0.18307600446384634,0.9132281233660627,0.9764541926035532,1.9359601216029245,0.7100191611881391,0.7920809080841473,1.2902347299849206,1.1865452104368255,1.0415258458576753,0.9842323315161777,1.2897510465514985,0.581019540423752
2023-12-22,0.9180674938347781,0.7332280790965031,0.595141571867731,0.6804255846253771,0.7793346304434701,0.7442433481029567,0.18680135715179585,0.21971187125577046,0.17676321716223967,0.9071414446113037,0.9791109227813113,1.8822840502714855,0.7158539036393228,0.8003239455034407,1.3032034393583025,1.1789715066674527,1.018252258215128,1.0001405804085388,1.274978171500928,0.5807808448170718
2023-12-26,0.9057782995852617,0.7335934749834839,0.5890545104868111,0.6676106916488607,0.777995537543994,0.740832837471342,0.15874932122159863,0.24982836472883233,0.1878452965936356,0.9102473292118175,0.9758550371581186,1.880995399980858,0.699139898283697,0.8032949742812525,1.3112281878055916,1.1761918608425361,0.9980129297141193,0.9961705696709408,1.2651974360067988,0.5846923474237884
2023-12-27,0.8723273551761254,0.733687780320655,0.5882354135407254,0.6549913392399613,0.7774226415973924,0.7402809202685452,0.07329859069598728,0.25391948756371396,0.1915219980403856,0.9086208885495222,0.9391006041704576,1.8664567973768456,0.6971348027289366,0.8038887941261731,1.297064442021354,1.1793575791936912,0.9978986543275806,0.9818803301364559,1.1140617261869483,0.5873356072022616
2023-12-28,0.35744250314011317,0.6314623148509015,0.5855894814152227,0.6553265479883223,0.7513784275715859,0.7401144146464264,0.3579975748581134,0.2593252155638553,0.21446127037922816,0.8973202376099552,0.9191633750434167,1.862992194407318,0.6971771418605212,0.7891457342489178,1.290381042458537,1.1759578943608042,0.9972016558638992,0.9076871442764354,1.1141709390861847,0.6060434404594702
2023-12-29,0.2624888993287871,0.6449458432763953,0.597150312720434,0.6518474431992257,0.7510716774093424,0.7390501427885152,0.11045881080208782,0.22516269210575252,0.19749996952635185,0.9077453965547821,0.9207422297894358,1.7249986818594218,0.6927180493552306,0.7502013859587896,1.236195474253773,1.1704318784618302,0.9302268003991306,0.9045983917661818,1.1119653727834342,0.5997240374784824
2024-01-02,0.3875359833041515,0.6751636474693229,0.6151827054809621,0.6113156651224443,0.7568424921881488,0.738127635951558,-0.041658977620373336,0.1676011553077849,0.18880034377127078,1.207500065070948,0.9356279668124668,1.8535929264810564,0.7117605781519478,0.8170864438039857,1.2914860739267906,1.2969899664805944,0.8868936056584316,0.8994716552517313,1.1193343993377602,0.7061860367916203
2024-01-03,0.41206061749302175,0.7042013897394135,0.6355853456352069,0.6238615502474073,0.7562497530577443,0.7392657701857176,-0.2894395915574875,0.1530166257852344,0.15540162835023683,1.201357635135607,0.8769169468892658,1.7628824197329418,0.7363412765315516,0.8158480325799545,1.2946933616045213,1.3046232453727729,0.8943717223792133,0.8991115727012308,1.138492420146575,0.7192831692212399
2024-01-04,0.31957181185900074,0.665750161405976,0.6434599455209182,0.6292881267012499,0.7559981577620144,0.7399597483499971,-0.3900306083041281,0.13789412605553825,0.13936240164920255,1.1035752242133459,0.8654318385600289,1.701528400164016,0.7314867901038065,0.8220558922078273,1.0325333093548947,1.2390087715167493,0.8944293243263258,0.9160822140925889,1.130480445053492,0.7307774194712902
2024-01-05,0.35399719570831706,0.509679537890977,0.6307745977097421,0.629135066611622,0.7543406489860236,0.7394790839995173,-0.37018988771489775,0.16489157930300474,0.13297050737440938,1.1020670444454719,0.8367050653736032,1.6620120639191083,0.6415201049099495,0.8227403909696002,1.0515922340531183,1.1931399515426586,0.8425342463772882,0.8923046639368437,1.1194617384568275,0.744562644666696
2024-01-08,0.8855930588956856,0.6200162881263657,0.679560230087107,0.65879352731979,0.7719116367531881,0.7475446191986445,-0.026770668447670776,0.19812042925346102,0.14993664779089866,1.227193493866465,0.930939257837805,2.1032759498826588,0.6572002910725747,0.834826128325157,1.0671085286584734,1.2490929100735515,0.8140482264477934,0.8935569479905412,1.111000248210472,0.6922436759980238
2024-01-09,0.841943481375746,0.6199894444587534,0.6815600801240428,0.6416768483496501,0.7665188126731344,0.7475816849074547,0.05481971311723362,0.1690404811013046,0.15756944112135537,1.2061168872870671,0.9124099036122718,2.095355605723196,0.7003410434555521,0.8340446710423848,1.042619875641245,1.2609520424395761,0.7914149345871724,0.8496389872964004,1.1793901645736635,0.700731738885475
2024-01-10,0.6990589049274875,0.6321974830108683,0.685689641094882,0.6072635084510856,0.7633910926906462,0.7462449798800715,0.3312547607735296,0.1778690444666397,0.17529624531290702,1.1947797927641384,0.9780489727714241,2.0458115412524513,0.7016267119802616,0.8232869777727224,1.0421206195911445,1.2803119648888384,0.7904112902624926,0.8766023570276038,1.175175619900825,0.6981427275846639
2024-01-11,0.6428863648008756,0.6298723821842408,0.684112220143652,0.6066601279621673,0.7551226109184797,0.7462820295948692,0.3868701257975428,0.15282964731845367,0.15702609832339048,1.172982373392795,0.9685819941226562,2.0186192131109437,0.7139790000285496,0.8290771760739221,1.0433119514819356,1.22822903562919,0.803111366317036,0.880459962053106,1.1494325060632393,0.6993410278624926
2024-01-12,0.650137722230647,0.6301697318388407,0.6202658921412034,0.5380567345687002,0.7549148122530839,0.7454012601391842,0.3733295077513545,0.08734243038635729,0.15825727879071272,1.0901802219429746,0.9865409182423199,2.0285404209534765,0.7525071608096602,0.8352351529349087,0.9683901917333453,1.2464243060332745,0.811343511925875,0.8108961756313436,1.080511143335839,0.7013935879933063
2024-01-16,0.3476019299749551,0.6346164931400402,0.6256857911693012,0.5444512165314308,0.7325607670159283,0.7460773325443991,0.014383527169750287,0.052938640983805005,0.17434651350152727,1.1050849178710496,0.8020974886393539,2.0971868556891495,0.6841559055272957,0.7741106011936505,0.7477447612888855,1.1867638261121323,0.8571817235817272,0.7351125048004553,1.2563104775494762,0.780212626197977
2024-01-17,0.43250090534693925,0.6342510525533555,0.6388231534815171,0.5557217294536163,0.7258506078379622,0.7480810746688938,-0.06645046979245155,0.0333779057140509,0.1797267640713803,1.1052705635736864,0.7751998824360463,2.1176950167400146,0.6852522133028314,0.7497049805772689,0.7318084867692126,1.1880558941802275,0.8103531327109537,0.7552207525921076,1.409149364789197,0.7741727218321484
2024-01-18,0.5570604142509005,0.6212128928938107,0.6569877461054389,0.5684906668504481,0.7074598696623217,0.7492558928674138,-0.0017019895364265736,0.0497156252253033,0.2150274126326548,1.3653004160891404,0.7980766640122977,2.0977155392427655,0.6750759834297073,0.7377119172670512,0.6805147012712531,1.1675825999547875,0.8134340547405555,0.7462253195622305,1.488587035456125,0.767086279747834
2024-01-19,0.7849556685391388,0.679899259734918,0.6996790030768251,0.5865257777483636,0.7179211834956776,0.7524290485470038,0.25643406940435004,0.08164304439843777,0.23869330010653245,1.4115391818768617,0.8243939313586589,2.1989703688398765,0.7179610445123021,0.7461954516805445,0.6888957344299715,1.113725859595643,0.8063857847230712,0.766212509359015,1.4798642531751651,0.7484339592372968
2024-01-22,0.7790333916601258,0.6780569799018463,0.6086045553634942,0.5833077978738029,0.7147313459617805,0.7524634416518727,0.2848691681912087,0.1615015907714445,0.2296519590767306,1.4237894258029453,0.814172634232889,2.0027006596823145,0.6611961969232669,0.5641881027135243,0.5725870766249656,1.0659077395103618,0.61864138847504,0.6959170517405975,1.4032179388055133,0.7657703989725029
2024-01-23,0.6920463545825041,0.5581236909279836,0.581019540423752,0.582614236752112,0.6805032377799403,0.7521133515734908,0.4166259689497533,0.12867440961847992,0.2584329637945978,1.431728698109719,0.8098701279345576,2.001399959302854,0.6758922658889861,0.5570565114619442,1.057052569255772,1.0983182402088811,0.729540078924997,0.6884504959392617,1.4388254311147097,0.7649758548931731
2024-01-24,0.49395605360179223,0.5449936703872438,0.5807808448170718,0.5824336805486908,0.6534940053925969,0.7401744284549938,0.549654859772706,0.12409128136927843,0.28021185584485353,1.4280883451397695,0.8201852748296404,2.0001465341645335,0.6989469579799402,0.6685532863030437,1.1097005192890457,1.1770261458288673,0.7430679626551447,0.7455394128171781,1.4149149811623734,0.8793918043373817
2024-01-25,0.45738905537430347,0.5436081466200726,0.5846923474237884,0.5824644060749661,0.6471729290593512,0.7406769241341864,0.4805859498687461,0.13017478238709018,0.2968321290791781,1.4269806795717848,0.8173356889352685,2.0065960073211464,0.7516751448991958,0.6689225815381586,1.199249246822378,1.317013345623835,0.7418147089929764,0.7991108396466736,1.4434823677599902,0.8767820691707897
2024-01-26,0.24588068406623736,0.5490241501532371,0.5873356072022616,0.5844631906944671,0.6385086019048155,0.7393110406744393,0.2058502475278458,0.1147809586064024,0.2747881593525603,1.4423475705466353,0.8201425888301347,2.0527872242889424,0.7539564847159764,0.6708629203037083,1.1975004119037622,1.3249218634932989,0.7425255363501272,0.7962468956453808,1.4308368136495186,0.8831277867717883
2024-01-29,0.35983045763047544,0.5724141461074507,0.6060434404594702,0.5906972823745961,0.6403934473468873,0.7386197922715333,0.3219510113779102,0.1524899499013937,0.27751999944888417,1.4432890226473916,0.8524697427694505,2.060825675667324,0.748558702206969,0.6819965051084889,1.1924015408354103,1.2757318273913387,0.7436377432762294,0.7926288048922969,1.4940572474129705,0.8717439320875512
2024-01-30,0.40286684414632257,0.5411798068658199,0.5997240374784824,0.591551899478398,0.6334972728142885,0.7372418139263704,0.2481494468813163,0.16309706863828705,0.25845619766368605,1.500658294259662,0.8661835757263471,2.0487577133213657,0.8628623180107262,0.681641906246085,1.1964685179604144,1.3161212090037162,0.7507209627984586,0.7916920563190635,1.5052492662887016,0.8726172601322625
2024-01-31,0.9430819946566992,0.7880275802985615,0.7061860367916203,0.654365754538767,0.6416598406718819,0.7506237126942121,-0.10005346852821599,0.10949265864231776,0.19932049574609054,1.3366304585471935,1.0424226055390875,1.978580649273346,0.8786489033153293,0.6131505965234597,1.1747907400519653,1.302335072318492,0.5865940237714153,0.7749785924658782,1.5320278419811186,0.7645940379952246
2024-02-01,1.1192403245175813,0.8369819804912494,0.7192831692212399,0.6707205825989084,0.651098510820403,0.7590024872250688,0.05292490979426319,0.21576590772502785,0.20592791575816896,1.3582418858391758,1.070799460726378,1.9042865947851473,0.8764092911714534,0.8341864526771745,1.1735890837638328,1.291334577669537,0.5691331014624427,0.857820329955657,1.5324164484674074,0.7419585212701323
2024-02-02,1.1936973066808412,0.8136828954096063,0.7307774194712902,0.683663045774784,0.6602138559138135,0.7639825689968798,0.2888837478604224,0.28450954764754,0.2196398352385848,1.3295953576799322,1.0787346451807907,2.0558022285698145,0.8736673187828633,0.8488766123949201,1.1979829419474703,1.2796123437678293,0.6133488583471401,0.8112099127914341,1.4934269445738388,0.7200090993236782
2024-02-05,1.1838189286536047,0.8365429157103534,0.744562644666696,0.6827954049499683,0.664430634294532,0.7639615424005136,0.057666625067807245,0.2594540780970699,0.2088271599778019,1.3373338717156855,1.1544941780276454,2.170728625856152,0.8697932950560844,0.8711820662866896,1.168042852227216,1.2804118933146809,0.6103140734285519,0.8030639036666283,1.5056062203967928,0.758314309955204
2024-02-06,1.184754734386619,0.8365252998220176,0.6922436759980238,0.6770839575679996,0.6642707962409125,0.7554080271267172,0.13120621941550298,0.2025912906040805,0.2124458452989044,1.2425644490494552,1.1120814586753964,1.9979155580762793,0.8703621383859261,0.8561186289553743,1.1630445378960295,1.2308277436779893,0.7051458276183009,0.7937737626967872,1.5982649711646473,0.7619688625319334
2024-02-07,0.6679529651760737,0.8598578497360878,0.700731738885475,0.6835813236012106,0.6560333436155107,0.754420508703881,0.6243609008605768,0.25187795557815357,0.23934430776265303,1.2401722838216023,1.1752449014718982,2.020968514968752,0.8452598417519347,0.855369099047758,1.164573125922384,1.1921124586857612,0.704182780741335,0.8013686376666426,1.4967740915420984,0.7701338720342407
2024-02-08,0.5772665655478899,0.8561773602356555,0.6981427275846639,0.6834467831824589,0.6330821167019716,0.75013857238394,0.3714305974786793,0.22580986690131527,0.21407224914520703,1.2448649489687562,1.134125557921662,2.0609087340575893,0.8523697952395469,0.8536809908703686,1.1736199761758705,1.2114617255714792,0.7282642535440067,0.773012256173673,2.858499462513695,0.78883520121637
2024-02-09,0.46538018742741766,0.8541632217756614,0.6993410278624926,0.6848729223175208,0.6334716054440901,0.7512705835944308,0.27646811900855733,0.2569090459502936,0.22529327771023366,1.243659542465647,1.1631970291301459,2.1215101928808067,0.8430708934261315,0.8472756800778949,1.1984119016844748,1.3231846276104309,0.7304570969070248,0.7716901114927438,2.9333845272696344,0.783195855493373
2024-02-12,0.36675998765097484,0.8395616777405527,0.7013935879933063,0.6587796371891519,0.5929289254972667,0.7498560280508993,0.3405190382119729,0.25125146071222454,0.19222755156539764,1.2633495805387651,1.215826546875755,2.1085294459836534,0.8196562491198712,0.8176362755776673,1.2020721686885982,1.326835231150271,0.725793208834612,0.7750401122955951,2.933640642034132,0.8116761329146415
2024-02-13,0.8559005867644943,0.9765821117951111,0.780212626197977,0.7020580434442575,0.626576770344788,0.7613984388996305,0.006988331166364503,0.200742491603234,0.1657437109627193,1.257996887039605,1.3367045943323925,2.100081139923476,0.834237688604488,0.8148368095020654,1.2019604637839207,1.2250050863248871,0.7078623277517639,0.8037451898241994,2.8961561435330325,0.7321103926454003
2024-02-14,0.874404853780763,0.7993245300384028,0.7741727218321484,0.7110879076051584,0.6338370263685698,0.7593528516842633,0.021933381277112928,0.27397391834554463,0.17885127128618025,1.2571564812348417,1.3432046872630268,2.0694447261309743,0.8356614306253657,0.8148207000174494,1.2106834261708885,1.2164221649368832,0.7116907628186536,0.7975922628084207,2.7537967560142973,0.7189718200546298
2024-02-15,0.9247551506512853,0.7359804845014145,0.767086279747834,0.7132491028315261,0.6372098424222385,0.7486117337128962,0.15109416682733484,0.2640089059922556,0.18827761149457484,1.006036895565476,1.3443292257375936,2.1773747766155584,0.9387185651595182,0.8129706542841065,1.2039071304158717,1.3437818046428671,0.780396686701051,0.7549838833108407,2.744757301515844,0.7317706102707832
2024-02-16,0.9257809434625569,0.7137180821741989,0.7484339592372968,0.7167391570024317,0.6386185252950448,0.7488336325922113,-0.06408743351602002,0.17677867022020116,0.16714857134978503,0.9369926707716958,1.3319843477645052,2.080119817510499,0.898380170727328,0.80482385401682,1.1931407048676814,1.3457226555413797,0.7749326448442685,0.7418594537956601,2.7737501397565487,0.7258926285179005
2024-02-20,0.9504174406979045,0.7296239912283086,0.7657703989725029,0.6828387389517518,0.6434430897345041,0.7497395544271233,-0.16541997656569923,0.13867917452299755,0.16160536306669862,0.8726262325731866,1.3273139908357476,2.4003417016887294,0.8945076986107534,0.9407174867730725,1.194524890901409,1.3743528611206703,0.7930335268458224,0.9945979811344451,2.829810667281982,0.7117123511909361
2024-02-21,0.6669118557198223,0.7261813900018546,0.7649758548931731,0.6704889826292303,0.6428263801928719,0.739516075729605,0.12815887176354418,0.12862571730668176,0.15668032514826719,0.8596435751408068,1.3228722517763662,2.534329524004201,0.8698504964509933,0.9540242493027079,0.8290395739032271,1.416211195801879,0.7163595505136027,1.059452827512305,2.8397406349164793,0.7288805616009957
2024-02-22,1.0804228014196702,0.9436243960223846,0.8793918043373817,0.737411449600772,0.6884414777880735,0.7606878748046353,0.36031416935238275,0.22663874574046386,0.190147299455171,0.919042932709089,1.4082617218309401,4.33856722305987,0.8826099771467029,0.8707941047231433,0.760227844731467,1.384441560555726,0.7455234076283788,0.9848961206904466,2.8354283938303415,0.590636181728099
2024-02-23,1.0686847232613235,0.9432277392861153,0.8767820691707897,0.7364938231523498,0.6869205514967663,0.7603377672214874,0.2361132420433522,0.20289072903590713,0.19429795871727665,0.9336795674228783,1.4076040547051696,4.339254876879106,0.8470054588461979,0.8693171210213284,0.5924151933717605,1.3030189720215601,0.7633441784237222,0.9584121878637308,2.833784108807254,0.5955439714515642
2024-02-26,1.0474753826055982,0.9477273368620093,0.8831277867717883,0.7412855584887766,0.6906303698552357,0.7615398346383522,0.26246045917201827,0.19093122313124425,0.1865438897671203,0.9290144198625027,1.4165272408139655,4.313066728178266,0.8453538562244987,0.894631901757155,0.6097261734938697,1.2938057580981432,0.7816479542063104,1.0079419920497128,2.8383744670571738,0.5917896969897388
2024-02-27,0.9520090480622917,0.9466572194266074,0.8717439320875512,0.7410657259189499,0.6898066898714026,0.7599661982167056,0.40972552263668377,0.16062280233769094,0.1908126559343134,0.9608014352898715,1.3793271892856083,4.326527643686164,0.8473992311161554,0.9008037237696896,0.6295121209819653,1.29584221634295,0.7806634189709953,1.0127793408408647,2.823506250125142,0.596444609261686
2024-02-28,0.9755974764296738,0.7976833539120157,0.8726172601322625,0.7390523773245328,0.6905253206212406,0.75688815984486,0.3651746186772355,0.15788201025566156,0.18204725699990043,0.8820056422832264,1.3779512338425735,4.36194368539786,0.7441772364392928,0.899266195947847,0.6111111269086598,1.2434256779064792,0.774905407635711,1.0158092157005933,2.8128782979679827,0.6130909212270024
2024-02-29,0.2817040753991498,0.7652783662183337,0.7645940379952246,0.7303256300548588,0.6888401902820847,0.7562149194988627,0.02316355818858824,0.25744300241966495,0.1781789387899226,0.7805790064522222,1.2565750959285786,4.3005719661867134,0.6909411007777969,0.896977599474736,0.6321971534074003,1.1534364239067962,0.7766128366170858,1.1118064184674064,2.786854503313479,0.6131585687949274
2024-03-01,0.5006078289055726,0.7870181925603887,0.7419585212701323,0.7213753948565095,0.6894360778272329,0.75989762238379,0.19713748334841535,0.2389438724244452,0.20257546864490253,0.711633405259063,1.2179882662072041,4.335569677648362,0.6937929194347894,0.7051799669488825,0.560986482167545,1.1723701287034412,0.7723373978181624,1.0514495333896074,2.7879066976806817,0.5890493172788239
2024-03-04,0.4371120162193885,0.7567139169470978,0.7200090993236782,0.7179704855962462,0.6900069626658311,0.7586118901512988,0.24893712584869848,0.1809445676283133,0.20111608044379725,0.88327415932577,1.1527174293938205,4.286998919676257,0.698197758119777,0.7018469480001795,0.5461050183276485,1.2201160266826883,0.8006835697425693,1.0564980918241003,2.78860950783521,0.6106365707883374
2024-03-05,0.7137393248905473,0.8204768920594683,0.758314309955204,0.7438718696447857,0.7030303641427749,0.763055017336639,0.011901054972114532,0.14918140981376776,0.19117568907128088,1.0002362983078992,1.3022576903592384,4.210529673620717,0.7044163190818842,0.6861842540284815,0.5478322626725047,1.2339684900399963,0.7857524208171368,1.0623194197710053,2.7947186246570928,0.5552282873528165
2024-03-06,0.7382654711496912,0.8242455568503523,0.7619688625319334,0.7188719680376974,0.7002700891220205,0.7638864679318398,0.13967847746254608,0.16000007476742234,0.18690393154165466,0.9490880720717639,1.3025272827482877,4.181278916101195,0.7049040532901834,0.6858143499609741,0.5390181856370995,1.2439669903847108,0.7344710977612774,1.0667171088665284,2.849470523679013,0.6245753504766132
2024-03-07,0.8335451261101264,0.6004086426710407,0.7701338720342407,0.7279927703259036,0.7073127493033896,0.7650435237756259,0.26630647115389666,0.16792939499299492,0.19628261055748444,0.9451560481163257,1.2737994525564718,4.228135156057182,0.759686842488595,0.6860925000654934,0.5574713242514611,1.2434990589141866,0.7387906467657999,1.0696753302854274,2.846681922352214,0.6288049272144716
2024-03-08,0.8068490213565549,0.6453958004466875,0.78883520121637,0.7366730037326921,0.7142394835417849,0.75820031251195,-0.04149821105274602,0.13571167029158887,0.17979686055318134,1.0090642251997362,1.2824580906125937,4.491824475198638,0.7426454487898339,0.6850988496963466,0.5538467193155074,1.2088686550385128,0.6975589209435081,1.0798776742820893,1.2174478714468266,0.6097916572893838
2024-03-11,0.8064721045534055,0.6298689167224709,0.783195855493373,0.737031007439919,0.7141094981796258,0.7584228805088753,-0.037249519327970756,0.10251515804418125,0.17075128377097626,1.0584943691936128,1.2247249690954725,4.512282135144524,0.7443630280445795,0.729760879914504,0.5387401562118332,1.0725512973619062,0.7280738411798152,1.0835063853059788,1.1910043193365958,0.6084768996957928
2024-03-12,0.7164731084346277,0.7012441260588538,0.8116761329146415,0.7502253995578637,0.7064441175726777,0.7627361514356125,0.37777522075472153,0.15849545544945493,0.16569644884934567,1.0642539834009557,1.3498050885608446,4.713659627826506,0.7511652386381149,0.7335674227368888,0.5335376770991747,1.0705024899578939,0.7389594902143877,1.0998776670629218,1.1812726084962377,0.6095884369233511
2024-03-13,0.7473928736727806,0.7025590996168012,0.7321103926454003,0.7468421968460253,0.7073559886836759,0.7570313520322756,0.24508349072957641,0.21952386465822532,0.15773499908175487,1.0675542967382978,1.2499591077696568,4.734045263388397,0.6949196722713359,0.7461456941354756,0.5085058743068362,1.0491847330042912,0.7496322157205024,1.0804319073074915,1.161310883487504,0.6315972596627685
2024-03-14,0.6301202646599436,0.709887685315925,0.7189718200546298,0.7395340256928987,0.7076238693086359,0.7394971371179759,0.007023898595914968,0.16420202432269543,0.15718461612743043,1.1169244118302442,1.3420929024691397,4.828864840627735,0.8450303342352665,0.7487831050964472,0.5139956356632557,1.0703053282535857,0.7971721514246076,1.0732104196023455,1.1461849997379616,0.7057405486740914
2024-03-15,0.6517641791092492,0.6916683438164316,0.7317706102707832,0.7448742637501572,0.7138453846181109,0.742678684464998,-0.010267925725175698,0.09537114715346122,0.1363652261236735,1.1165762197746247,1.4223074552154247,4.796147893850252,0.7583363086119209,0.7928315149255971,0.4894222345738035,0.9237622520353296,0.7588932955339073,1.0959368294951608,1.1319619226259823,0.7441098797579625
2024-03-18,0.7011392250329072,0.7175908360397231,0.7258926285179005,0.7278626175521049,0.7136932100401887,0.7433798149837123,0.12579108727501137,0.14998478824193912,0.13613550095352608,1.128310162698109,1.4115139092049263,4.789799814272232,0.7652866736119492,0.7958936833879572,0.49039391398740984,0.9281928790355294,0.7874307941192532,1.0945443080385238,1.1794902825737925,0.7288033212601982
2024-03-19,0.5465231930926377,0.6293652351970335,0.7117123511909361,0.730476067599736,0.6870382634014524,0.729132147057166,0.0217863834695577,0.20529704545826916,0.16849260358423715,1.1818792513301843,1.417749901136725,4.615490249740413,0.7668119323290539,0.6247874497197559,0.47956275294652423,0.8739316729647076,0.7662688144642649,0.8644876264777283,1.0802218242655097,0.7204807381057068
2024-03-20,0.660407571970118,0.664919227193469,0.7288805616009957,0.739937687458962,0.6865973209309982,0.7322926268792144,0.23812264897301388,0.24701480896059272,0.1681049786285849,1.2307674161478972,1.4222719862205961,4.508882595743559,0.7928255089462224,0.6228546592788541,0.40568913664711137,0.8006455263680919,0.7559059194248934,0.7991610842970133,1.0352100540372122,0.67489311558267
2024-03-21,0.6138790323911069,0.6127404963124904,0.590636181728099,0.7401622419963317,0.686905908018156,0.731489769550771,0.3437506038115303,0.1600611329374823,0.1702637200157416,1.4845723115546245,1.3482878321443954,2.853120432038569,0.8038662024660116,0.6306991380487796,0.40652643617105105,0.7932325309838976,0.7013932427686269,0.7829551037491373,1.0314559505622003,0.678446002508878
2024-03-22,0.4125158269269086,0.5670457543083957,0.5955439714515642,0.7403404771326587,0.6876427446611499,0.7312519262128827,0.4431654549481802,0.14713420037966823,0.1600665706008886,1.488906231865743,1.3452290421429725,2.89704403393002,0.8837510584088714,0.6304035907242711,0.4036116661227613,0.7411140997159542,0.660346096251564,0.8281683432604728,1.0597517134748355,0.7283998229922029
2024-03-25,0.505925820750693,0.5813336215310578,0.5917896969897388,0.7422748879700031,0.6899370236131838,0.7321508941107474,0.2690536710488047,0.15163309121113572,0.15244842431626088,1.4904299194245696,1.3781985420976215,2.8940997648782125,0.9156250436538786,0.6040410479775007,0.43993435648012474,0.7519429003639397,0.6532682838280608,0.7473305848804056,1.2067428351101839,0.791850495790225
2024-03-26,0.5093947697149693,0.5008079945936574,0.596444609261686,0.7373820547595958,0.6911604783275251,0.7196150038149384,0.12097367909935226,0.13310908457393628,0.14874061227100704,1.4698761096829431,1.3816907641426048,2.98477402827083,0.9141840399523012,0.5872494178868928,0.42091575070705894,0.7868350077070401,0.6609187285753282,0.748236469729498,1.1790124056257794,0.7919884042043116
2024-03-27,0.4763598192929729,0.5474343437696995,0.6130909212270024,0.7444698004128155,0.6944023921546203,0.7204035307244984,0.1040601375270402,0.18173618867304392,0.16757175585566425,1.5678434725459456,1.3824268168736122,3.04104468547508,0.9822109550055286,0.6108654103383455,0.4969964604942167,0.7962427455018919,0.7411484547397396,0.7502175828566361,1.1684327434625266,0.7598297289338186
2024-03-28,0.4602005063570484,0.5368813577902758,0.6131585687949274,0.6857588896600821,0.6882875239691268,0.7203579059821339,0.03414024142562884,0.16280530374674246,0.17658032160290846,1.5788430836966432,1.3507436267031812,3.0338495959599108,0.9748219510244718,0.5872649557853028,0.4687041492968651,0.8043550328599347,0.743347398747602,0.6664400530118272,1.1775357861798987,0.8008193147603736
2024-04-01,0.4583525797731813,0.4634315442663342,0.5890493172788239,0.6645955982907424,0.6774844511627084,0.715104403878409,0.0372622218542908,0.10716538500613708,0.18729172171853675,1.58261674112645,1.3611708950094845,2.9355639294537212,0.9878143842040557,0.5873356855366775,0.5323970106466307,0.7866365812315257,0.732353894934185,0.672805710302556,1.2050619020033848,0.8083278603755967
2024-04-02,0.5406503695639245,0.5189345368452628,0.6106365707883374,0.6609031678419353,0.6826724336353722,0.7175566594817052,-0.03464515932756411,0.08073751991707005,0.1820638783976412,1.4944597332311738,1.3735999792872209,2.860489675527244,0.987221918493126,0.6229973984063885,0.5244433782993593,0.7138079682179134,0.6682663276312488,0.7262163713283442,1.1854921802598355,0.8662817741448567
2024-04-03,0.5362421222690227,0.4957077504223187,0.5552282873528165,0.6560321076476835,0.6827117668314487,0.7168052648636358,0.024265904800191595,0.13620029703095554,0.18161192831393116,1.3603710505868614,1.1768593082054506,2.862795133934337,0.9823533084947877,0.6252848454471628,0.8147644467472431,0.7156687269299015,0.8196482387177526,0.6748275976086338,1.4060284755834696,0.8645662933464342
2024-04-04,0.5441520983131178,0.5474407972200938,0.6245753504766132,0.6899367179243322,0.6863872920002316,0.7273538382599741,-0.3879325876253879,0.04983342240106041,0.13747492925752117,1.3583240368011011,1.1891784714033835,2.8837260325115843,1.0057803067849258,0.6606906733135953,0.8160648028743516,0.709493008668838,0.8465675872373419,0.641096155238915,1.3249306655562179,0.86281395708149
2024-04-05,0.847710622686171,0.6524414667742106,0.6288049272144716,0.696417972362445,0.6951660779314394,0.7286318001337839,-0.17517061317437338,0.052436032664674934,0.15741446107860788,1.3618850288284026,1.194438141086961,2.7460781489503825,0.9852940382228369,0.6628497578730524,0.8056077936872996,0.7317460765444502,0.8469366921254348,0.6538311274807088,1.3352298584018982,0.8771069427263748
2024-04-08,0.8540041605023153,0.6520825287743598,0.6097916572893838,0.6963918139748447,0.6932057363961216,0.7261940490200425,-0.12918758419551352,0.08524304172044521,0.14892152630444985,1.349098079560294,1.1794692072835,2.454596985228848,0.9864195880907345,0.6700165056834636,0.8058870306087641,0.7816913663794326,0.8370068889045231,0.6483649579064793,1.3630329928916298,0.9107796794995545
2024-04-09,0.807410279682799,0.6484705919879958,0.6084768996957928,0.6922589303057739,0.6927586534177447,0.7215660287184161,0.02110517940234775,0.09532619459964968,0.15158346619804158,1.3306471593886946,1.1700092080933961,2.4562408358091115,1.008746601017411,0.6345852908090264,0.7893295798664639,0.781591479723285,0.7963732167049298,0.612394689938596,1.3189914163896166,0.9107398454680994
2024-04-10,0.9217049779519568,0.7207548506339793,0.6095884369233511,0.713547788221142,0.7085224340610904,0.7291076422364201,-0.2011273267785983,-0.008525339852374424,0.1337405254364351,1.347159063936109,1.043265216055681,1.8637235886198673,1.0292338777011145,0.6919496613476159,0.7933703634797833,0.7330912537907853,0.7775901446942599,0.6299012736607149,1.3347014162132054,0.8808015090133721
2024-04-11,0.7893079597232069,0.7089014808998938,0.6315972596627685,0.681177155705353,0.7098817451282636,0.7183575125934211,0.19393940553970274,0.03704740110359199,0.1524379191216839,1.6523452413686104,1.0662085000770982,2.0894119898123518,1.0191580267237639,0.6455734980229177,0.8050970584894565,0.7516424177028117,0.7748893496686291,0.6559627519160233,1.3352844495327976,0.8739863910432286
2024-04-12,0.876132417065593,0.8150299188128058,0.7057405486740914,0.7094932577801094,0.7314759851061553,0.7258930247032765,-0.2910648215672505,-0.022086147376116427,0.13869659843070797,1.6460496325624732,0.9764190747945308,2.047134897433276,1.7561179305975176,0.6969434707853486,0.8027712536408799,0.7835595086043176,0.7611434240902561,0.6569584560149314,1.4799102407879483,0.8090455297504648
2024-04-15,0.9397322486552527,0.8754886956382603,0.7441098797579625,0.7321734260805457,0.7463447981257203,0.7262821456940505,-0.5528123636604996,-0.05039306776338577,0.10299566179411042,1.7239630477925685,0.9644144367199599,2.12293277310291,1.7284780529722548,0.6686581996144354,0.8046494414513657,0.8032588832938521,0.7640522484577711,0.6504660923450325,1.4972554554636368,0.7445885744472679
2024-04-16,0.8951222067483722,0.8702499308240769,0.7288033212601982,0.728110258892862,0.7318924191077499,0.7263174636044206,-0.6124227141865022,-0.08922725576572872,0.07917873423213725,1.7695208379533116,0.9645664181251088,2.151531291155113,1.7092887103222052,0.6554610204512971,0.8124684005364657,0.8342471490762338,0.8550988441521237,0.6452174622366627,1.4590840618940015,0.7427222991344611
2024-04-17,0.868998236053431,0.8621709301335422,0.7204807381057068,0.7289832989949543,0.7367624035500709,0.7274419114748595,-0.5305246020099583,-0.14660308622225343,0.06579104458633783,1.7409915961388591,0.9438282480977338,2.2962665844164367,1.697340964019184,0.6854940085140577,0.8238425490416492,0.8311532843255279,0.86649366463295,0.6468423953579059,1.46410172891122,0.7532987025179246
2024-04-18,0.567839631497918,0.8084276358181347,0.67489311558267,0.7298503789919997,0.7369763843404777,0.7134843152664287,-0.7226197189388481,-0.20313819087437351,0.0575007784643004,1.6958918528478577,0.9867237835458071,2.286981639159635,1.6700693348292188,0.6726739599345379,0.8528188814381513,0.8312442000430177,0.8975397516890847,0.6346264758500287,1.405757507648061,0.7532982681710216
2024-04-19,0.455038978106256,0.680769057736868,0.678446002508878,0.6634417784695528,0.7466501235925331,0.7089030824462298,-0.6211221829036659,-0.26330434405491554,0.04113184487434364,1.4668176778830109,0.9681073892078468,3.1213556147677353,1.7486388802717447,0.8401160025958374,0.8652170368494077,0.8547857478719758,0.9838724639386895,0.6404919617031908,1.4051519712181177,0.7035838511341886
2024-04-22,0.6822927564373952,0.7979251126165688,0.7283998229922029,0.680858773465045,0.7525160903436225,0.7100002872816746,-0.1863809515248958,-0.20777966938165476,0.04741508667797361,1.4662656889415233,0.9845565571361847,3.2148827040510874,1.8030644603000066,0.852721354009426,0.9358571728053845,0.854497119697768,1.012217087651309,0.663986936228507,1.4023425641251328,0.6913941642265844
2024-04-23,0.9182120737699164,0.9310632075726354,0.791850495790225,0.705056618862422,0.7663386140810404,0.7098926020063157,0.08742857251244703,-0.13463353039981812,0.06931026131418735,1.4687981983563076,1.0460545075849612,3.350974511346256,1.8266960629141737,0.8524291763619783,0.919180847865468,0.8381531686203795,1.01741614740935,0.7594272539471789,1.2579760169904899,0.658952568848315
2024-04-24,0.8470553901544164,0.8951303253122537,0.7919884042043116,0.704517152747847,0.7605629560315543,0.708923976952176,0.19629906866353702,-0.12777173883120724,0.05532004936014006,1.4935704278635793,1.0526632939698437,3.378136867671811,1.8270160640494606,0.9137798162071569,0.9286597409563415,0.8057365709842548,1.0152819448950283,0.8250270712394331,1.250934198413523,0.6668195963425804
2024-04-25,0.8709611135927449,0.8352051578649784,0.7598297289338186,0.7068179343899593,0.7624579944187462,0.7057813281806317,0.16147268970560863,-0.1887850528297314,0.05027771536632476,1.4139994488891579,1.171209946723368,3.486793013090703,1.768943667752505,0.8996883262968458,0.8860402492157772,0.7875599295579855,0.9574237826009272,0.8320712519944722,1.2326103412787583,0.6881872632114026
2024-04-26,0.692732707242371,0.8188570817633497,0.8008193147603736,0.7205396108772173,0.7383449546869556,0.6908367922032717,0.5255226587223241,-0.1404587397307417,0.09326318881188865,1.3973056938761477,1.2612604047891838,3.782912671936839,1.7655466292453545,0.8987200013951228,0.902934020491737,1.0167419742311121,0.9501309722054935,0.8069068750439637,1.185217899858399,0.6751499196182827
2024-04-29,0.6573258207061834,0.7060107012985678,0.8083278603755967,0.7070426364783979,0.7218075857214001,0.6875064185627358,0.4121697757880118,-0.11405278089822453,0.07735215884411932,1.492920182941655,1.2475053046392088,3.7829353489796946,1.7607881321332355,0.8796162809578306,0.8702199383791978,1.0538441112788073,0.9690451771284185,0.8045343805485401,1.1841885756173114,0.6748703150704162
2024-04-30,0.9458136262546448,0.8870856220306145,0.8662817741448567,0.7498674006831606,0.7414214157482116,0.705263561075634,-0.14198877227027157,-0.16146943363549499,0.03340421796996286,1.545514742736862,1.4093288347189539,3.791766309641978,1.7675486378160574,0.8589286253185419,0.8919771025476617,0.995457497013027,0.9995233900354173,0.8118924065756322,1.1368563648248962,0.5737871177694248
2024-05-01,0.9470123453626375,0.8720924807971665,0.8645662933464342,0.7351863486282766,0.7410803883771575,0.7063083980943247,-0.1974352531988986,-0.18319702833097978,0.03406155950458124,1.5488551409471571,1.4674070099864556,3.8848749696691116,1.7677507326026152,0.8446228893724185,0.5833940817202242,1.0782015708292199,1.4222406156850604,0.8268959102243115,0.9542343382442888,0.5957972310127356
2024-05-02,1.0596305903025227,0.9158197943048595,0.86281395708149,0.7461548177295756,0.7494915627141053,0.7101878095783722,0.06561432839443677,-0.07539832382477525,0.04481172444790258,1.6194105614298693,1.483250987423673,3.889814643539872,1.76132064359889,0.8073617764664092,0.5590318993745572,1.0748231162417605,1.411922113157478,0.8928318264853249,1.038362032492163,0.5942705183972611
2024-05-03,1.1263537297926614,0.9065921277483053,0.8771069427263748,0.7556452830958564,0.7585020737033831,0.7124014610232455,0.12403628951300112,-0.06565701405889808,0.05156947119959067,2.082188016708048,1.5139356258476624,3.9289265925053565,1.7482902881582423,0.806951534859474,0.5586490326479788,1.0135302379442668,1.4141817921487752,0.8838563977196592,1.027397706414874,0.5438091559635184
2024-05-06,1.1995095502767164,0.9154043562899248,0.9107796794995545,0.7667800325645389,0.7690015040392708,0.7051845238034645,0.25974322095865493,-0.016820079609682414,0.06804487746745064,2.0895517196397564,1.5728506294761453,4.001831845847326,1.7546221882015727,0.793456301748622,0.5578519061949774,1.0253708574366214,1.4132450864785513,0.883582474033158,1.1737713305622222,0.5035653475759635
2024-05-07,0.6714646584250691,0.866220846138371,0.9107398454680994,0.766619222352791,0.7661105889302933,0.7048550080022099,0.5986418174492749,-0.017085274123763216,0.06025202617335599,2.0881569262829975,1.5800945548642165,3.9923484613783717,1.750359731134183,0.7858983987072607,0.5689698135477341,1.0152011569550885,1.4080617516629428,0.9261861374401984,2.4141349314911893,0.557888242980136
2024-05-08,0.5646863732767506,0.8643872470022202,0.8808015090133721,0.7479614509185752,0.7660184455706512,0.6852471594491796,0.6655074993139378,0.03346167819215422,0.061143931263078315,2.0591481497453787,1.5786908478537198,3.9757758962000045,1.8052564078897404,0.6924092991190104,0.591784742199477,0.9863036411468522,1.3770264972159794,0.8809861804048075,2.4173547927999612,0.5580655744267292
2024-05-09,0.5442528499180992,0.8415093384046907,0.8739863910432286,0.7526729146190031,0.7450719572152898,0.6864340162465573,0.5936783735274,0.024536418172149067,0.09370256131132221,1.8533872271468492,1.5578817513945602,3.8948930195261324,1.8169890638047954,0.694865578307526,0.5270501885537565,1.103583313741899,1.3667878500014252,0.8668859078452323,2.4225988472034885,0.5529726896900171
2024-05-10,0.4292725980474981,0.8141072615542,0.8090455297504648,0.7519018517515884,0.7373745155334367,0.6864336838803831,0.3715397825214863,0.09999413696328611,0.08070333796995512,1.8602410456194933,1.5384108159067613,3.8534215187951313,0.967975491742142,0.5825070218469642,0.5027905070253034,1.078966434941294,1.3504024655026372,0.8668599346223144,2.3678625574800702,0.554369766231577
2024-05-13,0.2347702378577108,0.8162888609912817,0.7445885744472679,0.7426699468146959,0.7330601735639114,0.6865157622835397,0.16768533036608985,0.16330434389696497,0.06942747442901355,1.8019205921121484,1.474387714753851,3.8033000366459615,0.9696212992825635,0.5620376947919464,0.5448820026379486,1.0731108317284623,1.3616627447771439,0.8627761879599232,2.3651781294957237,0.5539289639207416
2024-05-14,0.26346291722693266,0.5171925702898976,0.7427222991344611,0.7404597774160899,0.7309114987137879,0.6846606340711667,0.23737548478191445,0.19536427561834097,0.08537393603151719,1.7174545093648141,1.4814853981339005,3.794812722203777,0.9191786262251677,0.6108226939903304,0.553112060142228,1.0676809492784003,1.2540906832098957,0.888901792347823,2.3505318898533067,0.5701470513631631
2024-05-15,0.4810755961018833,0.5038063280688656,0.7532987025179246,0.7599506577918094,0.7409478296268869,0.6913813678902057,0.48311273129321836,0.28687101151794836,0.11518832358465478,1.6938588652720161,1.5194482554130895,3.7303823032501477,0.8943222831394659,0.6101564307168048,0.5490906576619413,1.0813216453057126,1.2614581011422814,0.8855189415510779,2.3950331390265953,0.5122172944530662
2024-05-16,0.5633186086541563,0.5408143487361157,0.7532982681710216,0.7482790055445188,0.742101357585549,0.6917104939667393,0.3267211783144843,0.28687164248548214,0.11024942019056722,1.676018375391072,1.4550234966390727,3.736290022084352,0.8986628456048508,0.6062035976831766,0.5468315228124122,1.0905657770150714,1.2707168460497311,1.7742583235968892,2.405981361190726,0.5067477907422757
2024-05-17,0.5620446446084151,0.47199942022923613,0.7035838511341886,0.7470137328371116,0.6961466663510819,0.6916793672979309,0.3297092176150686,0.3377019870929698,0.07815292532517894,1.6249205217022165,1.415957368964477,2.8664864818445204,0.787650891813555,0.468272413973149,0.5536211607534222,1.1125144090185208,1.239129789882364,1.7790325899686918,2.4034485183751864,0.5280236368815912
2024-05-20,0.5494253023789251,0.409755884590764,0.6913941642265844,0.7461951810512443,0.6961619095370815,0.6910770460945354,0.35006740700656475,0.29741643352983005,0.0789236548426146,1.6243528286675484,1.4312808852312013,2.7810519401226386,1.3075567431260027,0.5048886929896371,0.48224454313036874,1.1205470614486819,1.2815134151737955,1.792077805116916,2.4032357254958083,0.5282414964858759
2024-05-21,0.5471543441240438,0.4065309118376252,0.658952568848315,0.7449964151013413,0.6940071094468034,0.6911391363794251,0.3073586265398511,0.250346789125192,0.0891154499788366,1.624250886388886,1.4033975157469867,2.705681060814892,1.3427285521447565,0.5118677486526441,0.4832778133846836,1.1251567599018548,1.281178215056928,1.7380289628105179,2.3637776162248625,0.537058777759648
2024-05-22,0.23415462996255207,0.4376025249374374,0.6668195963425804,0.7460363716832423,0.6955815949879846,0.6919748257780883,0.0021074303269987384,0.23832310193381384,0.08122014922551436,1.651723372786133,1.403335473151965,2.5482497910784594,1.352508111828667,0.40763270812747704,0.4836872062151005,1.2039586063329408,1.3029155065317992,1.7293430090948039,2.361568741364493,0.5315812196252285
2024-05-23,0.40547559018199764,0.5151297662536619,0.6881872632114026,0.7449916869784432,0.7029410442726661,0.6960537812416316,-0.1028250233295978,0.22079721422668058,0.0712494500233311,1.7616292822552844,1.2785124813410063,3.11768534306501,1.3655815682410997,0.533383406838363,0.5935609789861767,1.2456566292683247,1.4055086551691833,1.746098878358388,2.394025281377561,0.5030394185446885
2024-05-24,0.5309401426185428,0.5438244132320743,0.6751499196182827,0.7519121346132029,0.7061159057526954,0.6964761225496908,0.0007481490748252994,0.2065083596810951,0.07628497456569869,1.7680087658094386,1.2352258833063554,2.9118502569141738,1.4250728256532237,0.5347907162285177,0.5598664085096035,1.0989536930279276,1.4681098418655565,1.7447017518439754,2.4196410332113163,0.4926365797850257
2024-05-28,0.5288810315416378,0.5423637666116232,0.6748703150704162,0.7511790114581858,0.6969772802558366,0.6939073131231169,-0.008313878399688158,0.19229551998290512,0.061802708030272636,1.715218431063738,1.198832728105907,3.189894311062166,1.4348333396881345,0.5274965290736838,0.6479193569193749,1.087783993074409,1.5207897152142287,1.7569774699210816,2.43303738979797,0.4922567769186978
2024-05-29,0.5819205953948836,0.5952617674118027,0.5737871177694248,0.7527310674307738,0.7035880947151407,0.6979284614133492,-0.1974151141107348,0.23649020366507614,0.05191942998221715,1.6302967877237475,0.8749367157765293,3.1197690690144197,1.4314617341170834,0.5201215522824416,0.6436590474075498,1.0843573018122328,1.4800095446481856,1.706731404968906,2.443721763179516,0.44846983589436945
2024-05-30,0.6195297973544016,0.46465181654800475,0.5957972310127356,0.7607120994885085,0.696378560083778,0.6999904601040383,-0.27250469862643883,0.21955574057692875,0.05751966975896826,1.6066781828095045,1.2041827282003859,3.1086993720480898,1.434549038649712,0.5263769856795956,0.657697285867306,1.007607402770536,1.0451289012870335,1.6833763688742531,2.459750234727439,0.4243373843805877
2024-05-31,0.7394504351961828,0.5683945702643791,0.5942705183972611,0.7462258214419509,0.7027222925586204,0.7012527478504667,0.05574595279572954,0.21833012032700375,0.06425507296776306,1.5635292261299407,1.199318267366045,3.1157411737843166,1.4684068012907172,0.6297825767866,0.7107818268827452,1.19997376340335,1.0603731037506345,1.6800422554325842,2.472005400735956,0.3919565879636292
2024-06-03,0.6620820335393016,0.5666970883646245,0.5438091559635184,0.7293658748377138,0.6920843689812445,0.7007031463531832,-0.060276740703994844,0.1604301021268461,0.0490697069108744,0.9110472921072695,1.1101746613442705,3.184340580038235,1.4626977996969055,0.6279517761055375,0.7059967728861308,1.322226067905545,1.0708770377307888,1.681131064167986,2.4575567856950564,0.4058423150621383
2024-06-04,0.6644022433180233,0.5666010557130909,0.5035653475759635,0.7294361102890239,0.6868473888708919,0.700274745863961,-0.051897642416012066,0.11438530413923835,0.060936088750000464,0.8669062003313767,1.0535536154549423,3.1327483521727015,1.501073205591316,0.7157176342168317,0.7744799080296365,1.3551920567238611,1.065485348892388,1.6844843723970873,2.3723234345473023,0.40828770049894036
2024-06-05,0.7366255852770892,0.6839027833859039,0.557888242980136,0.7513524148156963,0.7017715208744346,0.7063877925242977,0.32584842377006557,0.16829185524527385,0.08217759190705352,0.8723536750313876,1.1004796947588307,3.169845590526203,1.5216031615173986,0.7128378409485985,0.7680931198664697,1.357193007367058,1.101602038533921,1.6773173435815405,1.1556139427160645,0.35176519471613954
2024-06-06,0.550390976248027,0.6734380649113278,0.5580655744267292,0.7309630386650099,0.6895968435813563,0.6969968727838608,0.45816071297118305,0.1677190439912401,0.06421846077700671,0.904550590963253,1.1003144804506435,3.2070511855876904,1.4566843375507,0.7126952883592198,0.8253006450804179,1.3700003195658843,1.103617884650631,1.662274059315283,1.1545413011380257,0.349188197590968
2024-06-07,0.5314437022773038,0.6157965417835457,0.5529726896900171,0.7239539378958729,0.6894208239903036,0.6970685515303094,0.2516755408065154,0.13282941214678262,0.06480441047417464,0.9154390704164893,1.101155655781318,3.133665646684332,1.482131023382291,0.7206710201412777,0.8427656847901102,1.3014398345297158,1.0994324028002758,1.7509316982005256,1.1541678116614291,0.3417286931204135
2024-06-10,0.5229033226570206,0.5931594588494797,0.554369766231577,0.6848776520299096,0.6892543822590568,0.6968340361152996,0.2971704731211868,0.14183777477677123,0.07324858812131371,1.0223485640799739,1.111575499643396,3.1388000656735118,1.4767922039334989,0.7210145965424613,0.8367666838088724,1.304926800499842,1.0994079467466442,1.7682222596701758,1.1944957491119312,0.38277977463075924
2024-06-11,0.5145844459605672,0.5940668834196793,0.5539289639207416,0.6477724884393575,0.6822881584473338,0.6957167267756421,0.32297790278885924,0.1532084472449307,0.08870657445950338,1.8497091959427676,1.12665027289277,3.173570666304552,1.5923933498201936,0.7123610084812297,0.8245565982215614,1.312342651557798,1.0783653917259572,1.7732835383543164,1.2509073069492558,0.45666990215974235
2024-06-12,0.36449693986520815,0.5493894525379595,0.5701470513631631,0.6536515295375974,0.6857597268486564,0.6972634852941012,0.2495389307403763,0.1713327167348893,0.09248991219583393,1.920610227453497,1.1858937326645744,3.203554418079665,1.5789665803675543,0.7319412168293595,0.8840328147045877,1.3127369951915182,1.0921748865926089,1.762496568827051,1.2502796004042738,0.4447686518362449
2024-06-13,0.3399685420192095,0.44027569227986646,0.5122172944530662,0.6414500247673633,0.6832240679954329,0.6834874458520971,0.2901740209731531,0.11948436641122377,0.08658409723563966,1.9161412904775597,1.1362267789309901,3.2016183373968112,1.603910183096469,0.7330686355953964,0.8944972100813035,1.2929284090126936,1.0674318751807834,1.7572610078327764,1.1422691454777603,0.44520381114190827
2024-06-14,0.2909946359546425,0.4058594125206591,0.5067477907422757,0.638470123779667,0.6743018295269547,0.679321623690541,0.32665718444375286,0.13281341367909977,0.07218228843006956,1.9397181728993604,1.1237405257620758,3.1695901144124634,1.6026748312761607,0.7297621105589625,0.8760279417793185,1.2964417152677299,1.0285782065398488,0.8959216306833493,1.130033107728471,0.45291042100722856
2024-06-17,0.35748095526026424,0.42754088357652187,0.5280236368815912,0.6201686116941614,0.6799767040092669,0.6820817732638323,0.42403857988804655,0.16542011534501572,0.07993925279435675,1.9586967050685604,1.1424251726129888,3.1013118860832924,1.5834970597632934,0.7228579776334345,0.8814207571106222,1.2195791739204367,1.02982111770684,0.8822109485613319,1.1931977602827875,0.5591774671499661
2024-06-18,0.3558288041469348,0.4206522282503189,0.5282414964858759,0.610603242445188,0.6794081299530795,0.6816387340162121,0.4266881041136152,0.17236362152169332,0.0873334618899563,1.998755804263784,1.1350947672396772,3.121645441756539,1.2468565109738579,0.7016910668603107,0.8911639530426586,1.2574229054560675,0.9939446104033456,0.8539718894867239,1.1916521195159728,0.5908506101813444
2024-06-20,0.3871393321033465,0.3551576096523595,0.537058777759648,0.5956716841372677,0.6793664657117796,0.6825708911389488,0.2081006744264548,0.14651822870654024,0.08741049581063809,2.0904910107471792,1.1284429595086667,3.339380137482705,1.1750085287005754,0.7112608604717774,0.8888162712875533,1.3781809858727512,1.0599309783776947,0.8070494094013937,1.1944381969847264,0.608543055952154
2024-06-21,0.41654260690557987,0.3669638976443589,0.5315812196252285,0.5967445483397137,0.6790540175554834,0.6829248105783917,0.14102026426853226,0.15421257489660717,0.088254645999738,2.100303621096341,1.139540463356755,3.4847337816911512,1.1976519051607022,0.7429363034855473,0.8894232544237969,1.3244935726091653,1.008475009773449,0.811101491957962,1.1990825541872974,0.6460136729972368
2024-06-24,0.467722167160429,0.3924918896742016,0.5030394185446885,0.5954487631470222,0.6738237560580123,0.6831110811170457,0.06384064317597878,0.1744798303054939,0.06883066390081444,2.0139853133531616,1.12532995490815,3.432746501041594,1.2239669725702862,0.7725038398077961,0.826168756956516,1.4513626728004154,0.8496090103630687,0.8324121005273867,1.0777306907471667,0.641345241940909
2024-06-25,0.3195957959773761,0.39566515720113676,0.4926365797850257,0.5838175668422294,0.6749489204764675,0.6806729341158203,-0.018328609169342248,0.16065092578397383,0.07556684857810915,1.9973143138052223,1.12515962519866,3.6717674611231845,1.1451931295194295,0.7739432215043598,0.8578363848187088,1.452119161592642,0.7969393422382144,0.9860702779493994,1.0514759759744032,0.8270378065372926
2024-06-26,0.2964484164768523,0.3961279774242867,0.4922567769186978,0.5832252697441149,0.6741784329346668,0.6751186265576572,-0.04417202990300444,0.16339908364586425,0.08054727424351503,2.0210360323499574,1.1241284088277563,3.383595289257197,1.1399098456481673,0.766150875384612,0.7945697520004428,1.4235798485562956,0.6836030077145948,1.0034621513695958,1.0405832765325802,0.8332651459754691
2024-06-27,0.2755232710200486,0.32870067477453696,0.44846983589436945,0.5085398674946907,0.6676390190319668,0.6738145232664383,0.041682573205195264,0.20629265053552276,0.09377114018836806,2.0189934338375184,1.1177861389318153,3.427966419444035,1.1470881101145742,0.7668656687400752,0.7720340539862368,1.4041213393785419,0.7055996090987935,1.0171336907603103,0.9777192912767246,0.8734422372080352
2024-06-28,0.3349302724638276,0.3651366290579317,0.4243373843805877,0.5105475968422296,0.6705897866456455,0.6755588068126697,-0.01021293023147667,0.2197855169953477,0.08538140974709897,2.0800953719912463,0.8164534046864537,3.289799996174219,1.19036999747315,0.7772855686611964,0.8078540282080613,1.4032172804637169,0.6962171039563546,1.0210500569254444,1.153548315125413,0.8689436178845498
2024-07-01,0.29149613387489476,0.36780368310629685,0.3919565879636292,0.49718134652704066,0.6484230607970021,0.6650158188425468,0.09596450900889693,0.18453446935878576,0.1091554219536715,2.148649197049961,0.9076331504193751,3.2733955567137865,1.1850262069512179,0.72322530443481,0.8202212979184096,1.2376082461198052,0.6629844851119718,0.9925206261965319,1.0457232233492482,0.8750150454692365
2024-07-02,0.37837927346367123,0.3423946076820863,0.4058423150621383,0.474398526477219,0.641067363815452,0.666409724574078,0.15355183387737908,0.2141080694293173,0.10296038583242187,2.159473701078317,0.8842376193796548,3.1444959818690954,1.229230526009065,0.725708676680974,0.8382716843498729,1.1236087518578295,0.6421590783322828,1.0061002745336283,1.0289982647676028,0.9387223565923138
2024-07-03,0.3990215243005096,0.3590131392694873,0.40828770049894036,0.45631910880459703,0.6425607209719533,0.6658437068457761,0.21783143997203175,0.23083135424287518,0.10946552625747712,2.156477290845518,0.8851413847975207,3.2783706599430387,1.1799389760574102,0.6315994912588883,0.7654416813495848,1.067164822495371,0.6428986126879964,0.9779330217346014,1.0326735518102934,0.9854764236607545
2024-07-05,0.42628572949088894,0.3650672096842797,0.35176519471613954,0.4606235735627498,0.6453857660335198,0.6668965877956636,0.3016335102032965,0.2002389221438305,0.11714850108844711,2.1818864613630895,0.8539189343170467,3.1318688196021887,1.2024110599617273,0.6498918378537202,0.7838910101148121,1.1033279450927007,0.5940214725844737,1.1221617329536198,0.972711232175312,1.0496864869410556
2024-07-08,0.23796195417331084,0.3500713168043285,0.349188197590968,0.45989835850634136,0.6284648941625108,0.6668720412236774,0.40342102652521933,0.20610059538385678,0.13576043918908376,2.1550916115951066,0.8678114038235571,3.1366401665540793,1.1987972145566663,0.7045074992256461,0.7301040253592533,1.1136643174013534,0.6097511791507776,1.1339465070348174,0.972340281443768,1.2089064303166224
2024-07-09,0.26402757224975654,0.30236908428726594,0.3417286931204135,0.45571883485356574,0.623199758056865,0.6652806508338317,0.3817065943279376,0.2170422327391413,0.1248026876860244,2.154795687368094,0.9591183654209307,3.17071098166217,1.1814120545875546,0.7059270049140306,0.7154218432561952,1.1153342936461896,0.6506715255391857,1.0225495974368648,0.9659122891528373,1.2385209862342268
2024-07-10,0.36857294226053416,0.38419299800196144,0.38277977463075924,0.47345945633269776,0.6008889815800411,0.6666801134538088,0.4450107737024169,0.2510681445746249,0.16430001877156078,2.071152381065424,0.9808335635173895,3.20922546541374,1.1783400284875607,0.7004314517835245,0.7325414092369124,1.133259528671045,0.7445864125227761,0.9792291545856832,0.9106130427060716,1.2022977250766698
2024-07-11,0.6909882226293561,0.5322604276943493,0.45666990215974235,0.5015501041472109,0.5872381241408009,0.6695591912332015,0.18331267212507568,0.19591504657692932,0.1708092792396084,1.5890495756441883,1.1615809788089821,3.4825828366755367,0.974122553023436,0.7074386660237901,0.75052317999487,1.1504852754154433,0.7407144925137815,1.002778770637021,0.8346803778061794,1.3381419630494638
2024-07-12,0.6990641891296573,0.5487897354464729,0.4447686518362449,0.5047750441911798,0.5883305831697131,0.66331271109398,0.19413372635514142,0.18638762104752177,0.18436153780025075,1.5024945355409907,1.0960609154888532,3.4109684542259533,0.9512783152472482,0.6912380200370684,0.6979190500053273,1.1178460051177794,0.7006309296656114,1.0112835421658208,0.8506571417240791,1.33238645985504
2024-07-15,0.6982140697290701,0.5005733644814936,0.44520381114190827,0.47503605199121607,0.5795246464154262,0.6634022433878859,0.226053471601997,0.19007045804106776,0.19880861199008004,1.5289891297455496,1.0961145443153402,3.324186716131756,1.0526644206428923,0.7021937912478454,0.7316290998846624,1.1507562826950934,0.7122196999365373,1.0103288054191073,0.8414700958987096,1.3287993693208
2024-07-16,0.7104450316700058,0.5061566198811364,0.45291042100722856,0.47627934859157817,0.5792480863416438,0.6645799778490409,0.3252091362794786,0.21668022069807275,0.2121217589542183,1.5011174297729533,1.124098132535578,3.316549961987039,1.0849054094528896,0.7584525469780229,0.8028291808107326,1.1263247096476938,0.7498298005490295,1.0113363863670073,0.9317619016270579,1.3835617806296734
2024-07-17,0.9243026220194663,0.7344779819099873,0.5591774671499661,0.5376269674091669,0.5997196516888705,0.6792285088485468,-0.15311822570846828,0.10677894317549612,0.20330034853782727,1.6048070346802172,1.127799129281999,3.618093247985913,1.107681918574254,0.8140539207982322,0.8649920359152732,1.1243706233852728,1.0846297072701234,1.0475758575774836,0.8838532769006249,1.3578799627870966
2024-07-18,0.9071076292273318,0.7784264734799068,0.5908506101813444,0.556337430544779,0.605090685069714,0.6829369244789572,-0.13436267930766893,0.055652350721608276,0.17514413525771064,1.6614047940383607,1.1341108535380604,3.5721178499344317,1.3807432035317155,0.8146945793309264,0.8656803964970087,1.1255138558048117,1.1056577190003576,1.0550835623935138,0.8862818205325809,1.4071838839936777
2024-07-19,0.8141360042679094,0.7795160032694877,0.608543055952154,0.5692652387124824,0.5998021050981501,0.6862632118897705,-0.3933266036430559,0.03603080153014408,0.14429860645395884,1.5647534217502626,1.1441965279749788,3.5363429268940934,1.3791806133194036,0.7855563914025028,0.8591118326563135,1.2018305600210883,1.0858201828817307,1.05391443377644,0.8970778028688919,1.3986767691230242
2024-07-22,1.0147665195761488,0.8574510140423242,0.6460136729972368,0.5847253996622659,0.6100302214756304,0.6886117336835353,-0.24212780425544295,0.09428344091007394,0.16227303924683173,1.5354360336750887,1.1671569066078968,3.6560583258146493,1.3335115983143446,0.8003188520746849,0.8566426998041082,1.1937015980127315,1.087097198246657,1.0637924184829852,0.932851181331462,1.3960321659376553
2024-07-23,0.910538607585533,0.857749720513124,0.641345241940909,0.5700789109615204,0.6073442600945858,0.6888306097977296,-0.39210821375456045,0.10269300646543793,0.1659900169992042,1.5354002828354598,1.1683201766088784,3.3151158050618132,1.317084267935965,0.6877807122694715,0.8850203024484644,1.0686158337494733,1.1317426143145792,1.0224153086163108,1.1483081778991329,1.3960783798523433
2024-07-24,1.1894582969327274,1.0274327657239335,0.8270378065372926,0.6787989808474139,0.6751798544246843,0.7045546022898639,-0.5649323992827446,-0.029872004352854486,0.11242909370407157,1.7010384100682183,1.3974421423092143,3.2984916973522473,1.3324853933305871,0.7364706492121846,0.8760588956021189,1.1143997789461983,1.2071660706706466,0.8734293288609165,1.144274453857805,1.2854222617759123
2024-07-25,1.1840082849325422,1.0144480496291084,0.8332651459754691,0.6850996865159384,0.6793103510192865,0.6980058735757655,-0.5154475146929347,-0.0621665204758743,0.09784269438429843,1.6554733131928836,1.4751839794180908,3.3063599587071995,1.3260918717858785,0.737443697784003,0.8875772612946745,1.2067359969437315,1.2666744465446884,0.8666631109678251,1.1356457224122667,1.2943608765950152
2024-07-26,1.3805297915925048,1.0756092206991124,0.8734422372080352,0.6943362439178,0.6550989372741003,0.6988135979731203,-0.1586378691902411,-0.014049309068714998,0.14291118171062805,1.6543104670661668,1.5395083355318262,3.3008437648065434,1.3573952535659466,0.7881476585572165,0.924728411990868,1.205679478342474,1.2392485756443548,0.8571166587723038,1.1738329952675446,1.2922056176147079
2024-07-29,1.2315080326531205,1.0654278233318761,0.8689436178845498,0.683383596420014,0.6523242612631047,0.6975787274558201,-0.35307919108775715,0.008566875696003829,0.14930271108942683,1.6036082426232414,1.5271583219268132,3.30681970939692,1.3446233221814607,0.7849281021189124,0.8885917796792002,1.2329240074227146,1.3017367869483225,0.8566209042379301,1.241421846358162,1.2952319345860934
2024-07-30,1.2275048026345745,1.0190292728412373,0.8750150454692365,0.677742409723801,0.6494307635504469,0.6994630509640605,-0.4230374529124868,-0.027057484014907995,0.12526903522362726,1.4709784413270033,1.4233115005108676,3.6063033562030777,1.3737125156112324,0.7913597560341638,1.4020869491960515,1.2909857391965387,1.3336962697083967,0.86705244429399,1.308445731015435,1.285938193076307
2024-07-31,0.9742856088980233,1.1339836822318106,0.9387223565923138,0.7205202626741537,0.6624355155510746,0.7102328940380691,0.35530604214875766,0.02056654771499016,0.1317015730903846,1.4642278007225276,1.413952230492185,4.719610318421188,1.3665518355962902,0.8741693745947027,1.3973442103616853,1.2768658080513953,1.4518270210859479,0.871829254487238,1.3081937978176428,1.250015587177614
2024-08-01,1.2254102556627895,1.1930496004551425,0.9854764236607545,0.7602258507052486,0.6811547503607293,0.7234396534657949,0.17629882275337144,-0.07254967478053938,0.09088899453385815,1.5075242026606483,1.4026858097900112,4.79893255940024,1.4686926199523396,0.9401869900096295,1.5622884606362377,1.3218715541049113,1.4782037267411903,0.9446568115813654,1.2975249256719812,1.2001701434888195
2024-08-02,1.3685606139194073,1.3032501123855387,1.0496864869410556,0.7981391577851362,0.7262904406356688,0.7433239039655904,-0.420068595091214,-0.19447483539234262,0.05801864733225397,1.426938350104871,1.3651075397646042,4.797244323063703,1.7306760218233876,1.0092263671711452,1.6569862993255102,1.2862189806056774,1.5209036869720016,0.8477884565279276,1.512846137187685,1.114309906069093
2024-08-05,1.7108911286564321,1.447913885614368,1.2089064303166224,0.9216903734126108,0.8213366828630676,0.7912435216345407,-1.0143052120447213,-0.34586468394648134,0.00931831847620525,1.75442244852701,1.4794078287004253,4.917261152323845,1.7853204819305004,1.0601003929446133,1.678018975754488,1.3338543816771429,1.585790922847287,0.8829124813890002,1.552089643285071,0.9951955154058085
2024-08-06,1.9230146239889598,1.529429531337419,1.2385209862342268,0.9348650302246612,0.826578272971472,0.7845616781900703,-0.7285724484057841,-0.3046272446983384,0.015081466729195244,1.748568521513223,1.5327522644002098,4.975448335591103,1.8856025282941213,1.0484184022204333,1.6721061434500089,1.3120406398860645,1.6373214118125936,0.8805631279107011,1.6911954564004559,0.9917925899269208
2024-08-07,1.431926325294859,1.412172085014144,1.2022977250766698,0.9381756157999297,0.831114481496346,0.7833384494655918,-1.1873524662873725,-0.3875242622824572,0.001793885689646387,1.7090754556293433,1.4515583375774381,4.974489049451294,1.8852852829575564,1.0481748346710054,1.6835109238017116,1.3289165973207284,1.6144127771668981,0.8859075923585792,1.9201987258102955,0.9749533314595875
2024-08-08,2.0984327907639178,1.6524488041687668,1.3381419630494638,1.0100558111386566,0.8830034919549556,0.8082197194611352,-0.44178905625481085,-0.228825106875511,0.040099462315449745,1.7187473578490085,1.4489956450415875,5.1462489946799765,1.9371001861241215,1.0482143717899732,1.6717614244051484,1.3671919714420524,1.6179997263278023,0.9238834602981761,1.9241975938980511,0.9488298195537533
2024-08-09,1.9567656161838785,1.608623459188877,1.33238645985504,1.0037378443548388,0.8828631268995257,0.8073681686734234,0.018777883063270284,-0.23831379621531043,0.03980218052236696,1.7221961276698268,1.4821685279880155,5.120838136558781,1.9277871047490114,1.0466079818698946,1.6705567170646365,1.372891639442145,1.617280822465178,0.919234250403424,1.9172023897206352,0.9736635306010342
2024-08-12,1.1143341776012916,1.608512728955717,1.3287993693208,1.0031493441319768,0.8687384145104292,0.8053940880187028,0.6117651848287655,-0.24943675563978926,0.020039356270834176,1.676852568019848,1.4846871676141937,5.241694886323416,1.840231462711621,1.0605907166512276,1.7257638679289233,1.3290439214032028,1.6181588355727559,0.9479544940576408,1.9169304121414417,0.9758465045445028
2024-08-13,1.2075754628380297,1.7041400360672045,1.3835617806296734,1.0374797803518447,0.8930872380369592,0.8181583381342613,0.7562769571096453,-0.19686028949079676,0.05087778162879199,1.7368858548627708,1.5665410295326334,5.476998065133461,1.806539477299767,1.0350486011547335,1.6980948656733759,1.3453720124965616,1.6303313087994034,0.951460774593522,1.8447802824756334,0.934858885780788
2024-08-14,0.9751751010605297,1.6144792827124153,1.3578799627870966,1.0309072895664895,0.8936648128596671,0.7977386224900385,0.9530561184052868,-0.11098067625401838,0.053739460755497896,1.6559089161864493,1.568244948397712,5.281922563575817,1.7889907839579773,0.9997745146303881,1.6768296244295762,1.3261055791129217,1.4154423670627667,0.8999411658254162,1.8703175558822858,0.9480711193316053
2024-08-15,0.7850900130141586,1.6379234007695758,1.4071838839936777,1.0654747017337451,0.9190060283002072,0.8118019161967296,0.8335135082444591,0.013143940012520994,0.0803866374186076,1.6235869435451917,1.59884373953877,5.326579204376579,1.645478945497877,0.9982040765078598,1.6755706032859552,1.3151550530282958,1.4038451275310193,1.7554577600130699,2.0248038457098394,0.879107832008006
2024-08-16,0.8174994768106614,1.4710742273444732,1.3986767691230242,1.064707016144792,0.9189460420747515,0.8108654327356883,0.7901626524627405,0.057558517811138674,0.08003584934927441,1.628443022184562,1.5967771207375294,5.290382179615935,1.6629505813982595,1.0041772207751598,1.6742250760955428,1.2024517679220992,1.396839669483322,1.7572886901463483,2.0297208136992153,0.8786313869842649
2024-08-19,0.7059390124176775,0.8995537010420133,1.3960321659376553,1.0738730132020629,0.9245209642824826,0.8147137445241012,0.9708805172952231,0.053815324747877244,0.10077044685151954,1.6279668352558017,1.5718777843516727,5.273541674644162,1.667843182152203,0.9813163648441846,1.6752556848694904,1.1869614492358955,1.3928390418009027,1.748842587843069,2.051840295532986,0.8540930358271757
2024-08-20,0.7367520486034796,0.9462244863381633,1.3960783798523433,1.072631374056834,0.9187568619498585,0.8147885726657621,0.6094455045746818,0.053528140091513784,0.11023365895414862,1.6259858384385537,1.5813252172137175,5.297596522223342,1.6725418922734399,0.9829972707602115,1.677557842931304,1.3719559203522533,1.353033874738586,1.7591028763773915,1.924590845864293,0.8562410837762553
2024-08-21,0.7340410565735093,0.8329791440893183,1.2854222617759123,1.0723476838418757,0.9164366124130717,0.814745988927478,0.6150873100609424,0.1840242510819034,0.10493439083767432,1.47388695600438,1.3674347856836597,5.025831495488591,1.6580968959096074,0.9558787234730174,1.670227703928561,1.3451740179520602,1.2465450921040122,1.7624834384765753,1.918758872008766,0.9334583315384409
2024-08-22,0.6439225316851616,0.7755678636420485,1.2943608765950152,1.0809208614898282,0.9236059451926696,0.8148605229060645,0.11531036744286922,0.170833410546472,0.09068865790548739,1.4841876981043003,1.330987863581973,5.095274117470394,1.6671233929613405,0.9655690179567149,1.661537607146733,1.2660900581858199,1.161600833453736,1.7409040051358373,1.9238875586451527,0.912876384721982
2024-08-23,0.7751365916299743,0.7971947252254599,1.2922056176147079,1.0925448369359634,0.9260535320859344,0.8196299479600277,0.28297182120962566,0.16796094041110537,0.12006809395930446,1.4964227486072963,1.2756186009682486,5.171060569270808,1.635345197979993,0.9268881996745041,1.6426578212271363,1.3071327112149265,1.1776537881036993,1.733067412845107,1.922048912237174,0.8867248829522232
2024-08-26,0.6958136131722098,0.8217511995542721,1.2952319345860934,1.0911061402578541,0.9215738679267651,0.8140866211223379,0.044068905023544505,0.15310234877570267,0.12715158048901815,1.496364069276766,1.2808524044880003,5.195661211184839,1.6248251200334423,0.9614041210619307,1.6465451725288374,1.3650952681406698,1.1302387471761886,1.7259918218899457,1.864097241083413,0.884388302871964
2024-08-27,0.6864052442937612,0.7222159878111587,1.285938193076307,1.090958703890381,0.9158174134266985,0.813204487161571,0.10405835183374919,0.1853020912780728,0.11425969220731692,1.4967561804885121,1.2692359404176357,4.861131828687277,1.5672372441831925,0.9461212046236969,1.2004011305993962,1.3309591188076082,1.072630330206764,1.7092052253025387,1.825849552508264,0.8874629026788577
2024-08-28,0.7288782862935903,0.7810908982390463,1.250015587177614,1.0914664880298728,0.9201968055052893,0.8111969436706996,-0.08078842768071119,0.07500063362453617,0.10322508358961463,1.4780733715876484,1.2587307937068763,4.060488824298928,1.5415343061755693,0.8608263175991393,1.1881261242977181,1.3472669904654941,0.9366555444894693,1.6876227565314024,1.8528175919734808,0.8751801132024714
2024-08-29,0.6146888909819466,0.593801248981122,1.2001701434888195,1.0895613744236643,0.9202763291384869,0.8088314757614232,0.07797581727694088,0.14625265917736435,0.10151144621323346,1.4439916088704958,1.2668024463185248,4.034277051537396,1.4266834495287264,0.789587087881823,0.9927368813106833,1.3439748316618862,0.8563515610173116,1.6664780424115813,1.8535219045234401,0.877095770944124
2024-08-30,0.5718809876361446,0.6531873534353348,1.114309906069093,1.0959827863863643,0.9160799710718497,0.8125931572058064,0.056392855392273414,0.28707630303197723,0.09761346326115511,1.446768150284369,1.189774044567546,4.00578664690608,0.9427595578042742,0.6831046209574386,0.8211255611642979,1.3447920698416114,0.7527167681401818,1.572124549080929,1.6565508011421903,0.8584063446910001
2024-09-03,1.1213158133511325,0.8990763550672412,0.9951955154058085,1.1452325620353854,0.9573872694942499,0.8307935868764169,-0.3075113446952303,0.32980081561307545,0.0633455756834837,1.0961480370974321,1.0051181100569682,4.344152780522035,0.9234913191225035,0.5041105851452152,0.8498061376407591,1.3676302835486631,0.6276132620149191,1.517883300065967,1.6216885809961414,0.7345097100511931
2024-09-04,1.0975755820989868,0.8993355162041756,0.9917925899269208,1.1455159481254962,0.9577194720779049,0.8309120967926525,-0.37591750801779994,0.27346582637506883,0.06196027147195731,1.089370476515611,0.9825343325004225,4.294778096221186,0.7974236426378741,0.5413500185702557,0.8589848056497955,1.39231343915853,0.49772651798593726,1.5202955933096336,1.5200959620313437,0.7300192392697555
2024-09-05,1.092206441849498,0.8835714396267629,0.9749533314595875,1.134309752926581,0.9579585799526708,0.8310427577167674,-0.30844828705503186,0.2947266784326213,0.05275685357492974,1.0715969723254886,0.9793969788601231,4.110709509121069,0.8393264422314599,0.7320932370875388,0.8368735359047937,1.3695046256354515,0.6253481551568947,1.4748492727158404,1.1237627671602812,0.7283085244280063
2024-09-06,1.2234931404338245,0.9895290124030816,0.9488298195537533,1.1566496431404234,0.9834148271932224,0.8434795071819328,-0.6468406858315199,0.09498975178318707,0.02069323049486854,1.0436306266108184,1.0295979215887832,4.005975922942849,0.981702865610898,0.7324027249102107,0.8332354004646723,1.2903161682982833,0.6220512901740074,1.4931291173305103,1.1438596997817234,0.5981397392424557
2024-09-09,1.278474868820163,0.9982883997519323,0.9736635306010342,1.1667490506745204,0.9882731568734343,0.8476563363401329,-0.6138411768131633,0.12892153806286882,0.0256651209650268,1.0055411320226284,1.0376321328588258,4.083879255664465,1.0565884373417074,0.7522140598244818,0.829913620427536,1.3722326277972006,0.6765627499957633,1.4932868197056428,1.1457348842711534,0.6246521212852448
2024-09-10,1.0380832353257743,1.0237388598017183,0.9758465045445028,1.1681876371389817,0.989440687339516,0.8471356338673228,-0.11514975739643533,0.14807208005677525,0.02956859415268466,1.0007561522636128,1.137133150524366,3.99414628901963,1.6143678057531994,0.7334035508987626,0.6380239711660728,1.5804179703384467,0.6586932950521168,1.5158258048645283,1.1414106690983161,0.6444795622580082
2024-09-11,1.151258595828817,1.0935477764541808,0.934858885780788,1.1762810170693205,0.9977668240909987,0.8480535675671932,0.13097364516299964,0.11713999838840743,0.04565330986522788,0.958912515831256,1.1677162901700855,4.1462383821062065,1.6133794861601092,0.7588578049756476,0.8481899374740957,1.581190308549473,0.726146160566602,1.4813514529753484,1.1354983361805489,0.6270225089731117
2024-09-12,1.1653225925797963,1.119580408027383,0.9480711193316053,1.1630902337460418,0.9983762810896322,0.8507138848080209,0.3480807632607121,0.14348283964647762,0.046427035522651865,0.9581131480040532,1.1753117947211718,4.1514496624981465,1.5929758860818095,0.7588616622922283,0.8370893052419993,1.6027473631734124,0.729287190038918,1.4827045812878366,1.1461802041749745,0.6148749064395542
2024-09-13,0.30180292942541065,1.1307387563780764,0.879107832008006,1.1586574980952917,0.9999208744959238,0.851418101056923,0.7891327575142217,0.08389456410062772,0.05089695161158574,0.9061035504919164,1.1617046347196485,4.047625056391391,1.5999259619404813,0.7765301397308184,0.8234461910022339,1.5896928211674821,0.7317097705966693,0.5933047234506428,1.0003120212850085,0.6174333609773547
2024-09-16,0.3455577524635049,1.0886981977847883,0.8786313869842649,1.1529513263060238,0.9990934159455204,0.8508523224596645,0.5947516066783323,0.08006877661676674,0.057886031986016585,1.078209291165926,1.1490475301254905,4.052592717162205,1.6303281207920794,0.7847758891198277,0.8984547770598246,1.6347676212498177,0.7457681924898077,0.6044274111646185,1.0394514448025767,0.6340517709616466
2024-09-17,0.4265939433532507,0.8187851956394766,0.8540930358271757,1.1423439706108938,0.9987790114150173,0.8505281057345179,0.5158133114134957,0.0343052785863434,0.06080134808143161,1.08214214726479,1.1535359006477892,3.9074847078470785,1.6297251026589819,0.7898130875386735,0.9280352831031623,1.6667325233914057,0.74701260236475,0.8866506161037936,0.9999561021137088,0.670496714175611
2024-09-18,0.44099546279491253,0.8243313249110875,0.8562410837762553,1.1431872651316441,0.9985991786683431,0.8482547566290339,0.25131613701921535,0.027607656499540823,0.06127626768549759,1.1676232588913549,1.1721495674990539,3.9035189621404918,1.6358146067099582,0.7883590760269414,0.9448183900457808,1.4938346700838343,0.7688264032049561,0.8690616055046986,0.9607318484903422,0.6639760648507387
2024-09-19,0.7740576775928746,0.9335136999650894,0.9334583315384409,1.1097166745499383,1.0201980930043126,0.861340782160599,0.4241394777732645,0.09574588157455814,0.08329937610120243,1.4484547976120372,1.233834451428751,4.01875019537869,1.673124494350278,0.8826317004147349,0.9999208250981072,1.5098444934782742,0.7891073275547886,0.9204398135511577,0.9407490739923062,0.5619880818491084
2024-09-20,0.8134529495210813,0.6365060962146202,0.912876384721982,1.105758200585767,1.020716516503783,0.8613380921337639,0.28511003680083763,0.12634448144011984,0.07833712383690591,1.4360611713360032,1.1451146569044435,3.953165410498938,1.6582455771955666,0.923517869653266,1.055637880049051,1.5097248597921358,0.7914205169391758,0.9526924188489466,0.9090533207182936,0.5607585978388004
2024-09-23,0.8104153180455357,0.6067971835113339,0.8867248829522232,1.0946618438058537,1.0209075107208858,0.8589491300148216,0.30555077319831997,0.08571351461394032,0.07987504865211031,1.4302103741004804,1.15392144984032,3.791955205173768,1.6465543730480174,0.9171915300194603,1.046913271594369,1.5327093430562644,0.7680618512383146,1.000807002228549,0.9297522871711364,0.5642511613139655
2024-09-24,0.7977128762918368,0.6090326655681055,0.884388302871964,1.094889588330199,1.0193351232908576,0.8591395299951323,0.35460017605388766,0.11193809634392919,0.09120244027187864,1.432630482015939,1.1643244967654087,3.891220812502167,1.6425527875674772,0.8748413694753292,1.0427774496437292,1.4527804025182884,0.7675729326126202,1.000722283636693,0.8987729738758935,0.5641768199182958
2024-09-25,0.7827851647314277,0.6022196116387072,0.8874629026788577,1.091536228607601,1.0200085674521187,0.8511493253917808,0.36980275476720353,0.09404375723290441,0.08409612149868981,1.4334199944605328,1.169121944673509,3.9104436762972643,1.639296966269748,0.8517186511835231,1.0399564236961918,1.5010885423071938,0.8217456741448874,1.0087226860241312,0.8632606602896514,0.6050831848265534
2024-09-26,0.28369443980749187,0.574335393982449,0.8751801132024714,1.0656309348534847,1.0179253308896852,0.8471293611283134,0.10781116139531051,0.14289577884356358,0.07948765339436338,1.429659428938521,1.1495368917162663,3.8838090501093885,1.6304970173393525,0.8486996760275526,1.0436353156643936,1.5319925829844143,0.8176617327524155,1.116219024639759,0.8017127511294977,0.6013113851530015
2024-09-27,0.27699929498336073,0.5799869491707881,0.877095770944124,1.037571430159705,1.0171763303306596,0.8473983169690744,0.1133817527556193,0.13519596530978945,0.06963298323553821,1.390246568411644,1.1678404075496243,3.6227832250614997,1.629008707586631,0.8523934817322761,1.0385221993051643,1.6247935824685154,0.8155765706370901,1.1191782201582046,0.8106981978369492,0.5998147898734002
2024-09-30,0.30260958942993643,0.5829996224631216,0.8584063446910001,0.9859901109648557,1.0159429160207296,0.847871549066145,0.14354480691531907,0.10750150249470174,0.06670099004477885,1.4809632028221178,1.156269653613179,3.610125172230284,1.5981713530117876,0.8423610084919125,1.023903832210532,1.6501436763463724,0.784911542954426,1.1258495049863935,0.8082327250385068,0.5974823026213628
2024-10-01,0.5354623930119617,0.6825428970975083,0.7345097100511931,0.8673280276083063,1.0234813270945293,0.846782745459073,-0.0928459226337262,0.16560445185930522,0.04984686117529984,1.5008548516040396,1.19429359138421,2.9629041818425037,1.5880957581362996,0.8244776387729953,0.9441528980706317,1.6524265279728962,0.7564517393278333,1.127063166218302,0.91603307270228,0.5533289491424273
2024-10-02,0.5326818130600572,0.6672041657004232,0.7300192392697555,0.8609217488538622,1.0234627886598395,0.8445977046107477,-0.040291125312903284,0.17795035290912858,0.04892964486195307,1.484354317349567,1.213456347136883,2.930422422951895,1.5903986472628289,0.8411838721440493,0.932373077589629,1.6349765966443703,0.7574705998808813,1.1636682029541172,0.9162805111487452,0.5610580957921006
2024-10-03,0.47366330662230055,0.39349576077429516,0.7283085244280063,0.8513606814616361,1.0163677797196042,0.8341261550666467,-0.15615275345214102,0.1809696622442863,0.029390692798150223,1.484848677649481,1.2136298688168266,2.994528258481449,1.5948025315254029,0.7380019834124513,0.9554383784058033,1.6175745360934664,0.7030017478123811,1.157100344225555,0.9101469537071895,0.7248564408645749
2024-10-04,0.6725329803867452,0.48588466187593865,0.5981397392424557,0.7904497724031826,1.015750276078911,0.8280527993214358,0.05459990079373496,0.31055611196610317,0.058906918957926484,1.4756862480996542,1.1442431345923025,2.7766582684232195,1.7297576683992733,0.7460123925148299,0.962437004678005,1.6334910028911536,0.7008393634537688,1.1501932462342892,0.9203360493555542,0.7008596940868224
2024-10-07,0.7529839102953664,0.5715772993712037,0.6246521212852448,0.8084605827618405,1.0204204127830163,0.8328365782379309,-0.20635583686450004,0.20937283748186758,0.033326859776475405,1.5702453922385924,1.190659762821695,2.72927100304112,1.662365431086807,0.7877483105479426,0.9741358861937798,1.590802865146103,0.611154182156626,1.2720542797552006,1.1790688993991782,0.6711487355533008
2024-10-08,0.781288348998617,0.6455703195206121,0.6444795622580082,0.8174434522224439,1.0267676858117405,0.8337936857203193,0.1619665594540433,0.2348835310719249,0.04450628516297037,1.6178595241506784,1.1289334722013658,2.814220749151979,1.1526042184780507,0.790500002979371,0.9531350946206074,1.4678783891385645,0.5951982065895106,1.2125303725362906,1.1786986230605374,0.6925192549681353
2024-10-09,0.8099860668981715,0.6696134679580281,0.6270225089731117,0.7873587883918138,1.0277497481230595,0.8348617819970225,0.29205231036811846,0.2182200192104083,0.04616657603600639,1.6387182306761703,1.026688108774416,2.2772341153083313,1.1704540463007513,0.7948888876366933,0.8617328487157729,1.4305222650772647,0.5389967017793618,1.2256571890224202,1.194344427570758,0.8746753805422518
2024-10-10,0.8088438284049897,0.6683379306171926,0.6148749064395542,0.78881586895877,1.01050548367491,0.8302412790944271,0.2936201840878307,0.16735451745106594,0.06661889361450847,1.6407987790002694,1.0013650414822626,2.2697662831991408,1.169767725483634,0.7965543981208787,0.8613333546904738,1.4193553115731832,0.5390567714556628,1.2279050721899452,1.1962542869457111,0.8833452382674346
2024-10-11,0.7603424535912031,0.6831332842896557,0.6174333609773547,0.7511227006014628,1.0067641671136063,0.8281971268685638,0.23163631645515953,0.17118200170133763,0.08940683527149554,1.6496768306708738,0.9772957892879255,2.2693634470907913,1.4671129020252762,0.7703345437046571,0.9110374692153703,1.4130162304131864,0.5428909137900403,1.2057406774323458,1.187751810978502,0.8798839032259634
2024-10-14,0.43969491783619236,0.7127042893893603,0.6340517709616466,0.758905788307957,1.0061433795609205,0.824929260324234,0.5760151946256433,0.20468873446869534,0.11410534296553367,1.53247635996713,0.9928090109942228,2.216423593287435,1.446397385453004,0.7813995572061999,0.8256435699472677,1.3986369936836018,0.4915052015974867,1.2071278515907562,1.1639985312400816,0.8662586449760357
2024-10-15,0.6843919917504854,0.693404837699455,0.670496714175611,0.7607259927073075,1.0052906817556764,0.8289203022107585,0.23147019933711616,0.16379775305283,0.08397278546235029,1.5413057074914938,0.9634724585197124,2.5123228567769926,1.4446328532385364,0.7786518111110368,0.8274854553304076,1.58624170503598,0.6222434250164367,1.1207400282088538,1.1615570617145434,0.8467409635750853
2024-10-16,0.6497775815140923,0.6947915900524035,0.6639760648507387,0.7613192250222005,1.0057888651450857,0.8281011324349975,0.17986524081340843,0.20035729515895656,0.09383103058333714,1.5290407030820095,0.9505292684039164,2.4908580291839875,1.4186882859577938,0.7844887052659865,0.8040288234317889,1.5861469366927616,0.613852835309298,1.1287518045954559,1.2928784730107123,0.8442839463089857
2024-10-17,0.6295868187007887,0.684533042513886,0.5619880818491084,0.7605702062305836,0.9570089848748,0.8247408609424324,0.21658052542419276,0.115464779363798,0.13174497067341992,1.2957224748070015,0.8313020547259793,2.386295855165098,1.3987553970550284,0.732512305526051,0.741129331576305,1.5733013196118968,0.5889550749562394,1.088837404409345,1.2939924100320037,0.8615983030472676
2024-10-18,0.603839540116386,0.6480182820559219,0.5607585978388004,0.747833887133226,0.9536750308060836,0.824817676243086,0.17374712180094692,0.14334127295136495,0.14683972164598566,1.3171772873079872,0.8318807042407576,2.3205698757732547,1.3987166070996295,0.6734721096513153,0.6468276434522716,1.565617923422828,0.5879910250680831,1.0599859888479983,1.3005343364137332,0.9113956240874044
2024-10-21,0.49116409863655824,0.5410204468370886,0.5642511613139655,0.7338374719980406,0.9458431893150105,0.8101863262234207,-0.022660993249110462,0.12263579285683772,0.12543674929396123,1.30301291731322,0.8338061500610457,2.423493435018231,1.4340064333826013,0.7329880825721556,0.6807302236366916,1.5197427471098741,0.6561963171907875,1.0142684524017398,1.294607172593951,0.914525016581382
2024-10-22,0.27025444319747505,0.49392076473285373,0.5641768199182958,0.7322028096394259,0.9460871107125801,0.809272525734863,0.12210832892876296,0.10567479127154882,0.12357174546372697,1.30675040748451,0.9492973924914759,2.338597306828015,1.433517281435422,0.7276060314252245,0.679999873562478,1.5192269677153938,0.658760571089094,1.0631764165643005,1.2875861477462016,0.9170084020092312
2024-10-23,0.4753612646458141,0.5637911121566005,0.6050831848265534,0.7498018254537507,0.9521237755036367,0.8115337608472923,-0.14756524882691063,0.071015294260428,0.11678704759046848,1.4037213486620985,0.9453974616734223,2.456641128658935,1.4230181596252212,0.8426449086662406,0.6700074238581806,1.4424905295799682,0.6530370022824105,1.0966928108811638,1.296431521969545,0.887877027045307
2024-10-24,0.5008075541192384,0.5626273926952599,0.6013113851530015,0.7422804599751637,0.9314333552902916,0.8050324145846368,-0.10603080290824111,0.06200428828791009,0.09330023358533669,1.4010152792105226,0.9454061398890566,2.4561519509932137,1.4192238760155658,0.8600867190079672,0.655431592322554,1.3818274765532854,0.7266275309820049,1.0035552500457587,1.280830815087756,0.892760211920323
2024-10-25,0.42791299570332386,0.5293039820313782,0.5998147898734002,0.7424527724016122,0.910325291228253,0.8006645506107956,-0.18986666239847444,0.0675291691628415,0.11632593121666517,1.4024856376889694,0.9501601233293123,2.3674608844076452,1.4624801116102395,0.8387301214883351,0.6728936703637848,1.2649881771613822,0.8284369321347134,1.017819231234256,1.2683441405879023,0.8928050210481157
2024-10-28,0.48372891000861085,0.4611696991994213,0.5974823026213628,0.7303482284169803,0.8727341227490064,0.8008842327452049,-0.09519816294017973,0.06295005039296302,0.15250928530654742,1.31850240142493,0.945139053844379,2.3861861082916866,1.4831408367662704,0.8321708472409404,0.6939144836153258,1.2481368392875538,0.8295175097284593,0.988547999257189,1.2994472529697503,0.893122906629701
2024-10-29,0.4977528663906972,0.388608302185827,0.5533289491424273,0.6423642684233614,0.7744566339236019,0.8008520321344746,-0.052208844611163305,0.11583406077718954,0.20374644274985684,1.1236735118297219,0.8343611567124299,2.1505520087364545,1.4386253098890638,0.8795893830119407,0.7420957518468709,1.1700990056056502,0.8548930496686085,1.027669627544773,1.1892100833482648,0.8970925753249911
2024-10-30,0.2432623900310453,0.3740110730104984,0.5610580957921006,0.6438971798710958,0.7713363777636677,0.8005387010214622,0.07003884607314843,0.09859778710694093,0.1833379887970462,1.1854776209280673,0.8018143220295264,2.2058677088023186,1.438118871768376,0.8969336466503409,0.7406094220968004,1.1228980563962534,0.8520245878145225,1.0020830896717992,1.2195475590531561,0.897106220918694
2024-10-31,0.9206240518253449,0.7119183824382546,0.7248564408645749,0.7224319212796202,0.8124516878618978,0.8223098904598843,-0.3652779012779693,0.00972300133145303,0.1618064473361203,1.2544860728052758,1.6102418684828324,2.4434972912375654,1.4444054781697293,0.9029114638942406,0.7177899012639295,1.0968383096966219,0.8533733817728901,1.0115328824327325,1.2353750594523607,0.7489045932695532
2024-11-01,0.9822181527228034,0.7156292455708255,0.7008596940868224,0.6638633514778322,0.7628068070487448,0.8228702680760348,-0.2739590599778062,-0.014610571030043772,0.1303117642397489,1.2833631375802228,1.6289245616931234,2.4527122369500374,1.2449003740261821,0.9026974208896145,0.7031642265738417,1.0197392446455353,0.8538909975192983,1.0048788111435225,1.1898475848037564,0.7486649312430279
2024-11-04,0.9310486839336953,0.7152740576614115,0.6711487355533008,0.6471095952107534,0.7629826706456467,0.8225996034383855,-0.3788680817823307,0.01982198916350535,0.11937212156941399,1.1809846140483604,1.593370758192546,2.415680201750349,1.2990863444012524,0.857585146370593,0.6658244387444457,1.2889558927216802,0.8883657026869605,0.8385612837149522,0.9688023012114857,0.7417946619448125
2024-11-05,1.1702068279835725,0.850026344321348,0.6925192549681353,0.6681662898272465,0.7757698938471073,0.8222588546109981,-0.1694015565430183,0.03299203177792413,0.13864921430220817,1.1120260873343626,1.575617020644318,2.3316863981863065,1.3029692624561873,0.8632539302128797,0.6565739616309735,1.164158917202641,0.8881423034089957,0.8784404120130636,0.9808811414799526,0.7147518254421018
2024-11-06,1.6551597380940097,1.1278460487713953,0.8746753805422518,0.7527272352476471,0.8103200222150416,0.8506552394028356,0.38841534741657097,0.12268854636905406,0.15268285465595666,1.0369930940269871,1.6414616441464998,2.476668464406177,2.8411260737324104,0.9770965412642345,0.8865173425161211,1.2344878451365837,0.8767322480697166,0.8735057266094296,1.070617992291627,0.49204713823134844
2024-11-07,1.0118387115663903,1.1408108903958194,0.8833452382674346,0.7512230114022178,0.8140247248482182,0.8528540280161301,0.9351190376167475,0.17009771471368224,0.16031169060374198,1.1553112025452248,1.6594322214085013,2.495296890052909,3.0556643568028097,0.9805983658210601,0.9630126265290295,1.2171694164671056,0.8885274367352699,0.8305474527126078,1.0498782844680778,0.46875284147554236
2024-11-08,1.0104411416090393,1.1358354480891972,0.8798839032259634,0.7502794417567253,0.7889986261610734,0.853373451402474,0.9373417755616622,0.1618157937465819,0.13896411984951582,1.1463100388411533,1.6692232581376054,2.511570003318742,2.9167043363328835,0.9781393450950608,1.105251489589808,1.2125156198221585,0.8848654726203521,0.8518506542748586,1.028522456567661,0.48132416471879647
2024-11-11,0.9280169346260954,1.1383174234692293,0.8662586449760357,0.750358848683964,0.788938060785808,0.8532830236392771,0.9994832055073568,0.12568899188393373,0.1368155009897987,1.1070118341016042,1.6824866037233897,2.509436494360872,2.914598810328694,0.9138260406146193,1.1031088380803948,1.2107877105035083,0.8827177670558196,0.8820250468286057,1.081176887167187,0.488060898304316
2024-11-12,1.0788148183472825,1.1548505961142144,0.8467409635750853,0.7539022324654837,0.7835724635208353,0.8533741887108324,0.6955186395278414,0.14900414182560545,0.11570239115492637,1.0684678287379956,1.7034457497290207,2.246612250602651,2.9154407290529707,0.9080306177654587,1.0882485323651216,1.0058250926803578,0.8294037536314793,0.8307533626466765,1.051240376496718,0.5074674333353323
2024-11-13,0.4114785286498373,1.1409994464268216,0.8442839463089857,0.7505524951300365,0.782774929792899,0.8498967757005107,0.20792238009883074,0.12970283119040965,0.11922259428296907,1.0635748191915255,1.6981619711416038,2.206916829812473,2.9158256551530415,0.887236386368272,1.0906903938213957,1.025790272707047,0.8401650341512293,0.8166863888670705,0.9558712297250335,0.5251819116842732
2024-11-14,0.4125183142342806,0.9023683141845282,0.8615983030472676,0.7180605432669073,0.7883242787904693,0.8511855413618511,-0.07531877220354959,0.09712289030674663,0.10277785041503434,1.11491302396126,1.699279633006897,2.2038750168031416,2.9159171856778716,0.8833811537437658,1.094971730306132,1.023435193956689,0.8414343449501009,0.8688215215383628,1.6243444333886528,0.49906736414748787
2024-11-15,0.5674274499227648,1.0522523836314372,0.9113956240874044,0.7497767203532668,0.8003004112256341,0.8605188535846701,-0.4181293400869744,0.013846678274601554,0.09451081088869553,1.108887077031314,1.8188376493304446,2.344728006545346,2.924638362670148,0.8403644212615899,1.1513666485067795,1.0500653269323887,0.9178627278788585,0.872190316612671,1.9519273894162352,0.38485712862844706
2024-11-18,0.6499798338511933,1.0393875964887365,0.914525016581382,0.7511379140016502,0.791304307172645,0.8578865506374954,-0.35523924874630836,0.04254442800963425,0.08363124516013752,1.1478996408384596,1.8190262372974209,2.1685978058416664,2.906536033746652,0.8411650835146206,1.139475829768539,1.0660447989008197,0.9018621727108875,0.8571021790331798,1.9846174081732688,0.40221003703101
2024-11-19,0.7273228535828122,0.9925720724551086,0.9170084020092312,0.7517945091605851,0.7909798427432516,0.8553120210047669,-0.21999959374608064,0.06347716115689454,0.09369668292412428,1.1493952609802072,1.7557330768867672,2.4397101387266718,2.9210893147024968,0.9211163639582688,1.1394325658282942,1.1075517863870314,0.9101571743656731,1.0254848153098903,2.0205702546948823,0.8004711893067504
2024-11-20,0.7259922322646407,0.6008911903951509,0.887877027045307,0.7502213134272399,0.790995887318411,0.8521562733735011,-0.22294409613571303,0.11085811936320904,0.09197239028551389,1.050521727293459,1.753706667443703,2.3506883284830966,2.933199052166301,0.8782177823515136,1.1391730710191204,1.1514878624236673,0.8129908705502928,0.9879085969969078,2.005556135432086,0.8003256728700976
2024-11-21,0.7467696634088811,0.570658175113228,0.892760211920323,0.7520131082046312,0.7880418578778293,0.8530724769644507,0.013025138387172851,0.12688687563060014,0.110595647587358,1.0512565422764022,1.7550322454202045,2.350146519097488,2.945792462755322,0.932435398376727,1.1627756667481792,1.1764061470815497,0.8920167186906327,1.0124187100600461,1.966773765257128,0.8381635375551625
2024-11-22,0.18607382664936956,0.5607619286711288,0.8928050210481157,0.7517388460999251,0.7883418479485047,0.853273758821258,0.3311892693879683,0.14411066122121224,0.1156119318979478,1.0569754664544018,1.7609570938947259,2.46883111243529,2.9286903487183933,0.9364961807357941,1.218492759960605,1.1767446671170643,0.82391823899818,1.0792621319611466,1.942154545825007,0.8462559628673192
2024-11-25,0.18123975467431683,0.5726475724265077,0.893122906629701,0.7511828812177598,0.7812122142403692,0.8477454296168702,0.31708229560679885,0.1456145426463789,0.10535536517801464,1.080950150649473,1.7637860745607779,2.6401936769785332,2.922242515350565,0.9589945739656434,1.2182822899169055,1.2254973409500185,0.8218312323755445,1.1303652286455448,1.9475323724179585,0.8788960464813105
2024-11-26,0.2038323023080716,0.5859358010849763,0.8970925753249911,0.73608208833859,0.7294108100287854,0.8485578687045635,0.3484024835568668,0.1636299931989021,0.148356168611799,1.101151884066617,1.812776906133546,2.6422241643543356,2.899491637621028,0.8956726785287578,1.1784925053725066,1.246250294865216,0.8029230274377104,1.1142435484951168,1.9607311761206165,0.8719126293206363
2024-11-27,0.34238166988597357,0.5974134871916804,0.897106220918694,0.7392717980308454,0.7303271482493388,0.8491279279542684,0.281026599590475,0.1636050577425407,0.14671773258620346,1.0381719335130883,1.8302539592044644,2.6377368122118248,2.9034505869520935,0.8837739669991426,1.159663098779539,1.2415088308972833,0.8120923593577162,1.091920240905034,1.9103959321795827,0.9023888962144868
2024-11-29,0.3597786309399911,0.5726457455614499,0.7489045932695532,0.7414448830025948,0.7310304716951517,0.8502378781498583,0.29790123447902345,0.2926816595698483,0.16112477438186262,0.9500891228435124,1.1737007018866932,2.4463017450517124,2.8803995632256973,0.8649593198316331,1.1419456524647427,1.2420517970597347,0.8086886067000266,1.0918764748600431,1.9287492138139317,0.9231826810096458
2024-12-02,0.3634145515006131,0.2739836852603109,0.7486649312430279,0.7312355156824811,0.6897761329318298,0.850174978292659,0.27176160823859,0.2805408282753113,0.19216212307045696,0.8844706235006862,1.2132411468402442,2.411267853334221,2.9155956194638035,0.8714572747875836,1.1375352477401144,1.1802149672379496,0.8060057392069926,1.0945163534150562,1.923493224150192,0.9225416085845973
